Temperature,CO2
,
,
19.8999999966472,427.000000435859
19.9,443.0
19.899999986589,443.999999396503
19.7000000268221,435.000001206994
19.899999986589,441.999999530613
19.8000000033528,442.999999966472
19.8999999966472,430.00000070408
19.8000000100583,450.999997586012
19.8999999899417,427.000002413988
19.9999999966472,447.99999929592
19.9,428.0
19.8999999932945,417.000002279877
19.800000013411,450.999995440246
19.8999999932945,440.000000737608
19.8000000033528,423.000000569969
19.8000000033528,409.000002145767
19.9,472.999996881933
19.9,442.000003118067
19.9,413.000000972301
19.9,437.0
19.9000000067055,431.999999061227
19.999999986589,418.000001877546
19.9000000067055,423.999999597669
19.9999999966472,424.0
19.9000000033528,429.000000201166
20.0,435.000001307577
20.0,447.999998692423
20.0999999966472,420.000000938773
20.0,433.0
20.2,422.00000013411
20.2,423.999999731779
20.2,436.999999128282
20.1000000033528,414.000000771135
20.1999999932945,434.999999832362
20.0,429.999999597669
20.0,426.000000402331
20.1999999932945,425.000000033528
20.1,430.0
20.1999999932945,420.000000871718
20.100000013411,432.999998256564
20.1,421.000000804663
20.1999999966472,430.999999664724
20.2999999966472,425.999999731779
20.1999999798834,417.999999195337
20.0000000201166,410.000000804663
20.0999999966472,420.999999631196
20.0,419.0
20.0000000067055,425.999999597669
20.099999986589,420.000000804663
20.1,428.999999396503
20.0000000033528,426.000000100583
20.0,427.999999597669
19.9999999798834,416.000001005828
19.8000000201166,425.999998994172
19.8999999966472,428.999999899417
19.8,404.0
19.9,425.999998994172
19.9,411.000002011656
19.9999999932945,430.999998658895
19.9000000033528,416.000000502914
19.9,427.000000234693
19.9,433.999998591841
19.9,420.000001408159
19.8000000033528,423.99999986589
19.8,406.0
19.7000000067055,419.999999798834
19.799999986589,417.000000402331
19.7000000067055,417.0
19.7,426.999999664724
19.7,409.000000100583
19.7000000100583,412.000000905245
19.7999999899417,420.999999094755
19.8,412.000000301749
19.7,432.0
19.7,424.000000402331
19.7,429.999999195337
19.7999999932945,421.000000603497
19.8,433.999999564141
19.6999999966472,423.000000335276
19.6000000201166,433.000000402331
19.7999999798834,436.999999597669
19.8999999966472,430.000000234693
19.9,426.0
19.900000013411,436.999999798834
20.0999999731779,434.000000402331
20.1999999932945,428.000000402331
20.2,431.99999986589
20.4000000033528,424.000000167638
20.5000000301748,428.999998793006
20.7999999698252,417.000001206994
20.9999999932945,432.999999463558
21.3,429.0
21.5000000067055,435.000001072883
21.599999986589,450.999997854233
21.9999999731779,442.000000603497
22.0999999966472,435.000000234693
21.8999999966472,456.999999530613
21.7999999899417,443.000000502914
21.7000000100583,447.999999497086
21.4000000100583,433.000000502914
21.8,443.0
22.3000000268221,451.999998591841
22.6999999463558,431.000002816319
22.7999999932945,430.000000067055
22.9999999932945,424.000000201166
23.3000000067055,418.000000637025
23.5000000201166,436.999999698252
23.6999999798834,434.000000301748
23.6000000033528,430.00000013411
23.1,428.0
23.5000000402331,434.999998658896
24.0999999195337,415.000002682208
24.3999999798834,421.999999530613
24.1000000100583,416.000000201166
23.8000000067055,409.000000234693
23.9999999396503,415.999999396503
23.4000000603497,410.000000603497
23.8999999832362,404.000000201166
24.6,402.0
24.399999986589,396.999999731779
24.2000000268221,393.000000536442
24.4999999798834,395.999999798834
24.899999986589,402.999999765307
24.999999986589,409.000000201166
24.6,414.999997284264
24.6,388.000002715736
24.6999999966472,392.999999832362
24.5,402.0
24.9000000536442,397.99999986589
25.6999998927117,396.000000268221
25.9999999798834,409.999999061227
26.2999999899417,398.000000402331
26.2999999832362,394.999999798834
25.7999999597669,389.000000905245
25.4000000402331,397.999999094755
26.3999999664724,404.999999765307
26.7,398.0
25.8000000469386,391.000000469386
26.4999999061227,397.999999061227
26.5,383.000001005828
26.899999986589,392.999999664724
27.7000000100583,412.999999899417
28.000000070408,409.999998390675
28.699999929592,394.000001609325
28.8999999932945,385.000000301749
28.8,389.0
29.1,382.999999061227
29.1,369.000001877546
29.0000000067055,397.999998055398
29.1999999932945,404.999999765307
29.2000000100583,388.999999463558
29.5,373.000001408159
29.5,386.999998591841
29.4000000033528,387.999999966472
29.1,387.0
29.5,374.99999986589
29.5,373.000000268221
28.7000000536442,390.999998793006
28.6000000033528,387.00000013411
28.8999999698251,377.999999966472
28.0000000502914,377.000001005828
28.4999999497086,386.999998994172
27.5000000335276,385.000000067055
27.8,367.0
27.3999999798834,386.000000201166
27.1000000402331,388.999999597669
27.0000000067055,394.999999597669
26.600000013411,408.999999530613
26.2,408.999999832362
26.1999999597669,403.999999497086
25.8000000402331,399.000000502914
25.7000000033528,409.999999631196
25.7,388.0
25.900000013411,409.000000469387
26.0999999731779,415.999999061227
26.299999986589,413.000000201166
26.4999999932945,387.000000871718
26.5000000033528,393.000000301749
26.5999999597669,402.000000100583
26.2000000402331,402.999999899417
26.2999999966472,419.999999430031
26.2,419.0
26.1999999932945,411.99999986589
26.100000013411,410.000000268221
25.900000013411,410.999999932945
26.0999999932945,410.000000033528
25.9999999899417,402.000000100583
25.6999999798834,405.000001609325
25.5000000201166,420.999998390675
25.2000000100583,412.000000301749
25.0,416.0
24.9999999932945,409.999999463558
24.900000013411,402.000001072883
24.9999999932945,421.999998658895
24.8000000067055,429.999999731779
24.9000000033528,424.999999497086
24.9999999899417,410.000002011656
24.9000000100583,429.999997988344
24.9,421.000000301749
24.9,420.0
25.0,414.000000268221
25.0,417.999999463558
25.0,415.000000201166
24.8000000067055,426.999999597669
24.6,419.999999664724
24.5999999798834,410.000000603497
24.4000000201166,415.999999396503
24.3000000033528,448.999998893589
24.1,421.0
24.2000000067055,447.999998591841
24.299999986589,427.000002816319
24.5999999798834,431.999999664724
24.8999999899417,439.999999731779
24.6000000033528,410.000000637025
24.7000000201166,428.999999899417
24.8999999798834,428.000000100583
24.7000000067055,428.999999966472
24.7,418.0
24.4999999932945,411.000001475215
24.400000013411,432.999997049571
24.1000000201166,431.00000013411
23.9000000067055,424.000000234693
23.9,421.000000335276
23.8999999899417,431.000001106411
23.8000000100583,441.999998893589
23.7000000033528,430.000000402331
23.5,443.0
23.6,434.999999731779
23.6,431.000000536442
23.5000000067055,438.999999463558
23.4000000033528,440.999999932945
23.2999999966472,435.000000637025
23.2000000201166,453.999999396503
23.3999999798834,448.000000603497
23.3000000033528,426.000000737608
23.4,433.0
23.1000000067055,437.000000402331
23.199999986589,442.999999195337
23.000000013411,439.000000268221
22.9000000033528,437.000000067055
22.7,437.000000100583
22.6999999798834,440.00000070408
22.5000000201166,446.99999929592
22.5,448.999999932945
22.3,462.0
22.2999999932945,478.999998927117
22.200000013411,463.000002145767
21.9000000201166,459.000000268221
21.9999999966472,449.000000335276
21.8,476.999998759478
21.7999999798834,440.000002313405
21.6000000201166,462.999997686595
21.6999999966472,460.000000100583
21.5,440.0
21.700000013411,434.000000670552
21.8999999731779,443.999998658896
21.9,432.000000804663
22.0999999932945,438.999999765307
22.2000000033528,448.999999597669
22.2999999798834,437.000000603497
22.1000000201166,442.999999396503
22.1,450.999999731779
22.2,448.0
22.2000000067055,442.000000469387
22.299999986589,448.999999061227
22.0000000201166,433.000001072884
22.0999999966472,456.999999195337
22.0000000033528,440.000000368804
22.0999999798834,451.000000402331
21.9000000201166,454.999999597669
21.8000000033528,447.000000268221
21.8,451.0
21.899999986589,451.0
21.7000000268221,451.0
21.7999999932945,464.999999061227
21.8,445.000000670552
21.6000000067055,451.000000033528
21.7999999798834,451.999999396503
21.6000000201166,446.000000603497
21.6,470.99999916181
21.5,459.0
21.4999999932945,468.999999731779
21.400000013411,465.000000536442
21.4,470.999999597669
21.3000000033528,459.000000402331
21.2999999966472,465.99999986589
21.1999999899417,461.999999798834
21.1000000100583,460.000000201166
21.0000000033528,463.99999986589
20.9,468.0
20.8,468.999998994172
20.8,454.000002011656
20.8999999932945,468.999998994172
20.8000000033528,449.000000670552
20.8,453.000000201166
20.8,458.999999698252
20.8,456.000000301748
20.8,455.000000033528
20.8,480.0
20.7000000067055,462.000000201166
20.799999986589,464.999999597669
20.8,462.000000201166
20.8999999966472,456.000000201166
20.8999999932945,453.00000013411
20.7000000201166,456.999998491258
20.8999999798834,442.000001508742
20.8000000033528,456.999999497086
20.9,470.0
20.9,453.999999597669
20.9,448.000000804663
20.8000000067055,434.000000938773
21.0999999899417,448.999999497086
20.9,449.000000201166
20.9000000100583,455.0
20.9999999899417,455.0
21.0,442.000000435859
21.0,453.0
20.9999999932945,439.999999463558
20.900000013411,432.000001072883
20.9,453.999998524785
20.9999999966472,434.000000670552
20.8999999932945,446.999999899417
20.7000000201166,444.00000070408
20.8999999798834,450.99999929592
20.9,430.00000070408
20.8,444.0
20.8,446.0
20.8,446.0
20.7000000067055,438.000000536442
20.7999999966472,445.999999731779
20.8,445.000000033528
20.7999999899417,445.999998390675
20.7000000100583,430.000001609325
20.7,456.999999094754
20.8,433.0
20.6000000067055,445.999998927117
20.699999986589,430.000002145767
20.7,437.999999463558
20.7,446.999999698251
20.7,464.99999929592
20.7,444.000000804663
20.7,451.999999195337
20.7,448.00000013411
20.6,437.0
20.5000000067055,445.999999798834
20.599999986589,443.000000402331
20.400000013411,447.999999664724
20.5999999932945,445.000000100583
20.5,448.999999765307
20.4999999899417,442.000001005828
20.4000000100583,451.999998994172
20.4999999966472,449.000000100583
20.4,437.0
20.4,436.000001206994
20.4,453.999997586012
20.4,446.000000536442
20.4,448.999999899417
20.4,445.999999899417
20.4,443.000000301748
20.4,445.999999698252
20.2000000067055,461.999999463558
20.1,454.0
20.2,448.000000603497
20.2,456.999998793006
20.399999986589,446.000000737608
20.2000000067055,463.999999396503
20.2999999966472,457.999999966472
20.2,457.000001810491
20.2,474.999998189509
20.2999999966472,479.999999832362
20.4,482.0
20.3000000067055,482.000001609325
20.399999986589,505.99999678135
20.3000000067055,514.999999396503
20.3999999966472,546.999998927116
20.4,523.000001106411
20.4000000201166,555.999998692423
20.5999999798834,543.000001307577
20.6999999966472,566.999999195337
21.0,593.0
21.2000000067055,572.99999986589
21.299999986589,571.000000268221
21.2000000067055,533.000002548099
21.2,600.999997720122
21.5,532.000000167638
21.5000000100583,536.999999899417
21.5999999899417,536.000000100583
21.5000000033528,546.999999631196
21.7,524.0
21.700000013411,522.999998927117
21.8999999731779,507.000002145767
22.099999986589,502.000000335276
22.2999999932945,493.000000301749
22.4000000067055,488.99999916181
22.5999999798834,463.999998189509
22.4000000201166,446.000001810491
22.4999999966472,465.999999329448
22.4,459.0
22.7,439.000001005828
22.7,453.999997988344
22.9999999798834,439.000001005828
23.0999999966472,432.000000234693
23.3000000067055,441.999999832362
23.5,436.999998893589
23.5,426.000001106411
23.4000000033528,418.000000268221
23.5,420.0
24.2000000201166,399.000001609325
24.4999999597669,422.99999678135
24.5999999932945,413.000000670552
25.0999999832362,419.999999765307
25.7000000167638,405.000000335276
26.1999999497086,415.000001206994
25.7000000502914,426.999998793006
25.2000000167638,417.000000335276
25.0,421.0
24.800000013411,396.000001408159
24.9999999731779,416.999997183681
25.0,399.000001206994
24.600000013411,407.999999698251
24.2999999899417,424.99999986589
23.9999999597669,421.00000321865
23.6000000402331,452.99999678135
23.3000000100583,433.000000670552
23.2,440.0
22.8999999932945,446.999998927117
22.800000013411,431.000002145767
22.7000000067055,425.000000402331
22.7999999966472,443.999999362975
23.0000000067055,431.999999798834
23.2000000301748,425.999999396503
23.4999999698252,420.000000603497
23.4000000033528,425.999999798834
23.3,421.0
23.2000000223517,417.000000223517
23.5333333482345,420.333333482345
23.8666666741172,423.666666741172
24.1999999888241,426.999999888241
24.2000000100583,424.999999597669
24.5000000402331,413.000002212822
24.8999999597669,434.999997787178
25.299999986589,401.000001139939
25.5,398.0
25.3000000201166,393.999999463558
25.5999999597669,386.000001072883
25.6999999932945,408.99999845773
25.7999999966472,397.000000402331
25.9,408.99999986589
25.8999999698252,404.999999899417
25.6000000301748,404.000000100583
25.5000000033528,402.000000067055
25.2,388.0
24.9000000268221,389.000001072883
25.2999999463558,404.999997854233
25.5999999798834,414.999999329448
25.6999999966472,406.000000301749
26.0999999966472,402.0
25.9999999396503,402.000000301748
25.4000000603497,404.999999698252
25.3000000033528,405.0
25.1,406.0
25.1999999664724,398.99999986589
24.7000000670552,397.000000268221
24.4000000201166,399.999999798834
24.3000000033528,410.999999631196
24.1999999899417,413.999999698251
23.9000000402331,405.000000603497
24.2999999597669,410.999999396503
24.2000000033528,411.999999966472
24.0,413.0
24.200000013411,416.000000402331
24.3999999731779,421.999999195337
24.200000013411,404.000001206994
23.9000000100583,404.0
24.0,414.000000201166
24.0,419.999998994172
24.0,410.000001005828
24.0,419.999999664724
23.9,427.0
23.7999999798834,426.999999195337
23.5000000402331,415.000001609325
23.300000013411,428.999999061227
23.3999999966472,428.000000033528
23.2999999932945,425.000000402331
23.0999999899417,436.999998290092
23.0000000100583,420.000001709908
22.9000000033528,423.99999986589
22.9,421.0
22.9000000201166,437.999999128282
23.1999999597669,425.000001743435
23.2,425.999999932945
23.2999999966472,434.999999698251
23.0000000067055,423.000000402331
23.2,434.99999929592
23.2,428.00000070408
23.2999999966472,429.999999932945
23.3,435.0
23.600000013411,436.999999396503
23.7999999731779,428.000001206994
24.1999999731779,421.000000469387
24.2,432.999999597669
24.2000000100583,416.000000268221
24.5,424.000000905245
24.5,432.999999094755
24.2000000100583,419.000000469387
24.0,421.0
23.9,420.000001139939
23.9,436.999997720123
23.6000000201166,421.000001072884
23.6999999966472,431.999999631196
23.9000000167638,425.999999798834
24.3999999899417,420.0
24.3000000100583,420.0
24.0000000100583,429.999999664724
23.9,419.0
23.7000000067055,422.000000335276
23.799999986589,426.999999329448
23.8999999932945,422.000000335276
23.9999999966472,431.999999664724
24.2000000033528,432.999999698251
24.2999999798834,424.000001307577
24.1000000201166,436.999998692423
24.1,427.000000335276
24.0,440.0
23.8999999798834,442.00000013411
23.6000000402331,443.999999731779
23.5000000067055,439.000000335276
23.4000000033528,431.000000268221
23.2000000033528,438.999999832362
23.2999999798834,434.000001206994
23.1000000201166,445.999998793006
23.1,446.0
22.8,447.0
22.7999999798834,452.999999932945
22.5000000402331,452.00000013411
22.5,453.99999986589
22.4000000033528,448.000000201166
22.2999999966472,455.000000536442
22.1999999899417,471.0
22.1000000100583,471.0
22.0000000033528,463.000000268221
21.8,467.0
22.100000013411,451.999999798834
22.2999999731779,449.000000402331
22.3,459.999999262393
22.3999999966472,458.000000067055
22.3999999966472,456.999999899417
22.2999999899417,454.000001005828
22.2000000100583,463.999998994172
22.2,459.000000167638
22.0,454.0
21.9999999932945,458.000000603497
21.900000013411,466.999998793006
21.9,459.000000536442
21.9,448.000000368804
21.8,463.99999986589
21.8000000100583,459.999999396503
21.8999999899417,454.000000603497
21.6000000100583,463.999999664724
21.7,462.0
21.5999999932945,458.500000234693
21.500000013411,455.000000469387
21.5,459.999999664724
21.5,463.99999986589
21.5,465.999999966472
21.4999999798834,465.0
21.3000000201166,465.0
21.3,452.000000435859
21.4,455.0
21.3,449.000000335276
21.3,453.999999329448
21.3,459.999999597669
21.3,459.000000033528
21.2999999966472,456.000000033528
21.1999999899417,457.00000070408
21.1000000100583,463.99999929592
21.2999999932945,457.000000234693
21.2,453.0
21.199999986589,464.999999463558
21.0000000268221,457.000001072883
21.0,458.99999986589
21.0999999966472,459.0
20.9999999966472,463.999999195337
20.9,440.000000201166
20.9,441.999999798834
20.8000000033528,452.999999631196
20.7,454.0
20.7999999932945,455.00000013411
20.700000013411,456.999999731779
20.7,453.000000268221
20.7,438.000000502914
20.5999999932945,437.000000938773
20.4000000100583,464.999999899417
20.4999999899417,464.000000100583
20.4000000033528,462.000000067055
20.3,453.0
20.2999999932945,456.999998658896
20.200000013411,437.000002682208
20.2,459.99999845773
20.1000000033528,459.000000033528
20.1,435.000000100583
20.1,437.999999698252
20.1,435.000000301748
19.9000000067055,447.999999564141
19.9,445.0
19.9,443.0
19.9,443.0
19.9,436.000000469387
19.8000000033528,443.999999731779
19.7999999966472,441.999999899417
19.7,439.0
19.7,439.0
19.7999999966472,434.000000167638
19.7,448.0
19.7,452.999999530613
19.7,446.000000938773
19.7,438.000000536442
19.6000000033528,442.999999832362
19.7,459.999998994172
19.7,430.000004023313
19.7,469.999995976687
19.7,453.000000569969
19.7,454.0
19.8000000067055,464.999998256564
19.899999986589,439.000003486871
19.9,464.999998256564
19.9,451.000000469387
19.9,437.000000771135
19.9,459.99999929592
19.9,453.00000070408
19.9999999966472,462.999999664724
20.0,468.0
20.0,448.00000154227
20.0,470.99999691546
20.0,465.000000402331
20.0,460.000000167638
20.0,455.999999597669
19.9999999899417,444.000001307577
19.9000000100583,456.999998692423
19.9,451.000000201166
19.9,459.0
19.9999999932945,468.000000737607
19.900000013411,478.999998524785
19.9,471.000000536442
19.9,462.000000301749
19.8999999966472,483.999999765307
19.8000000100583,477.000000201166
19.8999999899417,478.999999798834
19.9,468.000000368804
19.8,495.0
19.7999999932945,475.99999986589
19.700000013411,474.000000268221
19.7999999932945,473.000000067055
19.8,480.999999731779
19.7000000033528,477.000000536442
19.8000000100583,492.999999094755
19.8999999899417,484.000000905245
19.8000000033528,513.999998994172
19.9,537.0
19.8999999932945,541.999999128282
19.800000013411,529.000001743436
19.8,575.999996848404
19.7000000033528,534.00000140816
19.8000000033528,581.00000070408
19.9000000100583,602.000000201166
19.9999999899417,603.999999798834
20.0999999966472,601.000000100583
20.3,616.0
20.600000013411,619.000000938773
20.7999999731779,632.999998122454
20.8999999932945,632.000000067055
21.299999986589,629.000000100583
21.5000000067055,598.999999329448
21.7000000301748,579.000000402331
21.9999999698252,582.999999597669
22.399999986589,503.000002682209
22.7,495.0
22.8000000067055,479.000000536442
22.899999986589,486.999998927117
22.9,455.000002145767
23.1999999899417,434.00000070408
23.2,445.999999497086
23.2000000100583,431.000001508742
23.2999999899417,445.999998491258
23.4999999932945,446.999999966472
23.4,409.0
23.9000000067055,424.99999986589
23.999999986589,423.000000268221
24.2999999798834,430.999999463558
24.3999999966472,418.000000435859
24.7000000067055,423.999999731779
24.9000000201166,416.000000603497
25.0999999798834,421.999999396503
25.0000000033528,408.000000469387
24.9,409.0
25.599999986589,409.99999986589
25.4000000268221,408.000000268221
25.599999986589,409.99999986589
25.999999986589,398.000000402331
25.7999999765307,419.999999128282
25.1000000301748,394.000000804663
25.3999999698252,401.999999195337
24.9000000167638,413.999999597669
24.4,429.0
24.1,410.00000013411
24.1,411.999999731779
24.1999999932945,391.00000140816
24.1000000033528,404.999999530613
23.6999999932945,405.000000536442
23.4999999798834,420.999999899417
23.3000000201166,420.000000100583
23.1000000067055,410.000000335276
23.1,432.0
22.8999999932945,400.000000201166
22.800000013411,402.999999597669
22.7000000067055,411.999999396503
22.6000000033528,429.999999396503
22.5999999932945,423.999999530613
22.3999999899417,409.999999497086
22.3000000100583,405.000000502914
22.1000000067055,402.000000100583
22.1,398.0
22.2000000067055,410.000001609325
22.299999986589,433.99999678135
22.3,421.000000871718
22.3,425.999999832362
22.5,423.999999698251
22.5000000201166,415.000001911074
22.6999999798834,433.999998088926
22.6000000033528,421.000000435859
22.8,430.0
22.9000000067055,425.999999530614
22.999999986589,419.000000938773
23.0999999932945,420.999999865889
23.0000000033528,405.000000536442
23.2000000033528,406.999999899417
23.3,404.000000502914
23.3,408.999999497086
23.4999999932945,398.000000368804
23.8,418.0
23.8,394.00000154227
23.8,416.99999691546
24.0999999798834,416.000000067055
24.2999999932945,419.99999986589
24.4999999966472,425.999999798834
24.3999999899417,419.999999698252
24.3000000100583,417.000000301748
24.2000000033528,426.999999664724
23.9,424.0
23.8999999932945,421.000000335276
23.800000013411,425.999999329448
23.8999999932945,419.000000469387
24.1999999899417,403.000000536442
24.2,407.000000368804
24.2000000301748,417.999997787178
24.4999999698252,396.000002212822
24.7999999899417,409.999999530613
25.1,404.0
25.4000000268221,393.000001072883
25.7999999463558,408.999997854233
26.2999999664724,409.0
27.1999999698251,388.00000070408
27.1,388.000000335276
27.0999999899417,398.0
27.0000000100583,398.0
27.1999999932945,393.000000167638
26.8,402.0
27.3000000335276,385.99999986589
27.7999999329448,384.000000268221
27.999999986589,398.999998994172
28.2999999899417,401.999999899417
28.6000000033528,397.999999832362
28.6999999094755,393.000000301748
27.8000000905245,395.999999698252
27.6000000067055,394.000000067055
27.5,402.0
26.7999999731779,391.000000536442
26.4000000536442,398.999998927117
26.4999999932945,395.000000268221
26.3000000067055,388.000000234693
26.2999999966472,404.0
26.1999999899417,404.000000100583
26.1000000100583,404.999999899417
26.1999999966472,399.000000201166
25.7,405.0
23.9000000335276,397.999999530614
24.3999999329448,391.000000938773
24.4999999932945,392.999999865889
23.4000000368804,393.999999966472
22.7999999932945,383.000000167638
22.5999999798834,388.000002112239
22.4000000201166,408.999997887761
21.9000000167638,393.000000536442
21.8,397.0
21.7999999932945,391.000000067055
21.700000013411,391.99999986589
21.6000000067055,395.999999731779
22.2999999765307,403.999999731779
22.8000000033528,408.999999664724
22.9,399.000001005828
22.9,408.999998994172
23.0999999932945,414.999999798834
23.0,423.0
23.1999999798834,411.000000335276
22.9000000402331,415.999999329448
22.8000000067055,410.000000402331
22.6000000067055,405.000000167638
22.2999999966472,420.999999832362
22.2000000100583,416.000000905245
22.2999999899417,424.999999094755
22.3,425.0
22.1,432.0
21.5999999597669,428.999999128282
21.0000000804663,416.000001743436
20.7000000201166,413.000000201166
20.7,415.999999899417
21.1,423.999999798834
21.1,418.000002212822
21.1,439.999997787178
21.0000000033528,456.999999430031
20.9,437.0
20.8,440.000002413988
20.8,475.999995172025
20.5000000201166,442.000002279878
20.3000000067055,442.999999966472
20.2999999932945,458.000000234693
20.0999999899417,464.999998189509
20.0000000100583,447.000001810491
19.9000000033528,440.000000234693
20.1,427.0
20.4000000201166,429.000000871718
20.6999999597669,441.999998256565
20.899999986589,452.999999262392
20.9999999966472,448.000000167638
21.0,435.999999664724
21.0000000201166,426.000001709908
21.1999999798834,442.999998290092
21.1000000033528,453.999999631196
21.1,452.0
21.0,453.999999463558
21.0,446.000001072883
21.0,433.000000871718
21.0,434.999999932945
20.9,448.999999798834
20.8999999899417,443.000000301748
20.8000000100583,445.999999698252
20.8,465.999999329448
20.8,454.0
20.8,454.499999966472
20.8,454.999999932945
20.8,443.000000804663
20.7000000033528,450.999999731779
20.6,441.000000603497
20.6000000100583,459.0
20.6999999899417,459.0
20.6000000033528,444.000000502914
20.7,462.0
20.500000013411,457.999999396503
20.6999999731779,449.000001206994
20.7,452.999999731779
20.7,461.999999698251
20.6,464.00000013411
20.5999999899417,467.999999597669
20.5000000100583,464.000000402331
20.4000000033528,464.999999966472
20.4,462.0
20.4,456.000000067055
20.4,456.99999986589
20.3000000067055,457.999999932945
20.3,451.000000234693
20.2999999966472,456.999999664724
20.2000000100583,447.000001106411
20.2999999899417,457.999998893589
20.2000000033528,466.999999698251
20.2,462.0
20.1000000067055,467.999999396503
20.199999986589,459.000001206994
20.1000000067055,456.000000201166
20.1,456.999999966472
20.0999999932945,469.999999932945
19.9000000201166,467.999998793006
20.0999999798834,456.000001206994
19.9000000067055,486.999998960644
19.9,473.0
19.9,463.000000737607
19.9,473.999998524785
19.8000000067055,462.000000804663
19.8,477.999999463558
19.8,463.000000067055
19.8,464.999998793006
19.8,453.000001206994
19.8,456.99999986589
19.8,460.0
19.7000000067055,474.999999731779
19.799999986589,471.000000536442
19.8,480.999999329448
19.8,473.000000268221
19.7,470.000000536442
19.6999999899417,485.999998994172
19.6000000100583,476.000001005828
19.6,483.999999731779
19.6,493.0
19.6,478.000001475215
19.6,499.999997049571
19.6,479.00000140816
19.5000000033528,484.999999798834
19.6,489.000000234693
19.5999999899417,495.999999497086
19.5000000100583,491.000000502914
19.5,479.000000402331
19.4,498.0
19.3999999932945,492.999999463558
19.300000013411,485.000001072883
19.3,489.999999664724
19.2000000033528,497.999999731779
19.3999999966472,507.999999564141
19.3,495.000002816319
19.3,522.999997183681
19.2000000033528,510.000000435859
19.2,488.0
19.1999999932945,504.00000013411
19.100000013411,505.999999731779
19.1,493.000000871718
18.9000000067055,514.999999262393
19.1,509.0
19.0999999899417,509.000000603497
19.0000000100583,514.999999396503
19.0,516.999999932945
19.0,518.0
18.9,509.000000938773
18.9,522.999998122454
18.9,514.000000603497
18.9999999966472,519.999999798834
19.3000000033528,522.000000033528
19.4000000100583,522.999999195338
19.4999999899417,515.000000804662
19.5999999966472,520.999999798834
19.6,531.0
19.6000000067055,521.000000536442
19.699999986589,528.999998927117
19.6000000067055,518.000000737608
19.6999999966472,549.999998927116
19.6,539.999999698251
19.6,531.000002916902
19.6,559.999997083098
19.6,588.999999027699
19.6,590.0
19.499999986589,599.000000804663
19.3000000268221,610.999998390675
19.3,611.999999932945
19.3999999966472,630.999999362975
19.4000000067055,619.000001441687
19.6,661.999999899417
19.6,661.000000100583
19.6,650.000000368804
19.7,666.0
19.8,659.00000167638
19.8,683.999996647239
19.8,687.999999731779
19.8999999966472,687.000000033528
20.0000000033528,702.999999731779
20.1000000100583,695.000001005828
20.1999999899417,704.999998994172
20.2,703.000000067055
20.3,706.0
20.5000000268221,713.999999731779
20.8999999463558,710.000000536442
21.4999999597669,693.000001139939
21.9999999832362,670.000000771135
22.4000000033528,667.999999899417
22.5,664.999999094755
22.5,656.000000905245
22.6999999932945,631.00000083819
22.9,623.0
23.2000000067055,627.99999678135
23.299999986589,580.0000064373
23.7999999664724,578.00000013411
24.3999999798834,567.000000368804
24.4000000167638,539.999999128282
24.8999999396503,513.999996278436
24.3000000603497,477.000003721564
24.3,458.000000637025
25.2,453.0
25.4999999530614,443.999999262393
24.8000000938773,433.000001475215
24.999999986589,405.000001877546
25.4999999832362,423.999999362975
25.4000000033528,430.000000402331
25.4999999698252,442.000001005828
25.2000000301748,451.999998994172
24.0000000402331,449.000000100583
23.1,449.0
23.4000000871718,449.000000603497
24.6999998256564,457.999998793006
25.8999999195337,440.000001206994
26.3999999832362,437.000000100583
26.6999999631196,436.999999430031
25.5999999094755,419.999998692423
24.7000000905245,407.000001307577
25.9999999564141,408.999999932945
26.9,426.0
27.7000000603497,416.0
28.5999998793006,416.0
29.0999999664724,404.000000804663
29.5999999832362,423.999999329448
29.7999999899417,407.000000201166
29.5000000201166,413.000000301748
29.6999999798834,415.999999698252
28.6000000368804,408.000000268221
28.2,420.0
28.9000000335276,402.000000536442
29.3999999329448,409.999998927117
28.8000000402331,405.000000335276
27.7000000368804,383.000000737608
27.3000000100583,382.000000536442
27.6000001911074,398.00000070408
29.4999998088926,404.99999929592
28.9000000201166,387.000000603497
28.7,404.0
27.3999999731779,403.999999329448
27.0000000536442,394.000001341104
27.8999999396503,394.0
27.3000000201166,397.99999986589
27.4000000536442,392.000000201166
29.0000000100583,397.999999597669
29.0999999899417,394.000000402331
28.700000013411,403.999999664724
30.0,392.0
29.799999986589,401.999999128282
29.6000000268221,389.000001743435
29.9999999731779,391.999999798834
30.2999999899417,381.000000368804
30.4999999798834,400.999999195337
29.8999999497086,377.000001005828
29.4000000502914,386.999998994172
29.9999999798834,387.0
30.1,402.0
30.3000000201166,404.000000402331
30.5999999597669,409.999999195337
30.400000013411,402.000000536442
30.1000000100583,402.0
30.300000013411,393.999999832362
30.7000000201166,388.999999396503
30.8999999798834,383.000000603497
30.9,386.999999865889
31.2,400.0
30.6,403.999999396503
30.6,395.000001206994
30.6999999932945,387.000000536442
30.6000000033528,396.999999664724
30.4000000100583,394.000000167638
30.6999999597669,398.999999195337
30.3000000402331,391.000000804663
30.1000000067055,407.999999430031
30.4,405.0
30.0999999262393,402.000000804663
29.0000001475215,413.999998390675
29.2999999798834,410.000000268221
29.2000000033528,414.999999832362
29.3,409.000000033528
29.2999999899417,410.0
29.2000000100583,410.0
29.4999999899417,419.999999664724
29.2,406.0
29.199999986589,400.000001274049
29.0000000268221,418.999997451902
28.6000000268221,406.000000871718
28.6999999966472,408.999999899417
28.6,419.999999631196
28.5999999798834,408.999999497086
28.4000000201166,404.000000502914
28.4,410.999999765307
28.2,426.0
28.000000013411,417.999999463558
28.1999999731779,410.000001072883
28.2,423.999999061227
28.0000000067055,424.999999966472
27.4000000033528,413.999999966472
27.4999999497086,413.000001106411
27.0000000502914,423.999998893589
27.1999999932945,431.999999731779
26.8,413.0
26.799999986589,432.999999061227
26.6000000268221,419.000001877546
26.6999999932945,435.999998860061
26.5000000067055,420.000000536442
26.4000000033528,423.000000402331
26.4999999899417,434.999998994172
26.4000000100583,425.000001005828
26.2000000067055,425.0
25.4,421.0
25.300000013411,428.000000603497
25.4999999731779,436.999998793006
25.4000000067055,454.999998793006
25.3000000033528,449.000000201166
25.199999986589,445.000000368804
24.7999999597669,456.000000905245
24.4000000402331,464.999999094755
24.4,443.000000737607
24.5,464.0
24.299999986589,465.000001810491
24.1000000268221,491.999996379019
23.900000013411,484.000000536442
23.7000000067055,492.999999698251
23.6999999932945,492.000000637025
23.4999999698252,511.000001206994
23.2000000301748,522.999998793006
23.0000000067055,560.999998725951
22.9,525.0
22.699999986589,567.000000737607
22.5000000268221,577.999998524785
22.2000000201166,573.000000335276
22.1000000033528,577.999999832362
21.8999999932945,596.999999195337
21.6999999798834,572.999999899417
21.5000000201166,572.000000100583
21.2000000100583,531.000001374632
21.3,526.0
21.800000013411,522.999998658896
21.9999999731779,503.000002682209
22.0999999932945,531.999998055398
22.0000000033528,520.000000402331
21.9999999966472,517.999999497086
21.9,503.000000100583
21.9,503.999999899417
21.8000000033528,509.999999798834
21.8,506.0
21.7,506.999999195337
21.7,495.000001609325
21.500000013411,502.999999463558
21.5,503.999999966472
21.4,503.000000201166
21.3999999899417,508.999999094755
21.3000000100583,500.000000905245
21.2000000033528,502.999999899417
21.3,515.0
21.1000000067055,508.000000469387
21.199999986589,501.000000938773
21.000000013411,487.000000938773
21.0,481.000000201166
20.9999999966472,492.000000335276
20.9,502.000000201166
20.9,503.999999798834
20.8000000033528,508.999999832362
20.6,492.0
20.6,485.000000268221
20.6,488.999999463558
20.5000000067055,490.999999865889
20.4000000033528,479.000000402331
20.4,485.0
20.3999999899417,485.000000402331
20.3000000100583,488.999999597669
20.3999999966472,486.000000100583
20.4,464.0
20.1999999932945,496.999998994172
20.100000013411,482.000002011656
20.1,480.00000013411
20.1999999966472,470.000000335276
20.1999999966472,480.000000033528
20.0999999899417,480.999998591841
20.0000000100583,467.000001408159
19.9000000033528,474.999999731779
19.9,470.0
19.7999999932945,478.000000268221
19.700000013411,481.999999463558
19.6000000067055,470.000000804663
19.6999999966472,463.000000234693
19.6999999966472,489.99999916181
19.6,464.999999094755
19.6,456.000000905245
19.6,472.999999430031
19.6,468.0
19.600000013411,468.999999932945
19.7999999731779,468.00000013411
19.7000000067055,457.000000737608
19.6000000033528,478.999999262392
19.6999999932945,494.999999329448
19.5,475.000000402331
19.5,478.999999597669
19.5,470.000000301749
19.4,481.0
19.3,482.000000201166
19.3,484.999999597669
19.3,500.999998927116
19.3,479.000000737608
19.1999999966472,491.99999986589
19.1000000100583,487.999999899417
19.1999999899417,487.000000100583
19.1000000033528,485.000000067055
19.2,500.0
19.1,487.99999986589
19.1,486.000000268221
19.1,489.999999731779
19.1,494.999999832362
19.1,478.000000938773
19.1,505.999999195337
19.1,498.000000804663
19.1,503.999999798834
19.2,497.0
19.1,503.000000938773
19.1,516.999998122454
19.1999999932945,501.000001072884
19.1000000033528,511.999999631196
19.0999999966472,500.000000469387
19.0000000100583,514.000000100583
19.0999999899417,514.999999899417
19.0000000033528,506.000000301749
19.0,502.0
18.9,507.000000670552
18.9,516.999998658896
18.8000000067055,523.999999530613
18.7000000033528,509.000000502914
18.8000000067055,517.000000402331
19.0000000301748,528.999997686595
19.2999999698252,506.000002313405
19.4999999932945,525.999999329448
19.5,539.0
19.5000000067055,530.999999061227
19.599999986589,517.000001877546
19.6,530.999999061227
19.6,515.000000536442
19.5000000033528,519.999999832362
19.6,515.000002212822
19.6,536.999997787178
19.5000000033528,514.000000771135
19.6,553.0
19.5,533.999999128282
19.5,521.000001743436
19.4000000067055,545.999998323619
19.3000000033528,528.000000603497
19.2000000100583,582.999998692423
19.5000000201166,544.00000462681
19.6999999798834,589.99999537319
19.7,621.999998927116
19.8,639.0
19.7999999932945,678.000000402331
19.700000013411,683.999999195337
19.899999986589,707.999998390674
19.9,709.999999932945
19.9000000067055,688.000000234693
20.1000000100583,695.000000502914
20.1999999899417,699.999999497086
20.4999999899417,694.000000201166
20.7,698.0
21.0000000201166,691.000000067055
21.2999999597669,691.99999986589
21.499999986589,686.000000402331
21.6999999932945,677.000000301749
21.8000000033528,666.999999362975
21.9,647.999994065614
21.9,589.000005934386
22.0999999932945,602.999999530613
22.3,583.0
22.4000000067055,569.000001005828
22.499999986589,583.999997988344
22.699999986589,528.000003755093
22.6000000033528,520.000000268221
22.8999999932945,510.999999966472
22.6999999396503,510.000000402331
22.1000000603497,513.999999597669
21.8000000100583,501.000000435859
21.6,500.0
21.6,482.000000938773
21.6,495.999998122454
21.6,503.999999463558
21.8999999899417,505.999999932945
22.4000000067055,488.999999396503
22.5999999798834,471.0
22.4000000201166,471.0
22.4999999966472,476.999999798834
22.2,456.0
22.3000000335276,475.999998860061
22.7999999329448,459.000002279877
23.2999999664724,462.999999731779
23.3,453.000000335276
23.4999999932945,458.999999731779
23.3000001005828,451.000001206994
24.2999998994172,462.999998793006
24.3999999966472,439.000000804663
24.0,448.0
23.6999999798834,458.999999195337
23.4000000402331,447.000001609325
23.4,453.999999530613
23.4999999966472,457.99999986589
23.499999986589,456.999999698251
23.1000000100583,448.00000251457
23.1999999899417,472.99999748543
23.1000000033528,467.000000201166
23.2,453.0
23.300000013411,468.999999664724
23.4999999731779,464.000000670552
23.5,448.000001072884
23.7999999899417,442.000000201166
23.8999999966472,441.999999362975
23.8,422.999999798834
23.8,421.000000201166
24.199999986589,426.999999798834
24.0,422.0
24.2,424.000000737607
24.2,434.999998524785
24.000000013411,432.000000201166
23.4000000201166,428.00000013411
23.4000000067055,424.000000435859
23.5999999698252,437.000000301748
23.3000000301748,439.999999698252
23.2000000033528,442.999999899417
23.0,453.0
22.9000000201166,440.000001139939
23.1999999597669,456.999997720123
23.2999999932945,434.00000154227
23.2000000033528,443.999999664724
23.9000000167638,450.99999986589
24.4000000603497,446.999998893589
24.9999999396503,436.000001106411
25.399999986589,415.00000070408
25.0,418.0
24.6000000067055,405.000000067055
24.699999986589,405.99999986589
24.9999999798834,421.999998927116
24.7000000100583,427.999999798834
24.6000000067055,410.000000301749
24.7999999798834,418.999999094755
24.6000000201166,410.000000905245
24.6999999966472,418.999999698251
24.4,402.0
24.3000000201166,413.000000737607
24.5999999597669,423.999998524785
24.400000013411,422.00000013411
24.3000000033528,416.000000201166
24.4999999932945,415.000000033528
24.3000000402331,416.000000402331
24.6999999597669,419.999999597669
24.7999999966472,425.999999798834
25.0,426.0
25.0000000067055,413.000000871718
25.099999986589,425.999998256565
24.7000000268221,417.000000603497
24.5000000067055,419.999999899417
24.2,428.999999698251
24.2000000502914,420.000002011656
24.6999999497086,439.999997988344
25.099999986589,450.999999631196
25.2,426.0
25.0999999798834,420.000000804663
24.8000000402331,431.999998390675
24.600000013411,422.000000670552
24.3000000100583,435.999999530613
23.9000000033528,435.000000067055
24.0000000301748,437.0
24.2999999698252,437.0
24.2000000033528,430.000000234693
24.4,426.0
24.8,435.000000201166
24.8,437.999999597669
25.1999999731779,419.000001274049
25.4999999899417,419.999999966472
25.5000000033528,415.000000502914
25.6,430.000000201166
25.6,431.999999798834
25.4000000067055,422.000000335276
25.2,424.0
25.4999999932945,415.000000402331
25.400000013411,420.999999195337
25.7999999731779,399.000001475215
26.0999999899417,404.999999798834
26.0999999899417,424.0
25.8000000100583,424.000000100583
25.8999999899417,424.999999899417
25.6000000100583,440.999999463558
25.0,440.0
24.6999999798834,432.999999463558
24.4000000402331,425.000001072883
24.3000000067055,443.999998725951
24.2000000033528,443.000000033528
24.2999999932945,444.000000737607
24.1000000100583,465.99999929592
24.1999999899417,459.00000070408
24.2,463.999999832362
24.0,457.0
23.9,476.000000067055
23.9,476.99999986589
23.700000013411,470.000000469387
23.4000000100583,468.000000067055
23.3,457.000000268221
23.2999999899417,465.000000301748
23.2000000100583,467.999999698252
23.1000000033528,472.999999832362
22.9,477.0
22.8,464.000000402331
22.8,469.999999195337
22.600000013411,467.000000201166
22.5000000033528,477.999999631196
22.4,473.000000301749
22.3999999698252,482.000000603497
22.1000000301748,487.999999396503
21.8000000100583,482.000000201166
22.0,512.0
21.9999999731779,471.000000268221
21.6000000536442,474.999999463558
21.6,490.999998927116
21.6,495.999999832362
21.2999999966472,491.999999463558
21.1999999899417,476.000000100583
21.1000000100583,476.999999899417
21.1,454.000000771135
21.3,445.0
21.5000000067055,452.000000402331
21.599999986589,457.999999195337
21.6999999932945,467.999999329448
21.7999999966472,463.000000167638
21.8,467.999999798834
21.7999999899417,461.999999497086
21.7000000100583,457.000000502914
21.7,473.999999430031
21.6,465.0
21.6999999932945,449.000001475215
21.600000013411,470.999997049571
21.6,472.99999986589
21.6,458.000000502914
21.5999999966472,457.99999986589
21.5000000100583,454.000001408159
21.5999999899417,467.999998591841
21.5000000033528,474.999999765307
21.4,459.0
21.3000000067055,454.000000335276
21.399999986589,449.000000670552
21.3000000067055,447.000000134111
21.2000000033528,451.999999832362
21.2999999966472,441.000000268221
21.1999999899417,448.999998994172
21.1000000100583,439.000001005828
21.0000000033528,448.999999664724
21.0,445.0
21.0,448.999999932945
21.0,448.00000013411
20.9000000067055,450.999999798834
20.9,442.000000301749
20.9999999966472,448.999999765307
20.9000000100583,442.000000502914
20.9999999899417,446.999999497086
20.9000000033528,441.000000201166
21.0,435.0
20.9,439.000000938773
20.9,452.999998122454
20.9,436.000001139939
20.9999999966472,426.000000335276
20.8,445.999999530613
20.8,432.000000301748
20.8,434.999999698252
20.7000000033528,426.000000301749
20.6,432.0
20.7999999932945,425.000001274049
20.700000013411,443.999997451902
20.7,435.000000603497
20.6000000033528,424.000000368804
20.7,439.999999899417
20.6999999899417,436.999998994172
20.6000000100583,427.000001005828
20.5000000033528,438.999999597669
20.6,433.0
20.5,431.000000737607
20.5,441.999998524785
20.5,440.00000013411
20.4000000033528,440.999999966472
20.5,429.000000268221
20.5,436.999999094755
20.5,428.000000905245
20.5,424.00000013411
20.5,442.0
20.5000000067055,440.00000013411
20.599999986589,441.999999731779
20.5000000067055,428.000000938773
20.5,443.999999463558
20.4999999966472,445.999999463558
20.4000000100583,430.000000502914
20.4999999899417,434.999999497086
20.4000000033528,428.000000234693
20.5,440.0
20.4,449.000000335276
20.4,453.999999329448
20.3000000067055,426.000001877546
20.3,422.00000013411
20.3,439.999999597669
20.3,428.000001408159
20.3,441.999998591841
20.2000000033528,442.0
20.2,442.0
20.1999999932945,445.999999396503
20.100000013411,437.000001206994
20.1999999932945,447.999999262392
20.1000000033528,432.000000536442
20.1,453.999999497086
20.0999999899417,438.999999195337
20.0000000100583,431.000000804663
20.0,431.999999966472
19.9,447.0
20.0,440.999999597669
20.0,435.000000804663
19.9000000067055,437.999999798834
19.9999999966472,452.999999497086
19.9,442.000000033528
19.9,443.000000402331
19.9,446.999999597669
19.9999999966472,440.000000234693
19.8,442.0
19.8,442.000000402331
19.8,447.999999195337
19.8999999932945,446.00000013411
19.8000000033528,446.0
19.7000000033528,458.000000201166
19.8,463.999998189509
19.8,446.000001810491
19.8,446.0
19.7,448.0
19.7999999932945,452.999999731779
19.700000013411,449.000000536442
19.6000000067055,457.999999396503
19.6999999966472,485.999999061227
19.8,457.0
19.8,457.000001206994
19.8,468.999998793006
19.8999999966472,511.999998558313
19.7,590.0
19.9,611.000001139939
19.9,627.999997720123
19.9,674.999996848404
19.9,677.999999899417
19.9000000067055,703.0
20.0999999899417,703.000001206994
20.0000000100583,714.999998793006
20.0,722.999999731779
20.2,711.0
20.2,724.999998524785
20.2,703.000002950429
20.4999999798834,729.999998189509
20.5,725.000000167638
20.7,709.99999986589
20.7000000301748,705.999999698251
20.9999999698252,703.000000301749
21.0999999966472,715.999999564141
21.3,688.0
21.3,692.999999597669
21.3,687.000000804662
21.2000000067055,699.999999128282
21.2999999966472,678.000000737607
21.3,683.999999463558
21.3,667.999998290092
21.3,651.000001709908
21.3,674.999999195337
21.3,656.0
21.5,651.000001139939
21.5,667.999997720123
21.5,655.000000871718
21.5999999966472,653.000000067055
21.4,659.999998994172
21.4000000100583,630.000004023313
21.4999999899417,669.999995976687
21.4000000033528,671.999999932945
21.3,639.0
21.3000000067055,643.000000603497
21.399999986589,651.999998793006
21.4999999932945,647.000000335276
21.5999999966472,666.999999329448
21.6999999932945,625.000000234693
21.5000000100583,631.999999195338
21.5999999899417,624.000000804662
21.6,628.999999832362
21.7,614.0
21.6,577.999997921288
21.6,547.000004157423
21.5000000067055,557.999999262392
21.5999999966472,551.000000234693
21.5999999966472,530.999999262393
21.5000000100583,509.000003319233
21.5999999899417,541.999996680767
21.8999999899417,520.000000737608
22.0,520.0
21.9000000067055,495.999999463558
21.999999986589,488.000001072883
22.0999999932945,491.999999731779
22.3999999899417,454.000001274049
22.5,445.999999631196
22.5000000100583,435.000000603497
22.5999999899417,440.999999396503
22.8999999899417,421.000000670552
23.4,403.0
23.8999999798834,424.000000067055
23.6000000402331,424.99999986589
23.6,424.000000067055
23.5000000033528,417.000000234693
23.4000000100583,430.999999530613
23.6999999899417,416.99999929592
23.6000000100583,410.00000070408
23.8999999899417,429.999999329448
24.2,413.0
24.499999986589,413.0
24.3000000268221,413.0
24.3999999932945,410.000000201166
24.4,412.999999899417
24.1999999966472,419.00000013411
24.0999999899417,422.999998994172
24.0000000100583,413.000001005828
24.1999999932945,411.000000067055
24.1,407.0
24.099999986589,419.999998793006
23.9000000268221,402.000002413988
24.2999999731779,412.999999262392
24.4999999932945,410.000000100583
25.0000000167638,413.999999832362
25.5000000804663,408.99999929592
26.2999999195337,402.00000070408
26.1000000067055,402.0
25.8,402.0
25.899999986589,414.999999664724
25.7000000268221,410.000000670552
25.500000013411,410.0
25.5,410.999999966472
25.7999999899417,406.999999966472
25.5000000603497,405.999999195337
26.0999999396503,398.000000804663
25.9000000067055,390.000000268221
26.4,408.0
26.1000000268221,398.000000938773
26.4999999463558,411.999998122454
26.5999999932945,404.000000536442
26.5000000033528,397.000000234693
26.4999999765307,398.000000234693
25.7999999798834,404.999999497086
25.6000000201166,400.000000502914
25.200000013411,403.99999986589
25.1,401.0
24.8000000201166,388.000001274049
25.0999999597669,406.999997451902
25.0000000067055,405.000000134111
24.9000000033528,414.999999664724
24.7,409.000000502914
24.7000000100583,423.999999195337
24.7999999899417,416.000000804663
24.5000000100583,416.0
24.4,402.0
24.0000000067055,414.000000335276
24.099999986589,418.999999329448
24.1,412.000000469387
24.0000000033528,431.999999329448
24.0,448.00000013411
24.0000000100583,451.999999396503
24.0999999899417,446.000000603497
24.1999999966472,448.999999899417
24.1,451.0
23.9999999932945,450.999999463558
23.900000013411,443.000001072883
23.8000000067055,454.999999195337
23.7000000033528,454.000000033528
23.5999999966472,450.999999765307
23.4999999798834,444.000002313405
23.3000000201166,466.999997686595
23.2000000033528,460.000000234693
23.1,445.0
23.3,444.000001072883
23.3,459.999997854233
23.2000000067055,445.000001005828
23.2,463.999999362975
23.0,456.00000013411
22.9999999899417,460.000000201166
22.9000000100583,461.999999798834
22.8000000033528,469.999999731779
22.7,465.0
22.6,464.000000469386
22.6,470.999999061227
22.6999999932945,473.999999798834
22.5000000067055,483.999999664724
22.4999999966472,475.000000368804
22.3999999899417,485.999999899417
22.3000000100583,485.000000100583
22.3,490.999999798834
22.2,509.0
22.1,494.999999798834
22.1,492.000000402331
22.0000000067055,520.999998055398
21.8000000067055,484.000001240522
21.7,497.999999832362
21.6999999597669,493.000002212822
21.3000000402331,514.999997787178
21.4999999932945,524.999999664724
21.3,487.0
21.2999999932945,510.000000603497
21.200000013411,518.999998793006
21.2,501.000001206994
21.1000000033528,522.999999262393
21.0999999966472,524.999998826534
21.0,489.999996680767
21.0,457.000003319233
21.0,462.999999798834
21.2,462.0
21.2000000067055,453.0
21.299999986589,453.0
21.3,459.999999530613
21.3,449.000000368804
21.3000000033528,442.999999899417
21.3999999899417,440.000000603497
21.3000000100583,445.999999396503
21.3,430.000000536442
21.3,445.0
21.2,444.999999597669
21.2,439.000000804663
21.2,433.000000402331
21.2,442.999999664724
21.2,435.000000234693
21.2,441.999999094755
21.2,433.000000905245
21.1000000033528,433.999999966472
21.2,427.0
21.199999986589,430.999999731779
21.0000000268221,434.999999463558
21.199999986589,426.000000603497
21.1000000033528,435.999999664724
21.0000000033528,436.999999832362
21.1,432.000001508742
21.1,446.999998491258
21.1999999966472,434.000000435859
21.2,437.0
21.1,417.000001274049
21.1,435.999997451902
21.0000000067055,436.999999932945
21.0,432.000000167638
21.1,432.999999899417
21.1,430.00000070408
21.1,436.99999929592
21.0000000033528,429.000000268221
21.1,430.0
21.1,429.000000536442
21.1,436.999998927117
21.1,435.00000013411
21.1,441.999999765307
21.0999999966472,432.999999932945
21.0000000201166,430.999999698252
21.1999999798834,428.000000301748
21.2,441.999999530613
21.2,432.0
21.1000000067055,426.000000402331
21.199999986589,431.999999195337
21.1000000067055,440.999999396503
21.1,439.000000067055
21.1,418.000000435859
21.1,431.000000201166
21.1,432.999999798834
21.0000000033528,436.99999986589
21.0,437.0
21.1,434.999999463558
21.1,427.000001072883
21.1,442.999998927116
21.0000000033528,428.000000502914
21.1,435.999999698251
21.0999999899417,427.000000603497
21.0000000100583,432.999999396503
21.0,430.000000100583
21.0,432.0
20.9000000067055,435.999999932945
20.999999986589,435.00000013411
21.0,434.000000067055
20.9000000033528,434.999999966472
20.9999999932945,428.000000067055
20.8000000301748,430.000001106411
21.0999999698252,440.999998893589
21.0000000033528,437.000000134111
20.9,444.0
20.9000000067055,431.999999262393
20.999999986589,421.000001475215
20.800000013411,442.999998524785
20.9999999932945,431.000000402331
20.9000000033528,442.999999497086
20.9999999899417,428.000000301748
20.9000000100583,430.999999698252
20.9999999966472,436.999999798834
20.9,424.0
21.0,456.999999128282
21.0,444.000001743436
21.0,432.000000804663
21.0,435.99999986589
21.0,441.999999899417
21.0,439.000000402331
21.0,442.999999597669
21.0,452.999999664724
20.9,451.0
20.9,445.000000737607
20.9,455.999998524785
20.9,440.000001072884
20.9,452.999999564141
20.9,449.000000167638
20.9,453.999999497086
20.9,449.000000502914
20.9,447.000000067055
20.8,440.0
20.9,443.000000737607
20.9,453.999998524785
20.8000000067055,451.000000201166
20.7000000033528,463.999999564141
20.8999999932945,457.999999832362
20.7,453.000000402331
20.7,456.999999597669
20.7,451.000000201166
20.6,449.0
20.6999999932945,458.000000603497
20.600000013411,466.999998793006
20.6,449.000001206994
20.3000000100583,442.000000234693
20.4,448.999999798834
20.4,443.000000100583
20.4,443.999999899417
20.4,479.999998793006
20.3,547.0
20.3999999932945,567.0
20.300000013411,567.0
20.3999999932945,578.999999195337
20.3000000033528,598.999999329448
20.4,641.000000737608
20.4,663.000002112239
20.4,683.999997887761
20.4,704.99999929592
20.5,709.0
20.6000000067055,703.000000201166
20.699999986589,705.999999597669
20.6000000067055,707.99999986589
20.7999999932945,708.0
20.7000000067055,710.999999798834
20.9000000100583,704.999998994172
20.9999999899417,695.000001005828
21.0999999966472,681.000000469387
21.2,687.0
21.2,685.999999798834
21.2,683.000000402331
21.2,672.000000737607
21.2,666.000000201166
21.2,621.999999497086
21.2000000201166,607.000001508742
21.3999999798834,621.999998491258
21.4999999966472,586.000001206994
21.6,601.0
21.699999986589,600.999998793006
21.5000000268221,583.000002413988
21.5999999932945,575.000000536442
21.6,534.000001374632
21.5000000033528,510.000000167638
21.6000000402331,514.999999396503
21.9999999597669,509.000000603497
21.8000000067055,487.000000737608
21.8,487.0
21.9999999932945,505.999999329448
21.900000013411,496.000001341104
22.3999999664724,485.000000737608
22.6999999899417,559.999997485429
22.599999986589,512.999998793006
22.1999999597669,476.999996177853
21.8000000402331,439.000003822147
21.9999999932945,438.000000033528
22.0,434.0
22.0999999932945,420.000000737607
22.000000013411,430.999998524785
22.199999986589,414.000001139939
22.2,427.999999530613
22.1000000067055,423.999999631196
22.3000000100583,413.000001609325
22.3999999899417,428.999998390675
22.8999999832362,429.999999966472
23.2,425.0
23.2000000335276,426.00000013411
23.6999999329448,427.999999731779
23.4000000201166,402.000001743436
23.4,421.999999329448
23.6000000033528,414.999999932945
23.7000000402331,412.999998491258
24.0999999597669,398.000001508742
24.1999999966472,418.99999929592
23.8,411.0
24.1000000268221,409.0
24.4999999463558,409.0
24.5,411.999999798834
24.6999999932945,393.000000637025
25.4000000268221,399.0
26.2000000603497,398.999999396503
26.7999999396503,393.000000603497
26.5000000100583,404.999999597669
26.9,393.0
26.1000000737607,376.000001139939
27.1999998524785,392.999997720123
27.8999999530613,402.999999329448
26.1000000603497,409.999999765307
26.6000000536442,404.999999899417
28.1999999597669,401.999999899417
27.8000000402331,401.000000100583
27.7000000033528,382.000000637025
28.4,404.0
26.9000000335276,411.999999932945
27.3999999329448,411.00000013411
28.7999999061227,415.999999664724
27.8000000335276,384.000001072884
28.1000000100583,395.999999530613
28.3999998591841,382.000002816319
27.0000001408159,409.999997183681
26.2000000268221,394.000000536442
26.7,394.0
26.9000000536442,397.000000871718
27.6999998927117,409.999998256565
27.3000000268221,388.000001475215
27.7999999832362,382.000000201166
27.6999999966472,401.999999698251
27.6,392.999999899417
27.6,392.000000100583
28.3999999731779,397.999999798834
28.0,388.0
26.8000000335276,376.000000268221
27.2999999329448,379.999999463558
27.5999999798834,390.999999262393
26.7000000301749,384.000000234693
27.3000000033528,390.999999731779
27.4,383.000000905245
27.4,391.999999094755
27.2000000067055,394.999999899417
26.9,381.0
27.3999999798834,400.999999329448
27.1000000402331,391.000001341104
26.6000000335276,401.999999262392
26.4000000067055,404.999999899417
26.5000000100583,412.99999929592
26.7999999698252,392.000001810491
26.5000000301748,409.999998189509
26.4000000033528,418.999999698251
26.2,432.0
26.0000000201166,416.0
26.2999999597669,416.0
26.7999999664724,425.999999329448
26.1000000234693,405.00000070408
26.1999999966472,409.999999832362
26.0999999698252,404.999999698252
25.8000000301748,402.000000301748
25.8999999966472,403.999999932945
25.9,420.0
26.0999999530614,408.999999262393
25.4000000938773,398.000001475215
25.6999999798834,417.999998658895
25.2000000167638,409.000000301749
24.9,404.000000637025
24.9000000402331,422.999999798834
25.2999999597669,421.000000201166
25.699999986589,409.000000402331
25.7,416.0
25.3000000268221,426.999998994172
25.6999999463558,412.000002011656
25.6000000067055,428.999998860061
25.8999999899417,450.999999262392
25.399999986589,420.000000402331
24.9999999899417,431.999999195337
24.9000000100583,424.000000804663
24.9999999966472,430.999999765307
24.8,435.0
24.5999999932945,422.000001072883
24.500000013411,437.999997854233
24.4000000067055,445.999999463558
24.4,448.999999899417
24.4,456.00000013411
24.4000000100583,460.000001508742
24.4999999899417,474.999998491258
24.2000000100583,476.999999932945
24.0,488.0
23.9,486.999999932945
23.9,486.00000013411
23.8000000067055,522.999997518957
23.400000013411,535.999999564141
23.3999999899417,526.000000737608
23.0999999798834,547.999999899417
22.9000000201166,547.000000100583
22.6000000100583,574.999999061227
22.6,526.0
22.3999999932945,591.999999463558
22.300000013411,584.000001072883
22.2000000067055,599.999998927116
22.1000000033528,586.000000469387
21.9999999932945,585.999999195337
21.7999999698252,561.999991953375
21.5000000301748,482.000008046625
21.899999986589,495.999999530613
22.1,482.0
22.3,460.000001609325
22.3,483.99999678135
22.3999999932945,479.000000335276
22.4,466.000000435859
22.4,483.999999899417
22.3999999798834,480.999998893589
22.2000000201166,470.000001106411
22.2,472.999999899417
22.2,470.0
22.1,459.999999597669
22.1,454.000000804663
22.0000000067055,455.99999986589
22.0,463.999999731779
21.8999999966472,457.999999698251
21.8,448.999999899417
21.8,448.000000100583
21.8,440.000000268221
21.9,457.0
21.8,448.000000603497
21.8,439.000001206994
21.600000013411,455.999998860061
21.6999999966472,448.000000268221
21.6000000033528,453.999999731779
21.6999999798834,446.000001307577
21.5000000201166,458.999998692423
21.5,448.000000368804
21.3,440.0
21.2999999798834,440.000000871718
21.0000000402331,452.999998256564
21.0,451.00000013411
20.9000000033528,446.000000167638
20.7999999966472,442.999999932945
20.7,441.0
20.7,441.0
20.5000000067055,435.000000201166
20.5,440.0
20.3,447.000000469386
20.3,453.999999061227
20.2000000067055,454.0
20.2999999966472,443.000000368804
20.1,441.000000234693
20.0999999899417,448.000001709908
20.0000000100583,464.999998290092
20.0999999966472,453.000000402331
20.1,443.0
19.9999999932945,442.000000469387
19.900000013411,448.999999061227
19.9,449.0
19.8000000033528,458.999999664724
19.7999999966472,468.999999798834
19.6999999899417,462.999998893589
19.6000000100583,452.000001106411
19.6,456.999999832362
19.5,470.0
19.5,451.000000871718
19.5,463.999998256564
19.4000000067055,464.999999932945
19.4,475.999999631196
19.4999999932945,462.0
19.3000000100583,462.000002212822
19.3999999899417,483.999997787178
19.4,481.000000100583
19.4,471.0
19.4,485.999999731779
19.4,482.000000536442
19.3000000067055,488.999999530613
19.3999999966472,479.000000335276
19.3,481.000000368804
19.2999999899417,491.999999396503
19.2000000100583,486.000000603497
19.1000000033528,486.999999966472
19.2,484.0
19.1,486.000000670552
19.1,495.999998658896
19.1,500.999999664724
19.0000000033528,498.000000100583
18.9999999966472,493.000000268221
18.8999999899417,500.999998893589
18.8000000100583,490.000001106411
18.8999999966472,495.999999798834
18.9,506.0
18.8,511.999999597669
18.8,506.000000804663
19.0999999798834,506.0
19.1,504.000000067055
19.3000000033528,503.000000670552
19.4,522.999998290092
19.4,506.000001709908
19.5999999932945,525.999999329448
19.4,518.0
19.5,515.000000201166
19.5,517.999999597669
19.4000000067055,514.000000268221
19.4,514.999999966472
19.3,526.0
19.3,526.000000402331
19.3,529.999999597669
19.3,541.999999597669
19.1,534.0
19.2,539.000001609325
19.2,562.99999678135
19.2,568.999999597669
19.2,548.00000070408
19.2,546.999999731779
19.2000000100583,539.000003620981
19.2999999899417,574.999996379019
19.1000000067055,539.000001206994
19.1,595.0
19.0999999932945,563.999999530613
19.000000013411,557.000000938773
19.0999999932945,561.999999664724
19.2999999932945,550.000000402331
19.5,556.00000083819
19.5000000100583,581.000002916902
19.5999999899417,609.999997083098
19.6999999966472,641.999998927116
19.6,680.0
19.9,731.000000201166
19.9,733.999999597669
19.8000000067055,721.000000871718
19.8,724.99999986589
19.9,713.000000335276
19.9000000201166,722.999998793006
20.0999999798834,711.000001206994
20.1999999966472,726.999999463558
20.4,722.0
20.7000000201166,699.000000670552
20.9999999597669,708.999998658896
21.0999999932945,704.000000335276
21.1999999966472,703.000000033528
21.2000000033528,682.000000435859
21.3000000301748,694.999999597669
21.5999999698252,691.000000402331
21.6999999966472,675.000000536442
22.0,672.0
22.2000000201166,675.000001274049
22.4999999597669,693.999997451902
22.699999986589,692.00000013411
22.7999999966472,678.000000469387
22.9,650.999999463558
22.9000000301748,634.999998793006
23.1999999698252,623.000001206994
23.4999999899417,558.000002179295
23.6,583.0
23.799999986589,605.99999845773
23.6000000268221,583.00000308454
23.5000000067055,545.000002548099
23.5,537.000000268221
23.6,520.000000268221
23.6000000301748,528.000001911073
23.8999999698252,546.999998088927
23.9,563.999999430031
23.9,569.0
24.100000013411,544.999999798834
24.2999999731779,542.000000402331
24.3,537.000000335276
24.4999999932945,641.9999964796
24.7,579.000001106411
24.7000000301748,612.00000321865
24.9999999698252,643.99999678135
25.0999999966472,561.000002782792
25.1,530.0
25.2000000335276,531.000001274049
25.6999999329448,549.999997451902
25.9999999798834,534.000001072884
26.1999999932945,514.000000670552
25.8000000100583,495.999999664724
26.1000000201166,485.999997586012
26.2999999798834,462.000002413988
26.0000000100583,458.00000013411
25.9,446.0
26.100000013411,467.999999664724
26.2999999731779,463.000000670552
26.3,457.000000402331
26.3999999966472,468.999999597669
26.4000000033528,467.000000435859
26.5000000201166,479.999996680767
26.6999999798834,447.000003319233
27.099999986589,454.999999731779
27.5,463.0
27.9,454.000000871718
27.9,466.999998256565
27.6000000201166,470.999999731779
27.5000000033528,452.000000637025
26.700000013411,453.000001307577
27.1000000100583,491.999995674939
27.1999999899417,449.000004325061
27.1000000033528,456.999999731779
27.0,468.0
27.4000000201166,454.999997720123
27.6999999597669,421.000004559754
28.4999999463558,447.999998189509
28.100000013411,432.000000536442
27.8999999932945,437.000000100583
27.7000000301748,440.000002212822
27.9999999698252,461.999997787178
28.0,435.000000905246
28.0,444.0
27.8999999932945,451.999998658896
27.800000013411,432.000002682209
27.4000000268221,444.999999128282
27.5999999932945,442.000000100583
28.5000000167638,457.999999262392
28.9999999798834,436.000003520399
28.8000000201166,470.999996479601
28.8,475.999999832362
29.6,447.0
29.8999999798834,470.999998256564
29.6000000402331,445.000003486871
29.1000000335276,479.999997653067
29.3999999899417,489.999999664724
29.5999999932945,468.000000268221
29.3999999396503,476.000000502914
28.8000000603497,480.999999497086
29.0999999899417,465.000000536442
28.9,471.0
28.6999999932945,467.99999832362
28.600000013411,443.000003352761
28.5000000067055,463.99999859184
28.7999999899417,426.000001274049
28.6000000033528,426.999999664724
28.7000000301748,416.999999497086
28.9999999698252,412.000000502914
28.4000000201166,422.999999631196
28.5,427.0
28.3999999798834,427.000002145767
28.1000000402331,458.999995708466
27.900000013411,446.000000871718
26.7000000402331,418.000000938773
26.6000000033528,415.000000368804
26.7000000804663,425.999999195337
27.4999999195337,418.000000804663
27.7999999899417,415.000000100583
27.1,410.0
26.9000000603497,401.000001341104
27.7999998793006,420.999997317792
27.999999986589,404.000001139939
27.7000000100583,409.999999798834
28.1,416.000000167638
28.0999999597669,421.000000804663
27.7000000402331,428.999999195337
27.6000000033528,433.999999832362
27.6,407.0
27.2999999731779,415.00000013411
26.9000000536442,416.999999731779
26.700000013411,414.000000201166
27.099999986589,415.999999932945
26.8000000067055,430.999999631196
27.0,420.00000070408
27.0,426.99999929592
26.600000013411,415.000000402331
26.3,411.0
26.5999999731779,420.00000013411
26.2000000536442,421.999999731779
26.1000000067055,443.999998524785
25.9000000067055,423.00000070408
25.8999999932945,419.999999832362
25.6999999698252,414.999998994172
25.4000000301748,405.000001005828
25.4999999966472,409.999999832362
25.4,430.0
25.299999986589,442.999998725951
25.1000000268221,424.000002548098
25.1,438.999998994172
25.0000000033528,439.999999966472
25.0000000067055,437.000000502914
25.1999999798834,452.000000201166
25.0000000201166,453.999999798834
24.7000000100583,448.000000201166
24.8,451.0
24.6999999932945,469.000003285705
24.600000013411,517.999993428589
24.6,479.000002615154
24.5000000033528,519.999998625368
24.4999999966472,539.0
24.4,539.00000321865
24.4,570.99999678135
24.2000000067055,587.999999430031
24.0,583.0
23.899999986589,606.00000013411
23.7000000268221,607.999999731779
23.6000000067055,632.999998323619
23.3000000100583,594.000001307577
23.0999999932945,568.999997451901
22.9000000100583,493.0
22.9999999899417,493.0
23.1999999932945,495.999999899417
23.3,493.0
23.1999999932945,493.0
23.100000013411,493.0
23.1,481.000000804663
23.1,488.999999731779
23.0999999932945,489.999999228865
22.8999999899417,467.000001005828
22.8000000100583,476.999998994172
22.7000000033528,481.999999832362
22.6,485.0
22.5999999932945,477.999999664724
22.500000013411,473.000000670552
22.4000000067055,487.999998994172
22.3000000033528,482.000000201166
22.2000000033528,479.999999765307
22.2999999798834,473.000000502914
22.1000000201166,477.999999497086
21.9000000067055,484.999999765307
22.0,478.0
21.8,471.000000469387
21.8,464.000000938773
21.8,464.0
21.7000000033528,480.999999430031
21.7999999932945,471.000000670552
21.6,491.000000201166
21.6,492.999999798834
21.6,494.999999932945
21.3,491.0
21.4000000067055,498.000000871718
21.499999986589,510.999998256565
21.4000000067055,496.000001005828
21.4999999966472,497.999999932945
21.3000000033528,505.999999497086
21.4,491.000000100583
21.4,491.999999899417
21.4999999966472,495.99999986589
21.5,507.0
21.5,493.000000938773
21.5,506.999998122454
21.5,501.000000402331
21.5,490.000000368804
21.4999999966472,501.99999986589
21.4000000100583,497.999999698252
21.4999999899417,495.000000301748
21.5,511.999999430031
21.5,518.0
21.4000000067055,515.0
21.499999986589,515.0
21.4000000067055,524.999999329448
21.4999999966472,523.000000067055
21.5,518.999999932945
21.5,517.000000100583
21.5,517.999999899417
21.5,517.000000033528
21.4,535.0
21.5,542.000001810491
21.5,568.999996379019
21.5,524.000003017485
21.4000000033528,560.999998759478
21.5,536.999999966472
21.4999999798834,535.999999497086
21.3000000201166,531.000000502914
21.3,541.999999631196
21.3,541.0
21.3,533.999999262393
21.3,523.000001475215
21.2000000067055,530.999999463558
21.2,536.999999798834
21.1999999966472,529.000000368804
21.1,539.999999597669
21.1,536.000000402331
21.0000000033528,526.000000335276
21.0,573.0
21.0000000067055,518.000000737607
21.099999986589,528.999998524785
20.900000013411,530.99999986589
20.8000000033528,534.99999986589
20.9999999966472,529.000000067055
20.8999999899417,531.000000905245
20.8000000100583,539.999999094755
20.7000000033528,592.999998223036
20.7,540.0
20.6000000067055,547.999999195337
20.699999986589,536.000001609325
20.500000013411,546.999999262393
20.5,540.000000234693
20.3999999966472,573.999998826533
20.3,539.000002715736
20.3,565.999997284264
20.2000000033528,548.000000603497
20.3,566.0
20.2,550.999998591841
20.2,530.000002816319
20.2,544.999998994172
20.1000000033528,573.999999027699
20.2000000033528,546.000000234693
20.2999999899417,553.000003620981
20.2000000100583,588.999996379019
20.2999999966472,551.000001274049
20.3,586.0
20.3,560.999998927117
20.3,545.000002145767
20.2000000067055,550.999999597669
20.2999999966472,557.999999765307
20.2000000033528,585.999998893589
20.2999999899417,553.000003118067
20.2000000100583,583.999996881933
20.2999999966472,548.000001206994
20.1,601.0
20.2,583.000001877546
20.2,610.999996244908
20.1000000067055,556.000003688038
20.1,588.999998893589
20.1999999966472,597.000000167638
20.0999999798834,601.999998692423
19.9000000201166,589.000001307577
20.0999999932945,591.999999899417
20.1,611.0
20.0999999932945,603.000000938773
20.000000013411,616.999998122454
20.0,567.000003352762
20.0,600.999998860061
20.0,596.000000033528
20.0,597.000002212822
20.0,618.999997787178
20.0,584.000001173467
20.2,613.0
20.300000013411,569.000002011656
20.4999999731779,598.999995976687
20.699999986589,552.000003151596
20.8999999932945,588.999998759478
21.200000013411,547.99999986589
21.6000000402331,543.999997887761
21.9999999597669,523.000002112239
22.0999999966472,509.000000469387
22.4,502.0
22.4000000268221,487.999999731779
22.7999999463558,484.000000536442
22.8999999932945,492.999999396503
22.9999999966472,479.000000469387
23.1000000033528,474.999999463558
23.2000000402331,458.999997586012
23.5999999597669,435.000002413988
23.999999986589,443.999999698251
24.3,427.0
24.6000000201166,428.000000201166
24.8999999597669,430.999999597669
25.1999999798834,420.000000737607
25.2,399.00000070408
25.2999999966472,413.999999564141
25.2000000402331,400.999999396503
25.5999999597669,395.000000603497
25.4000000067055,392.000000100583
25.4,394.0
25.3000000268221,392.000000067055
25.6999999463558,392.99999986589
25.9999999798834,414.999998524785
26.1999999932945,415.0
26.5000000033528,423.000000637025
26.6000000502914,442.000000100583
27.0999999497086,442.999999899417
27.1,443.0
27.4,447.0
26.8000000067055,441.999998725951
26.899999986589,423.000002548098
26.9,434.999999195337
26.8000000033528,448.999999530613
26.4000000033528,454.999999597669
26.4999999597669,442.999999698252
26.1000000402331,440.000000301748
26.3999999899417,414.000000871718
26.9,424.0
27.0,419.99999986589
27.0,418.000000268221
27.199999986589,428.999999262392
27.1000000033528,409.000000670552
27.1000000033528,422.999999128282
27.2000000402331,397.000001005828
27.5999999597669,406.999998994172
27.6999999966472,425.999999362975
27.6,413.0
27.9000000067055,434.999999530614
27.999999986589,428.000000938773
27.7000000201166,402.000001743436
27.7999999966472,397.000000167638
28.2000000033528,420.999999228865
28.3000000301748,397.999998390675
28.5999999698252,382.000001609325
28.4000000067055,380.000000067055
28.4,385.0
28.7000000201166,392.999998793006
28.9999999597669,375.000002413988
29.0,387.999999128282
28.9000000033528,363.00000083819
28.7000000100583,384.000000201166
29.0000000402331,389.999999597669
29.3999999597669,386.000000402331
29.1000000100583,386.999999966472
29.2,370.0
29.8000000268221,365.999999597669
30.1999999463558,360.000000804663
30.2,368.999999396503
30.0000000067055,367.000000067055
30.2,382.0
30.1999999597669,381.999998390675
29.8000000402331,366.000001609325
28.7000000368804,366.0
29.1,374.0
28.2000000067055,372.99999986589
28.299999986589,371.000000268221
28.3999999932945,361.000000670552
28.1000000100583,366.999999798834
28.0,379.999999497086
28.0000000402331,365.000000100583
28.3999999597669,365.999999899417
28.4999999966472,368.999999899417
28.4,362.0
28.1000000067055,373.999999463558
28.199999986589,366.000001072883
27.6000000402331,384.999998725951
27.6,373.000000402331
27.5999999966472,376.000000067055
27.4999999798834,377.999997686595
27.3000000201166,355.000002313405
27.7999999832362,379.99999916181
27.2,372.0
27.4999999798834,367.99999986589
27.2000000402331,366.000000268221
27.5999999731779,372.999999530613
27.3000000100583,374.999999932945
27.0000000167638,357.000000368804
27.4999999497086,368.000000905245
27.0000000502914,376.999999094755
27.399999986589,406.999998994172
27.5,399.0
26.7000000201166,404.999998927117
26.9999999597669,389.000002145767
27.0999999932945,388.000000067055
26.5000000201166,378.000000335276
26.8000000067055,373.000000100583
27.0,376.000001005828
27.0,385.999998994172
26.4000000201166,363.000000771135
26.9,385.0
26.5999999798834,380.000000737607
26.3000000402331,390.999998524785
26.3999999932945,393.999999798834
26.4,367.000000905246
26.2999999966472,367.000000268221
26.2000000201166,375.000001005828
26.3999999798834,384.999998994172
26.2000000067055,366.000000637025
26.2,369.0
25.9000000067055,385.999999731779
25.999999986589,382.000000536442
26.0,386.999999664724
25.5000000167638,384.000000100583
25.4999999932945,384.000000100583
25.2999999597669,387.000000100583
24.9000000402331,387.999999899417
25.0999999932945,393.999999798834
25.0,393.0
24.699999986589,392.99999986589
24.5000000268221,391.000000268221
24.5,390.000000067055
24.5,400.999999631196
24.2999999899417,390.000000033528
24.0000000100583,391.000000301748
24.0999999899417,393.999999698252
24.0000000033528,405.999999597669
23.9,402.0
23.799999986589,415.999999530613
23.6000000268221,409.000000938773
23.3000000201166,396.000000871718
23.3,411.999999463558
23.2999999932945,406.999999698251
23.0999999798834,398.000001911074
22.9000000201166,416.999998088926
22.7000000067055,409.000000268221
22.6,427.0
22.399999986589,409.0
22.2000000268221,409.0
22.1000000067055,412.999999731779
22.1,428.999999463558
21.9999999932945,425.999999832362
21.7999999899417,420.999999597669
21.7000000100583,417.000000402331
21.6000000033528,429.999999564141
21.5,430.0
21.2999999932945,440.000000871718
21.200000013411,452.999998256564
21.1000000067055,441.000000804663
20.9000000067055,435.000000201166
20.8999999966472,434.000000402331
20.8,446.000000603497
20.8,451.999999396503
20.7000000033528,440.000000402331
20.6,444.0
20.599999986589,453.999999195337
20.4000000268221,442.000001609325
20.4,452.999999262392
20.2000000067055,456.99999986589
20.1999999966472,440.000000201166
20.1,446.00000070408
20.1,452.99999929592
20.0000000033528,441.000000402331
20.0,451.0
19.9,456.499999631196
19.9,461.999999262393
19.9,442.000001341105
19.7000000067055,443.999999932945
19.7,435.000000469387
19.7,449.000000502914
19.7,453.999999497086
19.6000000033528,440.000000469387
19.6,451.0
19.6,451.000000201166
19.6,453.999999597669
19.6,442.000000804663
19.6,454.999999564141
19.6,442.000000804663
19.6000000100583,465.999998591841
19.6999999899417,452.000001408159
19.7,461.999999664724
19.6,457.0
19.5999999932945,457.000000469386
19.500000013411,463.999999061227
19.5,464.999999932945
19.5,473.999999698251
19.4000000033528,475.000000167638
19.4999999798834,480.0
19.3000000201166,480.0
19.3,475.000000167638
19.4,480.0
19.399999986589,480.000000804663
19.2000000268221,491.999998390675
19.2999999932945,470.000001475215
19.3,485.999999463558
19.1000000033528,485.999999966472
19.1999999899417,484.999999899417
19.1000000100583,484.000000100583
19.1,486.999999899417
19.1,481.0
19.0,477.999999664724
19.0,473.000000670552
19.0,494.999998524785
18.8000000067055,482.000000435859
19.3000000100583,486.999999731779
19.6000000201166,478.999999899417
19.7999999798834,478.000000100583
19.8999999966472,478.999999966472
19.9,479.0
19.8999999932945,482.000000201166
19.800000013411,484.999999597669
19.8999999932945,486.99999986589
19.9,485.000000067055
19.9000000033528,491.000000435859
19.9999999899417,503.999998290092
19.9000000100583,487.000001709908
19.8000000033528,498.999999597669
19.9,501.0
19.6999999932945,506.000001072883
19.600000013411,521.999997854233
19.8999999798834,519.000000201166
19.9,517.000000067055
19.9,504.00000013411
19.9000000100583,508.00000070408
19.9999999899417,514.99999929592
19.9000000033528,513.000000067055
20.0,503.0
20.0000000067055,509.000000670552
20.099999986589,518.999998658896
20.0000000067055,508.000000737607
20.0,510.999999899417
19.9999999966472,498.0
19.9000000201166,498.000000201166
20.0999999798834,499.999999798834
20.1,491.000000301749
20.0,485.0
20.0000000067055,484.0
20.099999986589,484.0
20.0000000067055,487.999999731779
20.0999999966472,482.000000201166
20.1,484.999999698251
20.1,476.0
20.1,476.0
20.0000000033528,464.000000402331
20.0,469.0
19.9000000067055,455.000001005828
19.999999986589,469.999997988344
20.0,449.00000140816
20.0,450.999999932945
19.9000000033528,464.999999530613
19.9999999899417,450.999999698252
19.9000000100583,448.000000301748
19.8000000033528,434.000000469387
19.9,444.0
19.8999999932945,452.000000268221
19.800000013411,455.999999463558
19.7000000067055,442.000000938773
19.6000000033528,448.999999765307
19.6999999966472,439.000000502914
19.6000000100583,453.999999195337
19.6999999899417,446.000000804663
19.7,446.999999966472
19.7,477.0
19.6,453.000000603497
19.6,461.999998793006
19.799999986589,452.000000670552
19.8999999966472,448.00000013411
20.2000000033528,454.999999932945
20.3,452.999998390675
20.3,437.000001609325
20.3999999966472,448.999999597669
20.9,449.0
20.900000013411,448.999999262393
21.0999999731779,438.000001475215
21.299999986589,434.000000268221
21.1000000067055,450.999999430031
21.3,458.000000234693
21.3000000201166,464.999999798834
21.4999999798834,463.000000201166
21.5999999966472,478.999999463558
21.8,471.0
21.7999999932945,481.999999798834
21.700000013411,479.000000402331
21.899999986589,475.000000268221
21.9999999966472,465.000000335276
22.2,467.999999664724
22.2000000100583,458.000000201166
22.2999999899417,459.999999798834
22.2000000033528,455.000000167638
22.1,459.0
22.100000013411,435.000000536442
22.2999999731779,442.999998927117
22.0000000201166,438.000000335276
22.0999999966472,428.000000335276
21.9,429.999999966472
21.9,428.999999497086
21.9,424.000000502914
21.9999999966472,448.99999916181
22.0,464.0
22.3,467.000001341104
22.3,486.999997317792
22.499999986589,511.999998323619
22.5,499.000000435859
22.7,509.999999731779
22.6999999899417,501.999998491258
22.6000000100583,487.000001508742
22.7999999932945,505.999999362975
22.8,499.0
22.599999986589,502.999999262393
22.4000000268221,492.000001475215
22.7999999731779,513.999998524785
22.5000000100583,504.000000335276
22.4999999932945,500.999998893589
22.3,468.000000100583
22.3,468.999999899417
22.3,458.000000368804
22.4,471.0
22.8000000201166,459.000000335276
23.0999999597669,463.999999329448
23.299999986589,472.999999396503
23.3,455.000000603497
23.3999999966472,475.999999463558
23.3000000402331,460.0
23.6999999597669,460.0
23.8999999932945,446.000000469387
24.2,459.0
23.999999986589,476.999999128282
23.8000000268221,464.000001743435
23.600000013411,474.999999262393
23.5000000033528,464.000000368804
23.1999999966472,459.000000201166
23.1000000100583,464.999999396503
23.1999999899417,459.000000603497
22.800000013411,464.999999798834
22.7,459.0
22.8000000201166,472.99999986589
23.0999999597669,471.000000268221
22.900000013411,470.000000067055
23.299999986589,474.999999832362
23.4999999932945,460.000000167638
23.3,464.999999497086
23.3,460.000000502914
23.9999999765307,444.000000536442
24.6,445.0
24.7,437.000000469387
24.7,443.999999061227
24.7999999932945,423.00000140816
24.7000000033528,447.99999916181
25.1,420.000000469387
25.0999999597669,433.99999929592
24.7000000402331,427.00000070408
24.9999999899417,430.99999986589
24.6,446.0
24.6,436.999999664724
24.6,432.000000670552
24.5000000067055,436.999999664724
24.5999999966472,453.999999430031
24.4999999966472,448.000000167638
24.3999999899417,453.000000301748
24.3000000100583,455.999999698252
24.0000000100583,447.000000301749
23.8,466.0
23.700000013411,449.000000268221
23.8999999731779,452.999999463558
23.8000000067055,455.999999798834
23.5000000100583,467.999999597669
23.4,479.000000268221
23.4,486.999998591841
23.4,473.000001408159
23.5999999932945,471.000000067055
23.9,469.0
23.6999999932945,474.999999932945
23.600000013411,474.00000013411
23.9999999731779,468.000000402331
24.5999999798834,460.000000268221
24.9999999966472,450.999999497086
24.9000000100583,435.999999396503
24.9999999899417,430.000000603497
24.600000013411,433.99999986589
24.6,443.0
24.1999999798834,435.000000871718
23.9000000402331,447.999998256564
24.1999999798834,461.999999061227
24.1000000033528,458.00000013411
23.9999999966472,471.000000335276
23.9000000301748,481.000001106411
24.1999999698252,491.999998893589
24.599999986589,529.999998725951
24.5,536.0
24.6999999932945,517.000001274049
24.600000013411,535.999997451902
24.6,500.000002413988
24.6999999966472,505.999999798834
24.2999999798834,558.999998323619
23.7,509.000000603497
23.7,514.999999396503
23.2000000167638,533.999999362975
23.2,590.0
22.8999999932945,644.000001206994
22.800000013411,661.999997586012
22.7000000067055,677.999998927116
22.7,661.000000569969
22.6,654.999999094754
22.5999999798834,628.000002715736
22.4000000201166,654.999997284264
22.3000000033528,670.999999463558
22.3,692.0
22.2999999932945,670.000000804662
22.200000013411,681.999998390675
21.9000000201166,656.000001743436
21.7000000067055,666.999999631196
21.6999999966472,713.000000603497
21.5999999899417,730.999996177853
21.5000000100583,693.000003822147
21.5,704.999999597669
21.4,714.0
21.2999999932945,730.000000067055
21.200000013411,730.99999986589
21.1000000067055,713.000001206994
21.1,706.000000234693
20.9000000033528,734.000000268221
20.9999999899417,741.999997384847
20.9000000100583,716.000002615153
20.9,697.000000637025
20.7,706.0
20.699999986589,697.000001877546
20.5000000268221,724.999996244908
20.4000000067055,746.999998524785
20.4,734.000000435859
20.3999999899417,693.999999228865
20.1000000100583,670.999998088927
20.1999999899417,652.000001911073
19.9000000100583,627.00000083819
19.9,579.0
19.899999986589,589.999996379019
19.7000000268221,536.000007241963
19.500000013411,522.000000938773
19.4000000033528,482.000001341105
19.199999986589,475.999999631196
18.8,464.999997787178
18.8,443.000002212822
19.199999986589,445.999999899417
19.3,436.0
19.5000000268221,431.999999530613
19.8999999463558,425.000000938773
19.9,436.999999195337
19.9999999966472,445.999999698251
20.0999999966472,429.000000871718
20.0000000100583,454.999998793006
20.0999999899417,443.000001206994
20.1,448.999999798834
20.1,454.0
20.1,454.999999932945
20.1,455.99999986589
20.0000000067055,456.0
19.8000000067055,459.99999986589
19.7999999966472,465.0
19.6999999899417,464.99999929592
19.6000000100583,458.00000070408
19.5000000033528,454.00000013411
19.3,470.0
19.1999999932945,472.999999530613
19.100000013411,466.000000938773
19.1,469.999999731779
18.8000000100583,472.999999899417
18.9000000033528,479.999999664724
19.0,470.0
19.0,470.0
19.0,483.999999530613
19.0,471.0
18.9000000067055,478.999999664724
18.999999986589,474.000000670552
18.800000013411,459.000001005828
19.0999999899417,492.999998860061
19.1,486.000000033528
19.0999999899417,487.000000301748
19.0000000100583,489.999999698252
19.0999999966472,486.00000013411
19.0,484.0
19.0999999932945,487.000000670552
19.000000013411,496.999998658896
18.800000013411,478.000001274049
18.8,491.999999530613
18.9,492.000000301749
18.9,500.999998491258
18.9,486.000001508742
18.9,491.999999798834
18.8,484.0
18.8,490.00000013411
18.8,491.999999731779
18.8,484.000000536442
18.8,492.999999698251
18.8,490.000000201166
18.8,495.999999899417
18.8,495.000000100583
18.8,495.0
18.8,490.0
18.9000000067055,481.0
18.999999986589,481.0
18.9000000067055,498.999998793006
18.9999999966472,485.000000469387
19.0999999966472,493.000000067055
19.0000000100583,495.000000905245
19.0999999899417,503.999999094755
19.0000000033528,498.000000201166
19.0,488.0
19.0999999932945,485.000000335276
19.000000013411,489.999999329448
19.0999999932945,477.000000871718
19.1,471.000000201166
19.1000000033528,472.999999932945
19.1999999899417,470.999999798834
19.1000000100583,469.000000201166
19.1999999966472,473.999999832362
19.2,468.0
19.0999999932945,465.000000670552
19.000000013411,474.999998658896
19.199999986589,471.000000268221
19.1000000033528,467.000000134111
19.2,461.999999765307
19.1999999899417,455.000001508742
19.1000000100583,469.999998491258
19.1999999966472,463.000000234693
19.1,451.0
19.1,468.999998793006
19.1,451.000002413988
19.1,461.999999262393
19.2999999932945,460.000000067055
19.2999999966472,455.000000100583
19.2,458.000000502914
19.2,462.999999497086
19.2999999966472,454.000000301749
19.2,459.0
19.0999999932945,452.000000804663
19.000000013411,463.999998390675
18.9000000067055,449.000001005828
18.9999999966472,456.999999731779
18.700000013411,449.000000335276
19.0999999798834,458.999999698252
18.9000000201166,456.000000301748
18.9,453.000000100583
18.9,462.0
19.1,459.000000804663
19.1,470.999998390675
19.1999999932945,454.000001139939
19.2,451.000000100583
19.1999999966472,454.000000435859
19.0999999899417,466.999999195337
19.0000000100583,459.000000804663
19.0999999966472,478.999999329448
19.1,616.0
19.3,700.000004962086
19.3,773.999990075829
19.3,772.00000013411
19.3,770.000000067055
19.3000000067055,754.000000234693
19.5000000301748,760.999998692423
19.7999999698252,748.000001307577
19.8999999966472,732.000000536442
19.9,736.0
20.1000000268221,716.000001139939
20.4999999463558,732.999997720123
20.8999999731779,722.000000737608
21.4999999798834,652.000002346933
21.9000000033528,698.999999698251
22.0000000100583,689.99999859184
22.0999999899417,676.00000140816
21.9000000067055,726.999998290092
22.1,692.0
21.600000013411,673.000001743436
21.7999999731779,698.999996513129
22.0999999798834,689.000000670552
22.5999999832362,689.0
22.3000000100583,645.000000771135
22.6,667.999996982515
22.6,638.000003017485
22.6,642.999999832362
22.7,692.0
22.9999999932945,691.999998860061
22.900000013411,675.000002279877
23.1999999798834,686.999999195337
22.6000000201166,599.00000295043
22.3000000234693,640.000001609326
23.0000000603497,688.000002313405
23.5999999396503,710.999997686595
23.4000000067055,587.000004157424
23.6,568.0
23.600000013411,566.000002145767
23.7999999731779,597.999995708466
23.0000000536442,611.999999061227
23.1999999932945,623.999999597669
23.2000000100583,623.999999832362
23.5000000603497,618.999999396503
24.0999999396503,613.000000603497
24.499999986589,609.00000013411
24.4,544.0
24.0000000201166,547.999998927117
24.2999999597669,532.000002145767
24.3999999932945,526.000000402331
23.6000000268221,544.999999362975
23.1000000167638,526.000000469387
23.6000000603497,540.000000502914
24.1999999396503,544.999999497086
23.800000013411,526.000000637025
24.0,512.0
24.4999999597669,515.000002548098
23.9000000804663,552.999994903804
24.2999999731779,560.999999463558
24.699999986589,543.000000603497
24.0000000201166,535.999999731779
24.6000000502914,527.999999094755
25.0999999497086,519.000000905245
24.9000000067055,502.000000569969
25.0,504.0
24.5000000201166,519.99999832362
24.7999999597669,495.000003352761
25.2999999664724,479.000001072884
25.1000000067055,462.000000569969
24.9999999765307,479.000000201166
24.3000000804663,484.999998793006
25.0999999195337,473.000001206994
23.7000000469387,508.999998793006
25.2,526.0
24.7999999664724,506.999999798834
24.3000000670552,504.000000402331
24.100000013411,519.999998927116
24.8999999731779,522.999999899417
24.6000000167638,503.999999731779
25.1000000402331,495.999998793006
25.4999999597669,484.000001206994
24.0000000502914,505.999999262392
24.3,507.0
24.8000000067055,523.999999597669
24.899999986589,518.000000804662
24.3000000402331,522.999999664724
25.0999999731779,496.000000905246
24.8999999832362,508.000000301749
24.4000000100583,516.999999094755
24.4999999899417,508.000000905245
24.0000000167638,495.000000435859
24.4,528.0
24.399999986589,497.000000670552
24.2000000268221,506.999998658896
24.4999999798834,525.999998725951
24.3000000067055,511.000000502914
23.4999999899417,539.000001173467
23.1999999597669,574.000001810491
22.8000000402331,591.999998189509
24.0999999564141,586.000000201166
25.1,575.0
25.5000000067055,555.999999061227
25.599999986589,542.000001877546
25.6,509.000002212823
25.1000000167638,509.0
24.2999999765307,503.000000536442
23.6,519.00000070408
23.6,525.99999929592
23.6,544.999999362975
23.8,533.0
23.799999845773,560.000002346932
21.500000308454,594.999995306135
21.2000000201166,638.99999704957
22.0999999698251,743.9999964796
22.2000000033528,663.999999497086
22.3,649.000003017485
22.3,678.999996982515
22.3,746.999997720122
21.9,679.0
21.2000000067055,727.99999832362
21.299999986589,703.000003352761
21.499999986589,754.999996513128
21.6999999932945,722.000001106411
21.9999999932945,688.000000033528
21.8000000402331,689.000001508742
22.1999999597669,703.999998491258
21.9000000100583,700.00000013411
21.9,647.0
22.1999999731779,661.000001475215
21.8000000536442,682.999997049571
21.7000000067055,686.999999731779
22.099999986589,672.000000502914
22.3,696.999998927116
22.2999999597669,665.000002715736
21.9000000402331,691.999997284264
21.9,698.999999765307
22.0,670.0
22.1,686.000000938773
22.1,699.999998122454
22.3999999798834,659.000002749264
21.7000000234693,630.000000972301
21.0999999966472,678.000000637025
21.0000000402331,696.999999094755
21.3999999597669,688.000000905245
21.6999999899417,689.999999932945
21.9,739.0
22.0999999932945,713.999997451902
22.000000013411,676.000005096196
21.7000000201166,683.999999463558
21.4000000100583,675.000000301749
21.0000000033528,683.999999899417
21.1000000100583,681.000002212822
21.1999999899417,702.999997787178
21.0000000067055,695.000000268221
21.1,725.0
21.0,755.999999463558
21.0,748.000001072883
20.800000013411,736.000000804663
20.7000000033528,738.999999899417
20.4999999966472,740.999999765307
20.3999999899417,734.000000502914
20.3000000100583,738.999999497086
20.1000000067055,738.000000033528
20.1,736.0
19.8999999798834,751.999999329448
19.6000000402331,742.000001341104
19.400000013411,749.999999463558
19.2000000067055,741.000000301749
19.3000000033528,755.999999932945
19.3999999899417,753.999996881933
19.3000000100583,723.000003118067
19.3999999966472,730.999999731779
19.6,730.0
19.6000000067055,730.00000013411
19.699999986589,731.999999731779
19.7,745.999999061227
19.7999999966472,736.000000335276
19.6000000033528,723.000000670552
19.6999999899417,742.999998491258
19.6000000100583,728.000001508742
19.6,729.999999932945
19.6,724.0
19.5000000067055,728.00000013411
19.599999986589,729.999999731779
19.6,720.000000670552
19.6,723.99999986589
19.6,725.000000368804
19.5999999899417,735.999999094755
19.5000000100583,727.000000905245
19.4000000033528,716.000000368804
19.3,716.0
19.3,722.999999530613
19.3,729.999999061227
19.100000013411,708.000001475215
19.1,710.999999899417
19.1,733.000000067055
19.1,734.999997988344
19.1,715.000002011656
19.1,718.99999986589
19.0,720.0
18.9999999932945,701.000000536442
18.900000013411,708.999998927117
18.9,703.000000402331
18.8000000033528,716.999999530613
18.8000000067055,713.999999262392
18.9999999798834,692.000002413988
18.8000000201166,715.999997586012
18.8999999966472,704.000000402331
18.9,702.0
19.0999999932945,699.999999195337
19.000000013411,688.000001609325
19.0,705.999998793006
18.9000000033528,683.000000771135
18.9000000033528,691.999999530613
19.0,678.000001005828
19.0,687.999998994172
19.0999999966472,662.000000871718
19.0,672.0
19.099999986589,662.999999262393
18.9000000268221,652.000001475215
18.9999999932945,657.999999597669
19.0999999966472,705.999998390675
19.0,696.999999932945
19.0,695.000000301748
19.0,697.999999698252
18.9000000033528,693.000000167638
19.0,688.0
19.0999999932945,689.999998793006
19.000000013411,672.000002413988
18.9000000067055,677.999999597669
18.9999999966472,694.999999430031
18.9000000033528,679.999999899417
18.9999999899417,677.000001709908
18.9000000100583,693.999998290092
18.9,686.000000268221
18.7,694.0
18.9,680.999997921288
18.9,650.000004157423
18.700000013411,643.000000469387
18.8999999932945,652.999999664724
18.7000000067055,638.000000201166
18.9000000100583,644.000000201166
18.9999999899417,645.999999798834
18.8000000067055,641.000000167638
18.8,636.0
18.899999986589,657.999998793006
18.7000000268221,640.000002413988
18.7,652.999999128282
18.7,646.000000234693
18.8,643.999999597669
18.8,631.999999396503
18.8,626.000000603497
18.8,630.999999832362
19.0,628.0
18.8000000067055,642.999999061227
18.899999986589,629.000001877546
18.9999999932945,631.999999798834
18.8000000067055,620.000000402331
18.8999999966472,638.999999027699
18.8,610.000000603497
18.8,615.999999396503
18.8,630.999999497086
19.0,630.0
18.8,615.000001206994
18.8,632.999997586012
18.8,633.0
18.7000000033528,626.000000234693
18.7,632.999999698251
18.7000000100583,624.000003118067
18.7999999899417,654.999996881933
18.8,641.000000469387
18.8,652.0
18.8,680.999998927117
18.8,665.000002145767
18.8,646.000001274049
18.8999999966472,621.00000083819
18.9999999966472,619.000000368804
18.9000000100583,629.99999859184
18.9999999899417,616.00000140816
19.0,622.999999765307
19.1,613.0
19.0,614.000000670552
19.0,623.999998658896
19.0,628.999999664724
19.0999999966472,619.000000335276
19.2000000033528,610.999999564141
19.3,598.00000714138
19.3,668.99999285862
19.3,644.00000083819
19.3,709.0
19.3999999932945,800.99999678135
19.300000013411,753.0000064373
19.3,752.000000067055
19.1000000067055,752.0
19.3,742.999999765307
19.3000000100583,735.999998591841
19.3999999899417,722.000001408159
19.5999999932945,743.999999262393
19.6,720.0
19.7000000067055,715.000003419816
19.799999986589,765.999993160368
19.8999999932945,758.000000536442
19.9999999966472,754.00000013411
20.1000000033528,709.000000871718
20.2,734.999998189509
20.2,717.000001810491
20.2,718.999999932945
20.3,705.0
20.3,709.000002883374
20.3,751.999994233252
20.3999999932945,781.999997988343
20.8999999832362,738.000001475215
21.6000000167638,681.000002648682
22.1,759.999995172025
22.1,712.000004827975
21.8000000100583,682.000001005828
21.6,756.0
21.699999986589,686.000000402331
21.5000000268221,691.999999195337
21.5,743.999996513128
21.5999999966472,732.000000402331
21.5999999966472,700.999999698251
21.4999999698252,692.000004123896
21.2000000301748,732.999995876104
21.1000000033528,700.000001106411
20.7,731.0
20.399999986589,717.0
20.2000000268221,717.0
20.2,720.999999731779
20.1000000033528,711.000000335276
20.3000000234693,711.000000268221
21.0000001508742,718.9999935627
22.4999998491258,655.0000064373
22.899999986589,696.99999859184
22.1,644.0
22.4000000469386,671.99999691546
23.0999999061227,626.000006169079
23.4999999731779,645.999998658895
23.5,614.000001072884
24.1000000033528,646.999997686595
24.1999999798834,577.999995674939
24.0000000201166,535.000004325061
23.600000013411,500.000001173467
23.6,507.0
23.0999999463558,488.000003620981
22.3000001072883,541.999992758037
22.0000000201166,550.999999396503
23.1999999597669,596.99999845773
24.3999999731779,593.999998524785
23.5999998390675,549.999997284264
22.0000001609325,523.000002715736
22.2999999899417,517.000000201166
23.0,558.0
22.6,688.000002413988
22.6,723.999995172025
22.400000013411,714.000000670552
22.000000013411,682.000001072884
21.5,701.00000083819
21.5,725.999999396503
21.5,720.000000603497
22.0999999798834,695.00000083819
22.2,727.0
22.2000000737607,669.000000670552
23.2999998524785,678.999998658896
24.3999999262392,752.999995037913
24.5999999932945,645.000003620982
24.1999999832362,666.000001810491
23.6999999698252,719.999995976687
23.4000000301748,680.000004023313
22.7000000234693,756.999997418374
22.7,678.0
23.1,701.999998189509
23.1,675.000003620981
23.1999999932945,687.999999128282
23.2,645.000001441687
24.2000000301749,662.999999497086
25.0999999798834,648.000001508742
24.9000000201166,662.999998491258
24.0000000301749,720.999998055398
23.6,697.0
23.1000000268221,673.000002883374
23.4999999463558,715.999994233252
25.4999998658895,703.000000871718
26.3999999698251,632.000002380461
26.0999999564141,559.999998759478
24.7999999698252,522.999994769694
24.5000000301748,471.000005230307
23.3000000402331,483.999999564141
22.8,504.0
23.5999999932945,525.000001005828
23.500000013411,539.999997988344
22.8000000469387,574.999997653067
21.8000000335276,594.999999329448
21.8,705.999999262393
21.8000001408159,684.000002715736
23.1999998591841,710.999997284264
24.3999999597669,655.000001877546
24.4,586.0
24.600000013411,578.999997653068
24.7999999731779,544.000004693865
24.8999999932945,556.999999128282
23.9000000335276,548.000000301749
24.1000000100583,569.000000435859
24.4,581.999996580184
24.4,548.000003419816
23.0000000469387,523.00000083819
23.7,531.0
23.6000000201166,555.000003352761
23.8999999597669,604.999993294479
23.700000013411,687.999994434416
23.300000013411,781.999996848404
22.3999999798834,741.99999859184
21.7999999195337,699.999999899417
21.0000000804663,699.000000100583
21.2999999899417,768.999997653067
21.6,720.0
21.600000013411,691.000002816319
21.7999999731779,732.999994367362
21.8,704.000001944602
22.2999999832362,740.999998759478
22.1,699.999998927116
22.1000000100583,668.000004224478
22.1999999899417,709.999995775522
22.2,663.000001575798
21.9,644.0
21.2999999798834,546.000000804662
21.0000000402331,557.999998390675
21.2999999798834,599.99999718368
21.4999999932945,669.999997653067
21.1999999832362,644.000001508743
20.7000000201166,689.00000392273
20.8999999798834,727.99999607727
20.9999999966472,698.000001005828
21.2,698.0
21.5000000067055,749.999998122454
21.599999986589,722.000003755092
21.3000000201166,710.000000804663
21.1000000067055,735.999999128282
21.0999999966472,702.000001978129
21.0,760.999997586012
21.0,737.000002413988
20.8000000067055,728.000000301749
20.8,716.0
20.6999999932945,716.000003352761
20.600000013411,765.999993294479
20.5000000067055,758.000000536442
20.2000000100583,749.000000301749
20.0999999899417,758.999999966472
19.7999999798834,757.999998491258
19.6000000201166,743.000001508742
19.6,742.000000033528
19.6,747.0
19.6999999932945,751.99999986589
19.600000013411,750.000000268221
19.6,757.999999463558
19.6999999966472,738.000000670552
19.7000000033528,768.999999899417
19.8000000100583,765.999995272608
19.8999999899417,719.000004727392
19.9,721.999999899417
19.8,738.0
19.799999986589,750.000000268221
19.6000000268221,753.999999463558
19.5000000067055,743.000000737608
19.4000000033528,760.999999396503
19.2000000067055,739.000000368804
19.4,750.000000804662
19.4,757.999999195338
19.3000000033528,747.000000368804
19.3,752.0
19.3,727.00000154227
19.3,749.99999691546
19.100000013411,747.000000201166
19.0000000033528,739.000000268221
19.1000000033528,742.000000100583
19.1999999899417,744.999999195338
19.1000000100583,737.000000804662
19.0000000033528,740.99999986589
19.0,725.0
18.9,730.999999597669
18.9,736.999999195337
18.9,736.000000067055
18.8000000033528,740.999999832362
18.6000000033528,725.000000435859
18.7,738.000000402331
18.7,741.999999597669
18.6000000033528,738.00000013411
18.6,733.0
18.7000000067055,739.000000335276
18.799999986589,743.999999329448
18.8,731.000000871718
18.8,705.000000871718
18.8,725.000000100583
18.8,728.000001307577
18.8,740.999998692423
18.8,713.000000938773
18.9,717.0
18.8999999932945,722.000000201166
18.800000013411,724.999999597669
18.8,710.000001005828
18.8999999966472,712.999999899417
18.9,719.999999798834
18.8999999899417,713.999998893589
18.8000000100583,703.000001106411
18.8,712.999999664724
19.0,716.0
18.8000000067055,701.000001206994
18.899999986589,718.999997586012
18.8000000067055,692.000001810491
18.7000000033528,711.999999329448
18.8,722.999999195337
18.8,698.999999094755
18.8,690.000000905245
18.8,697.999999731779
18.8,701.0
18.8,676.999999195337
18.8,665.000001609325
18.8,665.999999932945
18.8,676.999999631196
18.7999999966472,665.000000234693
18.7000000100583,671.999998491258
18.7999999899417,657.000001508742
18.8,661.999999832362
18.8,673.0
18.6000000067055,682.999999463558
18.699999986589,675.000001072883
18.7999999932945,687.999999128282
18.7000000033528,694.999999765307
18.8,692.999999698251
18.8,683.999999094755
18.8,675.000000905245
18.8,679.999999832362
19.1,677.0
19.0,674.999999195337
19.0,663.000001609325
19.0999999932945,680.999998793006
19.1,666.000000502914
19.1,660.00000070408
19.0999999899417,680.999998491258
19.0000000100583,666.000001508742
19.0999999966472,667.999999932945
19.0,671.0
19.0000000067055,659.999999195337
19.099999986589,648.000001609325
19.0000000067055,665.999998793006
19.0,661.000000167638
19.1,677.999999430031
19.0999999899417,661.000001508742
19.0000000100583,675.999998491258
18.9000000033528,655.00000070408
18.8,678.0
18.8000000067055,650.000000670552
18.899999986589,659.999998658896
18.9,661.99999986589
18.9,657.000000167638
18.9000000033528,666.999999765307
19.0000000100583,660.000000905245
19.0999999899417,668.999999094755
19.0000000033528,667.000000067055
19.0,689.0
18.9000000067055,674.999999463558
18.999999986589,667.000001072883
18.9000000067055,642.000001676381
18.9999999966472,658.99999943003
18.9000000033528,648.000000268221
19.0000000201166,656.0
19.1999999798834,656.0
19.1000000033528,676.99999929592
19.0,666.0
19.0999999932945,648.000000737607
19.000000013411,658.999998524785
19.0999999932945,656.000000201166
19.2999999932945,671.999999463558
19.2000000033528,654.000000167638
19.3,658.999998591841
19.3,645.000001408159
19.3999999966472,656.999999597669
19.4,694.0
19.7,785.000000335276
19.7,789.999999329448
19.4000000201166,800.999999262393
19.4,783.000000603497
19.7000000033528,765.000000301749
19.8000000301748,773.999998692423
20.0999999698252,761.000001307577
20.2999999932945,759.000000067055
20.5,727.0
20.6000000201166,732.999998725951
20.8999999597669,714.000002548098
20.9999999932945,714.0
21.0999999966472,729.999999463558
21.5000000100583,704.000000502914
21.8000000100583,719.000001609325
21.8999999899417,734.999998390675
22.0999999932945,704.000001039356
22.1,699.0
22.0999999932945,695.000001341104
22.000000013411,714.999997317792
22.0999999932945,650.00000435859
22.1,716.99999775365
22.0,710.999998994172
22.0000000201166,681.00000070408
22.1999999798834,687.99999929592
22.2,689.999999932945
22.1,686.0
21.600000013411,670.000001139938
21.7999999731779,686.999997720123
21.8999999932945,663.000001609326
21.9,669.999999765307
21.7000000033528,608.999997586012
21.8,536.999999497086
21.8,532.000000502914
21.5000000100583,523.000000301749
20.9,507.0
21.3000000067055,511.999998860061
21.399999986589,495.000002279877
21.200000013411,490.000000335276
21.6999999832362,511.999999262392
21.8,522.000001676381
21.7999999497086,571.99999607727
21.3000000502914,533.00000392273
21.3,530.000000100583
21.3,542.0
21.1000000067055,505.999998189509
21.199999986589,479.000003620981
21.1000000067055,437.00000281632
20.700000013411,452.999999463558
20.8000000167638,446.000000637025
21.300000070408,465.000003118067
21.999999929592,495.999996881933
21.9000000033528,468.000000938773
22.1,470.0
21.900000013411,447.999999463558
22.0999999731779,440.000001072883
22.0000000067055,448.999999396503
22.0,463.999999497086
22.1999999832362,467.99999916181
21.7000000603497,443.000001206994
22.2999999396503,454.999998793006
22.4999999932945,440.000000502914
22.7,475.0
22.7999999798834,480.999998390675
22.5000000402331,457.00000321865
22.4000000067055,446.000000737608
23.3999999664724,455.999999664724
22.8000000033528,426.0
22.900000070408,425.999998692423
23.599999929592,413.000001307577
23.8999999899417,441.999999027699
23.1,449.0
22.8000000067055,416.000000670552
22.899999986589,425.999998658896
23.4999999597669,437.999999195337
23.6999999932945,451.999999530613
23.700000013411,478.999999430031
24.099999929592,461.99999748543
23.400000070408,437.00000251457
23.3000000033528,422.000000502914
23.8,440.0
23.899999986589,449.00000013411
23.7000000268221,450.999999731779
23.1000000402331,446.000000335276
22.700000013411,495.999998323619
23.3999999798834,456.999999698251
22.8,448.000002011656
22.8,467.999997988344
22.3000000167638,472.999999832362
22.7,464.0
23.1999999664724,464.999999932945
22.7000000670552,464.00000013411
22.3000000268221,483.999998658895
21.2000000368804,440.000001475215
21.3000000167638,457.000000167638
21.7999999497086,462.000002212822
21.3000000502914,483.999997787178
21.0000000100583,502.999999362975
21.1,531.0
21.499999986589,542.000002011656
21.3000000268221,571.999995976687
21.499999986589,574.999999798834
21.0000000167638,509.000002212823
21.1,533.000000737608
21.1000000301748,555.000004224478
21.3999999698252,596.999995775522
21.000000013411,555.00000140816
20.9,627.0
21.0000000067055,641.000000536442
21.099999986589,648.999998927117
20.900000013411,651.999999798834
20.7000000067055,678.999999094754
21.0000000100583,740.999998994172
21.2999999798834,710.999997284264
21.1000000201166,684.000002715736
20.9000000067055,718.999998826533
21.2,639.0
21.399999986589,681.000001274049
21.2000000268221,699.999997451902
21.1000000067055,683.000001139939
21.1,694.999999597669
21.1000000033528,666.000001978129
21.2,724.999994467945
21.2,670.000005532055
21.1000000033528,697.999999061227
21.2,725.0
21.0,694.999999597669
21.0,689.000000804663
21.199999986589,773.999994300306
21.2,708.000002212823
20.8999999932945,684.000000100583
20.7000000100583,687.000005129724
20.7999999899417,737.999994870276
20.8999999966472,734.00000013411
21.0,716.0
21.2,683.000000737607
21.2,693.999998524785
21.2,672.000001475215
21.0000000067055,689.999999396503
20.8000000033528,681.000001810491
20.9000000100583,735.000005833803
20.9999999899417,792.999994166197
21.0,760.000001106411
21.1,741.0
20.9999999798834,676.000001609325
20.7000000402331,699.99999678135
20.500000013411,774.999994970858
20.5,774.000000033528
20.2999999966472,775.999999765307
20.1999999597669,768.999998491258
19.8000000402331,754.000001508742
20.0999999899417,753.000000033528
20.2,745.0
20.4,769.999998189509
20.4,743.000003620981
20.599999986589,746.999999731779
20.6999999966472,736.000000368804
20.7,722.000000402331
20.6999999798834,733.999997988344
20.5000000201166,714.000002011656
20.2000000100583,749.999998793006
20.0,771.0
19.8999999798834,774.999998725951
19.6000000402331,756.000002548098
19.6,756.999999932945
19.6,765.999999698251
19.7000000033528,768.999999497086
19.7999999899417,753.999999094755
19.7000000100583,745.000000905245
19.7,754.999999664724
19.7,755.0
19.7000000067055,755.00000013411
19.799999986589,756.999999731779
19.7000000067055,741.000001072884
19.7999999966472,746.999999798834
19.6999999966472,739.000000368804
19.5999999798834,749.999998793006
19.4000000201166,738.000001206994
19.1000000100583,743.999999798834
18.8,744.0
18.600000013411,743.999999597669
18.7999999731779,738.000000804663
18.999999986589,741.999999731779
19.0999999966472,723.000000637025
19.2000000100583,730.999999765307
19.4999999899417,724.000000603497
19.4000000100583,729.999999396503
19.3000000033528,740.999999631196
19.3,722.0
19.0999999932945,720.500000100583
19.000000013411,719.000000201166
18.800000013411,719.0
19.199999986589,711.000000268221
19.1,716.999999798834
19.1,710.99999929592
19.1,704.00000070408
19.1,704.999999966472
19.1,700.0
19.2,706.000001743436
19.2,731.999996513129
19.2,711.00000140816
19.2999999966472,723.999999564141
19.1999999966472,716.000000301749
19.1,724.999996379019
19.1,689.000003620981
19.1999999966472,692.99999986589
19.2,673.0
19.1,686.0
19.1,686.0
19.1,678.000000536442
19.1999999966472,675.000000100583
19.2,669.000000335276
19.2,678.999999798834
19.2,677.000000201166
19.1000000033528,682.999999798834
19.1,689.0
19.1,682.999999262393
19.1,672.000001475215
19.1999999932945,664.000000536442
19.1000000033528,676.999999564141
19.1000000033528,677.999999664724
19.2,668.000000301748
19.2,670.999999698252
19.2,675.999999832362
19.2,663.0
19.3,658.999999597669
19.3,653.000000804663
19.3999999932945,644.000000603497
19.3000000033528,643.000000033528
19.4,633.999999765307
19.4000000100583,626.999998390675
19.4999999899417,611.000001609325
19.4000000033528,619.999999698251
19.6,609.0
19.4,597.999999597669
19.4,592.000000804663
19.3000000067055,592.999999932945
19.2000000033528,579.000000469387
19.1999999966472,566.999999564141
19.1,553.999999396503
19.1,548.000000603497
19.1999999966472,548.0
19.1,541.0
19.1,530.999999128282
19.1,518.000001743435
19.0000000067055,509.000000603497
19.0,504.000000167638
19.2000000067055,503.000000502914
19.3999999899417,517.999997787178
19.3000000100583,496.000002212822
19.5999999899417,490.000000201166
19.4,490.0
19.3,481.999999396503
19.3,473.000001206994
19.0000000201166,478.999999597669
19.0,464.000000502914
18.9,459.99999986589
18.9,455.999999497086
18.9,451.000000502914
18.8000000033528,436.000000502914
18.8,439.0
18.9,441.999999597669
18.9,436.000000804663
18.9,439.999999731779
18.9,434.000000201166
18.9999999966472,438.999999664724
18.9000000100583,429.000000603497
18.9999999899417,434.999999396503
19.0999999966472,441.999999765307
19.1,430.0
19.1,438.999998994172
19.1,424.000002011656
19.1,433.999999329448
19.1999999966472,431.000000100583
19.1000000033528,435.000000067055
19.2,436.999999597669
19.2,433.000000402331
19.1000000033528,435.999999899417
19.3,435.0
19.2999999932945,423.000001341104
19.200000013411,442.999997317792
19.1000000067055,440.000000201166
19.2999999932945,451.999999597669
19.4000000033528,431.999999932945
19.5,430.000000804663
19.5,437.999999195337
19.5,453.999999463558
19.7,449.0
19.6,509.000007107852
19.6,614.999985784295
19.6,616.99999986589
19.6999999966472,629.999999564141
19.6999999966472,636.999998055398
19.6000000100583,578.99999748543
19.6999999899417,554.00000251457
19.7999999966472,545.000000301749
19.8,525.0
19.7000000067055,523.999998860061
19.799999986589,507.000002279877
19.8999999932945,501.000000402331
19.9,478.000000771135
20.0000000033528,501.000000301749
20.1000000100583,509.999998994172
20.1999999899417,500.000001005828
20.6999999832362,481.000000637025
21.0,469.0
21.5000000067055,494.999998189509
21.599999986589,468.000003620981
21.6,469.99999986589
21.6999999966472,460.000000335276
21.7,443.999999932945
21.7000000201166,441.99999929592
21.8999999798834,435.00000070408
22.0999999932945,451.999999430031
22.5,432.0
22.800000013411,399.99999986589
22.9999999731779,398.000000268221
22.6000000268221,401.999999731779
22.200000013411,399.000000100583
22.0999999966472,401.000003051013
21.9999999798834,492.000009052454
21.8000000201166,581.999990947546
21.6000000067055,520.000002078712
21.5,598.0
21.9000000335276,666.000000335276
22.3999999329448,670.999999329448
22.7999999731779,675.999999664724
22.9999999932945,634.00000140816
23.5999999932945,620.000001877546
23.3999999497086,675.999994669111
22.9000000502914,623.000005330889
22.3000000201166,662.999998658895
22.3,661.0
22.3999999932945,630.999999664724
22.300000013411,626.000000670552
22.3,581.000003017485
22.3999999966472,633.999998223036
22.3000000067055,578.000001776964
22.5000000502914,630.999998189509
22.9999999497086,613.000001810491
23.0999999966472,573.000001341105
22.7,622.0
22.7000000737607,578.000000402331
23.7999998524785,583.999999195338
23.7000000067055,540.00000295043
23.7,593.999998189509
23.4000000067055,610.000000368804
23.5999999497086,621.000001307577
23.1000000502914,633.999998692423
22.4000000234693,629.000000167638
22.0,646.0
22.5000000402331,697.999999664724
23.0999999195337,693.000000670552
22.900000013411,679.000000938773
22.2000000234693,640.000001307577
22.3000000067055,636.999998927116
22.4999999698252,605.000004325061
22.2000000301748,647.999995674939
21.9000000100583,637.000000368804
22.1,663.0
22.299999986589,676.999999396503
22.1000000268221,668.000001206994
22.1,694.999998189509
22.7999999765307,626.000002313405
22.9999999932945,645.000000067055
22.7999999698252,647.000001609325
22.5000000301748,662.999998390675
22.5,647.000000536442
22.6,657.0
22.599999986589,685.999996379019
22.4000000268221,632.000007241963
22.0000000268221,676.999996982515
21.9000000033528,673.00000013411
22.2999999966472,730.999996915459
22.2,639.000000100583
22.2,639.999999899417
22.2,705.999997787177
22.3,681.0
22.6,662.999999061227
22.6,649.000001877546
22.400000013411,634.000001005828
22.4,657.999999195337
22.3999999966472,662.999999228865
22.3,640.000002313405
22.3,662.999997686595
22.3999999966472,674.999999597669
22.4,673.0
22.5000000335276,667.000001072883
22.9999999329448,682.999997854233
23.0999999932945,714.999997854233
23.1,609.000003553927
22.8999999932945,622.999999664724
22.7000000100583,612.999996177853
22.7999999899417,575.000003822147
22.7000000033528,594.999999329448
22.4,619.0
22.3000000067055,622.99999845773
22.399999986589,600.00000308454
22.4,652.999996446073
22.3000000033528,662.999999664724
22.4,644.000000502914
22.4,659.000000502914
22.4,663.999999497086
22.4,679.999999463558
22.4,681.0
21.999999986589,666.999999731779
21.8000000268221,663.000000536442
21.999999986589,675.999999128282
22.0999999966472,661.000000502914
21.9000000033528,705.999999228865
22.0000000301748,683.000001911073
22.2999999698252,701.999998088927
22.5999999899417,660.00000140816
22.9,578.0
22.5999999530614,621.999998591841
21.9000000938773,601.000002816319
22.099999986589,628.999998122454
21.6000000167638,613.000000536442
21.8,661.000001206994
21.7999999899417,696.999995775522
21.7000000100583,655.000004224478
21.7,672.999999396503
21.6,720.0
21.6000000067055,631.000004023313
21.699999986589,690.999991953375
21.6000000067055,663.000001877546
21.5000000033528,685.999999228865
21.3999999932945,705.999999362975
21.1999999899417,687.000001709908
21.1000000100583,703.999998290092
21.0000000033528,708.999999832362
21.1,737.0
21.2000000067055,713.999998725951
21.299999986589,695.000002548098
21.3,718.999998390674
21.2000000033528,721.999999899417
21.2999999966472,705.999999530613
21.1999999899417,692.000004928558
21.1000000100583,740.999995071442
21.0000000033528,710.000001039356
21.0,714.0
21.0,700.000002615153
21.0,738.999994769694
20.800000013411,697.00000281632
20.7000000033528,617.000002682209
20.7999999966472,616.000000201166
20.6999999899417,621.999999698252
20.6000000100583,619.000000301748
20.6,617.000000067055
20.5,623.0
20.4,608.999999128282
20.4,596.000001743436
20.3000000067055,594.00000013411
20.3,605.999999597669
20.1,600.000000201166
20.0999999899417,606.000000201166
20.0000000100583,607.999999798834
19.8000000067055,572.000001206994
19.7,578.0
19.6999999932945,563.999999262393
19.600000013411,553.000001475215
19.6,559.999999530613
19.6,542.000000603497
19.5,544.999999899417
19.5000000100583,541.999999698252
19.5999999899417,539.000000301748
19.5000000033528,541.999999899417
19.4,534.0
19.3999999932945,532.0
19.300000013411,532.0
19.100000013411,512.000001341105
19.1999999966472,524.999999564141
19.1000000033528,517.999999966472
19.1999999899417,516.999999597669
19.1000000100583,513.000000402331
19.0000000033528,511.000000067055
19.0,497.0
19.0000000268221,497.499999966472
19.3999999463558,497.999999932945
19.200000013411,492.000000402331
19.3999999932945,492.999999966472
19.5000000033528,494.999999463558
19.6000000100583,479.000001609325
19.6999999899417,494.999998390675
19.7999999966472,507.999999564141
19.8,508.0
19.9,505.999998725951
19.9,487.000002548098
19.9,503.999998860061
19.7000000067055,499.000000167638
19.6,497.999999530613
19.6,484.000000502914
19.6,488.999999497086
19.5000000033528,484.000000167638
19.4,490.0
19.3,497.999997720123
19.3,464.000004559754
19.3,489.999998256564
19.3,469.00000070408
19.2,476.000000268221
19.2,484.000000100583
19.2,484.999999899417
19.1000000033528,479.000000201166
19.1,470.0
19.1,475.999999061227
19.1,462.000001877546
18.900000013411,465.999999731779
18.9,470.999999832362
18.9,464.999999899417
18.9,461.999998893589
18.9,451.000001106411
18.9,466.999999463558
18.8,460.0
18.8,458.000000402331
18.8,463.999999195337
18.8,464.0
18.8,463.000000033528
18.8000000067055,466.999999899417
19.0000000100583,463.999999396503
19.0999999899417,458.000000603497
19.2999999932945,454.00000013411
19.4,451.0
19.4,465.000000201166
19.4,467.999999597669
19.4,468.999999932945
19.4,463.000000201166
19.4999999966472,464.000000033528
19.4,465.0
19.4,465.0
19.3000000033528,456.000000301749
19.3,445.0
19.2,467.999999463558
19.2,460.000001072883
19.1000000067055,460.0
19.1999999966472,457.000000100583
19.1000000033528,458.000000201166
19.1999999899417,464.000000603497
19.1000000100583,469.999999396503
19.1,468.000000067055
19.0,476.0
19.0000000067055,467.999999463558
19.099999986589,460.000001072883
18.900000013411,474.999998994172
18.8000000033528,453.000000737608
18.8000000033528,462.999999966472
18.9,461.999999698252
18.9,459.000000301748
18.9999999966472,455.00000013411
19.0,453.0
19.1,462.000000201166
19.1,464.999999597669
19.1999999932945,462.000000201166
19.2,462.999999966472
19.3000000033528,461.999999899417
19.3999999798834,458.999999798834
19.2000000201166,457.000000201166
19.2999999966472,473.999999430031
19.2,460.0
19.1999999932945,468.999999396503
19.100000013411,460.000001206994
19.0000000067055,460.0
19.0999999966472,467.999999731779
19.1,471.0
19.0999999899417,470.999998189509
19.0000000100583,453.000001810491
19.0999999966472,463.999999631196
19.1,462.0
19.0,466.000000268221
19.0,469.999999463558
19.0999999932945,460.000000670552
19.1,469.999999664724
19.0000000033528,464.999999597669
19.1000000100583,453.000001206994
19.1999999899417,464.999998793006
19.0000000067055,465.0
19.2,473.0
19.2000000067055,457.000000402331
19.299999986589,462.999999195337
19.5999999798834,454.000000603497
20.1999999798834,455.999999932945
20.300000013411,457.000000905246
20.7000000201166,483.999998189509
20.8999999798834,466.000001810491
21.0999999932945,475.999999664724
21.2,465.0
21.3000000067055,459.999999932945
21.399999986589,459.00000013411
21.4999999932945,462.999999731779
21.5,473.999999631196
21.6,472.999999932945
21.6,470.99999929592
21.6,464.00000070408
21.5000000033528,470.999999765307
21.5,471.0
21.4,470.999999597669
21.4,465.000000804663
21.3000000067055,462.000000201166
21.3999999966472,457.000000167638
21.0000000234693,456.0
21.7000000100583,456.000001307577
21.7999999899417,468.999998692423
21.7000000033528,433.000001206994
21.7,447.0
22.4000000536442,415.999999597669
23.1999998927117,410.000000804663
23.7999999597669,402.000000536442
24.2999999832362,391.000000368804
24.700000013411,375.999999497086
25.0999999798834,361.000002916902
24.9000000201166,389.999997083098
24.4000000167638,376.000000469387
24.9,385.0
25.7000000402331,357.999999798834
26.2999999195337,355.000000402331
26.6999999731779,332.00000154227
27.1999999832362,327.000000167638
26.2999999832362,360.999999966472
25.8000000402331,360.000000301748
26.1999999597669,362.999999698252
26.7999999798834,355.000000268221
27.5,318.0
28.2000000536442,293.999999061227
28.9999998927117,280.000001877546
29.3999999731779,299.999998658895
29.3000000033528,329.999998994172
28.9000000067055,350.999998893589
29.1000000502914,318.000001508742
29.5999999497086,332.999998491258
29.3000000100583,340.999999731779
28.1,341.0
28.6000000067055,342.000000603497
28.699999986589,350.999998793006
28.7999999932945,336.000001005828
28.8,356.99999929592
29.2000000201166,321.000000569969
29.7999998893589,338.000001508742
28.7000001106411,352.999998491258
28.1000000201166,338.000000502914
29.1,313.0
29.6,326.000001408159
29.6,346.999997183681
27.9000001139939,345.00000013411
28.3999999832362,329.000000536442
28.7000000100583,303.999999765307
29.0000000100583,297.000002916902
29.0999999899417,325.999997083098
28.9000000067055,326.0
28.3,341.0
29.2000000201166,309.000001810491
29.4999999597669,335.999996379019
28.7000000536442,330.000000402331
29.3999999765307,322.000000268221
28.7999999932945,338.999999597669
28.6000000905245,326.999996177853
29.4999999094755,289.000003822147
29.4000000033528,464.99999409914
28.4,557.0
29.4000000201166,518.000003688037
29.6999999597669,572.999992623927
29.4000000201166,559.000000938773
29.000000013411,631.999997552484
29.2999999798834,611.999998793006
28.7000000502914,575.99999607727
29.1999999497086,537.00000392273
29.4999999899417,521.000000536442
29.3,591.0
28.9000000201166,661.000001810491
29.1999999597669,687.999996379019
29.4999999798834,670.000001206994
29.2000000100583,669.000000033528
28.6,630.000000670552
28.6000000502914,650.000008650122
29.0999999497086,735.999991349878
29.1999999966472,850.999996144324
29.2,628.0
29.0999999932945,623.000005163251
29.000000013411,699.999989673497
28.9000000067055,776.999994836747
28.9,706.000002380461
28.9000000268221,911.000004459173
29.699999929592,1043.99999114871
29.000000070408,956.000008851288
29.4999999832362,914.00000140816
29.1,760.0
29.300000013411,691.999994032086
29.4999999731779,603.000011935828
28.7000000536442,569.000002279878
28.9999999899417,548.00000070408
29.3999999932945,555.000002648682
29.1999999396503,634.000017199662
28.6000000603497,804.999982800338
28.4000000067055,831.999999094754
28.3,935.0
28.4999999061227,1043.99998343736
27.1000001877546,797.000033125274
26.900000013411,791.000000402331
27.0999999932945,879.999997016042
27.400000013411,832.000002346933
27.8000000603497,901.999997083098
28.3999999396503,873.000002916902
27.9000000167638,675.000006638468
26.3,545.0
26.9000000402331,639.000002682208
27.4999999195337,678.999994635583
27.9999999664724,705.999998189509
28.399999986589,719.999999530613
28.7000000067055,690.00000070408
28.8999999698252,711.000001106411
28.6000000301748,721.999998893589
28.6999999966472,1145.99998578429
28.7,1020.0
28.8999999798834,1235.00001890957
28.6000000402331,1516.99996218086
28.3000000201166,1396.00000811368
27.8000000167638,1054.00001146644
27.5999999832362,819.000000603497
27.0999999798834,837.000014182177
,
,
,
,
,
,
,
,
,
,
,
,
25.1999999932945,961.000000268221
25.100000013411,964.999999463558
25.0000000067055,1017.99999644607
24.8000000067055,1006.00000040233
24.2999999966472,988.000000368804
24.1999999899417,998.999998491258
24.1000000100583,984.000001508742
23.5000000201166,892.00000308454
23.3,859.0
23.0999999932945,780.999998927117
23.000000013411,765.000002145767
22.9000000067055,763.00000013411
22.7000000067055,770.999999731779
22.8,765.000000067055
22.8000000100583,766.999999396503
22.8999999899417,761.000000603497
22.9999999966472,747.000000469387
22.8,758.0
22.4,700.0
22.4,700.0
21.9000000335276,677.00000154227
21.7000000067055,667.000000335276
21.9000000033528,667.000000569969
22.0,683.999998088926
22.0,665.000001911074
22.0999999966472,676.999999597669
22.3,681.0
22.1999999932945,677.999998927117
22.100000013411,662.000002145767
22.1999999932945,740.999994702637
22.1000000033528,736.000000167638
22.1000000033528,743.999999966472
22.1999999798834,742.999999497086
22.0000000201166,738.000000502914
21.9000000033528,740.999999899417
21.6,668.0
21.3000000201166,707.999997451902
21.5999999597669,670.000005096196
21.6999999932945,672.999999798834
21.6000000033528,674.999999932945
21.7,666.000000234693
21.7,673.000001005828
21.7,682.999998994172
21.7,677.000000201166
21.7,677.0
21.6,676.000000268221
21.6,679.999999463558
21.6,676.000000268221
21.6,678.999999899417
21.5000000033528,653.000000972301
21.5999999899417,682.000001005828
21.5000000100583,691.999998994172
21.4000000033528,665.000000905246
21.5,662.0
21.5,688.000002279877
21.5,721.999995440246
21.4000000067055,698.000001609325
21.4999999966472,677.00000070408
21.5,671.999999094754
21.4999999899417,645.000002715736
21.4000000100583,671.999997284264
21.2000000067055,666.000000201166
21.2,661.0
21.399999986589,672.999999932945
21.2000000268221,672.00000013411
21.2999999932945,672.0
21.3,705.999998860061
21.4999999932945,697.000000637025
21.3,716.000001609325
21.3,731.999998390675
21.2000000033528,692.000001341105
21.2,730.0
21.2999999932945,707.999999329448
21.200000013411,698.000001341104
21.2,705.999999463558
21.2,695.000000368804
21.3,709.99999986589
21.2999999899417,705.999996479601
21.2000000100583,671.000003520399
21.2,671.999999966472
21.0,665.0
21.0999999932945,656.000000670552
21.000000013411,665.999998658896
21.0,661.000000335276
21.0,699.999998692423
21.0,675.000000368804
20.9999999899417,685.999998390675
20.9000000100583,670.000001609325
20.7000000067055,680.999999631196
20.8,664.0
20.799999986589,684.000000603497
20.6000000268221,692.999998793006
20.6,687.000000402331
20.6999999966472,660.000000905246
20.7,682.000000368804
20.7000000100583,692.999998591841
20.7999999899417,679.000001408159
20.9999999932945,696.999999396503
20.9,683.0
20.8999999932945,677.999999195337
20.800000013411,666.000001609325
20.7000000067055,678.999999128282
20.7999999966472,675.00000013411
20.8,666.999999765307
20.8000000804663,659.999999195338
21.5999999195337,652.000000804662
21.5000000033528,649.000000100583
21.4,675.0
22.3000000201166,667.00000013411
22.5999999597669,668.999999731779
22.6,667.000000134111
22.6999999966472,698.999998927116
22.6000000033528,696.999998994172
22.6999999899417,667.000002212822
22.6000000100583,688.999997787178
22.6,684.000000167638
22.7,699.0
22.599999986589,685.99999986589
22.4000000268221,684.000000268221
22.4999999932945,683.000000067055
22.3000000067055,734.999998256564
22.4000000067055,693.999999966472
22.6000000502914,693.000001005828
23.0999999497086,702.999998994172
23.3999999899417,659.000001475215
23.8,623.0
23.9000000067055,638.999998189509
23.999999986589,612.000003620981
24.2999999798834,615.999999731779
24.3,632.999999430031
24.4,628.000000234693
24.4000000100583,634.999998290092
24.4999999899417,618.000001709908
24.5,618.999999966472
24.5,592.0
24.3999999731779,605.999999396503
24.0000000536442,597.000001206994
23.7000000201166,602.999999597669
23.5000000067055,585.000000603497
23.6000000100583,580.000000368804
23.8999999597669,590.99999929592
23.5000000402331,584.00000070408
23.2000000100583,602.999999362975
22.9,692.0
22.6999999932945,707.999997787178
22.600000013411,675.000004425644
22.5000000067055,698.999998390674
22.5999999966472,672.000000905246
22.6,764.999997384846
22.5999999798834,687.00000965595
22.4000000201166,782.99999034405
22.5999999932945,798.999999463558
22.8,719.0
23.8000000603497,669.999998055399
24.6999998793006,641.000003889202
25.1999999664724,622.000001274049
25.599999986589,617.000000167638
26.0000000100583,675.000001609326
26.3000000402331,723.000016294416
26.6999999597669,884.999983705584
26.8999999932945,892.999999731779
27.2,885.0
27.6000000268221,877.999999664724
27.9999999463558,873.000000670552
28.199999986589,763.000007376075
27.6000000201166,791.999999027699
27.199999986589,824.000000637025
26.7999999899417,843.000004123896
26.7000000100583,883.999995876104
26.7999999966472,820.000002145767
26.8,794.0
26.5999999664724,765.000000067055
26.1000000670552,765.99999986589
26.0000000067055,816.999996580183
26.2999999899417,749.000002279878
26.2999999664724,671.999996948987
25.300000070408,581.00000965595
25.999999929592,676.99999034405
26.2999999899417,625.000001743436
26.6,663.0
25.400000013411,689.000004224478
25.5999999731779,751.999991551043
25.8999999798834,753.999999865889
25.9,748.000000201166
26.4000000033528,713.999999899417
26.5000000201166,710.999998290092
26.6999999798834,694.000001709908
26.9999999899417,666.000000938773
25.9,611.0
25.8999999932945,650.000003956258
25.800000013411,708.999992087485
26.1999999731779,697.000000804663
26.2999999966472,694.000000100583
26.6999999631196,694.999996680766
25.5999999899417,596.000000201166
25.5000000100583,597.999999798834
25.9999999832362,748.99999493733
26.8,634.0
27.3000000402331,612.000002346932
27.8999999195337,646.999995306135
28.099999986589,678.999997854233
27.9000000067055,643.000001206994
27.6999999932945,666.999998390674
27.499999929592,619.000009153036
26.800000070408,709.999990846964
26.7000000033528,824.999996144324
26.5,815.0
26.4999999329448,796.999993897976
25.5000001341104,706.000012204049
25.5,706.0
25.899999986589,773.999997720122
25.0999999832362,765.999997083098
24.600000070408,678.999999195337
25.299999929592,671.000000804663
25.4999999932945,623.000001609326
25.7,646.0
26.0,661.999999195337
26.0,650.000001609325
26.0,689.999997317791
25.9000000033528,735.99999845773
25.8,771.999999228865
25.8,748.999999396503
25.8,743.000000603497
25.8999999966472,722.00000070408
24.9,615.0
25.1,710.99999859184
25.1,690.000002816319
25.4999999731779,655.000002346933
25.9999999832362,610.000001508743
26.4000000201166,578.999999497086
26.9999999497086,564.000018306073
26.5000000502914,745.999981693927
25.4000000368804,623.000004123897
25.7,604.0
25.900000013411,731.999998524785
26.0999999731779,710.000002950429
26.1,703.000000469387
26.1,667.000001206994
26.4,736.000002413988
26.4000000201166,807.999999798834
26.5999999798834,806.000000201166
26.8999999899417,783.000000771135
27.2,850.0
25.5999999932945,691.999994970859
25.500000013411,617.000010058282
26.0999999597669,633.999998860061
26.2999999932945,636.999999899417
26.3000000067055,639.999999597669
26.5000000100583,628.00001357868
26.5999999899417,762.99998642132
26.3000000100583,807.999998491257
26.5,782.0
26.2999999195337,787.999992422761
25.1000001609325,675.000015154478
25.299999986589,713.999997384846
25.1000000067055,864.99999493733
24.8999999899417,862.000000100583
24.5999999798834,864.999997183681
24.4000000201166,837.000002816319
24.4999999966472,817.000000670552
24.0,803.0
24.4,809.999999463558
24.4,802.000001072883
24.3000000067055,827.999998256564
24.2000000033528,796.000001072884
24.4000000033528,755.000004190952
24.5000000100583,880.00000392273
24.5999999899417,918.99999607727
24.5000000033528,888.000001039356
24.2,873.0
23.6999999664724,898.999996244908
23.2000000670552,843.000007510184
23.1000000067055,839.000000268221
22.700000013411,856.999999396503
22.5999999966472,850.000000804663
22.5000000100583,873.999996982515
22.5999999899417,844.000003017485
22.6,832.000000402331
22.4,824.0
22.3000000067055,812.00000154227
22.399999986589,834.99999691546
22.4,897.99999577552
22.2000000067055,836.000002078712
22.1,864.999998893589
22.1,832.0
22.1,832.0
22.1,842.999999631196
21.9,832.0
21.8,823.999999061227
21.8,810.000001877546
21.8,790.000001341105
21.8999999966472,803.999999530613
21.9,801.000000469387
21.9,814.999998692423
21.9,802.000001307577
21.9999999966472,809.999999731779
21.9,821.0
21.9000000067055,850.999996714295
,802.000006571411
,
,
,
,
,
,
,
,
,
,
,
,
,
,
,
,
,
,
,
,
,
,
,
,
,
,
,
,
,
,
,
,
,
,
,
,
,
,
,
,
,
,
,
,
,
,
,
,
,
,
,
,
,
,
,
,
,
,
20.000000003295,716.000000195872
20.1999999932945,708.000000268221
20.7,703.0
20.9999999932945,629.00000154227
20.900000013411,651.99999691546
20.9999999932945,593.000003956259
20.7000000100583,618.999999128282
20.4000000033528,550.999999497086
20.4999999899417,535.999998793006
20.4000000100583,524.000001206994
20.3000000033528,506.000000603497
20.2,504.0
20.2,494.999998591841
20.2,474.000002816319
20.2,474.999999932945
20.2,464.000000368804
20.3,459.999999765307
20.3,453.000002313405
20.3,475.999997686595
20.4999999932945,463.000000435859
20.4,468.0
20.800000013411,468.00000013411
20.9999999731779,469.999999731779
21.0,460.000000670552
21.0999999966472,462.999999899417
21.1000000067055,474.99999986589
21.2999999899417,471.0
21.2000000100583,471.0
21.1000000033528,464.000000234693
21.2,462.0
21.3,480.000000268221
21.3,483.999999463558
21.3,479.000000335276
21.1000000067055,483.999999832362
20.6999999966472,483.999999664724
20.5999999798834,474.000001609325
20.4000000201166,489.999998390675
20.4999999966472,474.000000536442
21.0,479.0
21.2000000268221,478.999999463558
21.5999999463558,471.000001072883
21.799999986589,478.999999463558
21.8999999966472,465.000000469387
22.100000013411,462.000001274049
22.4999999899417,499.999998994172
22.4000000100583,490.000001005828
22.5999999932945,470.000000670552
22.4,484.0
22.5,484.000000067055
22.5,484.99999986589
22.300000013411,500.999998927116
22.3,484.000000569969
22.2999999932945,491.00000013411
22.1000000502914,494.999999698252
22.5999999497086,492.000000301748
22.999999986589,494.999999899417
23.5,484.0
23.499999986589,470.999998793006
23.3000000268221,453.000002413988
23.3999999932945,453.0
23.6999999899417,451.000000067055
23.8000000067055,440.000000033528
23.9999999698252,441.000000301748
23.7000000301748,443.999999698252
23.6000000033528,445.999999932945
23.4,459.0
22.6999999664724,466.999999463558
22.2000000670552,459.000001072883
21.9000000201166,463.999999664724
21.6000000100583,457.000000234693
21.4999999966472,456.999999832362
21.4000000502914,451.999999698252
21.8999999497086,449.000000301748
22.4999999798834,425.000000804663
22.9,428.0
23.1000000268221,407.999999530613
23.4999999463558,401.000000938773
23.5999999932945,392.000000603497
23.999999986589,392.999999966472
24.5000000100583,365.000000033528
24.8000000301748,365.999999195337
25.0999999698252,358.000000804663
25.1,358.0
25.6,332.0
25.1999999329448,341.000001005828
24.2000001341104,355.999997988344
23.5000000469387,362.999999530613
23.3000000067055,355.000000268221
22.3000000167638,379.999999396503
22.8000000502914,362.000001709908
23.2999999497086,378.999998290092
23.8999999798834,358.00000070408
24.5,351.0
25.2000000469386,338.999999597669
25.8999999061227,333.000000804663
25.9999999932945,338.999999597669
25.600000013411,342.99999986589
25.4999999899417,350.000000033528
25.1999998893589,350.999999698252
24.1000001106411,348.000000301748
25.1999999631196,350.999999899417
25.8,331.0
26.5000000335276,361.000003889202
26.9999999329448,418.999992221595
27.4999999664724,502.999994367361
27.5999999966472,557.999998155981
27.3999999932945,534.000000871718
27.1999999798834,560.000002313405
27.0000000201166,582.999997686595
27.2999999899417,647.999997820705
27.8,668.0
27.3000000201166,690.999998927117
27.5999999597669,675.000002145767
26.9000000469387,598.000005163253
27.4999999798834,718.999995943159
27.0000000201166,595.000002481044
27.5999999094755,668.999996479601
26.7000000905245,634.000003520399
26.7999999966472,683.999998323619
27.1,807.0
27.5000000335276,819.999998122454
27.9999999329448,792.000003755092
27.2000000536442,692.000006705523
27.1000000033528,762.999997619539
27.2000000167638,798.999996110797
27.6999998491258,682.999996177853
26.2000001508742,645.000003822147
26.7999999798834,716.999997586012
26.9,822.0
27.4000000268221,710.999990880491
27.7999999463558,575.000018239018
27.3000000335276,596.999998524785
27.8999999798834,583.000000469387
27.5999999731779,523.000000536442
26.8000000301748,539.000008147208
27.0999999698252,619.999991852792
27.7999999765307,584.000001206994
26.4,555.0
27.1,635.000005163251
27.1,711.999989673497
27.5999999664724,585.000008516014
27.7999999932945,564.00000070408
27.2,543.999999731779
27.199999929592,536.000004325061
26.500000070408,578.999995674939
28.0999999463558,564.000000502914
27.6,534.0
27.2000000268221,533.000001743436
27.5999999463558,558.999996513129
27.400000013411,528.000002078712
27.4999999966472,514.000000469387
27.2999999966472,496.000000033528
27.2000000603497,497.000004425644
27.7999999396503,540.999995574356
27.7000000033528,531.000000335276
27.6,517.0
27.0000000536442,506.000000402331
27.7999998927117,511.999999195337
27.8,521.999999329448
26.9000000301749,495.000000905246
27.8999999664724,511.999999932945
26.900000070408,509.999994467945
27.599999929592,455.000005532055
27.4000000067055,508.999998189509
27.1,495.0
27.7,496.000002548098
27.7,533.999994903804
27.4000000201166,519.000001005828
27.1000000100583,525.999999765307
27.7999999698251,525.999999698251
26.9000000905245,517.000001911073
27.7999999094755,535.999998088927
27.6000000067055,524.000000402331
26.8,512.0
26.8000000402331,558.999996982516
27.3999999195337,514.000006034969
27.4999999932945,545.999997854233
27.100000013411,607.999997921288
27.2000000033528,589.000000201166
27.2999999094755,595.000005129724
26.4000000905245,645.999994870276
27.3999999664724,601.000001508743
27.4,659.0
26.9999998591841,667.999990411105
24.9000002816319,525.00001917779
23.3000001072884,481.00000295043
24.2999999664724,529.999998357147
25.4000000335276,597.999997418374
26.4000000402331,521.000003520399
26.7999999597669,555.999996479601
27.2999999832362,629.999997518957
27.2,637.0
26.800000013411,742.000003688037
26.9999999731779,796.999992623927
27.4999999664724,927.999991215765
26.9000000201166,680.000008314848
27.1999999899417,735.000002145767
26.9000000201166,798.999989740553
27.0999999798834,697.000010259447
27.1999999966472,726.999998994172
27.1,687.0
26.9999999932945,873.999999731779
26.900000013411,870.000000536442
26.8000000067055,817.000003553927
26.8999999966472,780.000001240522
26.8,787.999998994172
26.8,757.999999195338
26.8,750.000000804662
26.8,785.999998793006
26.7,801.0
25.999999986589,699.000006504356
25.8000000268221,795.999986991289
25.8,820.999998323619
25.6000000067055,802.000000637025
25.4999999899417,780.000000167638
25.1999999899417,785.000001106411
25.1000000100583,795.999998893589
24.8000000100583,776.000000670552
24.7,785.0
24.4999999932945,742.000000268221
24.400000013411,745.999999463558
24.200000013411,768.99999845773
23.9000000100583,752.00000056997
23.7999999899417,742.000000569969
23.4999999798834,759.000002615153
23.3000000201166,784.999997384847
23.1000000067055,760.00000083819
23.1,744.0
22.7999999664724,666.999999262393
22.3000000670552,656.000001475215
22.6999999731779,648.000000536442
23.2999999798834,639.000000301749
23.900000013411,605.999999966472
24.3000000301748,604.999997384847
24.5999999698252,579.000002615153
24.999999986589,547.000001072884
24.8,579.0
24.5999999932945,631.999998055399
24.500000013411,603.000003889202
24.0000000335276,600.000000201166
23.9000000033528,616.999999430031
23.5999999932945,655.999998021871
23.3999999899417,597.000005431472
23.3000000100583,650.999994568528
23.1000000067055,617.000001139939
22.7,580.0
22.2999999798834,586.99999832362
22.0000000402331,562.000003352761
21.6000000268221,571.999999329448
21.6,577.999999798834
21.8000000067055,589.000000771135
21.9999999899417,611.999997887761
21.9000000100583,591.000002112239
22.0999999932945,629.999998692423
22.0,586.0
22.1,622.999998994172
22.1,608.000002011656
22.1,608.0
22.0000000033528,589.000000637025
22.0999999932945,624.999998860061
21.8999999899417,591.000001709908
21.8000000100583,607.999998290092
21.8,590.000000603497
21.8,601.0
21.8,590.000000536442
21.8,597.999998927117
21.5000000201166,604.999999530613
21.5,580.00000083819
21.2000000033528,637.999998021871
21.3,579.000004727392
21.3,625.999995272608
21.3,612.000000469387
21.5,576.0
21.4999999932945,617.999999329448
21.400000013411,608.000001341104
21.3000000067055,589.000001274049
21.3,615.999999094754
21.2,622.000000972301
21.2,650.999996580184
21.2,617.000003419816
21.1000000033528,660.999998524785
20.9,626.0
20.599999986589,669.999999798834
20.4000000268221,667.000000402331
20.200000013411,674.999999463558
19.7000000167638,617.000001944602
19.4999999899417,638.000001341105
19.1999999698252,677.999998491258
18.9000000301748,663.000001508742
18.7000000067055,654.000000301749
18.8,677.0
18.4,634.000000335276
18.4,638.999999329448
18.4999999932945,640.999999865889
18.5,672.999998927116
18.3999999966472,642.000000067055
18.3,644.000000402331
18.3,647.999999597669
18.3999999966472,645.000000100583
18.2,667.0
18.1999999932945,642.000000201166
18.100000013411,644.999999597669
17.8000000201166,644.000000067055
17.8,639.000000167638
17.7999999966472,641.000000100583
17.7000000201166,644.000000100583
17.8999999798834,644.999999899417
17.8000000033528,635.000000335276
17.7,640.0
17.8,640.999998725951
17.8,622.000002548098
17.7000000067055,629.999999463558
17.6000000033528,629.000000033528
17.8,629.999999798834
17.7999999899417,624.000001709908
17.7000000100583,640.999998290092
17.7,633.000000268221
17.7,626.0
17.6999999932945,628.000000335276
17.600000013411,632.999999329448
17.6,615.000001206994
17.5000000033528,624.999999664724
17.4,611.000000737607
17.4000000502914,632.999999094755
17.8999999497086,624.000000905245
19.1999999564141,625.999999932945
20.3,622.0
21.6000000804663,639.000000737607
22.7999998390675,649.999998524785
23.7999999329448,640.000000670552
24.8999999631196,632.000000268221
25.6000000201166,609.999999698251
26.2000000402331,600.999999195338
26.5999999597669,593.000000804662
26.7999999932945,582.000000368804
26.9,571.0
26.899999986589,577.999999329448
26.7000000268221,568.000001341104
26.4000000201166,573.999999597669
26.3000000033528,585.999999597669
26.1999999899417,567.000000268221
25.9000000100583,574.999998491258
25.9999999899417,560.000001508742
25.9000000033528,559.000000033528
25.9,567.0
26.1000000067055,555.00000154227
26.199999986589,577.99999691546
26.2,555.00000154227
26.1000000033528,553.000000067055
26.1,556.999999966472
26.0999999798834,555.999998893589
25.9000000201166,545.000001106411
25.9,543.000000067055
25.9,553.0
25.799999986589,549.999999463558
25.6000000268221,542.000001072883
25.5000000067055,539.000000201166
25.2000000100583,552.999999530613
25.2,539.00000281632
25.1999999899417,623.000010259447
25.1000000100583,724.999989740553
25.0000000033528,858.9999955073
25.1,998.0
25.099999986589,902.000005833803
24.9000000268221,988.999988332393
24.9999999932945,987.00000013411
24.9000000033528,940.000001575798
24.9,989.999997317791
24.8999999798834,909.999995876105
24.7000000201166,869.000004123895
24.5000000067055,825.000001475215
24.4,802.0
24.399999986589,737.999999061227
24.2000000268221,724.000001877546
24.000000013411,704.000001341105
24.0999999966472,699.000000167638
23.9999999966472,779.000003252179
23.8999999396503,875.999987829479
23.3000000603497,755.000012170521
23.2000000033528,770.999999463558
23.1,656.0
,
,
,
,
,
,
,
,
,
25.9999999932945,448.000000804663
25.900000013411,459.999998390675
26.1999999798834,479.999998658895
26.2999999966472,498.999999362975
26.3999999966472,595.000002212823
26.2999999798834,660.999995574356
26.1000000201166,617.000004425644
25.6000000167638,713.999996747821
25.5,851.0
25.099999986589,930.000002682208
24.9000000268221,969.999994635583
24.5000000268221,1021.99999651313
23.9000000201166,1056.99999882653
23.4999999932945,951.999996077269
23.3,834.99998893589
23.3,725.00001106411
24.0999999731779,716.000000301749
24.6,715.0
25.1000000402331,678.000000268221
25.6999999195337,681.999999463558
26.1999999664724,719.999997451901
26.2999999966472,839.999995976686
26.3000000033528,836.000000201166
26.4000000402331,842.000001005828
26.7999999597669,851.999998994172
26.7000000033528,754.000003285706
27.2,672.0
27.4999999396503,605.999996848405
26.6000001206994,559.00000630319
26.799999986589,574.999998927116
27.2999999832362,506.000002313405
27.3999999564141,467.000000234693
26.0999999899417,474.00000321865
26.0000000100583,505.99999678135
26.4999999832362,484.000000737608
26.0,440.0
26.0999999932945,465.000001005828
26.000000013411,479.999997988344
25.9000000067055,467.000000871718
26.299999986589,491.99999916181
26.3000000067055,496.99999929592
26.4999999195337,476.000000603497
25.7000000804663,481.999999396503
25.9999999899417,463.000000637025
26.5,457.0
26.9999999195337,466.999999664724
25.8000001609325,462.000000670552
25.7000000067055,457.000000335276
26.2999999798834,445.000000402331
25.9999999966472,455.000000972301
25.8999999698252,483.999996379019
25.6000000301748,448.000003620981
25.7999999932945,480.999998893589
26.0,465.0
26.8999999798834,467.000001944601
26.6000000402331,495.999996110798
26.3000000201166,496.0
26.4999999932945,524.999999027699
26.8999999765307,490.999998960644
26.1999999497086,460.000001005828
25.7000000502914,469.999998994172
26.8999999597669,467.000000100583
26.4,526.0
26.299999986589,536.000002883374
26.1000000268221,578.999994233252
26.7999999530613,544.000002346933
26.2000000201166,544.0
25.100000013411,592.999999061227
25.5000000402331,565.000000603497
25.8999999597669,570.999999396503
25.9999999966472,598.999999061227
26.3,586.0
27.1000000335276,585.999999061227
27.5999999329448,572.000001877546
27.3000000201166,552.000001341105
26.900000013411,508.000001475215
26.1999999765307,454.999998658895
25.5000000804663,415.000000502914
26.2999999195337,419.999999497086
26.3,465.99999845773
26.2,460.0
25.8999999798834,496.000001408159
25.6000000402331,516.999997183681
25.9999999731779,500.000001139939
26.7999999731779,524.99999916181
26.7999999765307,570.999999094754
26.1000000201166,543.999999597669
26.2999999798834,540.000000402331
26.699999986589,531.000000301749
26.8,492.0
26.599999986589,547.999997921288
26.4000000268221,517.000004157423
26.0000000268221,522.999999597669
25.8000000067055,607.999997150153
26.2000000033528,562.999999128282
26.2999999798834,537.000004928558
26.1000000201166,585.999995071442
25.9000000067055,609.999999195337
26.2,658.0
25.9999999932945,633.999999597669
25.900000013411,628.000000804663
25.9999999932945,672.999996982515
25.8000000067055,715.999998558313
25.8999999899417,675.999998893589
25.6,643.000005129724
25.6,693.999994870276
25.5000000033528,694.999999966472
25.5,683.0
25.3000000067055,709.000001475215
25.399999986589,730.999997049571
25.3000000067055,888.999989405274
25.2000000033528,857.000001072884
25.0999999899417,788.999999798834
24.8,782.999999597669
24.8,779.000000402331
24.5000000100583,825.999998424202
24.3,1043.0
24.200000013411,1026.00000040233
24.3999999731779,1031.99999919534
24.599999986589,1026.00000040233
24.7999999932945,1026.0
24.9999999966472,986.999999262393
24.9000000100583,964.999998491258
24.9999999899417,950.000001508742
25.0,926.000000804663
25.0,907.0
24.9999999932945,887.000000201166
24.900000013411,889.999999597669
24.3000000402331,898.999999396503
23.7000000201166,863.000001206994
23.1999999899417,872.999999497086
22.8999999497086,857.99999929592
22.4000000502914,851.00000070408
22.1000000100583,860.999999664724
21.8,857.0
21.499999986589,858.999999530614
21.3000000268221,852.000000938773
21.2000000067055,837.000001005828
20.800000013411,830.000000234693
21.1000000067055,824.000000804663
21.3000000201166,847.999997384847
21.4999999798834,822.000002615153
21.6999999932945,812.000000335276
21.5,797.0
21.299999986589,807.999998994172
21.1000000268221,793.000002011656
21.0000000067055,809.999998860061
20.7000000100583,808.000000067055
20.799999986589,804.000000469387
20.3999999798834,817.999998692423
20.2000000201166,805.000001307577
20.2,793.000000402331
20.0,808.0
19.9,818.000000737607
19.9,828.999998524785
19.6000000201166,807.000001475215
19.6,812.999999798834
19.5999999966472,817.999999664724
19.4999999899417,807.999999798834
19.4000000100583,806.000000201166
19.4,804.000000067055
19.3,802.0
19.0999999932945,818.999997787178
19.000000013411,786.000004425644
19.0999999932945,779.000000469387
18.9000000067055,787.999999698251
18.8,784.99999986589
18.7999999899417,781.000003419816
18.7000000100583,814.999996580184
18.7,780.000001173466
18.5,813.0
18.5999999932945,807.99999859184
18.500000013411,787.000002816319
18.2000000201166,791.999999664724
18.4999999899417,803.999999597669
18.6000000033528,797.999999228865
18.7000000100583,775.000000301748
18.7999999899417,777.999999698252
18.9999999932945,792.999999497086
18.8,771.0
19.1000000469386,761.000000603497
19.7999999061227,769.999998793006
20.4999999530613,766.000000268221
20.4000000033528,760.000000201166
20.3999999966472,765.000000100583
20.3000000201166,767.999998994172
20.4999999798834,758.000001005828
20.5999999966472,768.999999631196
20.4,758.0
20.3,752.000001475215
20.3,773.999997049571
20.100000013411,760.000000938773
20.1,771.999999597669
19.9,779.999999497086
19.9,764.999999195337
19.9,757.000000804663
19.500000013411,780.999999195337
19.4,767.0
19.3999999932945,770.000001072883
19.300000013411,785.999997854233
19.2000000067055,774.000000804663
19.1000000033528,761.000000435859
19.0,784.999999932945
18.9999999899417,782.99999748543
18.9000000100583,758.00000251457
18.8000000033528,800.999998558313
18.6,771.0
18.5999999932945,769.000001475215
18.500000013411,790.999997049571
18.4000000067055,789.00000013411
18.3000000033528,769.000000670552
18.1000000201166,767.000000637025
18.6999999899417,785.999998390675
18.6000000100583,770.000001609325
18.6999999966472,794.99999916181
18.5,791.0
18.1999999932945,800.999999798834
18.100000013411,798.000000402331
18.5999999664724,797.000000067055
20.9999999195337,766.000001039356
22.7000000335276,748.999999362975
23.7000000905245,729.999998893589
24.5999999094755,719.000001106411
25.2999999765307,702.00000056997
25.7,637.0
26.0000000067055,677.999997921288
26.099999986589,647.000004157423
26.0000000067055,654.999999463558
25.0000000335276,685.999998960644
24.0999999765307,682.999999932945
23.3999999497086,681.00000070408
22.9000000502914,687.99999929592
23.1999999899417,687.000000033528
22.7,706.0
22.7,699.999998524785
22.7,678.000002950429
23.2999999597669,656.000001475215
23.5999999899417,669.999999530613
23.9000000067055,671.999999631196
24.1000000100583,660.999998893589
24.1999999899417,650.000001106411
24.2,611.000001307577
24.2,640.0
24.2,623.000000402331
24.2,628.999999195338
24.2,583.000003084541
24.0000000067055,600.999999396503
24.1000000033528,567.000000402331
24.1999999798834,578.99999678135
24.0000000201166,547.00000321865
24.0999999966472,566.999999329448
24.0,540.0
23.799999986589,540.999998860062
23.6000000268221,524.000002279877
23.5000000067055,533.999999329448
23.100000013411,528.000000201166
22.7999999932945,518.000000268221
22.6000000100583,526.000020116563
22.6999999899417,725.999979883437
22.8999999932945,794.999997686595
23.0,914.0
23.1000000201166,983.00000476092
23.3999999597669,1053.99999047816
23.599999986589,991.000004224479
23.7999999932945,902.000002983958
24.0000000100583,915.000005632639
24.3000000301748,1083.00000100583
24.5999999698252,1092.99999899417
24.7999999932945,1044.00000164285
25.1,989.0
25.400000013411,993.000009119509
25.5999999731779,1128.99998176098
25.8999999798834,1070.00000395626
26.1999999899417,1063.00000023469
25.8999999966472,994.000003855676
25.8000000100583,1108.99998682365
25.8999999899417,978.000013176349
26.3999999832362,984.999999765307
26.6,794.0
26.1999999932945,730.000001475215
26.100000013411,751.999997049571
26.3999999798834,681.000004760921
26.6999999899417,738.999998055398
26.4999999899417,730.999999329448
26.2000000402331,711.000000603497
26.5999999597669,716.999999396503
26.6,666.000001709908
26.5,664.0
26.4999999798834,636.999997720123
26.2000000402331,603.000004559754
26.2,632.999997988343
26.599999986589,594.000001307577
26.5999999899417,595.000001206994
26.2999999899417,630.999997988344
26.2000000100583,611.000002011656
26.4999999899417,642.999998927116
26.7,666.0
26.4999999798834,674.999995842577
26.2000000402331,613.000008314846
26.1000000067055,601.000000804663
26.5999999832362,619.999999362975
26.5999999966472,606.000000905246
26.5000000301748,632.999994568528
26.7999999698252,579.000005431472
26.6000000067055,546.000001106411
26.5,551.0
27.0000000335276,584.999998390675
27.4999999329448,561.00000321865
27.5,540.00000140816
27.3000000067055,547.999999731779
27.2999999932945,541.999997787177
27.1,475.999994970859
27.1,426.000005029141
26.1000000335276,468.999998558313
26.7,438.0
26.3000000335276,430.000000268221
26.7999999329448,433.999999463558
26.4000000268221,445.999999195337
26.2000000067055,437.000000301749
26.0000000100583,445.999999832362
26.3,440.999999597669
26.3,437.000000402331
26.7999999832362,448.999999597669
27.0,443.0
27.5999999463558,463.999996848405
26.8000001072883,417.00000630319
26.5000000201166,426.999999329448
26.899999986589,446.999999329448
26.2999999698251,413.000000067055
25.4000000502914,415.000003419816
25.8999999497086,448.999996580184
26.5999999765307,408.000001374632
26.2,425.0
26.700000013411,421.00000154227
26.8999999731779,443.99999691546
26.4000000335276,445.99999986589
26.3000000033528,431.000000502914
26.4000000033528,431.000000201166
26.5000000502914,436.999999195337
26.9999999497086,429.000000804663
27.0,431.999999899417
26.2,418.0
26.4999999664724,438.000000268221
26.0000000670552,441.999999463558
25.6000000268221,442.0
25.4000000067055,437.000000167638
25.9000000167638,473.999998692423
26.4,435.000003419816
26.4,468.999996580184
25.2000000402331,472.999999865889
25.5,485.0
26.5,429.000002279877
26.5,462.999995440246
26.1000000268221,463.999999932945
26.3999999899417,464.999999966472
26.2999999932945,478.999998960644
26.1000000402331,448.00000070408
26.4999999597669,454.99999929592
26.899999986589,469.999999497086
26.8,447.0
26.6999999664724,445.999998122454
26.2000000670552,418.000003755092
25.8000000268221,422.999999664724
25.8999999966472,437.999999497086
26.0000000167638,433.000001039356
26.4999999899417,464.000001609325
26.4000000100583,479.999998390675
26.1000000100583,470.000000335276
26.0,487.0
26.7999999932945,441.00000167638
26.700000013411,465.999996647239
26.7999999932945,513.999996781349
26.8,484.000001005828
26.6000000033528,492.999999698251
26.6999998994172,483.999998994172
25.7000001005828,474.000001005828
25.8999999932945,454.000000670552
26.4,470.0
26.3,485.000001274049
26.3,503.999997451902
26.3999999932945,495.000000603497
26.1000000100583,479.000000536442
25.899999986589,535.000000033528
25.5,536.000008549539
25.5,620.999991450461
25.5999999966472,656.999998793006
26.1,804.0
26.7999999932945,616.000001475215
26.700000013411,637.999997049571
26.0000000469387,570.000004559756
26.0,533.000001240522
26.1000000033528,583.000000268221
26.2000000201166,590.999999497086
26.3999999798834,586.000000502914
26.2000000067055,554.000001072884
26.0,556.0
26.0000000067055,594.000002682208
26.099999986589,633.999994635583
26.1999999932945,693.999995976686
26.0000000067055,654.000001341105
26.2,633.000002011657
26.1999999698252,693.000003822147
25.9000000301748,730.999996177853
25.8000000033528,686.000001508743
25.6,628.0
25.7000000067055,667.000003956258
25.799999986589,725.999992087485
25.7000000067055,729.999999731779
25.7999999966472,725.000000167638
25.2999999832362,776.000005800277
24.7999999396503,949.00000251457
24.2000000603497,973.99999748543
23.9000000100583,1011.99999872595
23.6,956.0
23.299999986589,1001.99999731779
23.1000000268221,962.000005364417
23.0000000067055,951.000000737608
23.0999999966472,967.999999430031
23.1,980.999999832362
23.1,975.999999798834
23.1,974.000000201166
22.9000000067055,974.0
22.8,953.0
22.599999986589,956.999999262393
22.4000000268221,946.000001475215
22.4,940.000000402331
22.4999999966472,925.000000502914
22.2000000033528,927.999998994172
22.2999999798834,898.000001005828
22.1000000201166,907.999998994172
22.0000000033528,901.000000234693
21.5,869.0
21.2999999731779,812.999997720123
20.9000000536442,779.000004559754
20.8000000067055,752.000001810491
20.6000000067055,766.999999497086
20.7,763.999999430031
20.7000000201166,746.999999497086
20.8999999798834,742.000000502914
20.9999999966472,754.999999564141
21.0,758.0
21.0000000067055,754.000000268221
21.099999986589,750.000000536442
21.0000000067055,749.000000067055
21.0,738.000000368804
20.9000000067055,745.000000603497
21.0999999899417,762.999998893589
21.0000000100583,752.000001106411
21.0,766.999999497086
21.0,755.0
20.800000013411,747.000000201166
20.9999999731779,749.999999597669
20.9000000067055,695.000003688038
20.9999999966472,694.000000033528
20.7999999966472,702.999999094754
20.7,676.000001206994
20.7,687.999998793006
20.8999999932945,746.999998021871
20.8,738.0
20.6999999798834,732.99999986589
20.4000000402331,731.000000268221
20.3000000067055,735.999999664724
20.3,736.0
20.6000000033528,716.999999765307
20.6999999899417,710.000001709908
20.6000000100583,726.999998290092
20.5000000033528,727.999999966472
20.5,725.0
20.699999986589,726.99999859184
20.5000000268221,706.000002816319
20.5,703.000000201166
20.4000000033528,701.000000067055
20.4,697.000000670552
20.4,717.000002112239
20.4,737.999997887761
20.4,692.00000154227
20.1,700.0
20.099999986589,709.999999731779
19.9000000268221,706.000000536442
20.1999999798834,707.99999986589
20.3999999932945,687.00000070408
20.5000000067055,689.000001106411
20.7,721.99999607727
20.7,683.00000392273
20.8999999932945,688.999999798834
20.7,710.0
20.7,691.999999731779
20.7,688.000000536442
20.7,683.000000335276
20.6000000033528,688.999999798834
20.4,692.000000167638
20.4000000100583,696.999998088927
20.4999999899417,678.000001911073
20.3000000067055,700.999999228865
20.3,688.0
20.2999999932945,689.000000670552
20.200000013411,698.999998658896
20.2,684.000001005828
20.1000000033528,688.999999832362
20.1000000100583,704.999999430031
20.4000001408159,687.999997083098
21.7999998591841,659.000002916902
22.7999999664724,653.000000201166
23.7,647.0
24.2000000201166,616.99999986589
24.4999999597669,615.000000268221
24.7999999798834,602.000000871718
24.8999999966472,584.000000603497
25.1000000033528,592.999999262393
25.2,570.999998491258
25.2,556.000001508742
24.6000000201166,559.99999986589
24.5,555.0
24.4999999932945,537.00000013411
24.400000013411,538.999999731779
24.4999999932945,534.000000335276
24.6999999932945,512.000000737607
24.8000000033528,524.999999228865
24.9,502.000001005828
24.9,511.999998994172
24.8000000033528,508.00000013411
24.8,510.0
24.7,484.000000402331
24.7,489.999999195337
24.7,479.000000737607
24.7,463.000000536442
24.5,462.000000502914
24.5,476.999998994172
24.5,467.000001005828
24.5,474.999999731779
24.4,460.0
24.4,459.000000201166
24.4,461.999999597669
24.4,435.000001810491
24.4,437.999999899417
24.3,454.999999530613
24.3,441.000001005828
24.3,450.999998994172
24.3999999966472,430.00000070408
24.3,437.0
24.099999986589,412.000000469386
23.9000000268221,418.999999061227
23.9,409.000000670552
23.7000000067055,423.999999497086
23.3000000033528,424.000002849847
23.3999999899417,509.000007644294
23.3000000100583,584.999992355706
23.3,733.999995004385
23.4,909.0
23.7000000067055,975.999997384847
23.799999986589,937.000005230307
23.8999999932945,970.999997720122
24.0999999932945,1048.99999738485
24.3000000067055,995.99999704957
24.5000000301748,908.000013779846
24.7999999698252,1044.99998622015
24.9999999932945,1030.00000050291
25.4,974.0
25.5999999597669,933.000002883374
25.0000000804663,975.999994233252
24.6000000268221,912.000004291535
24.6999999966472,843.000002313405
24.4000000201166,670.999998725951
25.0000000402331,632.999997284264
25.3999999597669,606.000002715736
25.8999999832362,591.000000502914
26.4,634.0
26.2999999731779,699.999998390675
25.9000000536442,676.00000321865
25.6000000201166,656.000001341105
26.3999999731779,659.99999986589
26.6999999798834,683.999997250736
26.1000000201166,602.000000100583
26.2999999798834,602.999999899417
25.900000013411,685.999997217208
26.2,738.0
26.599999986589,650.000009857116
26.4000000268221,796.999980285768
26.200000013411,783.000000938773
26.2,742.000001374632
26.4999999966472,690.999999396503
26.4,672.999999698251
26.4,670.000000301749
26.4,680.999999631196
26.5,625.0
26.600000013411,630.000002883374
26.7999999731779,672.999994233252
26.8,600.000004895032
26.400000013411,589.000000368804
26.0000000201166,553.000000368804
26.6000000201166,564.000002011656
26.7999999798834,583.999997988344
26.0000000268221,507.000002581626
26.5,575.0
26.3,536.999998927117
26.3,521.000002145767
25.9000000268221,545.999998323619
26.3999999832362,512.000001139939
26.5999999832362,501.999998893589
26.1,469.000002112239
26.1,489.999997887761
26.2999999932945,476.000000469387
26.6,476.0
26.3999999664724,475.999997586012
25.9000000670552,440.000004827975
25.9999999932945,452.999999128282
26.4999999832362,467.999999497086
26.5999999932945,467.999999798834
26.4000000502914,462.000001408159
26.8999999497086,475.999998591841
26.7000000067055,466.000000335276
26.4,459.0
26.299999986589,446.999998122454
26.1000000268221,419.000003755092
26.5999999664724,450.999997854233
26.4000000067055,452.999999932945
26.3999999966472,437.0
26.3000000201166,437.000001005828
26.4999999798834,446.999998994172
26.3000000067055,416.000001039356
26.7,415.0
26.4999999597669,436.000001274049
25.9000000804663,454.999997451902
26.2999999731779,427.000001877546
25.900000013411,470.999998524785
25.4000000167638,424.000002045184
25.8999999798834,484.999994568528
25.7000000201166,431.000005431472
25.2000000167638,467.999998759478
25.7,469.0
25.9999999932945,570.999992355706
25.900000013411,457.000015288588
25.8000000067055,472.999998927116
25.8999999966472,491.999999362975
26.6999999899417,572.000003051013
26.3999999899417,662.999986220154
26.3000000100583,526.000013779846
27.0999999731779,493.000001106411
25.9,473.0
25.3000000402331,454.000001743436
25.8999999195337,479.999996513129
26.1999999798834,502.99999845773
26.9999999731779,507.999999832362
26.4999999798834,457.999998960644
25.9,426.99999929592
25.9,420.00000070408
25.9999999966472,425.999999798834
26.4,416.0
26.399999986589,431.999997921288
26.2000000268221,401.000004157423
26.399999986589,424.999998390674
26.4,469.999998491257
26.2999999899417,440.999999362975
26.0000000201166,422.000000603497
26.1999999798834,427.999999396503
26.0000000067055,436.999999698251
26.2,449.0
25.7,461.999997653068
25.7,427.000004693865
26.1999999664724,486.999995976686
26.2999999966472,476.000000368804
26.2000000067055,463.999999664724
26.4,454.000003319233
26.4,486.999996680767
26.4999999966472,494.999999731779
26.5,496.0
26.5999999798834,505.999998860061
26.3000000402331,489.000002279877
26.100000013411,513.999998323619
26.0000000033528,555.99999859184
26.0999999966472,626.000005465001
26.0000000301748,788.999982900921
26.2999999698252,619.000017099079
26.4999999932945,572.000001575798
26.1,588.0
26.0000000067055,573.000010527668
26.099999986589,729.999978944664
26.1999999932945,819.999993965029
26.3999999932945,752.000002279878
26.7999999966472,655.00000140816
26.6999999698252,696.999996580184
26.4000000301748,663.000003419816
25.9000000167638,586.000002581626
26.1,650.0
26.3000000201166,609.000005632638
26.5999999597669,692.999988734725
26.1000000335276,595.000006571412
26.0000000033528,629.999998826533
26.1000000067055,605.000003151596
26.2999999899417,699.000002816319
26.2000000100583,726.999997183681
26.2,708.000000637025
26.1,634.0
26.1,589.000002615153
26.1,627.999994769694
25.900000013411,694.9999955073
25.8000000033528,781.999997083097
25.7000000033528,754.999999966472
25.8000000100583,754.000001810491
25.8999999899417,771.999998189509
25.8000000033528,763.000000301749
25.8,719.0
25.8,656.0
25.8,656.0
25.8,669.999999061227
25.7000000033528,651.000000637025
25.6999999966472,643.999999765307
25.6000000100583,636.999997887761
25.6999999899417,616.000002112239
25.7999999966472,606.000000335276
25.8,605.0
26.0,577.999998994172
26.0,563.000002011656
26.0999999932945,567.999999664724
26.1,564.00000013411
26.0000000033528,537.000000201166
26.1,542.99999859184
26.1,529.00000140816
26.2999999932945,539.999999631196
25.8,535.0
25.4999999798834,545.0
25.2000000402331,545.0
25.000000013411,541.000000268221
24.5000000167638,558.999999396503
24.2999999899417,550.999999832362
23.9999999798834,546.000003118067
23.8000000201166,576.999996881933
23.6000000067055,577.999999966472
23.5,570.0
23.2999999932945,572.999999396503
23.200000013411,564.000001206994
22.5000000469387,539.000001676381
22.100000013411,540.999999932945
21.7999999832362,525.999999597669
21.2999999798834,514.000001005828
21.1000000201166,523.999998994172
21.0000000033528,518.000000201166
20.9,507.0
20.8000000067055,508.999999262393
20.899999986589,498.000001475215
20.9,495.000000201166
20.500000013411,500.999999798834
20.2999999966472,471.000000804663
20.2,494.999997988344
20.2,475.000002011656
20.0000000067055,479.999999832362
19.9,465.0
20.0000000201166,475.999999798834
20.2999999597669,473.000000402331
20.100000013411,468.000000335276
20.1,462.000000201166
20.0999999932945,453.000000033528
19.9,454.000000301748
19.9,456.999999698252
19.9999999966472,453.00000013411
20.4,458.0
20.4,458.999999597669
20.4,453.000000804663
20.200000013411,456.999999731779
20.0000000067055,446.000000368804
20.2,451.999999966472
20.2,450.999999798834
20.2,449.000000201166
20.3999999932945,454.999999798834
20.3,453.0
20.3000000067055,446.999999664724
20.399999986589,442.000000670552
20.3000000067055,458.999998860061
20.3,449.000000335276
20.4000000067055,454.000000100583
20.5999999798834,456.999999195337
20.4000000201166,449.000000804663
20.799999986589,446.000000100583
20.7,455.0
20.4,467.999998524785
20.4,446.000002950429
20.599999986589,448.999999798834
20.6,446.000000100583
20.7000000100583,453.999999530613
20.9999999899417,440.000001709908
20.9000000100583,456.999998290092
20.500000013411,449.000000268221
21.1,448.0
20.6999999932945,457.000000201166
20.600000013411,459.999999597669
20.5000000067055,452.000000536442
20.4000000033528,464.999999564141
20.5,461.999999564141
20.5000000100583,449.000001106411
20.5999999899417,459.999998893589
20.8999999899417,461.999999932945
20.9,455.0
20.6999999798834,467.999999932945
20.4000000402331,467.00000013411
20.4,449.000001206994
20.5999999932945,465.999999430031
20.9999999899417,467.999999698251
20.7,459.00000070408
20.7,465.99999929592
20.7999999966472,476.999999631196
20.4,458.0
20.4000000201166,464.0
20.6999999597669,464.0
20.7,464.0
20.7999999966472,469.999999798834
20.6000000033528,475.0
20.7000000201166,475.000000100583
20.8999999798834,475.999999899417
20.7000000067055,476.999999966472
20.5,485.0
20.5,474.000000402331
20.5,479.999999195337
20.5,465.000001005828
20.5,467.999999899417
20.5000000033528,474.99999986589
20.6000000100583,470.999999798834
20.6999999899417,469.000000201166
21.7999999631196,472.999999865889
23.1,485.0
24.2000000335276,472.999998658896
24.6999999329448,453.000002682208
25.2999999597669,446.000000469387
25.699999986589,452.999999765307
26.0000000067055,425.999999966472
26.2000000100583,425.000000100583
26.2999999899417,425.999999899417
26.3999999966472,424.000000067055
26.4,426.0
26.3999999932945,418.000000335276
26.300000013411,422.999999329448
26.3,410.000000871718
26.2000000033528,420.999999631196
26.0,419.000002279878
25.9999999899417,487.000013176349
25.9000000100583,617.999986823651
26.0999999932945,590.000000938773
26.0,883.0
26.099999986589,891.000000938773
25.9000000268221,904.999998122454
26.099999986589,807.000006571413
26.0000000033528,869.99999788776
25.9,1033.99999493733
25.8999999899417,883.000009957699
25.8000000100583,981.999990042301
25.8999999966472,900.000002749264
25.8,885.0
25.9,932.999998256564
25.9,907.000003486871
26.099999986589,926.999998658895
26.1,965.999998692423
26.0999999966472,930.99999986589
26.0,926.999999396503
26.0,921.000000603497
26.1999999932945,909.000000402331
25.9,884.0
25.9,868.000000804663
25.9,879.999998390675
25.9,994.999992288649
25.9,1301.99998970702
25.8999999966472,1179.99999141693
25.7999999698252,924.000003319233
25.5000000301748,956.999996680767
25.6999999932945,879.000002615154
25.7,940.0
25.900000013411,937.000000335276
26.0999999731779,941.999999329448
26.299999986589,875.0000044927
26.2000000033528,975.999996613711
26.4000000033528,836.999998725951
26.4999999899417,799.000000804662
26.4000000100583,806.999999195338
26.5999999932945,817.999999631196
26.3,756.0
26.1000000067055,765.000002279877
26.199999986589,798.999995440246
26.4999999798834,997.999986656009
26.6999999932945,867.000004392118
26.3000000033528,706.000002045184
26.3999999798834,767.000004526227
26.2000000201166,811.999995473773
26.2999999966472,665.000004928559
26.4,630.0
26.5,605.000000469386
26.5,611.999999061227
26.300000013411,583.000001944602
26.3,694.999996244907
26.3,780.000000502914
26.3,794.999988432976
26.3,680.000011567024
26.4999999932945,751.999997586012
26.6,697.0
26.6999999932945,711.999998793006
26.600000013411,694.000002413988
26.400000013411,684.000000670552
26.1000000100583,608.000002548099
26.3,722.000001642853
26.3000000100583,770.999984912577
26.3999999899417,621.000015087423
26.6999999899417,710.999996982515
27.0,827.0
27.3999999731779,593.999996647239
27.0000000536442,544.000006705521
26.6000000268221,528.000001072884
26.5000000033528,518.000000335276
26.4000000033528,530.999998491257
26.5000000301748,486.000001206994
26.7999999698252,497.999998793006
26.9999999932945,492.000000201166
27.4,482.0
27.4999999731779,519.999997183681
27.1000000536442,478.000005632638
26.7000000268221,452.000001743436
26.2000000167638,449.000000100583
26.1999999932945,426.00000083819
26.0000000201166,451.00000251457
26.1999999798834,475.99999748543
26.6999999832362,412.000002145767
27.0,435.0
26.8,448.99999986589
26.8,447.000000268221
26.600000013411,440.000000469387
26.999999986589,447.999999731779
26.8999999899417,447.999999564141
26.5999999798834,435.000000502914
26.4000000201166,439.999999497086
26.4,435.000000167638
26.6,438.0
26.399999986589,455.999997653068
26.2000000268221,421.000004693865
25.7000000335276,446.999998256564
25.8999999932945,466.999999329448
26.300000013411,419.000002212823
26.6999999698252,484.999998591841
26.4000000301748,471.000001408159
26.4,427.000001475215
26.3,463.0
26.2999999597669,488.999997116626
25.7000000804663,446.000005766748
25.7,474.999998055398
25.9999999899417,427.000001609326
26.4000000067055,448.000001676381
26.6,497.999994467945
26.6,443.000005532055
26.5000000033528,445.999999899417
26.6,467.0
26.499999986589,466.000000804663
26.3000000268221,477.999998390675
26.3999999932945,468.000000670552
26.4,513.99999845773
26.5999999932945,491.999999765307
26.3999999899417,484.999999698252
26.3000000100583,482.000000301748
26.3,524.999998558313
26.1,468.0
26.5,460.00000167638
26.5,484.999996647239
26.1000000268221,482.000000201166
26.1,484.999999899417
26.3,489.000000067055
26.3000000301748,491.000005431472
26.5999999698252,544.999994568528
26.6999999966472,504.000001374632
26.5,465.0
26.4999999932945,490.999999731779
26.400000013411,487.000000536442
26.200000013411,465.000001475215
25.9000000100583,475.999999631196
25.7000000033528,479.000000167638
25.8,484.000002011656
25.8,503.999997988344
25.8999999966472,478.000000871718
25.9,500.0
25.9000000067055,535.000000335276
25.999999986589,539.999999329448
26.0,574.999997653067
26.1999999932945,569.000000201166
26.0000000100583,544.999999932945
26.3,543.000003822147
26.3,580.999996177853
26.3,621.999998625368
26.3,586.0
26.0000000201166,562.000001609325
26.2999999597669,585.99999678135
26.2000000067055,597.999999195337
26.2,596.000000067055
25.5999999899417,643.000000402331
25.2999999698252,654.999999698252
25.0000000301748,652.000000301748
24.600000013411,643.000000301749
24.4,655.0
24.1999999932945,656.000000067055
24.100000013411,656.99999986589
23.900000013411,656.000000067055
23.7000000067055,653.000000100583
23.5999999899417,656.999999329448
23.2999999798834,636.999997988344
23.1000000201166,617.000002011656
23.0000000033528,598.000000637025
22.8,542.0
22.4999999932945,544.999997988344
22.400000013411,515.000004023313
22.1000000201166,507.000000536442
22.1,481.000000871718
22.2999999966472,484.000000536442
22.2000000201166,499.999999094755
22.3999999798834,491.000000905245
22.4999999966472,513.999999228865
22.9,507.0
22.800000013411,506.999999798834
22.9999999731779,504.000000402331
23.0,501.000000201166
22.600000013411,516.999999463558
22.3999999966472,506.000000201166
22.2999999497086,511.999995473773
21.8000000502914,467.000004526227
21.6000000067055,457.000000335276
21.7,475.0
21.6000000067055,466.500000569969
21.699999986589,458.000001139939
21.7999999932945,454.000000268221
22.0999999899417,464.999999631196
23.2000000402331,464.999999228865
24.4000001005828,441.999998390675
25.3999998994172,426.000001609325
25.9999999798834,426.999999966472
26.4,427.0
25.9999999731779,446.0
25.6000000536442,446.0
25.400000013411,446.0
25.2000000067055,458.999999564141
24.8999999899417,460.0
24.6,460.000001508742
24.6,474.999998491258
24.4000000067055,473.000000067055
24.3,476.0
24.3999999932945,485.000000737607
24.300000013411,495.999998524785
24.100000013411,493.000000201166
23.6000000167638,491.000000067055
23.3999999932945,498.999999530613
23.1999999698252,485.000001005828
22.9000000301748,494.999998994172
22.7000000067055,495.999999966472
22.5,493.0
22.399999986589,479.00000013411
22.2000000268221,480.999999731779
22.000000013411,483.999999798834
22.0999999966472,484.999999966472
21.9999999932945,478.000000033528
21.8,478.999999698252
21.8,476.000000301748
21.6000000067055,476.999999966472
21.5,471.0
21.4,462.000000402331
21.4,467.999999195337
21.4999999932945,468.0
21.4000000033528,453.000000502914
21.2,452.000000234693
21.2000000100583,459.000000301748
21.2999999899417,461.999999698252
21.1000000067055,455.000000234693
21.4,457.0
21.300000013411,447.000000469386
21.4999999731779,453.999999061227
22.3999999396503,440.000000938773
23.1999999731779,433.000000234693
24.0000000201166,414.000000402331
24.600000070408,426.0
25.299999929592,426.0
25.699999986589,408.000000603497
25.8,421.0
26.1000000201166,413.999999061227
26.3999999597669,400.000001877546
26.4,394.000000402331
26.2000000067055,402.999999698251
26.0,394.999999899417
26.0,391.999999597669
26.0,388.000000402331
26.1999999932945,373.000000502914
26.3,383.0
26.1999999932945,377.000000067055
26.100000013411,377.99999986589
26.1,367.000000737608
26.1999999966472,367.0
26.2,368.999999832362
26.2000000100583,364.00000070408
26.2999999899417,370.99999929592
26.2000000033528,369.000000067055
26.0,378.0
26.0000000067055,381.999998658896
26.099999986589,362.000002682208
26.1999999932945,367.999999597669
26.3999999932945,356.000000402331
26.1,362.0
26.1,362.000000301748
26.1,364.999999698252
26.1,354.000000368804
26.3,352.0
26.1999999932945,361.000000737607
26.100000013411,371.999998524785
25.8000000201166,377.999999597669
25.9999999932945,378.0
26.1000000033528,364.000000067055
26.2000000100583,365.999999597669
26.2999999899417,362.000000402331
25.900000013411,353.000000301749
26.2,364.0
25.9999999932945,387.999999597669
25.900000013411,382.000000804663
25.9,384.999999798834
25.9,389.999999832362
26.0000000033528,382.999999664724
26.1000000100583,373.000000100583
26.1999999899417,373.999999899417
26.2,370.00000013411
26.1,377.0
25.8000000067055,387.000000067055
25.899999986589,387.99999986589
25.5000000268221,383.000000335276
25.7999999899417,374.000000301749
25.9999999966472,380.000000100583
25.8999999698252,383.000002715736
25.6000000301748,409.999997284264
25.6999999966472,434.99999916181
25.7,525.0
25.6000000201166,595.000009119509
25.8999999597669,730.999981760983
25.9999999932945,675.000003755093
25.9000000033528,732.999998055398
26.0000000033528,621.999999497086
26.1000000100583,607.000009957699
26.1999999899417,705.999990042301
26.1000000033528,882.999994065612
26.0,619.0
25.999999986589,592.000001609325
25.8000000268221,615.99999678135
26.0999999798834,646.999997921288
26.1999999966472,784.999995373189
26.0,753.999999430031
25.9999999899417,736.999998893589
25.9000000100583,726.000001106411
26.0999999932945,698.000000938773
26.2,659.0
26.2999999731779,685.999996647239
25.9000000536442,636.000006705521
26.2999999731779,707.999995172023
26.3999999966472,702.000000201166
26.4,699.999998390674
26.3999999798834,652.000002112239
26.2000000201166,672.999997887761
26.2999999966472,767.999996814877
26.4,777.0
26.1000000067055,633.999998658896
26.199999986589,614.000002682208
26.2999999932945,643.999997988343
26.3,679.999998793006
26.1999999966472,742.000001274049
26.1000000402331,779.999995574356
26.4999999597669,736.000004425644
26.100000013411,657.000002648682
26.1,709.0
26.4000000067055,707.999999731779
26.499999986589,704.000000536442
26.5,677.000001810491
26.5,683.999999765307
26.4000000033528,657.999999832362
26.5000000201166,653.000000201166
26.6999999798834,654.999999798834
26.6000000033528,630.00000083819
26.6,612.0
26.6000000201166,616.999998055399
26.8999999597669,588.000003889202
27.099999986589,568.000001341105
26.700000013411,627.999997988343
26.7000000100583,575.999999765307
26.9999999798834,568.999996680767
26.8000000201166,536.000003319233
26.8,523.000000435859
26.7,493.0
26.5000000067055,503.999999463558
26.599999986589,496.000001072883
26.9999999731779,455.000002749264
27.0,441.000000469387
26.3000000033528,525.999998491257
26.4000000301748,480.999996479601
26.6999999698252,446.000003520399
26.9999999899417,463.999999396503
26.5,498.0
26.3000000067055,452.999999128282
26.399999986589,440.000001743436
26.4,475.999997586012
26.799999986589,476.0
27.0000000100583,453.999999463558
27.2999999798834,438.000004325061
27.1000000201166,480.999995674939
26.9000000067055,506.999999128282
26.9,447.0
27.299999986589,420.000000737607
27.1000000268221,430.999998524785
27.1,453.99999845773
27.2999999932945,413.000001374632
27.0999999899417,435.000000402331
26.799999929592,446.999996982515
26.100000070408,417.000003017485
26.1999999966472,438.999999262393
26.3,415.0
26.8999999731779,416.000002212822
26.5000000536442,448.999995574356
26.5,463.999998994172
26.4000000033528,464.0
26.5000000100583,458.999999899417
26.7999999798834,455.999999698252
26.6000000201166,453.000000301748
26.4000000067055,440.000000435859
26.8,435.0
27.2999999798834,430.000001139939
27.0000000402331,446.999997720123
27.0,442.000000335276
26.5000000167638,440.000000067055
27.0000000033528,425.000000268221
27.0999999798834,432.999997586012
26.9000000201166,409.000002413988
26.8000000033528,419.999999631196
27.3,439.0
27.3999999329448,439.999998189509
26.4000001341104,413.000003620981
26.599999986589,447.999997653067
26.8999999899417,400.000001609326
27.2999999932945,431.000000972301
27.0999999396503,459.999997686595
26.5000000603497,437.000002313405
26.4000000033528,442.999999798834
26.2,424.0
26.700000013411,419.000001877546
26.8999999731779,446.999996244908
27.099999986589,475.999998055398
26.8000000100583,464.000000402331
26.4999999932945,458.999999765307
26.3000000100583,451.999998390675
26.3999999899417,436.000001609325
26.5999999932945,436.999999966472
26.7,438.0
26.8999999731779,463.999999329448
26.5000000536442,454.000001341104
26.300000013411,459.999999597669
26.3999999966472,463.99999986589
26.400000013411,459.999999698251
26.8,451.000005632638
26.8,506.999994367362
26.6000000067055,471.000001206994
26.7,488.0
26.7000000067055,475.999997451902
26.799999986589,438.000005096196
27.0999999798834,438.999999932945
27.1999999966472,453.999999497086
27.3,463.000001139939
27.3000000100583,496.999993763865
27.3999999899417,435.000006236135
27.3000000033528,436.999999932945
27.5,423.0
27.8000000268221,444.000001341104
28.1999999463558,463.999997317792
28.2999999932945,524.999995909631
28.3999999966472,582.999998055398
28.4,558.000001039356
28.3999999497086,589.000003721564
27.9000000502914,625.999996278436
27.7000000067055,674.999998357147
27.6,624.0
26.8999999932945,563.999995574356
26.800000013411,498.000008851288
26.600000013411,470.000001877546
26.0000000201166,465.000000167638
25.7999999899417,468.000000100583
25.4999999798834,471.000000402331
25.3000000201166,474.999999597669
25.1000000067055,487.999999564141
25.0,482.0
24.799999986589,497.999999329448
24.6000000268221,488.000001341104
24.5000000067055,513.999998256564
24.5,514.999999966472
24.399999986589,514.0
24.0,514.000000402331
24.0,517.999999597669
24.0,511.000000234693
23.8,501.0
23.899999986589,501.000001274049
23.7000000268221,519.999997451902
23.6000000067055,520.0
23.5000000033528,504.000000536442
23.499999986589,523.99999986589
23.1000000100583,520.000000301748
23.1999999899417,522.999999698252
23.0000000067055,504.000000637025
23.0,501.0
22.9,497.999999128282
22.9,485.000001743436
22.9999999932945,502.999998793006
23.0,503.999999966472
22.8999999966472,501.000000167638
22.8000000100583,505.999999195337
22.8999999899417,498.000000804663
22.8000000033528,495.000000100583
22.9,493.0
22.7,503.99999986589
22.7,502.000000268221
22.6000000067055,498.000000268221
22.5000000033528,508.999999631196
22.5000000033528,502.000000402331
22.5999999798834,513.999997384847
22.4000000201166,488.000002615153
22.4,497.999999664724
22.4,475.0
22.199999986589,484.999998994172
22.0000000268221,470.000002011656
22.0,468.00000013411
22.0999999966472,463.000000167638
22.0000000033528,470.000000167638
22.1,474.999999798834
22.1,473.000000201166
22.1999999966472,489.999999430031
22.1,477.0
22.1,476.999999128282
22.1,464.000001743435
22.0000000067055,449.000001005828
22.0999999966472,465.999999430031
22.4000000033528,478.000000234693
22.5000000100583,484.999999195337
22.5999999899417,477.000000804663
22.6,475.000000067055
22.7,485.0
22.7,495.000000402331
22.7,500.999999195337
22.7,501.0
22.8999999932945,490.000000368804
22.8,489.999999832362
22.7999999798834,485.000001911074
22.6000000201166,503.999998088926
22.7999999932945,504.0
22.7,491.0
22.7,499.999999731779
22.7,496.000000536442
22.500000013411,506.999999262392
22.5999999966472,500.000000234693
22.5000000067055,498.000000167638
22.6999999798834,503.000000402331
22.5000000201166,506.999999597669
22.6999999932945,499.000000268221
22.4,507.0
22.5999999932945,504.000000536442
22.500000013411,511.999998927117
22.4000000067055,513.99999986589
22.4999999966472,503.000000368804
22.3,508.999999631196
22.3000000100583,498.000001206994
22.3999999899417,509.999998793006
22.000000013411,490.000000670552
22.5,478.0
22.8000000335276,473.00000013411
23.2999999329448,474.999999731779
23.6999999731779,448.000001810491
24.099999986589,442.000000201166
24.3000000100583,445.999999832362
24.6000000100583,440.999999798834
24.6999999899417,439.000000201166
24.8999999932945,427.000000402331
25.0,424.0
25.2999999932945,412.999999061227
25.200000013411,399.000001877546
25.2999999932945,398.000000067055
25.3999999966472,406.999999698251
25.6000000033528,394.00000013411
25.7,397.999997384847
25.7,372.000002615153
25.7999999966472,392.99999929592
25.8,383.0
25.899999986589,397.999999731779
25.7000000268221,394.000000536442
25.899999986589,380.000000938773
25.9999999966472,382.999999899417
25.7999999966472,390.000000033528
25.6999999899417,391.000000100583
25.6000000100583,391.999999899417
25.6999999966472,383.000000301749
25.8,376.0
25.899999986589,388.000000335276
25.7000000268221,392.999999329448
25.6000000067055,384.000000603497
25.5000000033528,409.999999128282
25.6,397.999999765307
25.6000000100583,391.000000804663
25.6999999899417,398.999999195337
25.7,391.000000268221
25.7,391.0
25.4000000067055,409.999999262393
25.499999986589,399.000001475215
25.5,389.000000670552
25.6999999932945,395.999999765307
25.7000000033528,373.000000469387
25.7999999798834,387.000001106411
25.6000000201166,397.999998893589
25.5000000033528,394.00000013411
25.6,403.0
25.7000000067055,398.999999195337
25.799999986589,387.000001609325
25.7000000067055,378.000000603497
25.2000000167638,386.999999698251
24.9999999966472,395.000000100583
24.8999999798834,398.000013880429
24.7000000201166,535.999986119571
24.7999999966472,620.999997150153
25.0,736.0
24.8999999932945,839.999993428589
24.800000013411,742.000013142821
24.8,795.999996379018
24.7000000033528,839.999998524785
24.7999999932945,782.000003822148
24.6000000100583,895.999987829479
24.6999999899417,775.000012170521
24.5000000067055,781.999999765307
24.4,747.0
24.3999999932945,752.999998860061
24.300000013411,736.000002279877
24.3999999932945,776.999997250736
24.4,769.000000268221
24.3,737.0000035204
24.2999999798834,841.999989539387
24.1000000201166,738.000010460613
24.1999999966472,746.999999698251
24.2,668.0
24.000000013411,710.000002212822
24.1999999731779,742.999995574356
24.1000000067055,762.999998658895
24.0000000033528,724.000001307577
24.1,699.000002078712
24.0999999698252,761.00000462681
23.8000000301748,806.99999537319
23.9999999932945,759.000001609326
24.0,731.0
24.0000000067055,861.999999664724
24.099999986589,857.000000670552
24.1,848.000000603497
24.0000000033528,833.000000502914
24.199999986589,811.999998290092
23.7999999798834,760.999992657454
23.6000000201166,688.000007342546
23.4000000067055,605.000002782792
23.5,597.0
23.6000000067055,637.999997653068
23.699999986589,603.000004693865
23.7,760.999989405274
23.7,833.999997552484
23.7000000033528,815.999997686595
23.7999999899417,747.000003319233
23.7000000100583,779.999996680767
23.8999999932945,754.000000871718
23.8,769.0
23.8,801.999997586012
23.8,766.000004827975
23.999999986589,774.999999396503
24.1999999932945,744.000001039356
24.600000013411,746.000003620982
25.000000070408,854.000002112239
25.699999929592,874.999997887761
25.9999999899417,883.999999698251
26.4,885.0
26.4999999597669,818.999997451902
25.9000000804663,781.000005096196
26.2999999731779,772.000000603497
26.1000000067055,746.000000871718
26.3999999966472,726.999998759478
26.2999999698252,689.999989338221
26.0000000301748,584.000010661779
26.2999999899417,542.00000140816
25.8,479.0
26.2999999798834,456.999999329448
26.0000000402331,447.000001341104
26.2999999798834,459.999999128282
26.3,519.999997988343
26.1000000100583,486.999998927116
26.4,454.999998189509
26.4,437.000001810491
26.3000000033528,440.999999865889
26.2,442.0
26.4000000536442,503.999999262393
27.1999998927117,493.000001475215
27.4999999798834,451.00000281632
26.1000000469387,421.000001005828
26.6999999731779,373.999999966472
25.9000000100583,373.000001709908
25.9999999899417,389.999998290092
26.399999986589,360.000001005828
26.7,380.0
26.7999999798834,410.000003151595
26.5000000402331,456.99999369681
26.300000013411,470.999999061227
26.699999986589,481.999999631196
26.7999999966472,457.000000905246
26.7000000402331,483.999999396503
27.0999999597669,478.000000603497
26.9000000067055,486.999999698251
26.5,442.0
26.4999999932945,415.99999845773
26.400000013411,393.00000308454
26.3000000067055,447.999996311962
26.1000000067055,456.999999698251
26.2000000067055,453.000000368804
26.4000000301748,464.000000100583
26.6999999698252,464.999999899417
26.8999999932945,472.999999731779
26.8,439.0
26.5999999731779,415.999997988344
26.2000000536442,386.000004023313
26.2999999932945,390.999999664724
26.5999999899417,450.999997988343
26.9000000067055,465.999998860061
27.0999999497086,432.000004123895
26.6000000502914,472.999995876105
26.5000000033528,479.999999765307
26.7,419.0
27.2,451.00000167638
27.2,475.999996647239
27.399999986589,413.000004224479
27.3000000033528,455.999998558313
27.3999999932945,458.999998826534
27.199999929592,423.99999929592
26.500000070408,417.00000070408
26.3000000067055,394.000000771135
26.4,378.0
26.5999999798834,391.000001072883
26.3000000402331,406.999997854233
26.100000013411,433.999998189509
25.9000000067055,439.999999798834
25.8999999966472,487.999998759478
25.7999999899417,451.000001307577
25.7000000100583,463.999998692423
25.6000000033528,489.999999128282
25.5,548.0
25.500000013411,530.999997049571
25.6999999731779,487.000005900859
25.7,574.99999409914
26.2999999798834,504.000002380461
26.7,463.999999463558
26.6999999798834,447.999996982515
26.5000000201166,418.000003017485
26.3000000067055,405.000000435859
26.3,394.0
26.2999999932945,389.999999262393
26.200000013411,379.000001475215
26.399999986589,379.0
26.4999999966472,377.000000067055
26.0999999966472,381.000001776964
26.0000000301748,434.00000251457
26.2999999698252,458.99999748543
26.3,474.999999463558
26.2,634.0
26.0999999932945,707.999999731779
26.000000013411,704.000000536442
25.5000000335276,679.000001676381
25.100000013411,672.000000234693
24.8999999932945,702.999999463558
24.6999999798834,686.999996881933
24.5000000201166,656.000003118067
24.2000000100583,713.999998055398
24.0,683.0
24.0,715.99999691546
24.0,670.000006169079
23.0000000670552,601.000004626811
22.4000000201166,547.000001810491
22.1999999966472,540.999999094754
22.0999999899417,513.999997686595
22.0000000100583,491.000002313405
22.2999999899417,502.999999597669
22.3,509.0
22.2000000067055,508.99999986589
22.299999986589,507.000000268221
22.100000013411,527.99999859184
22.2999999932945,523.000000167638
22.1999999932945,511.000000033528
21.9999999798834,512.0
21.8000000201166,512.0
21.7000000033528,493.000000637025
21.5,493.0
21.400000013411,491.999999932945
21.5999999731779,491.00000013411
21.5000000067055,503.999999128282
21.5,493.000000368804
21.5999999966472,500.999999798834
21.4999999899417,495.000000402331
21.4000000100583,498.999999597669
21.5999999932945,499.999999966472
21.6,490.0
21.6,487.000000201166
21.6,484.000000402331
21.6,491.999999463558
21.7999999932945,485.000000234693
21.6999999932945,499.999999865889
21.5000000100583,496.0
21.5999999899417,496.0
21.6,503.999999731779
21.3,490.0
21.2,484.999999798834
21.2,482.000000402331
21.000000013411,482.0
21.1999999932945,481.000000033528
21.3,484.999999597669
21.3000000100583,473.000001408159
21.3999999899417,486.999998591841
21.5999999932945,503.999999430031
21.5,492.0
21.6,494.999999798834
21.6,492.000000402331
21.6999999932945,500.999999396503
21.7,506.999999798834
21.7999999966472,490.000000637025
21.7000000100583,508.999997787178
21.7999999899417,487.000002212822
21.8,508.999999262392
21.8,512.0
21.6999999932945,493.000001609325
21.600000013411,516.99999678135
21.5000000067055,517.0
21.5999999966472,512.000000167638
21.5000000033528,517.000000067055
21.6000000201166,519.000000402331
21.7999999798834,522.999999597669
22.5999999731779,616.999996848404
23.5,780.0
24.2000000335276,650.000009052453
24.6999999329448,784.999981895093
24.899999986589,748.000002481044
25.1999999899417,796.999998357147
25.5000000067055,744.000001072884
25.7000000100583,775.999997586012
25.7999999899417,752.000002413988
25.7000000033528,679.000002447516
25.8,669.0
25.7999999932945,637.999998524785
25.700000013411,616.000002950429
25.7,573.000002883375
25.7,563.000000335276
25.6999999832362,535.999998927116
25.1999999698252,504.000005431472
24.9000000301748,557.999994568528
24.6000000100583,574.999999430031
24.2,514.0
24.0999999463558,511.999997988344
23.3000001072883,482.000004023313
23.100000013411,470.000000804663
23.2999999932945,436.000001139939
23.7000000067055,427.000000201166
23.9000000301748,433.000001005828
24.1999999698252,442.999998994172
24.2999999966472,549.999996412545
24.4,509.0
24.800000013411,515.000004693865
24.9999999731779,584.99999061227
25.199999986589,597.999999128282
25.2999999966472,654.999998088926
25.5,752.000002983958
25.5000000100583,841.000009957699
25.5999999899417,939.999990042301
25.7999999932945,975.999998793006
25.8,1031.0
25.9,1021.99999986589
25.9,1020.00000026822
25.9,957.000004224479
26.0999999932945,957.999999966472
26.1,928.999998658895
26.1000000301748,888.999998390675
26.3999999698252,873.000001609325
26.000000013411,847.000000871718
26.0,826.0
26.000000013411,793.999998860061
26.1999999731779,777.000002279877
26.2,767.000000670552
26.0000000067055,697.000002346933
26.4,701.000000301749
26.4,709.999997384847
26.4,684.000002615153
26.3000000033528,628.000001877546
26.2,619.0
25.9000000067055,611.999997518957
25.999999986589,575.000004962086
26.0,581.999999530613
26.0,573.000000301749
25.9999999932945,613.999999463558
25.8000000402331,598.000001307577
26.1999999597669,610.999998692423
26.1000000033528,621.999999631196
26.1,590.0
25.8000000067055,571.999998860061
25.899999986589,555.000002279877
26.099999986589,543.000000804663
26.0000000033528,531.000000402331
26.099999986589,524.999999128282
25.6999999497086,499.000010561196
25.2000000502914,603.999989438804
25.4999999899417,666.99999788776
25.6,774.0
25.8,726.999997787178
25.8,694.000004425644
25.5000000201166,740.999996848404
25.2000000100583,753.999999564141
25.5000000067055,754.00000056997
25.7,770.999998390675
25.7,755.000001609325
25.7999999966472,708.000001575798
25.6,652.0
25.500000013411,601.000004157423
25.6999999731779,662.999991685154
25.7,607.000003755093
25.7999999966472,647.999998625368
25.8999999932945,607.999997552484
25.6999999798834,534.999998390675
25.5000000201166,519.000001609325
25.5999999966472,658.999995306134
25.5,568.0
24.999999986589,522.999997451902
24.8000000268221,485.000005096196
24.7000000067055,462.00000154227
24.300000013411,432.000001005828
22.6999999664724,404.999999698251
21.7000001206994,395.999999597669
22.8999998793006,392.000000402331
24.0999999597669,453.999997921288
24.7,457.0
25.200000013411,514.00000965595
25.3999999731779,657.999980688099
25.4999999932945,716.999996043741
25.899999986589,692.00000083819
26.1,861.999996546656
26.1000000100583,759.000003118067
26.1999999899417,789.999996881933
26.1000000033528,754.000001206994
26.0,667.0
26.0,693.999997049571
26.0,650.000005900859
25.9000000067055,636.000000938773
25.8000000033528,626.000000335276
25.999999916181,614.999996010214
23.500000070408,495.999996580184
24.199999929592,462.000003419816
24.599999986589,528.99999775365
24.7,676.0
24.900000013411,680.999999731779
25.0999999731779,677.000000536442
24.1000000670552,560.000007845462
24.2999999932945,529.000001039356
24.3000000067055,483.999999698251
24.4999999698252,475.0
24.2000000301748,475.0
24.599999986589,486.999999597669
24.4,518.0
24.9000000603497,506.999999195337
25.7999998793006,495.000001609325
26.5999999463558,473.000001475215
26.7999999932945,446.000000905246
26.6,411.000001039356
26.5999999094755,442.000007644294
25.7000000905245,517.999992355706
26.1999999832362,535.999999396503
26.2,492.0
26.200000013411,441.99999986589
26.3999999731779,440.000000268221
26.1000000201166,494.999996311962
25.8000000100583,514.999999329448
25.9000000033528,589.999999765307
26.0000000100583,583.000003520399
26.0999999899417,617.999996479601
26.3999999899417,648.999998960644
25.9,769.0
25.2999999731779,557.999994166197
24.9000000536442,471.000011667607
24.9,418.000003553927
26.2999999530613,399.000000637025
26.7999999932945,386.000000067055
26.6,388.000001508742
26.6,402.999998491258
26.1000000167638,510.999996379018
26.4,534.0
26.3999999932945,531.000013411042
26.300000013411,730.999973177915
26.5999999798834,619.000007510186
26.5000000033528,596.000000771135
26.6000000033528,612.999998256564
26.7,560.999996379019
26.7,525.000003620981
26.7999999966472,503.000000737607
26.6,490.0
26.4,528.000003889202
26.4,585.999992221595
25.9000000335276,666.999994568527
25.3000000201166,616.000001709908
24.8,629.000001911074
24.7999999195337,685.999993059786
24.0000000804663,617.000006940214
23.600000013411,590.000000905246
24.4,634.0
24.1999998793006,638.999990880491
22.4000002413988,503.000018239017
21.6000000536442,491.000000804663
21.6,491.999999966472
23.9000000603497,524.999999966472
25.7000001206994,523.999994870276
26.8999998793006,473.000005129724
26.4000000167638,484.999999597669
26.6,529.0
26.6999999597669,533.000000536442
26.1000000804663,540.999998927117
26.3999999798834,596.999996244907
26.3000000033528,680.99999718368
26.1,672.000003553927
26.1,778.000006940214
26.1,846.999993059786
26.1999999966472,925.999997351318
26.5,1014.0
26.400000013411,1036.99999684841
26.5999999731779,990.00000630319
26.3000000201166,887.000006906689
26.7999999832362,840.000001575798
27.000000013411,834.999996244907
27.3999999698252,723.000000402331
27.1000000301748,726.999999597669
27.3999999899417,711.000000536442
26.9,584.0
26.4999999798834,572.999999262393
26.2000000402331,562.000001475215
26.4999999798834,590.999998055398
26.7999999899417,575.000000536442
26.7999999832362,613.000001810491
26.3000000201166,666.999993864448
26.4999999798834,606.000006135552
26.899999986589,611.999999798834
26.5,634.0
26.3999999932945,620.00000013411
26.300000013411,621.999999731779
26.6999999731779,690.999995373189
26.6000000033528,700.999999664724
26.1999999966472,670.000000938773
26.1000000100583,698.000001307577
26.1999999899417,710.999998692423
26.3999999932945,711.0
26.5,664.0
26.399999986589,686.000008314846
26.2000000268221,809.999983370308
25.6000000402331,791.000001274049
24.9000000234693,806.999999463558
24.499999986589,821.000000268221
24.0999999899417,828.999995272608
24.0000000100583,782.000004727392
23.8000000067055,818.999998759478
23.5,836.0
23.1999999932945,834.999999530614
23.100000013411,828.000000938773
21.8000000871718,672.000010460616
21.0000000268221,581.000003051013
20.5000000167638,533.999999631196
21.0000000201166,523.000000502914
21.1999999798834,527.999999497086
21.2999999966472,520.000000268221
21.4,526.0
21.2,518.000000536442
21.2,525.999998927117
21.2,546.99999859184
21.2,546.000000033528
20.9000000033528,531.000000167638
21.0,535.999997787178
21.0,514.000002212822
20.9000000033528,514.999999966472
20.9,520.0
20.7999999932945,528.999999664724
20.700000013411,524.000000670552
20.6000000067055,520.000000268221
20.3000000100583,520.999999966472
20.4,515.000000201166
20.3999999899417,520.999999798834
20.3000000100583,519.000000201166
20.5999999899417,507.000000402331
20.5,526.0
20.7000000201166,522.500000234693
20.9999999597669,519.000000469387
21.0999999932945,515.000000268221
21.2999999932945,522.999999731779
21.1999999932945,515.0
20.9999999798834,515.000001609325
20.8000000201166,530.999998390675
20.7000000033528,520.000000368804
20.5,506.0
20.3999999932945,511.999999262393
20.300000013411,501.000001475215
20.0000000201166,496.000000335276
20.0,496.999999966472
19.9000000067055,493.00000013411
20.1000000100583,496.999999497086
20.1999999899417,492.000000502914
20.3999999932945,511.999999329448
20.5,481.0
20.5000000067055,499.000000469386
20.599999986589,505.999999061227
20.6,501.000000335276
20.6999999966472,501.999999966472
20.7000000033528,499.999999765307
20.8,493.0
20.8,493.0
20.7000000033528,493.0
20.7,507.0
20.9000000871718,500.000003553926
22.1999998256565,552.999992892148
23.1999999329448,644.999993830919
23.9999999731779,632.000000435859
24.6000000033528,726.999997954816
24.7000000100583,665.999996379019
24.7999999899417,630.000003620981
25.0999999899417,622.000000268221
25.4,622.0
25.7,616.000011533496
25.7,787.999976933007
25.899999986589,884.999993495643
25.9999999966472,758.000004258007
26.0,846.00000224635
26.0,912.9999935627
26.0,849.0000064373
25.9000000033528,836.000000435859
26.0,837.0
25.8999999932945,782.000004693865
25.800000013411,851.99999061227
25.8,912.999995909631
25.8,845.000002279878
25.8000000033528,831.000000067055
25.8999999899417,833.000000603497
25.8000000100583,838.999999396503
25.8999999966472,821.000000603497
25.8,818.0
25.8999999932945,848.000001408159
25.800000013411,868.999997183681
25.8999999932945,820.000003285706
25.7000000067055,805.000000502914
25.6999999966472,821.000003822148
25.6000000100583,934.999994467945
25.6999999899417,880.000005532055
25.6000000033528,861.000000637025
25.6,844.0
25.499999986589,838.000000067055
25.3000000268221,838.99999986589
25.2000000067055,830.000000603497
25.2999999966472,813.00000056997
25.3000000033528,860.00000083819
25.4,884.999997183681
25.4,857.000002816319
25.3000000033528,835.000000737607
25.1,822.0
24.7999999932945,774.000005565583
24.700000013411,856.999988868835
24.500000013411,801.000003755093
24.4000000033528,789.000000402331
24.1,760.999998223036
24.0999999698252,708.0000064373
23.8000000301748,771.9999935627
23.9999999932945,847.999997451901
23.6,782.0
23.7999999731779,809.999998860061
23.4000000536442,793.000002279877
23.4,708.000005699695
23.1000000100583,623.000002849847
22.5999999932945,562.000000469387
22.4000000502914,576.000004224478
22.8999999497086,617.999995775522
23.1999999899417,633.999999463558
23.7,595.0
23.7,584.000005766748
23.7,669.999988466504
23.6000000067055,759.999993965029
23.8999999899417,910.99999493733
24.1000000033528,866.999997921288
24.2,804.999999396503
24.2,799.000000603497
24.1000000033528,802.99999986589
24.4,760.0
24.5000000067055,741.99999845773
24.599999986589,719.00000308454
24.2000000268221,651.000004559756
23.9000000100583,679.999999027699
23.7000000033528,664.999999698251
23.7999999899417,655.999994970859
23.7000000100583,606.000005029141
23.7,610.999999832362
23.1,559.0
22.599999986589,594.0
22.4000000268221,594.0
22.8999999664724,575.000001274049
23.1999999899417,558.000000569969
23.4,552.000000402331
23.4000000100583,564.000004224478
23.4999999899417,605.999995775522
23.5,680.999997485429
23.5,796.0
23.5999999664724,840.999990209939
23.1000000670552,695.000019580122
22.6000000335276,659.000002413988
22.3000000100583,652.000000234693
22.0000000033528,573.999997016042
22.1000001508742,484.999998390675
23.5999998491258,469.000001609325
24.7999999597669,472.999999865889
25.6,518.0
26.4000000268221,661.000000067055
26.7999999463558,661.99999986589
26.4000000268221,727.999995574355
26.1000000100583,723.000000167638
26.4000000067055,792.999999195337
26.5999999798834,768.999993663283
26.4000000201166,706.000006336717
26.4,716.999999631196
26.8,734.0
26.5999999932945,726.000002346932
26.500000013411,760.999995306135
26.699999986589,727.000002279878
26.8999999932945,714.000000435859
27.1999999798834,699.999998223036
26.5999999698252,646.999996881933
26.3000000301748,616.000003118067
26.699999986589,650.999998826534
26.1,650.0
26.9999999731779,735.999995708466
26.6000000536442,672.000008583067
26.3000000201166,625.000003151596
27.6999999530613,676.999998256564
26.899999986589,610.999998491257
26.5000000100583,565.999998692423
26.5999999899417,553.000001307577
27.1999999798834,566.999999530613
27.5,552.0
27.4999999530614,556.999998658896
26.8000000938773,537.000002682208
26.8,520.000001139939
27.3999999798834,507.000000435859
26.4000000167638,482.000000301749
26.9000000905245,490.999999899417
27.7999999094755,490.000000100583
26.9000000301749,460.000001005828
26.9,421.0
26.600000013411,448.999996513129
26.7999999731779,397.000006973742
27.0999999798834,434.999997451901
27.1,414.00000070408
26.7999999966472,429.999999798834
26.6999999899417,423.999998793006
26.6000000100583,412.000001206994
27.0999999832362,418.999999765307
27.1,407.0
27.0999999530614,424.999999396503
26.4000000938773,416.000001206994
26.3000000067055,423.999999463558
27.1999999698251,404.000000670552
26.500000013411,438.999999027699
26.9000000804663,410.000001005828
27.6999999195337,419.999998994172
27.1000000201166,399.00000070408
26.9,409.0
26.200000013411,415.000000804663
26.3999999731779,426.999998390675
26.4999999932945,419.000000536442
26.9999999832362,422.99999986589
27.0999999899417,404.000001575798
26.7999999396503,450.999997284264
26.2000000603497,424.000002715736
26.599999986589,431.999999731779
26.8,447.0
26.5999999932945,440.000002816319
26.500000013411,481.999994367362
26.300000013411,534.999996446073
26.7999999832362,502.000001106411
26.2999999899417,443.999999932945
26.0000001508742,442.000003520399
27.4999998491258,476.999996479601
26.2000000435859,451.000000871718
26.3,475.0
26.699999986589,470.99999678135
26.5000000268221,423.0000064373
26.5999999932945,453.999997921288
26.1000000167638,463.999999664724
26.9999999798834,439.999998960644
26.4000000201166,409.000001206994
26.5999999798834,420.999998793006
26.8999999899417,485.999997820705
26.0,534.0
26.6,549.999997116626
26.6,507.000005766748
26.6999999932945,465.00000281632
26.8999999932945,495.999998960644
26.0000000268221,474.999999631196
26.7999999497086,463.999995976687
26.3000000502914,424.000004023313
26.7999999832362,416.000000268221
26.4,465.0
26.1000000536442,462.999999329448
26.8999998927117,453.000001341104
26.6000000201166,407.000003084541
26.3000000100583,452.99999845773
26.8999999798834,477.999998793006
26.3000000301748,441.999998994172
26.5999999698252,432.000001005828
26.6999999966472,459.999999061227
26.7,426.0
26.2999999932945,424.000000268221
26.200000013411,427.999999463558
26.6999999664724,413.000001005828
26.5000000067055,432.999999329448
26.5000000033528,467.999999430031
26.6,450.999995775522
26.6,409.000004224478
26.6,426.999999396503
26.6,438.0
26.4000000067055,409.000001005828
26.499999986589,423.999997988344
26.2000000201166,478.999996311962
26.2999999966472,439.000001341105
26.5999999899417,423.999999631196
26.2999999798834,413.000001408159
26.1000000201166,426.999998591841
26.2999999932945,479.999998223036
26.3,526.0
26.2999999932945,571.999998994172
26.200000013411,557.000002011656
26.1000000067055,574.999998793006
26.0000000033528,658.99999718368
26.0,807.000001374632
25.9999999899417,848.000005431472
25.9000000100583,901.999994568528
25.9,916.999999497086
25.8,887.0
25.7999999932945,859.000001139939
25.700000013411,875.999997720123
25.6000000067055,868.000000536442
25.6,846.000000737607
25.5,855.999999094754
25.4999999899417,828.999999396503
25.4000000100583,823.000000603497
25.4999999966472,791.000001072884
25.4,818.0
25.3999999932945,862.000000067055
25.300000013411,862.99999986589
25.2000000067055,878.999998927116
24.5000000234693,883.999999832362
23.8999999798834,872.999999664724
23.2999999798834,863.000001709908
23.1000000201166,879.999998290092
22.700000013411,879.000000033528
22.4,877.0
22.199999986589,878.999998860061
22.0000000268221,862.000002279877
21.7000000201166,872.999999262392
21.6000000033528,829.000001475215
21.3999999899417,796.99999916181
21.0999999899417,771.999997988344
21.0000000100583,752.000002011656
20.9000000033528,764.999999564141
20.9,755.0
20.8999999932945,760.000000268221
20.800000013411,763.999999463558
20.7000000067055,733.000002078712
20.300000013411,722.000000368804
19.9999999932945,697.000000067055
19.7999999798834,698.999994568528
19.6000000201166,645.000005431472
19.6,641.00000013411
19.7,672.0
19.9000000067055,653.000001206994
19.999999986589,670.999997586012
20.0,630.000002749264
19.4000000201166,573.000001911074
20.0999999966472,535.999999463558
19.999999929592,519.999995473773
19.300000070408,475.000004526227
19.9999999765307,492.999999396503
20.4,471.0
20.5000000201166,486.000001005828
20.7999999597669,500.999997988344
21.1999999731779,502.99999986589
21.2999999966472,498.000000167638
21.5999999899417,496.999999966472
21.2999999798834,496.000002413988
21.1000000201166,519.999997586012
21.0000000033528,506.000000469387
21.0,517.0
20.9,516.999999262393
20.9,506.000001475215
21.2999999731779,517.999999195337
22.3999999631196,655.999995373189
23.5000000268221,683.000002983958
24.3,771.999995976687
24.3,732.000004023313
24.4999999932945,663.000002313405
24.6,655.0
25.000000013411,878.99999678135
25.1999999731779,831.0000064373
25.1000000067055,869.999997384846
25.2999999932945,895.999999128282
25.2,837.000000301749
25.2,845.999999094755
25.2,837.000000905245
25.2,810.000000905246
25.1,831.0
25.2,885.999995842577
25.2,824.000008314846
25.2999999932945,805.000001274049
25.2000000033528,903.999996680766
25.1,857.999999228865
25.0999999899417,834.999998088926
25.0000000100583,816.000001911074
25.0999999966472,772.000001475215
25.0,816.0
25.0999999932945,878.999996513129
25.000000013411,827.000006973742
25.0999999932945,819.000000536442
25.0000000033528,830.999999597669
24.9,812.000001609326
24.8999999899417,859.999997083098
24.8000000100583,831.000002916902
24.8,776.000001844019
24.9,884.0
24.7999999932945,810.000002548098
24.700000013411,847.999994903804
24.6000000067055,830.000001206994
24.6,828.000000067055
24.7,851.999998826533
24.7,816.999999798834
24.7,815.000000201166
24.7,798.000000569969
24.6,953.0
24.7999999932945,863.999997854233
24.700000013411,832.000004291534
24.7,827.000000335276
24.7,808.000000637025
24.6999999966472,841.000001642853
24.6,889.999994467945
24.6,835.000005532055
24.5000000033528,820.000000502914
24.5,818.0
24.4,835.00000630319
24.4,928.99998739362
24.4,866.00000422448
24.4,841.00000083819
24.3999999966472,828.999998793006
24.3,793.000005129724
24.3,843.999994870276
24.2000000033528,829.000000502914
24.1,798.0
24.1,895.999996714295
24.1,847.000006571411
24.1999999932945,830.000001139939
24.2,875.99999845773
23.9000000033528,823.999999061227
24.0,796.0
24.0,796.0
24.0999999966472,749.000001575798
24.1,947.0
24.2,831.999999597669
24.2,826.000000804662
24.2,805.00000140816
24.2,873.999997686595
24.1000000067055,810.000000938773
24.3,837.999997988344
24.3,818.000002011656
24.3,822.999999832362
24.4,870.0
24.4999999932945,844.999999061227
24.400000013411,831.000001877546
24.4999999932945,818.000000871718
24.4000000033528,765.000001776964
24.5999999932945,867.999998256564
24.3999999899417,816.000002816319
24.3000000100583,843.999997183681
24.3,794.000001676381
24.4,818.0
24.3,859.000001609325
24.3,882.99999678135
23.4000000603497,774.00000730902
22.5000000301749,727.000001575798
21.6000000268221,593.99999916181
22.4000000502914,568.999998189509
22.8999999497086,551.000001810491
23.3999999832362,543.000000268221
23.7,567.0
23.199999986589,623.000000402331
23.0000000268221,628.999999195338
23.0,593.000002413988
22.8000000067055,514.000002648682
22.4000000268221,535.000000536442
23.2000000603497,550.999997183681
23.7999999396503,523.000002816319
24.199999986589,522.000000033528
24.8,583.0
25.4000000268221,666.999999798834
25.7999999463558,664.000000402331
26.2999999664724,779.999992221593
26.0000000100583,697.000002782792
25.7999999932945,850.000002849847
25.5999999597669,934.999999094755
25.2000000402331,926.000000905245
25.1000000033528,862.000002145767
25.0,940.0
24.9999999731779,1026.99999047816
24.6000000536442,885.00001904368
24.2000000268221,935.999996580183
24.0000000067055,876.000002011657
23.9999999966472,818.999998625368
23.8999999698252,778.000003721564
23.6000000301748,814.999996278436
23.999999986589,810.000000167638
24.7,874.0
25.1999999664724,890.999997250736
24.7000000670552,850.000005498527
24.2000000335276,767.000005565584
24.9999999731779,791.99999916181
26.0000000201166,759.999996747821
26.5999999396503,663.0
26.0000000603497,663.0
26.0,763.999996613711
26.4,772.0
26.500000013411,787.999997250736
26.6999999731779,747.000005498527
27.0999999731779,672.000005029142
27.0000000033528,613.000001978129
27.5,572.999999698251
27.5,563.999997586012
27.5,540.000002413988
27.5,518.000000737607
26.6,542.0
25.7000000402331,537.000001475215
26.2999999195337,558.999997049571
27.3999999262392,548.000000737608
26.9000000167638,584.999998759478
26.6000000033528,581.000000301749
26.6999999798834,589.999997183681
26.5000000201166,562.000002816319
26.4000000033528,553.000000301749
26.7,542.0
27.3000000067055,543.000000938773
27.399999986589,556.999998122454
27.200000013411,540.000001139939
27.2,535.000000167638
26.9999999832362,526.000001173467
26.5000000100583,560.999998088927
26.5999999899417,542.000001911073
26.8999999899417,556.999999497086
27.0,578.0
27.4000000201166,568.999999664724
27.6999999597669,564.000000670552
27.500000013411,544.000001341105
26.9000000201166,531.000000435859
26.6000000033528,545.99999986589
26.7000000100583,541.999999497086
26.7999999899417,537.000000502914
26.8999999966472,556.999999329448
27.1,526.0
26.7999999798834,533.999998390675
26.5000000402331,510.00000321865
26.699999986589,527.999998793006
26.7999999966472,570.999998558313
26.299999986589,650.000000368804
25.9000000402331,661.000002715736
26.2999999597669,687.999997284264
26.4999999932945,789.999996580183
26.2,810.0
25.6000000067055,829.000007577239
25.699999986589,941.999984845522
25.899999986589,918.000001609326
25.9,885.000001106411
26.1000000067055,969.000001944602
26.3000000100583,1027.00000442564
26.3999999899417,1070.99999557436
26.5999999932945,1120.99999832362
26.3,1006.0
26.2000000536442,939.999994702638
26.9999998927117,861.000010594723
27.4999999664724,716.000009723008
27.100000013411,605.000003721565
26.7999999832362,583.999999262393
26.3000000502914,561.999994970859
26.7999999497086,512.000005029141
26.8,571.999997988343
26.6,565.0
26.6000000067055,558.000002816319
26.699999986589,599.999994367362
26.4000000201166,593.000000469387
26.3000000033528,593.0
26.1000000067055,648.000001173467
26.3000000100583,683.000004224478
26.3999999899417,724.999995775522
26.5999999932945,776.999998256564
26.6,858.0
26.1,777.999997720123
26.1,744.000004559754
25.900000013411,796.999996446073
25.9999999966472,820.999999195337
26.0000000033528,890.000001810491
26.0999999698252,944.000011164693
25.8000000301748,1054.99998883531
26.0999999899417,1092.99999872595
26.6,1033.0
26.3999999932945,906.000001341104
26.300000013411,925.999997317792
26.499999986589,859.0000044927
26.3000000067055,815.000001475215
26.2000000100583,714.999998692423
26.4999999899417,675.999999597669
26.4000000100583,672.000000402331
26.3000000033528,694.999999228865
26.1,819.0
26.4,753.999995976687
26.4,694.000008046625
26.4,698.999999664724
26.4999999966472,768.999997653067
26.1999999932945,820.999999832362
26.0000000301748,816.00000140816
26.2999999698252,829.99999859184
26.2000000033528,783.000001575798
26.1,750.0
25.9999999530614,706.000002548098
25.3000000938773,743.999994903804
24.6000000469387,719.000001676381
24.3000000100583,740.999999262393
23.999999986589,734.00000365451
23.5999999899417,843.000009957699
23.5000000100583,941.999990042301
23.2000000100583,890.000001743436
22.8,844.0
22.2999999463558,800.999992690982
21.5000001072883,692.000014618036
21.300000013411,655.000002481043
20.8000000167638,580.000002514571
20.500000013411,548.000000435859
20.9000000100583,561.00000070408
20.9999999899417,567.99999929592
20.9000000033528,578.999999631196
20.9,572.0
20.9,593.999999195337
20.9,582.000001609325
20.8000000067055,595.999999061227
20.9999999932945,573.000000771135
21.2,585.000000067055
21.2000000100583,587.000002011656
21.2999999899417,606.999997988344
21.3,591.000000536442
21.0,617.0
20.8999999932945,601.999999530614
20.800000013411,595.000000938773
20.7000000067055,584.000000737607
20.8999999932945,602.999999362975
20.0999999932945,546.99999929592
19.8999999899417,526.0
19.8000000100583,526.0
19.8999999966472,528.999999899417
20.2,528.0
20.400000013411,538.999999262393
20.5999999731779,549.999998524785
20.9999999731779,532.000001206994
21.2999999899417,538.999999765307
21.3000000067055,543.999999765307
21.5000000100583,537.000000301748
21.5999999899417,539.999999698252
21.3000000100583,550.999999631196
21.1,539.0
21.0999999530614,541.000000402331
20.4000000938773,546.999999195338
20.1000000201166,547.0
19.9000000067055,531.000000536442
20.0000000100583,507.000000603497
20.3000000100583,525.000000402331
20.3999999899417,528.999999597669
20.4999999966472,530.999999932945
20.6,536.0
21.1000000603497,537.0000064373
21.9999998793006,632.999987125399
23.1999999195337,655.99999845773
23.3999999932945,726.999997619539
23.8000000167638,894.999998524785
24.3000000201166,850.999998893589
24.4999999798834,840.000001106411
24.5999999966472,824.000000536442
24.9,786.0
25.0,771.999999396503
25.0,763.000001206994
25.0999999932945,782.999998658895
25.1,752.000001039356
25.1000000100583,691.999999530613
25.3999999899417,678.00000784546
25.3000000100583,755.99999215454
25.3999999966472,823.999997720122
25.5,907.0
25.6,966.999999731779
25.6,963.000000536442
25.6,924.000002615154
25.6999999966472,903.00000070408
25.5,882.999999195337
25.4999999899417,858.999995272608
25.4000000100583,812.000004727392
25.4999999966472,825.999999530613
25.4,816.0
25.3999999932945,812.000003620981
25.300000013411,865.999992758037
25.3999999932945,866.0
25.3000000033528,833.000001106411
25.2000000033528,804.000001475215
25.2999999899417,848.000007946043
25.2000000100583,926.999992053957
25.2999999966472,830.000003252179
25.4,826.0
25.3000000067055,829.999996513129
25.399999986589,778.000006973742
25.7999999731779,782.999999664724
25.8999999966472,780.000000100583
26.199999986589,774.999996043741
25.7999999698252,656.999996479601
25.5000000301748,622.000003520399
25.5,616.000000201166
25.6,650.0
25.8000000067055,774.000003017484
25.899999986589,818.999993965031
25.9999999932945,1017.99998665601
26.2999999899417,945.000002447516
26.3999999932945,853.999993227422
26.1999998994172,652.000008348374
25.2000001005828,734.999991651626
24.6000000201166,840.999996446073
24.3,767.0
23.8999999932945,771.000002950429
23.800000013411,814.999994099141
24.1999999731779,847.999997787177
24.2999999966472,850.999999899417
24.5,851.000000100583
24.5000000100583,853.999994970859
24.5999999899417,804.000005029141
24.4000000067055,806.999999899417
24.6,818.0
24.6000000201166,820.999999597669
24.8999999597669,815.000000804663
24.9999999932945,864.999996647239
24.9000000033528,826.000001307577
24.199999986589,735.000000033528
23.7999999798834,736.000008650122
23.6000000201166,821.999991349878
24.0999999832362,843.999999262392
24.3,846.0
24.4000000067055,862.999997787178
24.499999986589,830.000004425644
24.5,830.999999932945
24.5,760.000002380461
24.399999986589,795.000001642853
24.0,843.999993763865
24.0,782.000006236135
23.9000000033528,834.999998223036
24.0,814.0
24.4000000067055,847.999997116626
24.499999986589,805.000005766748
24.5999999932945,806.99999986589
24.8999999899417,847.999998625368
24.9000000033528,792.999999631196
25.0000000100583,782.000006940214
25.0999999899417,850.999993059786
25.1,933.999997217208
25.3,910.0
25.4000000067055,893.999997451902
25.499999986589,856.000005096196
25.5999999932945,848.000000536442
25.1000000167638,761.000002916903
24.3999999899417,780.000001374632
24.1000000402331,820.999999798834
24.4999999597669,819.000000201166
24.6999999932945,858.999998658895
24.6,924.0
25.0000000067055,925.99999691546
25.099999986589,880.000006169079
25.1999999932945,884.999999664724
25.4999999899417,889.999999832362
25.6000000067055,852.000000368804
25.8000000201166,863.00000070408
25.9999999798834,869.99999929592
26.0999999966472,884.999999497086
26.2,937.0
26.300000013411,960.00000308454
26.4999999731779,1005.99999383092
26.7999999798834,1015.99999932945
26.8999999966472,1029.99999953061
27.1000000067055,1000.00000073761
27.2999998088927,1021.99996529893
25.4000001911073,677.000034701072
24.4000000335276,593.00000281632
23.9,556.0
24.7000000536442,610.000004090368
25.4999998927117,670.999991819264
26.0999999597669,710.999997317791
26.7999999765307,660.000001709908
27.3999999899417,715.999995909631
27.0999999698252,594.000014182177
26.8000000301748,734.999985817823
26.8999999966472,727.000000268221
26.8,695.0
26.8000000201166,693.999995842577
27.0999999597669,632.000008314846
27.1999999932945,611.00000140816
27.0000000067055,605.000000201166
27.2000000167638,630.000000771135
27.7000000100583,653.0
27.7999999899417,653.0
27.400000013411,583.000002346933
27.9,556.0
27.8999999530614,547.99999832362
27.2000000938773,523.000003352761
27.000000013411,498.000001676381
28.4999999497086,514.999999430031
27.3999999832362,476.000000871718
26.8999999396503,501.999998994172
26.3000000603497,492.000001005828
26.3999999966472,475.000000569969
26.4,511.0
26.299999986589,512.999999530614
26.1000000268221,506.000000938773
26.4999999731779,487.000001274049
26.6999999932945,469.000000603497
27.1,470.999998994172
27.0999999899417,441.000000201166
27.0000000100583,442.999999798834
27.4999999832362,442.000000033528
27.0,437.0
26.2999999798834,438.000002548098
26.0000000402331,475.999994903804
26.0,486.999999262392
26.2999999899417,521.999998826534
26.5000000033528,539.000000234693
26.6000000100583,545.999995976687
26.6999999899417,506.000004023313
26.7,478.000000938773
27.4,449.0
27.4999999798834,441.99999986589
27.2000000402331,440.000000268221
27.2999999932945,430.000000670552
27.1000000067055,433.99999986589
27.1000000067055,432.999999798834
27.3000000201166,426.999997686595
27.4999999798834,404.000002313405
26.8000000234693,419.999999463558
26.3,417.0
26.6999999731779,421.000001408159
26.3000000536442,441.999997183681
26.6999999731779,435.000000469387
27.1999999832362,452.999999396503
26.1999999966472,470.999999430031
26.1000000100583,454.000001609325
26.1999999899417,469.999998390675
26.1000000033528,485.999999463558
26.3,501.0
26.699999986589,477.000001475215
26.5000000268221,498.999997049571
26.699999986589,471.000001877546
26.2000000167638,460.000000368804
25.9000000067055,467.000000435859
26.1000000100583,480.000000201166
26.1999999899417,481.999999798834
26.0000000067055,505.999999195337
26.1,533.0
26.000000013411,539.000000201166
26.1999999731779,541.999999597669
26.399999986589,556.999998994172
26.4999999966472,563.999999765307
26.5,556.000000771135
26.4999999899417,578.999995473773
26.4000000100583,534.000004526227
26.2000000067055,520.000000469387
26.0,533.0
26.000000013411,539.999999932945
26.1999999731779,539.00000013411
26.2,523.000001072884
26.2999999966472,503.000000670552
27.1999999899417,469.999999899417
26.9000000402331,466.999995172025
27.2999999597669,419.000004827975
27.5999999899417,421.999999899417
27.0,436.0
26.6,433.999999329448
26.6,424.000001341104
26.3000000201166,421.000000201166
26.5999999899417,430.999999664724
27.1999999899417,421.000000569969
26.8999999798834,438.000001810491
26.7000000201166,455.999998189509
26.0000000234693,514.999998021871
25.7,535.0
25.7999999932945,567.0
25.700000013411,567.0
25.899999986589,633.9999955073
25.7000000067055,691.999998055398
25.8,716.999999396503
25.8000000100583,699.000005632638
25.8999999899417,754.999994367362
25.9,790.999998793006
25.7,890.0
25.6999999932945,985.000002682208
25.600000013411,1024.99999463558
26.0999999664724,1061.99999751896
26.5999999832362,1070.99999969825
26.7999999966472,923.999998524785
26.6999999798834,879.999995775522
26.5000000201166,838.000004224478
26.4000000033528,863.999999128282
26.3,879.0
26.3,926.999997921288
26.3,896.000004157423
26.3,865.000002078712
26.2000000033528,742.000004123897
26.1,746.999999228865
26.0999999497086,724.00002393871
25.6000000502914,961.99997606129
25.0000000201166,1051.99999698251
24.8,1067.0
24.499999986589,1043.00000067055
24.3000000268221,1052.9999986589
24.100000013411,1068.99999892712
23.9000000067055,1054.00000050291
23.6000000033528,1042.00000010058
23.6999999798834,1045.00000020117
23.5000000201166,1046.99999979883
23.2000000100583,1012.00000117347
23.0,961.0
22.6999999731779,881.999992288651
22.3000000536442,767.000015422699
22.0000000201166,705.000004157424
21.600000013411,616.000002983958
21.2000000067055,525.999999564141
21.3999999899417,513.000001005828
21.3000000100583,522.999998994172
21.3,530.999999731779
21.5,518.0
21.5,526.000000871718
21.5,538.999998256565
21.5,541.999999798834
21.5999999966472,568.999999094754
21.4999999932945,558.000000100583
21.2999999899417,560.999998290092
21.2000000100583,544.000001709908
21.0000000067055,531.000000435859
21.0,529.0
20.9000000067055,517.000000469387
20.999999986589,523.999999061227
20.9000000067055,522.00000013411
20.9,498.000000804663
20.7,505.99999986589
20.7000000100583,502.000000603497
20.7999999899417,507.999999396503
20.7000000033528,500.000000268221
20.5,481.0
20.7000000201166,496.999999932945
20.9999999597669,496.00000013411
21.0999999932945,481.000001005828
21.0000000033528,497.999999430031
20.9999999899417,492.999999899417
20.7,489.999998591841
20.7,476.000001408159
20.6000000033528,481.999999798834
20.9,484.0
21.1000000469387,479.00000965595
21.7999999061227,622.999980688099
22.8999999262392,669.999996848404
23.5999999765307,701.999998927116
24.3000000067055,789.000002078712
24.5000000502914,851.00001679733
24.9999999497086,1017.99998320267
25.0,968.000001676381
25.1,906.0
25.200000013411,917.999996513129
25.3999999731779,866.000006973742
25.6999999798834,894.999998055398
25.7,850.000001508743
25.8000000033528,848.999999932945
25.9,846.999998793006
25.9,835.000001206994
25.8000000033528,793.00000140816
25.6,813.0
25.5999999932945,860.000000268221
25.500000013411,863.999999463558
25.5999999932945,838.000001743436
25.6999999966472,837.000000033528
25.7,839.99999929592
25.6999999899417,819.000009857116
25.6000000100583,916.999990142884
25.5000000033528,868.000001642853
25.7,821.0
25.7,869.000001341104
25.7,888.999997317792
25.7999999932945,788.000006772578
25.6000000067055,837.999998323619
25.7999999966472,843.999999497086
25.7,828.999996982516
25.7,799.000003017484
25.7999999966472,820.999999262393
25.7,866.0
25.8999999932945,1019.99998974055
25.800000013411,867.000020518895
25.8,867.999999932945
25.8999999966472,851.000000569969
25.8,827.999998725951
25.8,790.000003620981
25.8,825.999996379019
25.8,909.99999718368
26.0,890.0
25.9,839.999997787178
25.9,807.000004425644
25.9999999932945,783.000001609325
26.0999999966472,837.999998155981
26.1,883.99999943003
26.0999999899417,866.999997887761
26.0000000100583,846.000002112239
26.1999999932945,830.000000536442
26.0,830.0
26.0999999932945,816.999998256565
26.000000013411,791.000003486871
26.199999986589,872.999994501471
26.2999999966472,919.999998424202
26.0000000033528,954.999996714294
26.1,857.0
26.1,857.0
26.0000000033528,872.999999463558
26.1,798.0
26.0000000067055,804.999999396503
26.099999986589,796.000001206994
26.0000000067055,761.000002346933
26.0999999966472,741.000000670552
26.1,707.999999463558
26.0999999396503,691.999996479601
25.5000000603497,657.000003520399
24.9000000201166,578.000002648682
24.6,632.0
24.4999999731779,746.000002279877
24.1000000536442,779.999995440246
24.0000000067055,785.999999597669
23.8000000067055,841.999998122454
24.2000000033528,882.000000637025
24.3,901.000004023313
24.3,940.999995976687
24.3,864.000002581626
24.4,854.0
24.4000000067055,841.999998994172
24.499999986589,827.000002011656
24.4000000067055,807.000001341105
24.4999999966472,752.000001844019
24.3000000033528,721.999999094754
24.3999999899417,694.999994467945
24.3000000100583,640.000005532055
24.3,639.000000033528
24.3,576.0
24.3000000067055,568.999998524785
24.399999986589,547.000002950429
24.4999999932945,543.000000268221
24.6999999932945,540.000000100583
24.8000000033528,597.999998625368
24.9000000201166,557.000003520399
25.0999999798834,591.999996479601
25.5999999832362,582.000000335276
25.9,602.0
26.2000000067055,574.99999845773
26.299999986589,552.00000308454
26.0000000201166,559.999999463558
25.7000000100583,583.999999195337
25.6000000067055,635.000002648682
25.8,713.999992959203
25.8,644.000007040797
25.8999999966472,586.000001944602
26.4,559.0
26.7999999932945,534.0
26.700000013411,534.0
26.3000000268221,525.000000603497
26.3999999966472,551.999999094754
26.3999999899417,585.999999530613
26.0999999899417,571.999989539387
26.0000000100583,468.000010460613
26.1999999932945,451.000000569969
26.8,423.0
25.9000000201166,458.000005833803
26.1999999597669,544.999988332393
26.000000013411,554.999999329448
26.0,539.000000536442
26.2000000033528,570.000000100583
26.2999999698252,573.000008247791
26.0000000301748,654.999991752209
26.0,818.999994501471
26.4,880.0
26.4,711.000000737607
26.4,721.999998524785
26.4,774.999996446073
26.5999999932945,736.000001307577
26.7999999932945,650.999998893589
26.5999999698252,617.999999396503
26.3000000301748,612.000000603497
25.8000000167638,601.000000368804
26.7,644.0
26.4999999932945,558.000000402331
26.400000013411,563.999999195338
26.7999999731779,585.999998524785
26.9999999932945,569.000000569969
26.9999999966472,564.000001072884
26.8999999798834,595.999995674939
26.7000000201166,553.000004325061
26.300000013411,560.999999731779
26.6,561.0
26.9,565.999997988344
26.9,536.000004023313
26.6000000201166,554.999998725951
26.200000013411,577.999999228865
26.200000013411,534.999999631196
26.5999999899417,524.000007342546
26.5000000100583,596.999992657454
26.5,655.999998021871
26.6,632.0
26.7999999798834,622.000003419816
26.5000000402331,672.999993160368
26.5,644.000001944602
26.3000000067055,600.000001475215
26.400000013411,610.000001206994
26.8000000100583,645.999999497086
26.8999999899417,641.000000502914
27.0999999932945,601.000001341105
27.2,580.0
27.0999999731779,598.999998860061
26.7000000536442,582.000002279877
26.7,537.000003017485
26.300000013411,559.999999228865
26.2000000100583,555.999999698251
26.5000000100583,547.000004224478
26.5999999899417,588.999995775522
26.5000000033528,545.000001475215
26.4,592.0
26.7000000067055,605.999998927117
26.799999986589,590.000002145767
26.8999999932945,568.000001475215
26.8000000033528,583.999999463558
26.2000000067055,548.000000804663
26.4,572.000005934386
26.4,630.999994065614
26.3000000033528,575.000001877546
26.8,550.0
27.1000000201166,570.999998860061
27.3999999597669,554.000002279877
27.3000000067055,545.000000603497
27.3,515.000001005828
26.7999999899417,536.99999916181
26.4999999899417,511.999998692423
26.4000000100583,499.000001307577
26.2000000067055,508.999999664724
26.5,518.0
26.6999999932945,536.00000321865
26.600000013411,583.9999935627
26.400000013411,585.99999986589
26.3000000033528,624.999998692423
26.0000000067055,684.000001776964
26.1999999899417,737.000003520399
26.1000000100583,771.999996479601
26.1,735.000001240522
26.3,777.0
26.5000000268221,830.000001408159
26.8999999463558,850.999997183681
26.9999999932945,781.000004693866
27.0999999966472,735.00000154227
26.9,665.999995674938
26.8999999899417,536.999999597669
26.8000000100583,533.000000402331
26.8,538.999999798834
26.7,628.0
26.499999986589,540.000000469386
26.3000000268221,546.999999061227
26.3999999932945,533.000000938773
26.4,615.999997217208
26.2999999932945,540.000000938773
26.1000000201166,568.000007543711
26.2999999798834,642.999992456289
26.5999999899417,602.000001374632
26.4,704.0
26.299999986589,745.999996848405
26.1000000268221,699.00000630319
26.3999999798834,610.000005967916
26.799999986589,615.999999798834
26.499999986589,614.000002983958
26.1000000100583,702.999997183681
26.1999999899417,675.000002816319
26.2999999966472,715.999998625368
26.4,754.0
26.4,759.000001005828
26.4,773.999997988344
26.3000000067055,785.999999195337
26.1000000067055,786.0
26.1000000067055,793.999999262393
26.3000000100583,771.999993763865
26.3999999899417,710.000006236135
26.2000000067055,753.999998524785
26.3,747.0
26.2,813.000005364417
26.2,892.999989271166
26.2999999932945,986.999993696808
26.2000000033528,1014.99999906123
26.1,952.999999463558
26.0999999497086,937.000007241963
25.6000000502914,1008.99999275804
24.9000000234693,1091.99999721721
24.4,1064.0
23.999999986589,1043.00000335276
23.8000000268221,1092.99999329448
23.4000000268221,1096.99999973178
23.000000013411,1012.00000284985
22.3999999798834,908.999996982515
21.7999999698252,818.999992255123
21.5000000301748,742.000007744877
21.2000000100583,670.000002413988
21.2,608.0
21.0999999932945,649.999998390675
21.000000013411,626.00000321865
21.0,615.000000737607
21.0,618.99999986589
20.9000000033528,660.99999929592
21.0,640.000001307577
21.0,652.999998692423
20.9000000033528,638.000000502914
20.7,573.0
20.699999986589,572.000002883374
20.5000000268221,614.999994233252
20.7999999798834,564.000003419817
20.8,529.000001173467
21.1,561.999999698251
21.1000000402331,553.000000502914
21.4999999597669,557.999999497086
21.6999999932945,611.999998189509
21.9,575.0
21.9,581.999999530614
21.9,575.000000938773
21.5000000268221,531.00000295043
21.3000000067055,515.000000536442
20.8,503.999999698251
20.7999999597669,494.999999396503
20.4000000402331,489.000000603497
20.3000000033528,474.000000502914
20.2,477.0
20.400000013411,470.999999597669
20.5999999731779,465.000000804663
20.799999986589,470.999999597669
21.0999999899417,484.999999530613
21.1000000033528,485.000000033528
21.2000000100583,486.00000070408
21.2999999899417,492.99999929592
21.3,502.999999664724
21.4,493.0
21.9000000335276,479.000003285705
22.3999999329448,527.999993428589
22.599999986589,524.000000268221
22.6,502.000000737607
22.6,462.999999530613
22.5999999899417,448.999997787178
22.5000000100583,427.000002212822
22.4000000033528,465.999998692423
22.4,478.0
22.700000013411,452.00000013411
22.8999999731779,453.999999731779
23.2999999731779,550.999993495643
23.699999986589,637.999997083098
24.0000000067055,752.000002615154
24.2000000100583,830.000018607821
24.2999999899417,1014.99998139218
24.4999999932945,963.000001743436
24.5,973.0
24.7000000067055,1052.99999852479
24.799999986589,1031.00000295043
24.999999986589,982.000003285706
24.9000000033528,973.000000301749
25.0,1109.00000137463
25.0000000100583,1149.99999225512
25.0999999899417,1073.00000774488
25.1,1023.00000167638
25.2,1006.0
25.3999999932945,933.000005632638
25.300000013411,1016.99998873472
25.3999999932945,1091.99999497086
25.4,1120.9999990277
25.3000000033528,1035.99999872595
25.4,997.99999859184
25.4,984.00000140816
25.4999999966472,997.999999530613
25.4,1057.0
25.4,1107.99999637902
25.4,1054.00000724196
25.3000000067055,993.000004090369
25.4999999932945,995.999999899417
25.3,1024.99999775365
25.3,958.000001609325
25.3,973.999998390675
25.3999999966472,1074.99999661371
25.3,1180.0
25.3,1158.99999362976
25.3,1064.00001274049
25.3999999932945,1064.0
25.2000000067055,1030.00000113994
25.2999999966472,1024.99999936298
25.2000000100583,1005.99999426678
25.2999999899417,949.000005733221
25.2000000033528,1017.99999768659
25.4,1029.0
25.2000000067055,1070.99999711663
25.299999986589,1028.00000576675
25.3999999932945,976.000003486872
25.3000000033528,940.000001206994
25.2000000033528,1027.00000184402
25.3,1081.99999265745
25.3,1009.00000734255
25.3999999966472,984.00000083819
25.5,1026.0
25.5,1070.00000006706
25.5,1070.99999986589
25.5,982.000005967915
25.5,971.000000368804
25.6,1007.00000402331
25.6000000100583,1127.00000181049
25.6999999899417,1144.99999818951
25.6000000033528,1036.00000365451
25.7,1028.0
25.7000000067055,994.999996311963
25.799999986589,940.000007376073
25.8,1060.99999188632
25.8,1124.99999785423
25.8000000033528,1146.99999778718
25.8999999899417,1080.99999507144
25.8000000100583,1032.00000492856
25.8,1028.00000013411
25.8,989.0
25.800000013411,988.000000871718
25.9999999731779,1000.99999825656
25.9000000067055,1088.99999409914
25.9,1140.99999825656
25.7999999932945,1029.99999932945
25.5999999899417,1010.00000150874
25.5000000100583,1024.99999849126
25.5,978.000001575798
25.3,1000.0
25.199999986589,981.000004358589
25.0000000268221,1045.99999128282
25.0,913.000008918346
24.600000013411,798.000003855676
24.3999999899417,738.999999396503
24.0999999798834,721.000002112239
23.9000000201166,741.999997887761
24.3999999832362,730.000000402331
24.6,735.0
24.900000013411,689.000003486871
25.0999999731779,740.999993026258
25.1,774.999997720122
25.2999999932945,816.99999859184
25.5000000067055,890.000002011657
25.7000000100583,949.999996379019
25.7999999899417,914.000003620981
25.8999999966472,890.000000804663
26.1,821.0
25.8999999932945,764.999999597669
25.800000013411,759.000000804663
25.8,714.000003017485
25.8,720.999999765307
26.3000000100583,679.999999497086
26.6,665.000002615153
26.6,690.999997384847
26.6999999966472,740.999998323619
26.9,630.0
26.7000000201166,600.999998860061
26.9999999597669,584.000002279877
26.800000013411,599.999998927116
26.8,561.000001307577
26.9999999966472,503.999999932945
26.8999999698252,502.00000462681
26.6000000301748,547.99999537319
26.3000000100583,528.000000670552
26.8,526.0
27.0999999731779,546.000001072883
26.7000000536442,561.999997854233
26.6000000067055,544.000001206994
26.4000000067055,522.000000737608
26.9000000100583,477.000000268221
27.1999999798834,484.999996278436
27.0000000201166,448.000003721564
26.9000000033528,443.000000167638
26.7,426.0
26.8999999932945,430.000002548098
26.800000013411,467.999994903804
26.999999986589,475.999999463558
26.7000000100583,486.999999631196
26.8000000067055,502.999999497086
27.0000000502914,487.99999678135
27.4999999497086,456.00000321865
27.5999999966472,445.000000368804
27.1,426.0
27.5,417.000002816319
27.5,458.999994367362
27.5,452.000000469387
27.5,470.999999362975
27.3000000067055,474.999999731779
27.5000000301748,466.999999195337
27.7999999698252,459.000000804663
27.8999999966472,469.999999631196
27.6,468.0
27.4,454.000001005828
27.4,468.999997988344
27.1000000201166,465.000000268221
26.6000000167638,465.0
26.6000000033528,482.000000100583
26.700000070408,484.999998491258
27.399999929592,470.000001508742
27.8999999832362,484.999999497086
27.7,479.0
27.0999999664724,481.999999195337
26.6000000670552,470.000001609325
26.8999999798834,464.000000402331
26.9,497.999998860061
26.8,510.000000536442
26.8,525.999999597669
26.8,522.000000402331
26.8,508.000000469387
27.1,514.0
27.6000000335276,486.999998927117
28.0999999329448,471.000002145767
27.8000000201166,465.000000402331
27.400000013411,486.999999262392
27.299999986589,453.0
26.8999999899417,453.000000905245
26.8000000100583,461.999999094755
26.8999999966472,478.999999430031
27.1,498.0
26.600000013411,501.000000335276
26.7999999731779,505.999999329448
27.2999999664724,506.999999932945
27.3,513.999999765307
27.0999999899417,515.000000100583
26.7999999497086,518.000001609325
26.3000000502914,533.999998390675
26.3999999966472,571.999998725951
26.2,558.0
26.3999999932945,626.000000871718
26.300000013411,638.999998256564
26.3999999932945,753.999992288649
26.9999999798834,663.000003051013
27.2999999966472,620.999998256564
27.1999999497086,568.999998390675
26.7000000502914,553.000001609325
26.6000000033528,487.000002212823
26.7,496.0
26.7999999932945,503.000002481043
26.700000013411,539.999995037914
26.6000000067055,598.999996043741
26.6,521.000002615154
26.7,525.000000368804
26.7000000100583,536.000000301749
26.7999999899417,538.999999698251
26.6000000067055,605.99999775365
26.8,541.0
26.8,577.999998390675
26.8,554.00000321865
26.600000013411,539.000001005828
26.3000000100583,525.000000469387
26.6,545.000002313405
26.6,613.999995172025
26.6,566.000004827975
26.3000000100583,615.999998323619
26.2,675.0
26.300000013411,643.999997854233
26.4999999731779,612.000004291534
26.5,647.999997586012
26.5,699.999998256564
26.3000000067055,724.00000140816
26.4999999899417,766.000000804662
26.4000000100583,773.999999195338
26.4,705.000002313406
26.4,684.0
26.2000000268221,713.999998658896
26.5999999463558,694.000002682208
26.5000000067055,773.999994635582
26.5,759.000000502914
26.4,693.000002078712
26.3999999899417,754.999991249295
26.3000000100583,668.000008750705
26.3,614.000001810491
26.3,706.0
26.3000000067055,706.000004023313
26.399999986589,765.999991953375
26.4,784.999998725951
26.4,732.000001776964
26.2999999765307,642.000007074327
25.5999999497086,852.999999698251
25.1000000502914,850.000000301749
24.8000000100583,834.000000536442
24.4,841.0
23.899999986589,845.999999798834
23.7000000268221,843.000000402331
23.500000013411,836.000000469387
23.4000000033528,870.999998826534
23.299999986589,815.999998491257
22.8999999698252,770.999988634142
22.6000000301748,658.000011365858
22.3000000100583,606.000001743436
22.0,572.0
21.7000000067055,536.999997787178
21.799999986589,504.000004425644
21.7000000067055,478.000001743436
21.6000000033528,473.000000167638
21.6000000033528,465.000000201166
21.7,471.0
21.7,471.0
21.7999999966472,459.000000402331
21.8,476.0
21.999999986589,485.999999329448
21.8000000268221,476.000001341104
21.600000013411,475.000000067055
21.6,466.000000301749
21.4999999932945,457.0
21.3000000100583,456.999998290092
21.3999999899417,440.000001709908
21.2000000067055,448.999999698251
21.0,437.0
21.2000000067055,438.99999986589
21.299999986589,440.999999731779
21.3999999932945,448.999999463558
21.4999999966472,463.999999497086
21.6999999966472,461.999999698251
21.5999999899417,452.999999597669
21.5000000100583,449.000000402331
21.4000000033528,453.999999832362
21.3,465.0
21.2000000067055,447.000000402331
21.299999986589,452.999999195337
21.2000000067055,449.000000268221
21.0000000067055,435.000000469387
21.2000000067055,456.999999932945
21.3999999899417,454.999999798834
21.3000000100583,453.000000201166
21.4999999932945,459.999999765307
21.6,451.0
22.5000000536442,484.000001877546
23.2999998927117,511.999996244908
24.1999999396503,654.999990411102
24.3999999932945,773.999996010214
24.900000013411,858.999999128282
25.3000000402331,833.000020116563
25.6999999597669,1032.99997988344
25.9999999899417,1183.99999493733
26.3,1105.0
26.500000013411,1091.99999443442
26.6999999731779,1009.00001113117
26.3000000268221,731.000018641354
26.1000000067055,808.999997384846
26.1999999966472,804.00000083819
26.1000000100583,829.000000402331
26.1999999899417,832.999999597669
26.2,778.000001844019
26.4,777.0
26.100000013411,856.000008784233
26.2999999731779,986.999982431535
26.2000000067055,895.000006169081
26.2999999966472,971.999997418374
26.3,800.99999845773
26.3,754.999995775522
26.3,713.000004224478
26.3,719.999999765307
26.2,785.0
26.0999999932945,895.99999510497
26.000000013411,823.000009790061
26.0,820.000000201166
26.1999999932945,819.000000033528
26.1999999966472,818.999998223036
26.1,766.000004325061
26.1,808.999995674939
26.1999999966472,878.999997653067
26.3,1000.0
26.2000000067055,926.999996110798
26.299999986589,869.000007778405
26.2000000067055,847.000001475215
26.2999999966472,862.999999463558
26.2000000033528,845.999998994172
26.2999999899417,816.000002011656
26.2000000100583,835.999997988344
26.2999999966472,797.000001307577
26.3,733.0
26.1999999932945,712.000005431472
26.100000013411,792.999989137056
26.1,863.999995239079
26.1,795.000002313405
26.1000000033528,808.999999329448
26.2,788.999997686595
26.2,766.000002313405
26.2,784.999999362975
26.2,737.0
26.2,814.00000013411
26.2,815.999999731779
26.2999999932945,900.999994300306
26.3,918.999999396503
26.2999999966472,868.999997653067
26.2,798.999992758037
26.2,727.000007241963
26.1000000033528,766.999998658895
26.1,752.0
26.000000013411,748.999997854233
26.1999999731779,717.000004291534
26.2,716.000000067055
26.3999999932945,700.000000536442
26.2,713.999999262392
26.2,692.000010158865
26.2,792.999989841135
26.0000000067055,856.999997854233
26.3,909.0
26.3,971.99999986589
26.3,970.000000268221
26.3,904.000004425645
26.3,856.000001609326
26.2000000033528,811.99999788776
26.2999999698252,748.999989237639
26.0000000301748,642.000010762361
26.1999999932945,769.999995708465
26.2,816.0
26.2000000067055,853.999997317792
26.299999986589,814.000005364417
26.2000000067055,739.000005029142
26.1000000033528,714.00000083819
26.1,741.000000469387
26.0999999899417,755.000005230306
26.0000000100583,806.999994769694
26.0,834.999999061227
25.9,833.0
25.6999999932945,873.000003151595
25.600000013411,919.99999369681
25.6,982.99999577552
25.7999999932945,936.000001575798
25.7,1005.99999718368
25.7,922.000013981012
25.7,1060.99998601899
25.7,953.000003620982
25.7,1031.0
25.4999999932945,940.000001341104
25.400000013411,959.999997317792
25.3000000067055,981.999998524785
25.3,1019.99999872595
25.0999999932945,1081.00000113994
24.8999999899417,1114.99999074638
24.8000000100583,1023.00000925362
24.6000000067055,1037.99999949709
24.7,1001.0
24.700000013411,956.000004157423
24.8999999731779,1017.99999168515
24.9,1098.99999456853
24.8000000033528,1046.00000177696
25.0000000033528,1002.00000077114
25.1000000100583,1024.99999979883
25.1999999899417,1023.00000020117
25.2999999966472,1114.99999691546
25.5,1143.0
25.5999999798834,1064.99999517202
25.3000000402331,993.00000965595
25.2000000067055,1003.99999926239
25.1000000033528,1097.9999968484
25.2,1097.99999983236
25.2000000100583,1092.99999567494
25.2999999899417,1050.00000432506
25.4999999932945,1015.00000117347
25.7,1036.0
26.000000013411,1109.99999617785
26.1999999731779,1053.00000764429
26.399999986589,982.000004760921
26.3000000033528,965.000000569969
26.3,1021.99999966472
26.3000000100583,1011.99999919534
26.3999999899417,1004.00000080466
26.6999999899417,984.000000670552
26.1,764.0
26.6000000067055,720.000002682208
26.699999986589,759.999994635583
27.0999999731779,789.999997988343
27.1999999966472,1014.99999245629
26.7999999731779,1337.99999527261
25.9999999899417,1196.99997686595
25.9000000100583,967.000023134048
26.0999999932945,1011.99999849126
26.0,940.0
25.8,963.000002816319
25.8,1004.99999436736
26.3999999597669,1031.99999818951
26.6999999899417,887.000004861504
27.3000000067055,909.999995809048
27.4999998793006,784.99998571724
26.3000001206994,643.00001428276
26.2000000033528,564.000002648682
26.6,534.0
26.4000000201166,505.999996311963
26.6999999597669,451.000007376073
26.7,427.000001609326
26.6000000033528,474.999998390674
26.3999999798834,477.000001776964
25.8000000502914,529.99999607727
26.2999999497086,491.00000392273
26.3999999966472,529.999998692423
26.4,574.0
26.6999999396503,569.000002682208
25.8000001206994,608.999994635583
26.1999999731779,669.999995909631
26.599999986589,747.999997384846
26.2000000100583,798.999999564141
26.5000000201166,785.999999195337
26.6999999798834,778.000000804663
26.7,699.000002648682
26.0,569.0
26.200000013411,615.999994099141
26.3999999731779,528.000011801717
26.1000000201166,524.000000268221
26.0000000033528,677.999994836747
26.0000000067055,680.999999631196
26.1999999899417,669.999998491258
26.1000000100583,655.000001508742
26.2999999932945,732.999997384846
26.4,731.0
26.3,901.999997317792
26.3,862.000005364417
26.3999999932945,829.000002212823
26.4999999966472,757.000002413988
26.3,705.999997921288
26.3,643.999998088927
26.3,625.000001911073
26.5999999899417,584.000001374632
26.8,571.0
26.5999999597669,747.000006973742
26.0000000804663,850.999986052516
26.3999999731779,744.00000717491
26.2000000067055,608.000004559756
26.0000000067055,724.999996613711
26.2000000201166,623.999994467945
26.3999999798834,569.000005532055
26.000000013411,626.999998055398
26.0,737.0
26.3,774.99999202043
26.3,656.00001595914
26.3999999932945,645.000000737607
26.000000013411,677.999998893589
25.800000013411,672.000000201166
26.1999999899417,678.000001609325
26.1000000100583,693.999998390675
26.3999999899417,747.999998189509
26.2,843.0
26.1000000067055,764.999997988344
26.199999986589,735.000004023313
26.2,735.999999932945
26.2,745.999999664724
26.2,774.000003151596
26.2000000100583,868.000007543711
26.2999999899417,942.999992456289
26.2000000033528,833.000003688038
26.3,804.0
26.0,763.00000013411
26.0,764.999999731779
26.0999999932945,723.00000281632
26.2999999932945,771.999998357147
26.2999999966472,763.000003051013
26.2,854.000009555368
26.2,948.999990444632
26.1000000033528,978.999998994172
26.1,940.0
26.1,871.999997250736
26.1,831.000005498527
26.0000000067055,794.000002481043
26.0,780.000000469387
26.1,846.000002045184
26.0999999899417,907.00000714138
26.0000000100583,977.99999285862
26.0,1121.99999517202
26.0,1105.0
26.1,1246.00000563264
26.1,1329.99998873472
26.1,1274.00000375509
26.1999999966472,1219.00000184402
26.1999999765307,1202.99999829009
25.4999999597669,1151.99999788776
25.1000000402331,1131.00000211224
24.4000000234693,1119.00000040233
24.0,1119.0
23.6999999664724,1107.99999966472
23.2000000670552,1103.00000067055
23.000000013411,1055.00000321865
22.600000013411,1036.00000063702
22.299999986589,951.99999929592
21.8999999798834,930.999991651626
21.7000000201166,848.000008348374
21.4000000100583,823.00000083819
21.3,793.0
21.1999999798834,773.999998793006
20.9000000402331,756.000002413988
20.9,745.000000737608
20.8000000033528,731.000000469387
20.6999999966472,694.000000402331
20.5999999899417,705.999998189509
20.5000000100583,688.000001810491
20.6999999932945,633.000001844019
20.8,659.0
20.9,617.000000067055
20.9,617.99999986589
20.700000013411,609.000000603497
20.7999999966472,646.999998725951
20.6999999966472,641.999998759478
20.5999999597669,604.999996881933
20.2000000402331,574.000003118067
20.2999999966472,558.000000536442
20.4,563.0
20.3999999932945,594.999999195337
20.300000013411,583.000001609325
20.3999999932945,592.999999329448
20.4,542.000001709908
20.3,545.000000637025
20.3,563.999998793006
20.3,552.000001206994
20.3,547.000000167638
20.1,545.0
20.099999986589,547.999999798834
19.9000000268221,545.000000402331
19.9999999932945,568.999998390674
19.9000000033528,522.000001575798
19.9000000033528,542.000000335276
20.0,551.999997887761
20.0,531.000002112239
20.1999999932945,531.999999966472
20.3,526.0
20.9000000603497,513.000001408159
21.7999998793006,533.999997183681
22.5999999463558,630.999993495643
23.0999999832362,590.000001374632
23.5000000100583,564.999999731779
23.8000000301748,557.0
24.0999999698252,557.0
24.3999999899417,546.000000368804
24.5,574.0
24.7000000067055,657.999999128282
24.799999986589,645.000001743436
24.999999986589,584.000004090369
25.2999999899417,591.999999731779
25.7000000033528,733.000007476658
25.7999999497086,955.999976966535
25.3000000502914,727.000023033465
25.1000000067055,840.999996177852
25.1,946.0
25.2,1081.00000610202
25.2,1171.99998779595
25.2,1186.99999899417
25.1000000033528,1173.00000046939
25.0,1146.99999728426
25.0,1065.99999658018
25.0,1032.00000341982
25.0999999966472,1052.99999929592
25.0,1023.0
25.0,971.000005364417
25.0,1050.99998927117
25.0,1109.99999604374
25.0,1071.00000130758
24.9000000033528,1021.00000063702
24.9999999899417,1039.99999436736
24.9000000100583,984.000005632638
25.299999986589,959.00000083819
25.6,1059.0
25.6000000067055,1199.99999168515
25.699999986589,1076.00001662969
24.9000000536442,1001.00000502914
24.8000000033528,1022.99999926239
24.6,1025.99999969825
24.5999999899417,1016.9999935627
24.5000000100583,953.0000064373
24.5,924.000000972301
24.6,934.0
24.600000013411,877.999999329448
24.7999999731779,868.000001341104
24.7000000067055,864.000000268221
24.9999999899417,840.000000804663
25.0,824.999999932945
25.0000000402331,823.000019412484
25.3999999597669,1015.99998058752
25.5999999932945,1136.99999594316
25.6,1131.0
24.8999999932945,1026.00000784546
24.800000013411,1142.99998430908
24.8,1034.00000730902
24.8,1021.00000043586
25.0000000100583,983.000000234693
25.3000000301748,990.000000502914
25.5999999698252,994.999999497086
25.6999999966472,939.000001877546
25.8,980.0
25.8999999530614,1272.9999949038
25.2000000938773,1197.00001019239
24.9000000201166,1139.0000038892
24.8000000033528,1133.00000020117
24.8,1135.99999912828
24.8,1109.9999976866
24.8,1087.0000023134
24.7000000033528,1050.00000124052
25.2,1031.0
25.3000000067055,1010.99999839067
25.399999986589,987.00000321865
25.4999999932945,1069.99999443442
24.8000000234693,1023.0000015758
24.6999999966472,1013.00000016764
24.5999999899417,1017.99999808893
24.5000000100583,999.000001911073
24.9999999832362,989.000000335276
25.4,969.0
25.3,949.000007510184
25.3,1060.99998497963
25.3,1056.00000033528
25.3,1034.00000073761
24.9999999966472,1130.99999869242
24.9,1091.99999889359
24.9,1081.00000110641
24.6000000100583,1084.99999986589
24.4,1042.0
24.3000000067055,1020.00000093877
24.399999986589,1033.99999812245
24.4999999932945,957.000005163253
24.6999999932945,960.99999986589
25.0000000100583,1069.00000244752
25.3000000201166,1141.99999215454
25.4999999798834,1064.00000784546
25.6999999932945,1042.00000073761
26.0,984.0
26.4000000067055,1002.99999892712
26.499999986589,987.000002145767
26.5999999932945,997.999999262393
26.7999999932945,1074.99999741837
26.9,1066.99999631196
26.8999999899417,956.999993059786
26.8000000100583,888.000006940214
26.8,738.000005029142
26.7,672.0
26.6999999798834,579.999995775522
26.4000000402331,517.000008448957
26.4999999932945,476.000002749264
26.2000000100583,460.000000536442
26.1000000033528,451.000001844019
26.2000000301748,505.999997787178
26.4999999698252,484.000002212822
26.5,458.000000871718
26.1,525.0
26.0000000268221,544.999999396503
26.3999999463558,536.000001206994
26.1000000201166,496.000002682209
26.5999999832362,571.999997451901
26.7999999899417,544.999999966472
26.5,543.999994367362
26.5,488.000005632638
26.3000000067055,487.000000033528
26.4,459.0
26.699999986589,497.999998591841
26.5000000268221,477.000002816319
26.0000000335276,516.999997317791
26.8999999698251,467.000001676381
26.2000000368804,477.000000033528
27.2999999597669,477.99999929592
26.9000000402331,471.00000070408
27.3999999832362,491.99999929592
27.7,469.0
26.9999999329448,439.000000603497
26.0000001341104,447.999998793006
27.0999999262392,416.000002145767
27.1,413.000000100583
26.300000013411,448.999998725951
26.7000000301748,411.000000905245
26.9999999698252,419.999999094755
27.0,453.999998860061
26.1,409.0
26.700000013411,429.99999986589
26.8999999731779,428.000000268221
27.2999999731779,419.000000603497
26.4000000301749,426.999999731779
26.2000000201166,432.999999530613
26.799999929592,419.000001005828
26.100000070408,428.999998994172
25.700000013411,418.000000368804
26.8,420.0
26.5,421.000000201166
26.5,423.999999597669
26.1000000268221,435.999999195337
25.8000000100583,409.000000905246
26.2000000067055,456.999998357147
26.3999999798834,408.000000402331
26.2000000201166,411.999999597669
25.9000000100583,431.999999329448
26.8,417.0
27.199999845773,394.000002145767
24.900000308454,425.999995708466
25.9999999262392,453.999998122454
26.2999999899417,449.000000167638
27.1999999765307,434.000001810491
26.499999929592,488.000002112239
25.800000070408,508.999997887761
26.5999999731779,620.999996244907
26.4,537.0
26.6999999597669,487.000002481043
26.1000000804663,523.999995037914
26.1,566.999997116625
26.2999999932945,581.999999497086
26.2000000268221,578.999997653067
26.9999998290092,509.000003620981
25.3000001709908,544.999996379019
25.699999986589,635.999996948987
25.6,687.0
26.0000000201166,630.99999664724
26.2999999597669,581.000006705521
27.0999999463558,634.999996379018
27.499999986589,561.000002481043
26.2000000234693,519.999999564141
26.9000000301748,506.999998793006
27.1999999698252,495.000001206994
26.800000013411,448.000001575798
26.6,451.0
25.7000000737607,484.999997586012
26.7999998524785,449.000004827975
26.2000000402331,411.000002548099
26.4999999899417,409.000000067055
26.9999999798834,458.000000502914
26.3999999899417,472.999996982515
26.3000000100583,443.000003017485
26.2000000033528,440.000000100583
26.3,433.0
26.2000000067055,440.499999497086
26.100000013411,447.999998994172
26.1999999932945,468.99999859184
25.9000000100583,440.000000972301
26.3000000033528,473.000000569969
26.4,489.999999094755
26.4,481.000000905245
26.000000013411,565.999997150153
26.1,503.0
25.1000000603497,495.000000938773
25.9999998793006,508.999998122454
26.0,495.000000938773
25.9000000033528,541.999998424202
25.7,616.000004962087
25.7,763.999997686595
25.7,741.000002313405
25.6000000033528,741.999999966472
25.8,768.0
25.8,755.000002413988
25.8,790.999995172025
25.7000000067055,855.99999564141
25.7,982.999995741993
25.699999986589,1025.9999974519
25.3000000301748,950.00000714138
25.5999999698252,1020.99999285862
25.6,862.000005330891
25.3,788.0
25.399999986589,665.999995708466
25.2000000268221,602.000008583067
25.2999999932945,609.999999463558
25.3999999966472,624.999999497086
25.3999999966472,762.99999788776
25.2999999798834,700.000007040797
25.1000000201166,769.999992959203
25.1,722.000001609326
25.0,719.0
25.1999999932945,652.00000154227
25.100000013411,674.99999691546
25.1999999932945,807.999991081655
25.1000000033528,876.999997686595
25.0999999798834,963.000001173467
24.4999999396503,998.000001206994
23.9000000603497,1009.99999879301
23.4000000167638,1000.00000033528
22.9,1009.0
22.399999986589,1016.99999953061
22.2000000268221,1010.00000093877
21.8000000268221,1003.00000046939
21.5000000100583,990.000000435859
21.2999999899417,991.99999929592
20.9999999899417,970.999998290092
20.9000000100583,954.000001709908
20.8000000033528,879.000002514571
20.6,879.0
20.4999999932945,878.999999195337
20.400000013411,867.000001609325
20.4999999932945,852.000001005828
20.4000000033528,864.999999564141
20.3999999966472,818.999999564141
20.2999999798834,805.999998793006
20.1000000201166,794.000001206994
20.1,778.000000536442
19.9,782.0
20.0000000201166,781.99999986589
20.2999999597669,780.000000268221
20.3999999932945,798.999998725951
20.6999999899417,785.000000469387
20.8000000067055,764.000000167638
21.0000000100583,769.000001609325
21.0999999899417,784.999998390675
21.1,771.000000469387
21.1,799.0
21.0000000067055,792.500000435859
21.099999986589,786.000000871718
21.0000000067055,790.999999664724
21.0,783.000000268221
20.9,785.000000637025
20.8999999798834,803.999997586012
20.7000000201166,780.000002413988
20.7999999966472,806.999999094754
20.7,802.0
20.599999986589,788.0
20.4000000268221,788.0
19.9000000335276,785.000000201166
19.8000000033528,785.0
19.9,783.000000067055
19.9,784.999998994172
19.9,775.000001005828
19.9999999966472,786.999999597669
20.8,791.0
22.1000000670552,774.999999262393
23.0999998658896,764.000001475215
23.7999999530613,743.00000140816
24.2999999832362,748.999999798834
24.5000000067055,956.999998625368
24.7000000100583,916.000015188005
24.7999999899417,1066.99998481199
24.8,1086.99999932945
24.9,1127.0
24.499999986589,966.000002950429
24.3000000268221,1009.99999409914
24.2000000067055,1011.99999986589
24.2,976.000001206994
23.9,1060.99999755248
23.9,988.000003017484
23.9,1017.99999698252
23.9,994.000000804663
23.8,974.0
23.9000000268221,1077.99999738485
24.2999999463558,1039.00000523031
24.5999999798834,1038.00000006706
24.7999999932945,1028.00000033528
24.7999999731779,979.000000469387
24.0,993.000005029141
24.0,1042.99999497086
23.8000000067055,1030.00000043586
23.8,1005.0
23.7999999932945,985.000001609325
23.700000013411,1008.99999678135
24.1999999664724,1001.00000053644
24.4999999899417,1184.99999383092
24.7,1003.99999943003
24.6999999195337,987.000003822147
23.9000000804663,1024.99999617785
23.8000000033528,1071.9999984242
23.8,1054.0
23.8999999932945,995.999999932945
23.800000013411,995.00000013411
24.1999999731779,1002.99999946356
24.3999999932945,996.000000234693
24.4999999765307,1015.00000694022
23.7999999899417,1221.99998742715
23.7000000100583,1097.00001257285
23.6000000033528,1127.99999896064
23.6,1094.0
24.000000013411,1016.00000107288
24.1999999731779,1031.99999785423
24.5999999731779,1007.00000167638
24.5000000033528,1059.99999822304
24.5999999664724,1005.9999993965
23.6000000201166,988.000008650122
23.7999999798834,1073.99999134988
23.6000000067055,984.000003017485
23.6,1018.0
23.7,1032.00000120699
23.7,1049.99999758601
24.0999999731779,1018.00000214577
24.2999999932945,1013.00000016764
24.5999999966472,1066.99999715015
24.4999999195337,982.000004425644
23.7000000804663,1025.99999557436
23.7,1096.99999761954
23.7,1049.0
23.6000000201166,1015.99999664724
23.8999999597669,966.000006705521
24.1999999798834,963.000000201166
24.2999999966472,1071.99999634549
24.5,1043.99999617785
24.4999999195337,930.000020217146
23.7000000804663,1130.99997978285
23.7,1028.00000345334
23.6,1034.0
23.6000000335276,1019.99999691546
24.0999999329448,974.000006169079
24.1999999932945,1188.99998558313
24.3999999932945,984.000006873161
24.4000000033528,987.000000268221
24.499999929592,995.000013981012
23.800000070408,1133.99998601899
23.6000000067055,1064.00000234693
23.6,1037.0
23.5999999932945,1018.00000160933
23.500000013411,1041.99999678135
23.9999999664724,1025.00000113994
24.1999999932945,1044.99999932945
24.2999999899417,1005.00000003353
23.9999999899417,1005.99999788776
23.9000000100583,985.000002112239
23.9,1056.99999758601
23.6,979.0
23.5999999932945,957.000006102024
23.500000013411,1047.99998779595
23.699999986589,1104.99999617785
23.7999999966472,1071.00000113994
24.0000000100583,1007.00000130758
24.3000000301748,1046.00000140816
24.5999999698252,1059.99999859184
24.7999999932945,1126.99999775365
25.2,1040.0
25.5,965.000000469386
25.5,971.999999061227
25.2000000201166,923.000003285706
25.4999999899417,841.000002749264
25.2999999966472,820.999995306134
25.1999999899417,680.999997284264
25.1000000100583,654.000002715736
25.1,724.999997619539
25.4,659.0
25.3999999798834,641.999998658896
25.1000000402331,622.000002682208
25.299999986589,681.999995976686
25.2000000033528,622.000002011657
25.6,620.999998759478
25.5999999798834,584.000000804663
25.4000000201166,591.999999195337
25.6999999899417,577.000000502914
26.0,583.0
25.4999999731779,581.999999597669
25.1000000536442,576.000000804663
25.6999999597669,553.00000154227
25.4000000100583,537.000000536442
25.1000000033528,509.000001173467
25.2000000502914,544.000004928558
25.6999999497086,592.999995071442
25.8999999932945,521.000002413988
25.6,560.0
25.4999999932945,536.999999664724
25.400000013411,532.000000670552
25.4,470.000004157424
25.9999999798834,524.999998155981
25.8999999966472,458.000000771135
25.8000000603497,480.99999748543
26.3999999396503,456.00000251457
25.9000000167638,498.999998558313
25.6,444.0
25.5000000335276,453.999998793006
25.9999999329448,436.000002413988
26.3999999731779,454.999998725951
26.000000013411,439.000000536442
25.8999999966472,438.999999765307
25.7999999899417,431.999999195337
25.7000000100583,424.000000804663
25.6000000033528,452.999999027699
25.7,420.0
26.100000013411,436.999998994172
26.2999999731779,422.000002011656
26.5999999798834,418.000000268221
26.4000000067055,450.999998893589
26.1999999966472,439.999998491257
26.1000000301748,395.000004425644
26.3999999698252,438.999995574356
26.8999999832362,439.0
26.5,437.0
26.7999999597669,393.000004291534
26.2000000804663,456.999991416933
25.4000000536442,428.000001944602
25.2000000067055,422.000000201166
25.0000000402331,440.999999430031
26.2000000100583,424.000002212822
26.2999999899417,445.999997787178
25.6000000234693,497.999998256564
25.0,462.0
24.9000000067055,440.00000013411
24.999999986589,441.999999731779
25.0999999932945,483.99999718368
25.2999999932945,502.999999362975
25.5000000167638,554.999999463558
26.0000000603497,539.000003118067
26.5999999396503,569.999996881933
26.5000000033528,567.000000100583
25.9,526.0
25.4000000201166,484.00000167638
25.6999999597669,508.999996647239
25.899999986589,478.000002078712
25.9999999966472,508.999998960644
25.6999999932945,531.000000536442
25.5,546.999994467945
25.5,492.000005532055
25.6999999932945,500.999999698251
25.9,511.0
25.7,537.000000670552
25.7,546.999998658896
25.500000013411,526.00000140816
25.0000000167638,560.999998826533
25.8,561.000000938773
25.8000000100583,589.000001911074
25.8999999899417,607.999998088926
26.0999999932945,589.000000637025
26.0,578.0
25.5,541.000002011656
25.5,570.999995976687
25.1000000268221,555.000001072884
24.8000000100583,574.999999329448
24.4999999932945,532.999998927116
24.300000070408,501.000003419816
24.999999929592,534.999996580184
25.7999999731779,497.000001274049
25.6,534.0
25.499999986589,569.000001810491
25.3000000268221,595.999996379019
25.5999999798834,600.999999664724
25.7999999932945,621.99999929592
25.9999999798834,619.000000100583
25.3999999597669,622.000004425644
25.0000000402331,665.999995574356
25.1999999932945,653.000000435859
25.1,641.0
24.8999999798834,678.000008784233
24.6000000402331,808.999982431535
24.5000000067055,921.999992422759
24.5,1008.9999970831
24.8,1115.99999808893
24.8000000100583,1059.0000058338
24.8999999899417,1116.9999941662
24.9,1118.99999993294
25.0,1088.0
24.9,1058.99999926239
24.9,1048.00000147521
24.9,1121.99999503791
24.9,1104.0000006035
24.7999999932945,1045.00000083819
24.5999999899417,1069.99999949709
24.5000000100583,1065.00000050291
24.4000000033528,1079.99999949709
24.1,1098.0
24.0999999932945,1063.9999993965
24.000000013411,1055.00000120699
23.800000013411,1017.0000025481
23.7000000033528,1075.99999802187
23.4999999932945,1047.00000120699
23.2999999798834,1082.99999859184
23.1000000201166,1069.00000140816
22.8000000100583,1032.00000124052
22.6,1046.0
22.3999999798834,1000.99999758601
22.1000000402331,965.000004827975
21.900000013411,957.000000536442
21.6000000100583,890.00000224635
21.5999999899417,880.999997954816
21.2999999899417,819.999995976687
21.2000000100583,780.000004023313
21.0000000067055,688.000003084541
20.7,661.0
20.5000000067055,622.999997586012
20.599999986589,587.000004827975
20.6,588.99999986589
20.7999999932945,595.999999765307
21.100000013411,603.999999664724
21.5000000201166,594.000000603497
21.6999999798834,599.999999396503
21.7999999966472,605.999999798834
21.3,594.0
20.9000000067055,560.999999262393
20.999999986589,550.000001475215
20.9000000067055,553.999999731779
20.9999999966472,561.999999731779
20.8999999966472,552.999999899417
20.8,550.000000100583
20.8,550.999999899417
20.7000000033528,545.000000201166
20.6,542.0
20.4999999932945,533.999999396503
20.400000013411,525.000001206994
20.3000000067055,539.999998994172
20.2000000033528,536.00000013411
19.8999999966472,538.999999362975
19.8,520.000001609325
19.8,535.999998390675
19.8,544.999999698251
19.9,524.0
19.9000000268221,535.999999329448
20.2999999463558,526.000001341104
20.3999999932945,523.000000201166
20.3000000033528,525.999999899417
20.0,529.999999262393
19.9999999899417,508.000000603497
19.9000000100583,513.999999396503
19.9,514.999999966472
19.6,496.0
19.3999999932945,503.999999664724
19.300000013411,499.000000670552
19.3999999932945,499.0
19.4999999966472,481.000000603497
19.4,501.999999329448
19.4000000201166,482.000001307577
19.5999999798834,494.999998692423
19.6,486.000000301749
19.7,478.0
19.6000000067055,479.00000013411
19.699999986589,480.999999731779
19.7,481.999999932945
19.6000000033528,483.999999932945
19.6,478.999999966472
19.6000000100583,478.0
19.6999999899417,478.0
19.7,465.000000435859
19.6,479.0
19.600000013411,484.999998793006
19.7999999731779,467.000002413988
20.8999999262392,554.99999409914
21.5999999765307,578.999999195337
22.3000000234693,547.999999597669
23.0000000100583,536.000000100583
23.0999999899417,536.999999899417
23.1,515.000000737607
23.3,509.0
23.4000000067055,491.99999986589
23.499999986589,490.000000268221
23.7999999798834,491.999999865889
24.2999999832362,482.000000335276
24.7000000100583,474.999999832362
25.0000000100583,470.000005934386
25.0999999899417,528.999994065614
25.2999999932945,629.999996613711
24.9,557.0
24.800000013411,597.000002212822
24.9999999731779,629.999995574356
25.0999999932945,742.999992422759
25.1,888.999995104968
25.1,1015.00000204518
25.0999999798834,1076.00000754371
24.9000000201166,1150.99999245629
24.9999999966472,1216.99999778718
25.0,1247.0
25.0000000067055,1259.99999537319
25.099999986589,1191.00000925362
25.1999999932945,1192.99999986589
25.1000000033528,1166.00000090525
25.0,1093.99999839067
25.0,1045.99999497086
25.0,996.000005029141
24.9000000033528,914.000002749264
24.7,890.0
25.0999999664724,821.999997183681
24.6000000670552,780.000005632638
24.3000000201166,734.00000308454
24.2000000033528,746.999999564141
24.3,828.99999718368
24.3,744.999995473773
24.3,700.000004526227
24.2000000033528,722.999999228865
24.2,821.0
24.3,719.000000536442
24.3,726.999998927117
24.0000000201166,828.999993160367
24.1999999932945,790.000001307577
24.1,746.999999228865
24.0999999899417,724.000006739049
24.0000000100583,790.999993260951
24.0,785.000000201166
24.0,728.0
24.0,783.000002548098
24.0,820.999994903804
24.2999999798834,733.00000590086
24.0000000100583,732.000000033528
24.1999999966472,853.999996278435
24.1000000201166,742.999999497086
24.2999999798834,738.000000502914
24.3,771.999998860061
24.3,734.0
24.2999999932945,719.00000167638
24.200000013411,743.999996647239
24.2,757.999999061227
24.2999999966472,738.000000670552
24.2999999966472,748.999998692423
24.2000000100583,710.000005934386
24.2999999899417,768.999994065614
24.3,743.000000871718
24.3,730.0
24.1,786.000004358589
24.1,850.999991282823
24.0000000067055,758.000006236136
24.0,730.000000938773
24.0000000033528,702.000003017485
24.1000000100583,791.99999607727
24.1999999899417,753.00000392273
24.2,697.000001877546
24.2,743.0
24.2,747.00000013411
24.2,748.999999731779
24.2,711.000002548099
24.2,737.999999094754
24.200000013411,714.000002313405
24.6000000402331,783.000002514571
24.9999999597669,807.99999748543
25.1999999932945,791.000000569969
25.3,713.0
25.1,705.999999061227
25.1,692.000001877546
25.1,790.999993361532
25.1999999966472,795.999999832362
25.2000000033528,755.999998960644
25.3000000201166,724.999995272608
25.4999999798834,678.000004727392
25.100000013411,770.999996881932
25.6,708.0
26.2000000335276,689.000002413988
26.6999999329448,724.999995172025
26.500000013411,689.000002413988
26.5999999966472,637.000001743436
26.6999999966472,595.000000771135
26.5999999899417,617.999996982515
26.5000000100583,588.000003017485
26.899999986589,556.000001072884
27.0,611.0
27.3000000335276,604.999998994172
27.7999999329448,590.000002011656
28.0999999798834,590.999999932945
28.2999999932945,543.000001609325
27.8999999966472,558.000000670552
27.7999999497086,578.000000905245
27.3000000502914,586.999999094755
27.7999999832362,578.000000301749
28.0,547.0
27.0999999731779,569.00000013411
26.7000000536442,570.999999731779
26.500000013411,583.999999128282
27.5999999631196,607.999999195337
28.0,553.000001106411
27.9999999597669,586.000003319233
27.6000000402331,618.999996680767
26.6000000335276,572.000001575798
26.7,587.0
27.7000000268221,612.999998658896
28.0999999463558,593.000002682208
28.3999999798834,578.000001005828
28.4999999966472,587.999999664724
27.9999999597669,584.999999362975
26.8000000502914,566.000000301748
27.2999999497086,568.999999698252
26.900000013411,574.999999798834
27.3,570.0
28.3000000469386,515.000002413988
28.9999999061227,550.999995172025
28.7000000201166,566.999998927116
28.8999999932945,557.000000335276
29.2000000234693,543.999999664724
29.9000000201166,533.999999698252
30.0999999798834,531.000000301748
29.8000000100583,546.999999463558
29.6,520.0
29.399999986589,507.999999329448
29.2000000268221,498.000001341104
27.6000001072884,456.00000281632
27.3000000100583,403.000001776964
27.1999999966472,447.99999845773
27.0999999497086,402.000003017485
26.6000000502914,431.999996982515
26.7999999932945,412.000000670552
26.2,441.0
25.8000000402331,425.999999798834
26.3999999195337,423.000000402331
27.3999999329448,447.999998323619
27.4,420.000000938773
27.0999999932945,433.000000335276
26.8999999798834,442.999998390675
26.7000000201166,427.000001609325
26.7999999966472,457.999998960644
26.8,426.0
26.9000000067055,424.000000402331
26.999999986589,429.999999195337
26.800000013411,413.000001139939
26.9999999932945,418.999999798834
27.2000000033528,446.999999128282
27.3,421.000000301748
27.3,423.999999698252
27.5999999899417,413.000000368804
27.7,441.0
27.4,399.000001274049
27.4,417.999997451902
27.200000013411,413.000000335276
27.4999999899417,417.999999832362
27.1999999832362,434.999998826534
26.6999999396503,400.000003520399
26.1000000603497,434.999996479601
26.499999986589,414.00000070408
26.7,434.0
26.9,408.000001743435
26.9,433.999996513129
26.700000013411,416.000001206994
26.7999999966472,430.999999497086
26.4999999664724,404.000001776964
25.5000000100583,456.999996680767
25.5999999899417,424.000003319233
25.4000000067055,444.99999929592
25.8,449.0
25.7999999932945,439.000003553926
25.700000013411,491.999992892148
25.6000000067055,453.000002615154
25.7999999932945,467.999999497086
25.8,455.999999731779
25.8000000100583,448.000000905245
25.8999999899417,456.999999094755
25.7000000067055,451.000000201166
25.6,470.0
25.499999986589,441.000001609325
25.3000000268221,464.99999678135
25.100000013411,454.000000737608
25.1,448.000000201166
25.4000000033528,524.999999195337
25.4999999899417,501.000003118067
25.4000000100583,531.999996881933
25.4,614.999997217208
25.3,699.0
24.9999999932945,685.999998927117
24.900000013411,670.000002145767
24.9,685.999998927116
24.8000000033528,678.000000268221
24.6999999932945,792.000002615154
24.4999999798834,870.000011466441
24.3000000201166,983.999988533559
24.3,1096.99999621138
24.2,1075.0
24.0,1083.99999832362
24.0,1059.00000335276
23.7000000201166,1033.00000174344
23.6000000033528,985.000001609326
23.5,1069.00000026822
23.4999999597669,1076.99999567494
23.1000000402331,1034.00000432506
23.0000000033528,1018.00000053644
22.7,1063.0
22.599999986589,1049.99999979883
22.4000000268221,1047.00000040233
22.3000000067055,1032.00000100583
22.0000000100583,1000.00000107288
21.6999999832362,981.999995406717
21.1999999899417,844.999995775522
21.1000000100583,803.000004224478
21.0000000033528,775.000000938773
21.1,774.0
20.7,750.000000938773
20.7,763.999998122454
20.500000013411,803.999997317791
20.5999999966472,749.000001844019
20.7999999932945,748.99999986589
20.5999999899417,744.999999698252
20.5000000100583,742.000000301748
20.4000000033528,746.999999832362
20.4,750.0
20.4999999798834,740.999999128282
20.2000000402331,728.000001743436
20.2999999932945,717.000000737608
20.2000000033528,726.999999664724
20.1999999966472,718.999999362975
20.0999999798834,699.999998793006
19.9000000201166,688.000001206994
19.8000000033528,688.0
19.9,684.0
19.8000000067055,687.999997384847
19.899999986589,649.000005230307
19.8000000067055,655.999999530613
19.9999999932945,651.000000167638
19.7999999966472,659.999998860061
19.7,626.000001106411
19.7,636.999998893589
19.6000000033528,633.00000013411
19.7,616.0
19.6,613.000000804662
19.6,624.999998390675
19.400000013411,619.000000402331
19.4999999966472,611.000000268221
19.4,613.000000368804
19.4,623.999999597669
19.4,620.000000402331
19.4,612.000000268221
19.4,599.0
19.4,614.999999262393
19.4,604.000001475215
19.599999986589,595.000000603497
19.4000000067055,599.999999832362
19.3999999966472,604.999999597669
19.3,592.999999899417
19.3,592.000000100583
19.3999999966472,599.999999731779
19.6,597.0
19.700000013411,609.999998860061
19.8999999731779,593.000002279877
19.9999999932945,605.999999128282
20.0,607.999999932945
19.9000000033528,599.000000469387
19.9999999899417,612.999998793006
19.9000000100583,601.000001206994
19.9,616.999999463558
19.7,607.0
19.8000000603497,589.999999798834
20.6999998793006,587.000000402331
21.4999999463558,676.999993965029
21.9999999832362,634.000001441687
22.600000013411,626.000004090369
23.0000000603497,748.00001176819
23.5999999396503,864.99998823181
23.999999986589,851.000000469387
24.1,887.0
24.2000000201166,878.000008448957
24.4999999597669,1003.99998310209
24.4000000067055,1119.99999222159
24.5999999932945,991.000004325062
24.7999999966472,945.000015188009
24.6999999899417,1397.99996912108
24.6000000100583,1091.00003087892
24.6999999966472,1124.99999886006
24.6,1116.0
24.4999999932945,1101.99999751896
24.400000013411,1065.00000496209
24.4999999932945,1051.00000093877
24.4000000033528,996.000001844019
24.4999999966472,1014.99999792129
24.4000000100583,953.000009756533
24.4999999899417,1049.99999024347
24.5,1113.99999785423
24.4,1069.0
24.3000000067055,1042.99999818951
24.399999986589,1016.00000362098
24.4,998.000001206994
24.4,1056.99999802187
24.4,1072.99999681488
24.3999999899417,978.000007443129
24.3000000100583,1051.99999255687
24.3999999966472,987.000002179295
24.4,992.0
24.399999986589,1059.00000140816
24.2000000268221,1079.99999718368
24.2999999932945,982.000006571412
24.3,982.0
24.2000000033528,1032.99999711663
24.2999999899417,947.000004325061
24.2000000100583,989.999995674939
24.2,1149.99999463558
24.2,1067.0
24.1000000067055,1011.00000207871
24.199999986589,1041.99999584258
24.000000013411,963.000005297363
24.0999999966472,1084.99999590963
24.1000000033528,1096.99999678135
24.2,1000.99999798834
24.2,981.000002011656
23.9000000100583,1029.99999835715
24.1,1059.0
24.1000000067055,978.000002816319
24.199999986589,1019.99999436736
24.399999986589,1230.99998585135
24.2000000067055,1064.00000559911
24.2000000067055,1025.99999839067
24.3999999899417,978.00000321865
24.3000000100583,1009.99999678135
24.1000000067055,1141.99999557435
24.3,1067.0
24.0999999932945,1003.00000100583
24.000000013411,1017.99999798834
24.0,1063.99999691546
24.0,1026.00000127405
24.1,1031.00000040233
24.0999999899417,1042.99999326095
24.0000000100583,976.000006739049
24.0999999966472,1113.99999537319
24.1,1039.0
24.1000000067055,976.000001944601
24.199999986589,1004.9999961108
24.2999999932945,1086.99999450147
24.3,1016.00000238046
24.4000000033528,994.000001139939
24.5,1028.0000035204
24.5,1062.9999964796
24.5999999966472,994.000002313406
24.4,1072.0
24.3999999932945,1095.99999617785
24.300000013411,1039.00000764429
24.3,1025.00000093877
24.3999999966472,976.000001642853
24.4,1066.99999943003
24.4000000201166,1049.99999205396
24.5999999798834,971.000007946043
24.6999999966472,1024.99999818951
24.8,962.0
24.800000013411,912.999997317792
24.9999999731779,873.000005364417
25.3999999731779,845.000001877546
25.3000000033528,777.000002279878
25.2000000067055,725.000000771135
25.3999999899417,747.99998893589
25.3000000100583,638.00001106411
25.2000000033528,649.999999597669
25.6,706.0
24.9000000067055,720.000005565583
24.999999986589,802.999988868835
25.199999986589,769.000002279878
25.1000000033528,711.000001944602
25.0000000033528,686.000003051013
25.1000000100583,777.000010862944
25.1999999899417,884.999989137056
25.3999999932945,1000.9999961108
25.1,835.0
25.2000000067055,848.999998860061
25.299999986589,832.000002279877
25.2000000067055,845.999999061227
25.3999999932945,797.000001642853
25.1000000100583,659.000001274049
25.4,696.999998692423
25.4,684.000001307577
25.3000000033528,611.000002447516
25.2,619.0
25.0000000201166,652.000003889202
25.2999999597669,709.999992221596
25.3,655.000003688038
25.1000000067055,689.999998826534
25.1000000067055,742.000001676381
25.3000000100583,791.999994870276
25.3999999899417,741.000005129724
25.4,659.000002749264
25.6,690.0
25.5999999731779,649.999997988344
25.2000000536442,620.000004023313
25.2,637.999998793006
25.2,614.000000804663
25.3,564.999999899417
25.2999999798834,562.000009354202
25.1000000201166,654.999990645798
25.499999986589,610.000001508743
25.8,642.0
25.8999999664724,609.999997653068
25.4000000670552,575.000004693865
25.3000000067055,558.000001139939
25.7999999832362,486.000002413988
25.9999999899417,480.000001139939
25.6999999497086,513.999998793006
25.2000000502914,502.000001206994
24.9000000100583,514.999999564141
25.3,492.0
25.1000000067055,516.999998994172
25.199999986589,502.000002011656
25.2999999932945,539.999997451901
25.3999999966472,560.99999929592
25.2999999899417,539.000000368804
25.0000001206994,549.99999607727
26.1999998793006,511.00000392273
26.2,533.999999228865
25.7,495.0
25.6000000268221,451.0
25.9999999463558,451.0
26.2999999798834,433.000001206994
25.7000000201166,444.999999597669
25.1999999966472,423.99999986589
25.1,420.00000321865
25.1,451.99999678135
25.499999986589,424.000000938773
26.2,460.0
26.1999999664724,444.000000938773
25.7000000670552,457.999998122454
25.2000000335276,432.000001743436
25.2,433.999999932945
25.4999999899417,442.999999798834
25.2000000201166,437.000003319233
25.3999999798834,469.999996680767
25.4,455.000000502914
25.9,435.0
25.9000000201166,428.000000804663
26.1999999597669,439.999998390675
26.1000000067055,414.000001743436
25.5000000201166,436.999999228865
25.4999999966472,419.000001274049
25.3999999798834,456.999996680767
25.2000000201166,424.000003319233
25.2,435.999999597669
25.7,436.0
25.4999999932945,415.000002816319
25.400000013411,456.999994367362
24.9000000335276,423.000002279878
24.9,421.000000067055
24.9999999932945,468.999999329448
24.8000000100583,448.99999748543
24.8999999899417,424.00000251457
24.9,463.999998658895
25.0,428.0
25.1000000268221,419.000000603497
25.4999999463558,427.999998793006
25.9999999664724,428.0
25.7000000100583,426.000000067055
25.2999999899417,443.000000435859
25.0,455.999997083098
25.0,427.000002916902
25.0999999966472,424.000000100583
25.0,451.0
24.7,441.000002011656
24.7,470.999995976687
24.7999999932945,435.000002413988
24.9999999932945,436.999999932945
24.9,495.999999497086
24.9000000201166,481.000001005828
25.0999999798834,490.999998994172
25.1,536.99999845773
25.1,582.0
24.899999986589,528.999998256564
24.7000000268221,503.000003486871
24.4000000201166,571.999995373189
24.4999999966472,558.000000469387
24.6,605.000002782792
24.6000000100583,688.000014081594
24.6999999899417,827.999985918406
24.6000000033528,903.999997451901
24.5,977.0
24.4999999932945,1052.00000355393
24.400000013411,1104.99999289215
24.200000013411,1102.00000020117
23.9000000100583,1096.00000020117
23.8999999932945,1097.99999882653
23.6999999899417,1063.00000311807
23.6000000100583,1093.99999688193
23.5000000033528,1094.99999996647
23.4,1070.0
23.1999999597669,1027.9999877289
22.6000000804663,845.000024542207
21.7000000603497,678.000011198223
21.2000000167638,616.000002078712
20.6999999899417,514.99999845773
20.3999999698251,469.00000462681
20.0999999899417,514.99999537319
19.8000000100583,456.000001978129
19.6,448.0
19.4000000067055,449.000000268221
19.499999986589,452.999999463558
19.300000013411,513.999995909631
19.3999999966472,485.000000972301
19.3999999932945,488.999999396503
19.2,471.000000402331
19.2,474.999999597669
19.2,468.000000234693
19.0,466.0
19.1000000067055,460.000000871718
19.199999986589,472.999998256565
19.000000013411,486.999999061227
18.8000000067055,479.000000268221
18.8,471.000000167638
18.7999999899417,475.999999798834
18.7000000100583,474.000000201166
18.6000000033528,480.999999765307
18.7,468.0
18.9000000067055,457.000001475215
18.999999986589,478.999997049571
19.0,468.000000737608
18.8000000067055,474.999999765307
18.6000000033528,478.000000368804
18.7000000100583,488.999999094755
18.7999999899417,480.000000905245
18.8999999966472,480.999999966472
19.0,490.0
19.0,495.999999597669
19.0,501.999999195337
18.9000000067055,513.999999195337
18.9,513.000000033528
18.8,527.999999362975
18.7999999698252,509.000000301748
18.5000000301748,511.999999698252
18.5999999966472,513.999999932945
18.5,526.0
18.6,534.000000335276
18.6,538.999999329448
18.6999999932945,547.999999396503
18.5000000067055,567.999999329448
18.700000013411,536.000000402331
19.1000000201166,548.000004023313
19.2999999798834,587.999995976687
19.3,553.000001173466
19.4,543.0
19.6,562.000000067055
19.6,562.99999986589
19.5000000067055,563.999999932945
19.7999999899417,583.999999329448
20.4000000234693,604.000003520399
21.1000000502914,709.00001106411
21.5999999497086,818.99998893589
21.999999986589,845.999999094754
22.3,982.0
22.5000000201166,1041.99999369681
22.7999999597669,948.00001260638
22.7000000067055,981.999997720122
22.7999999966472,1057.9999974519
22.9000000033528,1006.00000093877
22.9999999899417,1033.99999507144
22.9000000100583,985.000004928558
22.9999999966472,1047.99999788776
23.1,988.0
23.1,1025.99999751896
23.1,989.000004962086
23.1,965.000001609326
23.1,1070.99999644607
23.1,992.999998424202
23.1000000100583,946.000014081594
23.1999999899417,1085.99998591841
23.2,1000.00000288337
23.2,1020.0
23.1999999932945,1000.00000221282
23.100000013411,1032.99999557436
23.1,1007.00000174344
23.0000000033528,1001.00000020117
23.1,988.00000281632
23.1,1071.9999929592
23.1,1002.0000070408
23.1,993.000000301749
23.1,988.0
23.0999999932945,1050.00000020117
23.000000013411,1052.99999959767
23.0999999932945,1009.00000295043
23.0000000033528,992.00000056997
23.0,1016.99999943003
23.0000000100583,999.999996278436
23.0999999899417,963.000003721564
23.0000000033528,1054.99999691546
22.8,1081.0
22.8000000067055,1055.99999839068
22.899999986589,1032.00000321865
22.8000000067055,996.000002413988
22.8,929.00000224635
22.6000000033528,912.000000737607
22.6999999899417,933.999994367362
22.6000000100583,878.000005632638
22.6,846.000001072884
22.4,830.0
22.4,697.000001005828
22.4,711.999997988344
22.3000000067055,650.000004157424
22.3,644.000000201166
22.2999999966472,634.999999664724
22.1999999899417,624.99999607727
22.1000000100583,586.00000392273
22.1,577.000000301749
22.1,645.0
21.9,655.999998189509
21.9,629.000003620981
21.9,643.999998994172
21.9999999966472,622.000000737607
22.0,661.000003989786
21.9999999899417,779.999999195338
21.9000000100583,772.000000804662
22.0999999932945,1049.99999067932
22.0,1178.0
21.9,1033.99999316037
21.9,932.000013679263
21.9,876.000003755093
21.8000000033528,844.000001072884
21.8,843.999997720122
21.7999999899417,775.999996278436
21.7000000100583,739.000003721564
21.6000000033528,715.000000804663
21.6,618.0
21.300000013411,592.000000804663
21.4999999731779,603.999998390675
21.5999999932945,588.000001072884
21.999999986589,569.000000637025
22.2000000067055,584.000006772578
22.4000000201166,785.999988835307
22.5999999798834,675.000011164693
22.6,786.999996244907
22.4,712.0
22.4,848.000005766748
22.4,933.999988466504
22.4,995.999995842576
22.5999999932945,1020.99999916181
22.8,992.99999986589
22.8,988.999994166197
22.8,931.000005833803
22.8,889.00000140816
22.8,818.0
23.0000000067055,765.999997720123
23.099999986589,732.000004559754
23.299999986589,637.000006370247
23.4999999932945,554.000002782792
24.1000000201166,563.999999061227
24.7000000603497,536.000001408159
25.2999999396503,549.999998591841
25.3999999966472,591.99999859184
25.2,550.0
25.5000000067055,650.999996244908
25.599999986589,595.000007510184
25.0000000402331,668.999995037913
25.0999999966472,851.999993864447
25.1999999932945,784.999997720122
25.0000000301748,716.999998692423
25.2999999698252,704.000001307577
25.3999999966472,681.000000771135
25.5,660.0
25.4999999932945,659.000001139939
25.400000013411,675.999997720123
25.4,658.000001206994
25.4,646.000000402331
25.9,703.999996010214
25.8999999698252,585.000002011656
25.6000000301748,604.999997988344
25.7999999932945,562.000001441687
25.5,564.0
25.5000000268221,561.999998658896
25.8999999463558,542.000002682208
25.9,526.000001072884
26.1999999899417,471.000001844019
26.6000000067055,421.000000637025
26.7999999597669,440.00000070408
26.4000000402331,446.99999929592
26.3000000033528,450.99999986589
26.2,444.0
26.3000000268221,420.999998658896
26.6999999463558,401.000002682208
26.7999999932945,414.999999061227
26.8999999966472,455.999998625368
27.2999999899417,425.999999731779
27.0,418.000001709908
27.0,434.999998290092
26.0000000335276,428.000000234693
26.2,424.0
26.3000000201166,405.999999731779
26.5999999597669,402.000000536442
26.6,433.999997854233
26.6999999966472,414.000000670552
26.5000000067055,420.000000335276
26.6999999698252,429.999997384847
26.4000000301748,404.000002615153
26.4,415.999999597669
26.4,416.0
26.600000013411,409.999999463558
26.7999999731779,402.000001072883
26.5000000201166,401.000000067055
26.5,425.99999916181
26.699999986589,429.999999027699
26.3000000201166,401.000002615153
26.4999999798834,426.999997384847
26.5999999966472,422.000000167638
26.4,415.0
26.6000000335276,419.000000804663
27.0999999329448,430.999998390675
27.3999999798834,441.999999262392
27.2000000067055,395.000001575798
27.199999986589,405.000000301749
26.7999999497086,413.99999929592
26.3000000502914,407.00000070408
26.2000000033528,399.000000268221
26.3,431.0
27.000000013411,410.000000268221
27.1999999731779,413.999999463558
27.399999986589,414.999999932945
27.4,412.000000100583
27.2999999899417,429.999999530613
26.9999999597669,416.000000402331
26.6000000402331,419.999999597669
26.999999986589,414.000000201166
27.1,413.0
26.600000013411,428.999998725951
26.7999999731779,410.000002548098
26.7000000067055,425.999998927116
27.099999986589,428.999999899417
26.9999999932945,409.999999798834
26.7999999899417,404.000001609325
26.7000000100583,419.999998390675
26.7999999966472,424.999999832362
26.8,396.0
27.1,414.000000536442
27.1,421.999998927117
27.0000000067055,423.99999986589
26.600000013411,393.000001039356
26.6999999899417,402.000000569969
26.3999999798834,419.000001810491
26.2000000201166,436.999998189509
25.9000000100583,402.000001173467
26.0,404.0
26.2000000067055,403.000000804663
26.299999986589,414.999998390675
26.0000000201166,404.000000737608
25.9000000033528,394.000000335276
26.0,414.000000100583
25.9999999597669,417.000001709908
25.6000000402331,433.999998290092
25.6999999966472,409.00000083819
25.8,415.0
25.7,425.00000013411
25.7,426.999999731779
25.3000000268221,413.000000938773
25.3999999966472,410.000000100583
25.2,437.000000134111
25.2,440.999998290092
25.2,424.000001709908
24.9000000100583,417.000000234693
24.8,422.0
24.799999986589,426.0
24.6000000268221,426.0
24.5000000067055,423.000000201166
24.3000000067055,416.000000234693
24.2000000033528,430.000002481044
24.2999999798834,503.999998692423
24.1000000201166,491.000001307577
24.2999999932945,547.999998088926
24.2,588.0
24.2,562.000004425644
24.2,627.999991148712
24.000000013411,758.999991215765
23.9000000033528,884.99999577552
23.7999999932945,992.999998893589
23.5999999396503,959.999988734724
23.0000000603497,848.000011265276
22.8000000067055,763.000002849847
22.4,611.0
22.1999999731779,536.999997183681
21.8000000536442,495.000005632638
21.600000013411,473.000001475215
21.200000013411,459.000000469387
20.9999999966472,442.000000167638
20.8999999597669,446.999997384847
20.5000000402331,421.000002615153
20.4000000033528,436.999999463558
20.3,436.0
20.1,447.999999195337
20.1,436.000001609325
20.0000000067055,425.000000737608
19.9000000033528,430.999999798834
20.1999999899417,433.0
19.8999999899417,433.000000402331
19.8000000100583,436.999999597669
19.6000000067055,436.000000033528
19.5,451.0
19.4999999932945,448.999999262393
19.400000013411,438.000001475215
19.3000000067055,446.999999396503
19.2000000033528,435.000000402331
19.0999999932945,450.999999631196
18.8999999698252,440.000001508742
18.6000000301748,454.999998491258
18.6999999966472,452.000000100583
18.8,449.0
18.6999999932945,447.000000067055
18.600000013411,447.99999986589
18.6,461.999999061227
18.5000000033528,446.000000536442
18.5999999932945,457.999999497086
18.4,442.999999899417
18.4,442.000000100583
18.4999999966472,454.999999564141
18.4,451.0
18.5,449.000000603497
18.5,457.999998793006
18.699999986589,477.999998658895
18.7999999966472,469.000000301749
18.9000000033528,471.000000435859
19.0,483.999999698252
19.0,481.000000301748
18.8000000067055,481.999999966472
18.7,486.0
18.6,489.000000670552
18.6,498.999998658896
18.5000000067055,497.00000013411
18.7999999899417,492.000000167638
18.6999999966472,484.000000637025
18.5999999899417,502.999998893589
18.5000000100583,492.000001106411
18.5999999966472,498.999999765307
18.8,499.0
18.8000000201166,498.000000268221
19.0999999597669,501.999999463558
19.5999999664724,538.999997518957
20.5999999664724,585.999998424202
21.7000000268221,725.000004056841
22.5000000905245,846.000008650122
23.3999999094755,931.999991349878
23.6999999899417,947.999999463558
24.1,1076.0
24.500000013411,943.000008113681
24.6999999731779,1063.99998377264
24.899999986589,1077.99999906123
24.500000013411,998.000002682209
24.5,981.999999899417
24.4999999798834,979.000009052454
24.3000000201166,1068.99999094755
24.2000000033528,1074.99999979883
24.4,949.0
24.2999999932945,1064.99999959767
24.200000013411,1059.00000080466
24.1000000067055,1064.99999959767
24.1999999966472,1041.00000080466
24.2000000033528,1020.99999741837
24.3,944.000005230306
24.3,995.999994769694
24.2000000033528,1008.99999956414
24.2,1007.0
24.2,1062.99999530614
24.2,993.00000938773
24.1000000067055,1045.99999644607
24.1,1006.0000013411
24.1,967.000000301749
24.0999999899417,976.000005632638
24.0000000100583,1031.99999436736
24.0,1062.99999896064
23.9,1093.0
23.9999999932945,1097.99999631196
23.900000013411,1043.00000737607
23.9999999932945,1044.99999986589
23.9000000033528,1038.00000023469
24.2000000100583,1030.99999721721
24.5000000100583,948.000003419816
24.5999999899417,981.999996580184
24.6999999966472,994.999999564141
24.8,1009.0
24.9999999597669,1046.00000160933
24.4000000804663,1069.99999678135
24.0000000268221,1065.00000033528
23.9000000033528,1065.99999996647
23.8000000033528,1043.99999989942
23.9000000201166,1040.99999476969
24.0999999798834,989.000005230307
24.499999986589,993.999999832362
24.2,948.0
24.1,884.99999523908
24.1,814.00000952184
23.4000000469387,932.999992020428
23.3000000033528,962.999998994172
23.2999999966472,1017.99999849126
23.2000000100583,972.999996278436
23.2999999899417,936.000003721564
23.3999999966472,890.00000154227
22.9,818.0
22.9999999932945,810.000002749264
22.900000013411,850.999994501473
22.8000000067055,808.000002883375
22.8,830.999999228865
22.8000000067055,812.999998155981
23.0,757.999997887761
23.0,737.000002112239
23.0,678.000001978129
22.9,731.0
22.7999999932945,681.999996982516
22.700000013411,637.000006034969
22.6000000067055,606.000002078712
22.4000000067055,586.000000670552
22.3,596.99999986589
22.3000000301748,592.999999396503
22.5999999698252,587.000000603497
22.7999999932945,591.999999832362
22.6,587.0
22.5000000067055,670.000001877546
22.599999986589,697.999996244908
22.6999999932945,670.000001877546
22.7999999966472,803.9999955073
23.0999999899417,807.999999362975
22.7999999597669,788.999989941718
22.4000000402331,689.000010058282
22.1000000100583,593.000003218651
21.9,545.0
22.0000000335276,567.00000154227
22.4999999329448,589.99999691546
22.699999986589,584.000000402331
22.7,593.999999664724
22.700000013411,755.000001039356
23.1000000301748,785.99999929592
23.3999999698252,779.00000070408
23.799999986589,711.000002279878
24.1,698.0
24.4000000335276,660.999998390675
24.8999999329448,637.00000321865
25.3999999664724,708.999995172023
25.3000000033528,667.00000140816
25.3000000100583,605.999998524785
25.5999999597669,562.000005431472
25.2000000402331,615.999994568528
25.1000000033528,707.99999691546
25.4,826.0
25.299999986589,807.999992355706
25.1000000268221,694.000015288588
25.299999986589,820.999991483986
25.3,667.000005163253
25.1,634.999998223036
25.1000000100583,582.000000804662
25.1999999899417,589.999999195338
25.599999986589,648.999998021871
25.8,586.0
25.4999999932945,571.000002279877
25.400000013411,604.999995440246
25.599999986589,579.000001743436
25.7999999932945,581.999999899417
25.8,532.999999262393
25.8,511.000001508742
25.8,525.999998491258
25.8,487.000001307577
25.9,485.0
26.0000000067055,485.00000167638
26.099999986589,509.999996647239
26.299999986589,486.000001609326
26.0000000100583,449.000001240522
26.0000000033528,446.000000435859
26.0999999798834,458.999998390675
25.9000000201166,443.000001609325
26.1999999899417,448.999999798834
26.2,441.0
26.4000000201166,428.000001743435
26.6999999597669,453.999996513129
26.7999999932945,432.000001475215
26.8999999966472,428.00000013411
27.0999999899417,436.000000435859
26.8,448.999998290092
26.8,432.000001709908
27.3999999798834,396.000001206994
27.4,429.0
27.4999999932945,443.999999463558
27.400000013411,436.000001072883
27.3000000067055,427.000000603497
27.3,423.00000013411
26.7,432.000000301749
26.7000000100583,440.999999597669
26.7999999899417,437.000000402331
26.7000000033528,440.999999865889
26.2,468.0
26.1000000402331,436.999999664724
26.6999999195337,432.000000670552
26.1000000402331,461.999997988343
25.700000013411,432.000001005828
25.3000000301749,463.99999845773
26.2000000804663,418.000000201166
26.9999999195337,419.999999798834
26.9000000033528,442.999999228865
27.0,439.0
26.8,413.000001005828
26.8,427.999997988344
26.3000000335276,431.999999731779
26.3,428.00000013411
26.2999999966472,430.000000067055
26.1999999698252,432.000001609325
25.9000000301748,447.999998390675
26.6999999731779,413.000001173467
26.8,421.0
27.1000000201166,434.000000335276
27.3999999597669,438.999999329448
27.4,446.999999463558
27.4,425.000000737608
27.6000000033528,418.000000737607
27.6999999899417,439.999998793006
27.6000000100583,428.000001206994
27.5000000033528,436.999999698251
27.6,405.0
27.3,413.000001274049
27.3,431.999997451902
27.499999986589,425.000000469387
27.4000000033528,431.999999765307
27.1,445.999998558313
27.0999999798834,403.000003721564
26.9000000201166,439.999996278436
26.8000000033528,448.999999698251
27.0,413.0
27.0999999932945,407.000001475215
27.000000013411,428.999997049571
26.7000000201166,455.999998189509
26.6000000033528,429.000000905246
26.6,436.999999262393
26.5999999597669,415.000003017485
26.2000000402331,444.999996982515
26.3999999932945,417.000000938773
26.4,433.0
26.3,457.99999845773
26.3,435.00000308454
26.2000000067055,427.000000536442
25.9000000100583,496.999997653067
25.9999999899417,498.000000100583
25.6999999899417,500.999995172025
25.6000000100583,453.000004827975
25.6999999966472,489.999998759478
25.6,525.0
25.4999999798834,513.000002078712
25.2000000402331,543.999995842577
25.4999999798834,555.999999195337
25.4000000033528,554.000000067055
25.4000000033528,573.000001341105
25.5000000100583,613.000001307577
25.5999999899417,625.999998692423
25.3000000100583,612.000000469387
25.1,697.0
25.1000000201166,715.000005632638
25.3999999597669,798.999988734725
25.3000000067055,742.000003822148
25.1000000067055,770.999999027699
24.9000000033528,833.00000211224
24.9999999798834,896.000003520399
24.8000000201166,930.999996479601
24.5000000100583,891.000001341105
24.3,884.0
24.199999986589,1008.99999946356
24.0000000268221,1001.00000107288
23.7000000201166,1005.99999966472
23.6000000033528,1004.00000006706
23.4999999396503,988.999986421316
21.6999998994172,583.999987728896
20.7000001005828,462.000012271104
20.2000000167638,444.000000603497
20.0,413.0
19.799999986589,442.999999262393
19.6000000268221,432.000001475215
19.9999999731779,430.00000013411
20.399999986589,430.0
20.5000000067055,436.999999932945
20.6999999396503,434.999998491258
20.1000000603497,420.000001508742
19.700000013411,434.999999497086
19.3,417.0
19.2999999798834,415.000002279877
19.0000000402331,448.999995440246
18.9000000067055,429.000001341105
18.9999999966472,413.000000536442
18.8999999966472,416.000000771135
18.8,438.999998088926
18.8,420.000001911074
18.7000000033528,420.0
18.7,421.0
18.5999999932945,415.000002145767
18.500000013411,446.999995708466
18.4000000067055,445.00000013411
18.4999999966472,430.000000502914
18.4999999966472,426.999999765307
18.4,420.000000502914
18.4,424.999999497086
18.3000000033528,407.000000603497
18.3,442.0
18.3,430.999999396503
18.3,422.000001206994
18.3999999932945,434.999999128282
18.3000000033528,432.000000100583
18.3,453.999999530613
18.3,440.000001911074
18.3,458.999998088926
18.4999999932945,449.000000335276
18.7,462.0
18.7000000067055,460.00000013411
18.799999986589,458.000000268221
18.999999986589,461.999999731779
19.0,475.999999530613
18.9999999932945,471.000000067055
18.8000000100583,472.999999798834
18.8999999899417,471.000000201166
18.8000000033528,465.000000201166
18.9,468.0
18.799999986589,480.000000268221
18.6000000268221,483.999999463558
18.6999999932945,478.000000402331
18.5000000067055,459.000000637025
18.4999999899417,459.000000100583
18.2,461.999998692423
18.2,449.000001307577
18.1000000033528,445.00000013411
18.4,431.0
19.1000000201166,437.999999597669
19.3999999597669,432.000000804663
19.8999999664724,430.00000013411
20.299999986589,432.999999899417
20.6000000033528,442.999999832362
20.7000000201166,438.00000462681
20.8999999798834,483.99999537319
21.7999999698251,585.999996580183
22.8,705.0
23.7000000335276,788.000006839632
24.1999999329448,889.999986320737
24.6999999664724,1051.99998913705
24.9999999899417,1060.99999969825
25.200000013411,956.000009186566
25.5999999597669,1229.99997374789
25.2000000402331,969.000026252115
25.0000000067055,951.000000603497
25.1,1150.0
25.1,1116.99999155104
25.1,991.000016897913
25.1999999932945,983.000000536442
25.2999999966472,1020.99999872595
25.3,989.999996647239
25.2999999899417,890.000000502914
25.2000000100583,894.999999497086
25.1000000033528,1085.99999359623
25.2,1012.0
25.1999999932945,871.999997720123
25.100000013411,838.000004559754
25.299999986589,813.000001676381
25.1000000067055,782.000001039356
25.2,785.999999597669
25.2,773.999995775522
25.2,732.000004224478
25.1000000033528,819.99999704957
25.1,883.0
25.1000000067055,1041.00000616908
25.199999986589,1132.99998766184
25.2,1054.00000529736
25.1000000033528,993.000002045185
25.0,961.999999564141
25.0,948.999998692423
25.0,936.000001307577
25.0,907.000000972301
24.9,931.0
24.700000013411,953.000000603497
24.8999999731779,961.999998793006
24.8000000067055,1039.99999476969
24.7000000033528,1116.99999741837
24.7,1093.99999956414
24.7000000100583,1081.00000241399
24.7999999899417,1104.99999758601
24.7000000033528,1080.00000083819
24.6,1065.0
24.6000000067055,1003.99999544025
24.699999986589,936.000009119509
24.7,902.000002279878
24.8999999932945,865.000001240522
24.7,745.000000335276
24.7,754.999995574356
24.7,711.000004425644
24.7,691.000000670552
25.0,680.0
24.9,669.00000013411
24.9,670.999999731779
24.8000000067055,694.999998390675
24.7000000033528,721.999999094754
24.8000000033528,747.000001978129
24.8999999899417,806.000010762361
24.8000000100583,912.999989237639
24.6000000067055,962.999998323619
24.4,1039.0
24.4000000067055,1119.00000187755
24.499999986589,1146.99999624491
24.699999986589,1185.99999738485
24.7,1111.00000251457
25.2,1095.99999976531
25.1999999798834,1089.00000040233
25.0000000201166,1092.99999959767
25.0,1096.99999986589
25.1,1031.0
24.7999999932945,1004.99999859184
24.700000013411,984.000002816319
24.7,987.999999731779
24.6000000033528,949.000001307577
24.6,921.999998122454
24.5999999798834,865.999995071442
24.4000000201166,817.000004928558
24.4,809.000000268221
24.5,785.0
24.3999999932945,780.000000536442
24.300000013411,787.999998927117
24.3999999932945,726.000004157424
24.6999999899417,749.999999195337
24.6000000067055,683.000001374632
24.8000000100583,724.000001810491
24.8999999899417,741.999998189509
25.1999999899417,824.999997217208
25.1,895.0
25.1,972.999997586012
25.1,937.000004827975
25.299999986589,1024.99999409914
25.3,946.000002648682
25.4,858.999995205551
25.3999999698252,715.999998893589
25.1000000301748,705.000001106411
24.9000000067055,709.999999832362
25.2,680.0
25.399999986589,643.999995775522
25.2000000268221,581.000008448957
25.1000000067055,593.999999128282
25.3999999899417,600.999999765307
25.0000000201166,758.000001475215
25.5999999698252,801.999992255123
25.3000000301748,725.000007744877
25.2000000033528,619.000003553927
25.3,656.0
25.300000013411,623.000000402331
25.4999999731779,628.999999195338
25.4000000067055,559.000004693866
25.4999999966472,572.999999530613
26.0000000033528,570.000000569969
26.0999999597669,586.999994970859
25.7000000402331,537.000005029141
25.5000000067055,513.000000804663
25.2,544.0
25.3000000268221,481.999998793006
25.6999999463558,464.000002413988
25.9999999798834,436.000001877546
26.0,516.999997284263
25.8000000033528,487.999999564141
25.9000000201166,474.999998893589
26.0999999798834,464.000001106411
26.1999999966472,446.000000603497
25.8,421.0
25.7000000067055,428.000000268221
25.799999986589,431.999999463558
26.0999999798834,418.000000938773
26.1,425.999999731779
26.5999999932945,441.999998893589
26.4,409.00000070408
26.4,415.99999929592
26.6999999899417,410.000000201166
26.3,412.0
26.2000000268221,434.999997921288
26.5999999463558,404.000004157423
26.6,400.000000268221
26.6,429.999998994172
25.5000000167638,421.999999228865
26.0000000804663,399.000000804663
26.7999999195337,406.999999195337
26.1000000234693,423.999999430031
26.4,412.0
27.4999999664724,387.000001139939
27.0000000670552,403.999997720123
26.800000013411,402.00000013411
25.7000000368804,412.999999631196
26.1000000067055,406.000000067055
26.3,408.000001408159
26.3,421.999998591841
26.1000000067055,410.000000402331
26.4,430.0
26.0999999664724,405.000001274049
25.6000000670552,423.999997451902
25.2000000268221,422.00000013411
25.599999986589,420.000000067055
25.9999999798834,413.000000569969
25.4,429.999996479601
25.4,395.000003520399
25.4999999966472,428.999998860061
25.3,412.0
25.4000000268221,423.999999061227
25.7999999463558,410.000001877546
25.4000000268221,423.999999061227
25.4,429.999999798834
25.9000000100583,393.000001575798
26.2,439.999998390675
26.2,424.000001609325
25.800000013411,436.999999564141
25.9,428.0
25.7999999932945,422.000001408159
25.700000013411,442.999997183681
25.4000000201166,402.000002749264
25.2000000067055,422.99999929592
25.9000000234693,413.000000100583
26.5999999396503,416.000004325061
26.0000000603497,458.999995674939
26.0999999966472,421.000001274049
26.3,417.0
25.8999999798834,436.999999329448
25.6000000402331,427.000001341104
24.9000000469387,412.000001005828
25.0999999932945,420.999999698251
25.5000000067055,417.000000234693
25.6999999899417,423.999998390675
25.6000000100583,408.000001609325
25.6,455.999998390674
26.1,424.0
25.7999999597669,441.000000067055
25.2000000804663,441.99999986589
25.2999999932945,427.000001005828
25.0000000100583,426.000000033528
24.9000000100583,411.000000771135
25.2000000100583,433.999998591841
25.2999999899417,420.000001408159
25.5999999899417,429.999999664724
25.6,457.0
25.1000000201166,464.999998860061
25.3999999597669,448.000002279877
25.4,481.999997720122
25.3000000033528,521.999998658895
25.0,558.000001206994
25.0,593.999997887761
25.0,573.000002112239
24.8000000067055,529.000001475215
24.5,598.0
24.700000013411,733.000000268221
24.8999999731779,736.999999463558
24.9,722.000001005828
24.7000000067055,836.999996144324
24.5000000033528,938.000000502914
24.6,952.999994669111
24.6,900.000005330889
24.6,893.000000234693
24.5,865.0
24.4000000067055,896.999998189509
24.499999986589,870.000003620981
24.300000013411,1003.9999910146
24.3,902.000003419817
24.1999999530613,905.999988868832
22.7999999094755,573.999986924234
21.9000000905245,444.000013075766
21.7000000067055,420.000000804663
21.5,424.0
21.1999999932945,440.999999128282
21.100000013411,428.000001743436
21.0000000067055,429.99999986589
20.9000000033528,420.000000335276
20.6999999966472,429.000000435859
20.5999999899417,441.999999195337
20.5000000100583,434.000000804663
20.4000000033528,430.00000013411
20.5,442.0
20.4,427.000000402331
20.4,432.999999195337
20.4999999932945,425.000000536442
20.4000000033528,426.999999932945
20.4999999966472,419.000000905246
20.4,445.999998290092
20.4,429.000001709908
20.4,417.000000402331
20.3,421.0
20.2999999932945,450.999999396503
20.200000013411,442.000001206994
20.000000013411,436.000000402331
20.0,421.000000502914
19.9000000033528,439.999999798834
19.9999999899417,433.999998994172
19.9000000100583,424.000001005828
19.9,424.0
19.9,431.0
19.799999986589,421.00000167638
19.6000000268221,445.999996647239
19.6,434.000000804663
19.4000000067055,423.000000368804
19.4,430.999999966472
19.3999999899417,430.000001005828
19.3000000100583,439.999998994172
19.3,430.000000335276
19.4,441.0
19.3000000067055,435.000001408159
19.399999986589,455.999997183681
19.3000000067055,449.000000469387
19.3999999966472,446.000000100583
19.2999999966472,445.000000234693
19.2,452.000000201166
19.2,453.999999798834
19.2999999966472,442.000000402331
19.2,447.0
19.1999999932945,453.999999061227
19.100000013411,440.000001877546
19.1,439.000000067055
19.2999999932945,454.999999463558
19.2,432.000000067055
19.2,434.000001709908
19.2,450.999998290092
19.1000000033528,449.000000067055
19.3,431.0
19.6000000335276,433.000000536442
20.0999999329448,440.999998927117
20.3999999798834,442.99999986589
20.6999999899417,455.999999564141
20.7000000067055,432.000000268221
20.9000000100583,440.000000804663
20.9999999899417,447.999999195337
20.9000000033528,442.000000201166
21.1,459.0
21.100000013411,453.000000737607
21.2999999731779,463.999998524785
21.2000000067055,462.000000134111
21.3999999932945,474.999999564141
21.3,466.000000268221
21.3000000100583,474.0
21.3999999899417,474.0
21.3000000033528,479.999999798834
21.3,482.0
21.2999999932945,476.0
21.200000013411,476.0
21.000000013411,484.999999396503
21.0999999966472,473.000000402331
21.0999999966472,476.99999986589
20.9999999899417,472.99999929592
20.9000000100583,466.00000070408
20.8000000033528,474.999999698251
20.7,466.0
20.499999986589,472.999999396503
20.3000000268221,464.000001206994
20.3,429.000002346933
20.9999999765307,433.999999832362
21.5000000201166,428.999999530613
22.1000000502914,415.000000905245
22.5999999497086,423.999999094755
22.8999999899417,476.999998223036
23.2,486.0
23.4000000335276,495.000002413988
23.8999999329448,530.999995172025
24.099999986589,665.999990947544
24.3999999899417,712.999998424202
24.800000013411,755.000005364418
25.2000000201166,915.000007644294
25.3999999798834,990.999992355706
25.5999999932945,836.00000519678
24.9,717.0
24.699999986589,921.000001139939
24.5000000268221,937.999997720123
24.5999999932945,1055.99999208748
24.7999999932945,1094.99999869242
24.7999999966472,1151.99999919534
24.7000000100583,1127.99999778718
24.7999999899417,1106.00000221282
24.7000000033528,1148.99999855831
24.7,1174.0
24.6,1167.99999738485
24.6,1129.00000523031
24.6,1102.00000181049
24.6999999966472,1061.00000137463
24.6999999966472,1005.99999852478
24.5999999899417,961.99999748543
24.5000000100583,937.00000251457
24.5999999966472,876.000002045184
24.5,816.0
24.3999999932945,797.999995172025
24.300000013411,726.000009655951
24.3,682.00000295043
24.3999999966472,604.000002615154
24.6000000100583,610.99999943003
24.9000000201166,594.000002212822
25.0999999798834,615.999997787178
25.2999999932945,601.000000502914
25.1,542.0
24.9000000067055,585.000001005828
24.999999986589,599.999997988344
24.9000000067055,619.999998658895
24.9,654.999998826533
24.7999999966472,771.99999943003
24.7,754.99999607727
24.7,716.00000392273
24.7,842.999995741993
24.9,869.0
25.0999999932945,874.999999932945
25.000000013411,874.00000013411
25.199999986589,890.999998860061
25.2999999966472,865.000000871718
25.1999999932945,845.000000637025
24.9999999798834,863.999991349878
24.8000000201166,778.000008650122
24.6000000067055,753.00000083819
24.7,747.0
24.6,732.99999845773
24.6,710.00000308454
24.799999986589,704.000000402331
24.8,676.000000938773
24.5000000067055,623.000000637025
24.7,641.999998390675
24.7,626.000001609325
24.6000000033528,676.999998290092
25.0,686.0
24.9999999932945,692.000001341104
24.900000013411,711.999997317792
24.9999999932945,691.00000140816
25.0,672.000000637025
24.6000000033528,800.999999698251
24.7000000402331,791.999989941718
25.0999999597669,692.000010058282
25.3999999899417,659.000001106411
24.9,652.0
25.3000000067055,627.999996982515
25.399999986589,583.000006034969
25.200000013411,621.999997384846
25.0000000067055,543.000002648682
25.2999999932945,540.000002548099
25.1000000201166,615.999995976687
25.2999999798834,576.000004023313
25.4999999932945,619.999998524785
25.8,679.0
25.7999999798834,580.00001274049
25.5000000402331,769.99997451902
24.9000000402331,761.000000603497
24.500000013411,596.000005532056
24.0000000100583,495.999998725951
24.3000000804663,458.000007040797
25.0999999195337,527.999992959203
25.499999986589,489.000001307577
25.6,470.0
25.6999999597669,504.00000013411
25.1000000804663,505.999999731779
24.900000013411,532.999998189509
25.3999999832362,559.999999094754
25.5,574.999999262393
25.5000000301748,552.999996379019
25.7999999698252,517.000003620981
26.4999999765307,501.000000536442
25.9,518.0
25.0999999664724,572.999996110798
24.6000000670552,515.000007778405
24.5000000067055,468.000003151596
24.9999999832362,432.000001206994
25.9,465.000000201166
25.8999999698252,470.999996379019
25.6000000301748,435.000003620981
25.200000013411,483.999998357147
25.3,479.0
25.1,464.000001743435
25.1,489.999996513129
25.1999999932945,443.000003151596
25.3999999932945,444.999999932945
25.7000000067055,458.999998725951
25.8999999698252,421.000000301748
25.6000000301748,423.999999698252
25.6999999966472,436.999999564141
25.7,422.0
25.1999999530614,431.999999664724
24.5000000938773,427.000000670552
24.5999999932945,419.000000536442
25.1999999798834,425.999999765307
25.6999999798834,413.000001374632
25.1000000603497,453.999995071442
25.6999999396503,405.000004928558
26.1999999832362,408.99999986589
25.7,429.0
25.2000000402331,404.999999664724
25.7999999195337,400.000000670552
26.0999999798834,425.999998256564
26.5999999832362,405.00000070408
25.7999999966472,415.000000402331
25.6999999899417,426.999997787178
25.6000000100583,405.000002212822
25.6999999966472,421.999999430031
26.3,431.0
26.0999999396503,395.000002078712
25.2000001206994,425.999995842577
25.8999999530613,422.000000268221
25.9,410.000000402331
25.4000000301749,416.999999664724
26.2999999597669,407.000001609325
25.9000000402331,422.999998390675
25.8000000033528,417.000000201166
25.8,437.0
25.6000000536442,405.999999530614
26.3999998927117,399.000000938773
26.200000013411,441.999997116625
26.599999986589,394.000001609326
26.199999986589,415.000000603497
25.7999999798834,432.999999094755
25.6000000201166,424.000000905245
25.8999999899417,413.000000368804
26.2,421.0
26.2,412.999999262393
26.2,402.000001475215
26.399999986589,425.999998390674
26.3000000033528,429.99999986589
25.8999999798834,413.000001005828
25.3000000201166,442.999996580184
25.4999999798834,409.000003419816
25.3000000067055,417.999999698251
25.0,438.0
25.2,423.999999664724
25.2,419.000000670552
25.1000000067055,410.000000603497
25.1,420.999999631196
25.1999999966472,411.999999932945
25.0999999899417,410.000003520399
25.0000000100583,444.999996479601
24.9000000033528,438.000000234693
24.8,458.0
24.8000000201166,432.000001877546
25.0999999597669,459.999996244908
25.1999999932945,494.999997653067
25.8999999765307,454.000001374632
25.8999999899417,481.999999564141
25.6,468.999999597669
25.6,465.000000402331
25.6,465.999999966472
25.3,464.0
25.4999999731779,431.999999664724
25.1000000536442,427.000000670552
25.5999999664724,420.000000469387
25.6999999966472,421.999999932945
25.7999999966472,434.000001072884
25.6999999597669,465.99999678135
25.3000000402331,434.00000321865
25.1000000067055,427.000000234693
25.3,416.0
25.3,436.000000201166
25.3,438.999999597669
25.3999999932945,444.999999597669
25.4999999966472,451.999999765307
25.4999999932945,429.999999530613
25.3,415.999999899417
25.3,415.000000100583
24.8000000167638,464.999998323619
24.1,438.0
23.699999986589,424.000002682208
23.5000000268221,463.999994635583
23.5,464.999999932945
23.2000000100583,475.999999631196
22.9999999932945,488.000000301749
22.7999999798834,496.999999798834
22.6000000201166,495.000000201166
22.3000000100583,499.999999832362
21.7,457.0
21.399999986589,456.999998055399
21.2000000268221,428.000003889202
21.000000013411,418.000000670552
21.0,431.999999530613
20.9000000033528,441.999999564141
21.0000000100583,429.00000070408
21.0999999899417,435.99999929592
21.1,437.999999932945
21.1,428.0
21.0000000067055,428.000001206994
21.099999986589,445.999997586012
21.1,425.00000140816
21.1,427.999999899417
21.1999999966472,420.0
21.1000000100583,419.999999497086
21.1999999899417,415.000000502914
21.2,447.999998893589
21.0,430.0
21.0999999932945,408.000002212822
21.000000013411,440.999995574356
21.0,420.00000140816
21.0,423.99999986589
21.0999999932945,416.000000268221
20.9000000100583,424.0
20.9999999899417,424.0
20.8000000067055,429.999999798834
20.9,413.0
20.8500000033528,421.499999430031
20.8000000067055,429.999998860061
20.8999999932945,426.000000268221
20.9,409.000000569969
20.9000000033528,423.000000033528
20.9999999899417,423.999997284264
20.9000000100583,397.000002715736
20.9,435.999998692423
20.8,427.0
20.9000000067055,421.000000469387
20.999999986589,427.999999061227
21.0,415.000000871718
21.0,429.999999497086
20.8999999966472,426.999999899417
20.8000000100583,423.999997988344
20.8999999899417,404.000002011656
20.7000000067055,402.000000067055
20.7,402.0
20.6999999932945,435.000002749264
20.600000013411,475.999994501473
21.1999999597669,475.000000067055
21.9999999731779,478.99999986589
22.8000000201166,503.000003051013
23.4000000502914,594.000011466441
23.8999999497086,707.999988533559
24.0999999932945,767.999997988343
24.4,848.0
24.7000000201166,921.000003151595
24.9999999597669,967.99999369681
25.3999999731779,855.000007577241
25.5999999932945,997.999995205551
25.4999999932945,716.999997384846
25.3,638.999998088927
25.3,620.000001911073
25.3999999966472,653.999998860061
25.4,633.0
25.2999999932945,669.999997787178
25.200000013411,637.000004425644
25.2,700.999995708465
25.1000000033528,663.000001274049
25.1000000033528,670.000001575798
25.2,717.000000301748
25.2,719.999999698252
25.2,714.000000201166
25.3,733.0
25.2000000067055,749.999991416933
25.299999986589,622.000017166134
25.3999999932945,627.999999597669
25.3000000033528,649.999999262393
25.2000000100583,673.000001374632
25.4999999698252,713.999998491258
25.2000000301748,699.000001508742
25.1000000033528,644.000001844019
24.9,677.0
25.000000013411,719.000006236135
25.1999999731779,811.999987527731
25.2,892.999994568527
25.2,848.000001508743
25.2,852.999998558313
25.2,810.000001911074
25.2,828.999998088926
25.2,725.000003486872
25.2,756.0
25.1999999932945,732.999997384847
25.100000013411,694.000005230307
25.1999999932945,694.999999932945
25.3999999932945,742.999998390674
25.0999999966472,696.999999731779
25.0000000201166,689.000005029141
25.1999999798834,738.999994970859
25.2999999966472,856.999996043741
25.3,796.0
25.2,780.000002950429
25.2,823.999994099141
25.2999999932945,858.999997653067
25.2000000033528,838.00000070408
24.6000000033528,731.000004459173
24.7000000301748,864.00001357868
24.9999999698252,998.99998642132
25.0999999966472,1003.99999983236
25.3,1032.0
25.1999999932945,1108.00001850724
25.100000013411,1383.99996298552
25.0000000067055,1039.00002313405
24.9000000033528,1180.99999523908
24.6000000033528,1015.00000777841
24.6999999798834,1246.99997505546
24.5000000201166,999.000024944539
24.100000013411,829.000005699695
23.8,890.0
24.0000000201166,1261.99999000877
24.2999999597669,1113.00001998245
24.3999999932945,1095.00000120699
24.5999999932945,1031.00000214577
24.799999986589,1042.00000053644
24.4000000201166,1057.99999366328
24.5999999798834,995.000006336718
24.1000000167638,940.000001844019
23.8,814.0
23.4,761.000003553926
23.4,813.999992892148
23.599999986589,895.999994501471
23.7999999932945,863.000001106411
24.1000000033528,841.000000637025
24.2000000301748,859.999995876105
24.4999999698252,819.000004123895
24.5999999966472,808.000000368804
24.5,808.0
24.699999986589,810.000005029141
24.5000000268221,884.999989941718
24.0000000335276,981.999993495643
23.600000013411,1043.99999792129
23.3999999966472,1040.00000244752
23.2999999899417,1113.00000120699
23.2000000100583,1124.99999879301
23.0000000067055,1128.99999986589
23.1,1082.0
22.800000013411,1059.99999014288
22.9999999731779,913.000019714232
22.800000013411,880.000002212823
22.400000013411,769.000003721565
22.200000013411,814.999999128282
22.6000000201166,788.999995775522
22.7999999798834,747.000004224478
23.199999986589,703.000001475215
23.5,672.0
23.7000000402331,672.999997787178
24.2999999195338,640.000004425644
24.8999999597669,666.999998189509
24.9,628.000001307577
25.6000000201166,774.999999664724
26.1999999195337,765.00000321865
25.4000000804663,796.99999678135
24.8000000201166,845.999998357147
24.3,863.0
23.8,1001.00000167638
23.8,1025.99999664724
23.999999986589,963.000004224479
24.5999999798834,919.000001475215
25.000000013411,884.000001776963
25.3999999899417,936.999995976687
25.3000000100583,897.000004023313
24.8000000167638,1084.99999369681
24.3,1023.0
24.3000000067055,1000.99999818951
24.399999986589,974.000003620981
24.4,973.000000067055
24.4,935.000001274049
24.6000000033528,946.000001676381
24.7000000201166,996.000008448957
24.8999999798834,1079.99999155104
24.500000013411,954.000004224479
24.6,949.0
25.3000000201166,988.999998994172
25.5999999597669,974.000002011656
24.4000000804663,983.999999329448
25.0999999765307,960.000000804663
25.5999999966472,1013.99999671429
25.5000000201166,915.999992959203
25.6999999798834,846.000007040797
25.1000000201166,672.000005833805
24.9,705.0
23.5000000067055,635.000007241963
23.599999986589,742.999985516074
24.5999999329448,703.000002682209
26.1999999463558,609.000003151596
25.8999999698251,529.000003855676
25.0000000201166,644.000002615153
25.1999999798834,669.999997384847
25.1000000033528,703.999998860061
25.2,753.0
25.8000000469386,665.999997384847
26.4999999061227,627.000005230306
27.0999999597669,601.000001743436
27.7999999765307,548.000001776964
27.9999999362975,540.000001810491
26.0999997284264,593.999994769694
23.4000002715736,542.000005230306
24.1999999731779,560.999999362975
23.4,554.0
23.3000000536442,524.000002481043
24.0999998927117,560.999995037914
24.6999999597669,593.999997787177
24.8999999932945,746.999994870275
24.9000000268221,858.999999061227
25.6999999899417,831.000007946043
25.6000000100583,909.999992053958
26.1999999798834,852.000001944602
26.7,797.0
25.1999999798834,757.99999202043
24.9000000402331,639.00001595914
24.4000000335276,655.999998860061
24.4,646.000000335276
25.0000000368804,546.999999932945
26.0999999396503,545.000004325061
25.5000000603497,587.999995674939
25.5,551.000001240522
25.4,590.0
24.999999986589,765.999998927117
24.8000000268221,750.000002145767
25.3999999597669,725.000001676381
26.2999999698251,578.000004928559
25.8,643.999998424202
25.7999999698252,597.000003017484
25.5000000301748,626.999996982516
25.3000000067055,547.000002682209
25.3,569.0
25.4999999932945,565.000001475215
25.400000013411,586.999997049571
25.3000000067055,528.000003956259
25.699999986589,526.000000067055
25.5999999798834,542.000002380461
25.0,612.999994568528
25.0,559.000005431472
25.0999999966472,604.99999845773
24.8,623.0
25.5999999396503,617.000015690919
24.7000001206994,850.999968618161
24.3000000268221,799.000003486872
23.7000000201166,854.999998122454
23.8000000100583,942.000001072884
24.1000000100583,974.000012975183
24.1999999899417,1102.99998702482
24.1000000033528,1061.00000140816
24.2,1038.0
24.399999986589,1030.00000576675
24.2000000268221,1115.9999884665
23.8000000268221,1011.0000070408
23.400000013411,1001.00000033528
23.0999999932945,987.000002313406
22.8999999497086,1055.9999958761
22.4000000502914,1015.0000041239
22.000000013411,993.000000737608
21.9,1006.0
22.300000013411,982.999997787178
22.4999999731779,950.000004425644
22.7999999798834,1036.9999941662
23.0999999899417,1085.99999835715
23.1,995.000000536442
23.1,1011.00000724196
23.1,1082.99999275804
23.1999999966472,1054.0000009723
23.4,1016.0
23.5000000067055,1003.99999812245
23.599999986589,976.000003755092
23.6,983.999999463558
23.7999999932945,1060.99999741837
23.7,1086.99999959767
23.6999999798834,1074.99999869242
23.5000000201166,1062.00000130758
21.1000000804663,574.000016361476
21.3,528.0
20.899999986589,467.999999061227
20.7000000268221,454.000001877546
20.4000000201166,446.000000536442
20.5999999932945,426.000000670552
19.9999999698251,438.999999597669
19.0999999798834,427.000000502914
18.9000000201166,431.999999497086
18.8000000033528,455.999999195337
18.8,454.0
18.6999999932945,461.999999061227
18.600000013411,448.000001877546
18.400000013411,469.999998524785
18.1000000100583,446.000000804663
17.9999999899417,467.999998893589
17.6999999899417,435.000003620981
17.6000000100583,470.999996379019
17.6,463.000000268221
17.7,470.0
17.699999986589,467.999999664724
17.5000000268221,463.000000670552
17.699999986589,475.999999128282
17.8999999932945,484.999999698251
17.9000000033528,487.999999798834
18.0000000100583,482.000000804663
18.0999999899417,489.999999195337
18.0000000033528,480.000000335276
17.9,482.0
17.899999986589,481.999999932945
17.7000000268221,481.00000013411
17.500000013411,489.999999396503
17.4000000033528,484.000000201166
17.5,472.999999865889
17.5,469.000000100583
17.5,469.999999899417
17.4000000033528,464.000000201166
17.4,462.0
17.3,466.000000670552
17.3,475.999998658896
17.2000000067055,454.000001475215
17.2,456.999999899417
17.1,463.999999798834
17.0999999899417,458.000001206994
17.0000000100583,469.999998793006
17.0,463.000000234693
17.2,449.0
17.0999999932945,456.999999262393
17.000000013411,446.000001475215
16.9000000067055,424.000001475215
16.9,442.999999362975
16.9000000100583,445.999999430031
17.2000001106411,429.000002212822
18.2999998893589,450.999997787178
19.1999999698251,447.00000013411
19.8,427.0
20.2000000402331,432.000008650122
20.7999999195337,560.999982699755
21.1999999731779,668.999992758035
21.2,726.999998055398
21.2000000033528,873.000003453344
21.3000000301748,976.000006135552
21.5999999698252,1036.99999386445
21.7999999932945,1097.99999795482
21.9,1023.0
22.2000000067055,1005.99999584258
22.299999986589,944.000008314846
22.499999986589,953.999999329448
22.4000000033528,1052.99999668077
22.4,1100.00000053644
22.4000000301748,1116.00000382215
22.6999999698252,1153.99999617785
22.7999999966472,1087.00000224635
23.1,1091.0
23.200000013411,1053.99999792129
23.3999999731779,1023.00000415742
23.4,1029.99999953061
23.2000000067055,1053.99999919534
23.4000000033528,974.000001005828
23.4999999899417,1003.99999899417
23.4000000100583,994.000001005828
23.4,1042.99999835715
23.5,1149.0
23.5,1149.00000248104
23.5,1185.99999503791
23.5,1163.00000154227
23.5,1117.00000154227
23.5000000067055,1083.00000050291
23.6999999899417,1098.00000050291
23.6000000100583,1102.99999949709
23.6999999966472,1037.00000221282
23.6,1036.0
23.7000000067055,992.999998122454
23.799999986589,965.000003755092
23.8,982.999998793006
23.8,1029.9999984242
23.8,1045.00000214577
23.8,1108.9999993965
23.8,1103.0000006035
23.8999999966472,1104.99999993294
23.8,1083.0
23.8999999932945,1065.99999785423
23.800000013411,1034.00000429153
23.8,1023.00000073761
23.8999999966472,981.00000140816
23.8,1038.00000023469
23.8,1045.00000100583
23.8,1054.99999899417
23.8999999966472,1066.99999959767
23.9,1048.0
23.8999999932945,1019.99999966472
23.800000013411,1015.00000067055
23.8999999932945,942.000004895032
23.9999999966472,942.999999966472
24.3999999966472,1030.99999926239
24.2999999899417,1008.9999970831
24.2000000100583,980.000002916902
24.2999999966472,986.999999765307
24.3,1006.0
24.4000000067055,1093.00000214577
24.499999986589,1124.99999570847
24.5,1065.00000402331
24.4000000033528,1037.00000093877
24.3000000033528,995.0
24.4,994.999996982516
24.4,965.000003017484
24.3000000033528,896.000002313405
24.2,869.0
24.3000000067055,869.999999262393
24.399999986589,859.000001475215
24.3000000067055,857.00000013411
24.3999999966472,843.000000469387
24.5,820.999998290092
24.5000000100583,770.00000321865
24.5999999899417,801.99999678135
24.6,900.999996680766
24.7,1070.0
24.6,1107.99999832362
24.6,1083.00000335276
24.6,1045.0000025481
24.3000000100583,988.000001911074
24.5999999932945,949.999998994172
24.3999999798834,919.999992053958
24.2000000201166,841.000007946043
23.800000013411,829.000000402331
23.7,777.0
23.699999986589,716.000002950429
23.5000000268221,759.999994099141
23.300000013411,710.000003352762
23.3,725.999999463558
23.3,704.999999798834
23.3,699.000000100583
23.3,699.999999899417
23.4999999932945,849.999994970858
23.8,868.0
23.9,973.000005230307
23.9,1050.99998953939
23.9999999932945,1058.99999946356
23.8000000067055,1027.00000107288
23.9000000033528,972.999996915459
24.0000000301748,880.999995876105
24.2999999698252,840.000004123895
24.699999986589,875.999998793006
24.9,869.0
24.8999999932945,854.999995708466
24.800000013411,791.000008583067
24.8999999932945,750.000002749264
25.0999999932945,661.000002983958
25.3999999932945,666.00000013411
25.2,670.000010862944
25.2,777.999989137056
25.2999999966472,769.000000301749
25.2,787.0
25.5000000067055,779.999992355706
25.599999986589,666.000015288588
25.3000000201166,666.999999932945
25.8999999798834,664.000000100583
25.6999999731779,666.999997284263
24.9000000402331,586.00000251457
25.2999999597669,610.99999748543
25.8999999798834,562.000001642853
25.9,556.0
25.0999999664724,586.000000737607
24.6000000670552,596.999998524785
24.6999999932945,607.999999262393
24.7999999966472,602.000000201166
25.0000000067055,594.99999986589
25.2000000301748,591.000013377515
25.4999999698252,723.999986622485
25.5999999966472,769.99999845773
25.7,802.0
25.1000000067055,801.999996043743
25.199999986589,743.000007912515
25.2,628.000007711351
25.3999999932945,622.000000201166
25.3999999932945,646.999999228865
25.1999999899417,623.999994467945
25.1000000100583,569.000005532055
25.2999999932945,633.999997820705
25.4,656.0
25.4999999731779,607.00000797957
25.1000000536442,725.99998404086
25.0000000067055,768.999997116625
25.0,807.999998692423
24.8999999966472,751.999999497086
24.8000000201166,737.000001307577
24.9999999798834,749.999998692423
25.0999999966472,897.999995037913
24.8,982.0
24.5999999597669,966.999998591841
24.0000000804663,946.000002816319
23.6000000268221,1003.9999961108
23.3000000100583,957.000001575798
23.2,939.999999027699
23.2,911.000000603497
23.2,916.999999396503
23.0000000067055,965.999998357147
23.0,941.0
22.9000000067055,1004.99999678135
22.999999986589,957.0000064373
22.7000000201166,982.999998256564
22.4000000100583,957.000000871718
22.1999999966472,1003.00000003353
22.1,1004.00000090525
22.1,1012.99999909475
21.8000000100583,985.000000938773
21.5,945.0
21.499999986589,959.999999530614
21.3000000268221,953.000000938773
21.3999999932945,919.000002279878
21.3000000033528,905.000000469387
21.1,955.99999916181
21.0999999698252,930.999997083098
20.8000000301748,902.000002916902
20.8999999966472,952.999998290092
21.2,1010.0
21.5000000268221,1076.99999852479
21.8999999463558,1055.00000295043
22.2999999731779,1027.00000187755
22.5999999899417,982.000001508743
22.9000000067055,1016.00000516325
23.1000000100583,1169.99999698252
23.1999999899417,1140.00000301748
23.2,1120.00000067055
23.1,1091.0
23.1999999932945,1041.9999980554
23.100000013411,1013.0000038892
23.1999999932945,998.000001005828
23.0000000067055,1020.99999922886
23.0000000033528,1075.9999993965
23.1,1057.99999798834
23.1,1038.00000201166
23.1,989.000001642853
23.1,1025.0
23.1,1084.99999859184
23.1,1064.00000281632
23.1,1075.99999919534
23.0000000033528,1060.00000053644
23.0000000033528,1000.00000083819
23.0999999899417,1025.00000140816
23.0000000100583,1038.99999859184
22.7000000100583,1033.00000020117
22.9,1032.0
23.1,1021.9999986589
23.1,1002.00000268221
23.1,1073.99999517202
23.1,1051.00000077114
23.2999999966472,1038.99999936298
23.2,1020.00000422448
23.2,1061.99999577552
23.2999999966472,1090.9999990277
23.2,1041.0
23.3999999932945,1025.99999872595
23.300000013411,1007.0000025481
23.3,1080.99999503791
23.2000000033528,1097.99999943003
23.2999999966472,1074.99999909475
23.2,1047.99999889359
23.2,1037.00000110641
23.1000000033528,1070.99999886006
23.0,989.0
23.0,1026.00000174344
23.0,1051.99999651313
22.800000013411,1039.00000087172
22.8,1028.0000003688
22.7999999966472,1014.99999916181
22.7,989.999997183681
22.7,962.000002816319
22.7999999966472,947.000000502914
22.7,944.0
22.2999999463558,931.999999798834
21.5000001072883,929.000000402331
21.1000000268221,923.000000402331
20.5000000201166,923.0
20.1999999899417,912.000000100583
19.8999999698252,915.000002514571
19.6000000301748,939.99999748543
19.4000000067055,916.000000804663
19.3,924.0
18.999999986589,943.999997317792
18.8000000268221,904.000005364417
18.600000013411,917.999999061227
18.5000000033528,907.000000368804
18.3,923.999999497086
18.2999999798834,908.999998893589
18.1000000201166,898.000001106411
18.1,883.000000502914
18.0,895.0
18.1000000067055,878.999998860061
18.199999986589,862.000002279877
18.2999999932945,815.000003151596
18.3,796.000000637025
18.2,757.999999631196
18.2,746.999996580184
18.2,713.000003419816
18.0000000067055,706.000000234693
18.1,698.0
18.2,709.999999731779
18.2,706.000000536442
18.2999999932945,697.000000603497
18.2000000033528,690.000000234693
18.2999999966472,700.999999966472
18.1999999899417,699.999998793006
18.1000000100583,688.000001206994
18.1,637.000001709908
18.1,624.0
18.0000000067055,618.500000368804
17.900000013411,613.000000737607
17.8000000067055,572.000002749264
17.5000000100583,543.000000972301
17.4000000033528,551.000001106411
17.5,583.999995473773
17.5,539.000004526227
17.6999999932945,541.999999899417
18.4,512.0
19.100000013411,503.000001274049
19.2999999731779,521.999997451902
20.0999999463558,533.999999195337
20.3999999899417,518.000000536442
20.8000000268221,672.000002413988
21.6000000804663,743.99998963997
22.3999999195337,641.00001036003
22.9999999798834,651.999999631196
23.3,613.0
23.5000000067055,640.999996110798
23.599999986589,583.000007778404
23.799999986589,785.999986387788
23.8999999966472,716.000002346933
23.8999999966472,771.000005029142
23.8000000201166,921.000012170521
23.9999999798834,1041.99998782948
24.399999986589,999.000001441687
24.3,994.0
24.2000000067055,1087.99999617785
24.299999986589,1031.00000764429
24.3,1000.00000207871
24.3999999966472,985.000000502914
24.4,990.999999731779
24.4000000201166,983.000007543711
24.5999999798834,1057.99999245629
24.6999999966472,1065.99999973178
24.7,998.0
24.7999999932945,973.000006504356
24.700000013411,1069.99998699129
24.7,995.000005029142
24.7,980.000000502914
24.7,977.000001508743
24.6999999899417,1022.0000023134
24.6000000100583,1044.9999976866
24.5000000033528,1045.0
24.5,1061.0
24.4,1039.99999986589
24.4,1038.00000026822
24.4,1031.00000046939
24.4,995.000001206994
24.2999999966472,998.0
24.2000000100583,997.999996680767
24.2999999899417,965.000003319233
24.2000000033528,941.000000804663
24.2,979.0
24.199999986589,996.000000603497
24.0000000268221,1004.99999879301
24.199999986589,1043.99999738485
24.2999999966472,1012.00000107288
24.4,1061.00000050291
24.4000000100583,1075.9999993965
24.4999999899417,1070.0000006035
24.4000000033528,1021.00000164285
24.5,996.0
24.6,1025.99999906123
24.6,1012.00000187755
24.6999999932945,1011.00000006706
24.7,972.000001307577
24.6999999966472,948.999999027699
24.5999999899417,920.000007040797
24.5000000100583,989.999992959203
24.2000000100583,1099.99999631196
24.3,1189.0
24.299999986589,1172.99999530614
24.1000000268221,1103.00000938773
24.1,1110.99999946356
24.1,1125.99999949709
24.1000000033528,1064.0000019446
24.2,1121.99999798834
24.2,1102.00000201166
24.0000000067055,1095.00000023469
24.0,1063.0
24.0,1053.99999778718
24.0,1021.00000442564
23.9000000067055,1014.00000046939
23.9,984.000001005828
23.9,980.000001341105
23.8999999899417,1019.99999969825
23.8000000100583,1017.00000030175
23.9999999932945,992.00000083819
24.1,989.0
24.1000000067055,982.000003755092
24.199999986589,1037.99999248982
24.2,1083.99999691546
24.2,1075.00000030175
24.2000000033528,1042.99999959767
24.3000000100583,1030.99999808893
24.3999999899417,1012.00000191107
24.4,1013.99999993294
24.5,993.0
24.5,981.999999597669
24.5,976.000000804662
24.5999999932945,997.999998524785
24.7999999932945,1069.99999758601
24.8,1031.00000083819
24.7999999798834,1055.99999557436
24.6000000201166,1012.00000442564
24.6,1000.00000040233
24.4,1015.0
24.3999999731779,1014.00000201166
24.0000000536442,1043.99999597669
23.800000013411,1013.00000207871
23.5000000100583,987.000000871718
23.3999999966472,1014.99999996647
23.3,1014.0000041239
23.3,1054.9999958761
23.3,1000.00000184402
23.3,984.0
23.099999986589,994.000001072883
22.9000000268221,1009.99999785423
23.099999986589,1045.99999758601
23.0000000033528,1072.99999909475
22.9,1006.99999912828
22.8999999899417,981.000001911073
22.8000000100583,999.999998088927
22.8,1054.99999815598
22.8,1078.0
22.8,1056.99999772012
22.8,1023.00000455975
22.8,988.000002346933
22.7000000033528,992.999999832362
22.6999999966472,1087.00000120699
22.6000000201166,1122.99999396503
22.7999999798834,1063.00000603497
22.8,1054.00000030175
22.8,1028.0
22.8000000067055,1003.99999892712
22.899999986589,988.000002145767
22.9,1065.99999476969
22.9,1103.99999872595
22.9000000033528,1137.99999768659
23.0,1068.99999507144
23.0,1020.00000492856
23.1999999932945,988.000001072884
23.1,1040.0
23.0000000067055,1066.99999845773
23.099999986589,1044.00000308454
23.1,990.000003620982
23.1,988.000000067055
23.1999999932945,1087.00000033528
23.0000000100583,1096.99999366328
23.0999999899417,1034.00000633672
23.1,1035.99999993294
23.0,1009.0
23.3,1006.0000038892
23.3,1063.9999922216
23.2000000067055,1031.00000221282
23.1000000033528,984.000001575798
22.9999999966472,1026.00000187755
22.8999999899417,1082.0000006035
22.8000000100583,1087.9999993965
22.8999999966472,1050.00000127405
22.9,1027.0
22.9000000067055,980.000004090368
22.999999986589,1040.99999181926
22.9000000067055,1060.9999986589
22.9,1031.00000100583
22.9,1036.99999845773
22.8999999899417,991.000005632638
22.8000000100583,1046.99999436736
22.9999999932945,1097.99999829009
22.7,1072.0
22.7000000067055,1017.99999926239
22.799999986589,1007.00000147521
22.8,989.000001206994
22.8,1052.99999785423
22.7,1083.99999832362
22.7,1033.99999728426
22.7,1007.00000271574
22.6000000033528,1029.99999922886
22.7,1077.0
22.5,1035.99999959767
22.5,1030.00000080466
22.300000013411,1002.00000187755
22.3999999966472,1002.99999996647
22.3,1043.0
22.2999999899417,1042.99999728426
22.2000000100583,1016.00000271574
22.2999999966472,1015.00000003353
22.3,1016.0
22.3,995.00000167638
22.3,1019.99999664724
22.2000000067055,1066.9999968484
22.2,1042.00000083819
21.9999999966472,1020.99999926239
21.9,999.000003721564
21.9,1035.99999627844
21.9999999966472,1060.99999916181
22.1,1047.0
22.1000000201166,1031.00000160933
22.3999999597669,1054.99999678135
22.6999999798834,1023.00000214577
22.7,1027.99999983236
22.8000000033528,1065.99999949709
22.9000000201166,1051.00000050291
23.0999999798834,1055.99999949709
23.3999999899417,1032.00000080466
23.4,1120.0
23.8000000067055,1185.99999637902
23.899999986589,1132.00000724196
24.3999999664724,1080.00000348687
24.799999986589,1037.00000144169
25.0000000033528,1006.00000100583
25.1000000201166,1036.00000422448
25.2999999798834,1077.99999577552
25.2000000033528,1199.99999590963
24.9,1324.0
24.8,1237.00000046939
24.8,1243.99999906123
24.7000000067055,1188.00000375509
24.5000000067055,1118.00000234693
24.2999999932945,1086.99999899417
24.0999999798834,1056.9999970831
23.9000000201166,1028.0000029169
23.6000000100583,1022.00000020117
23.4,1080.0
23.199999986589,1103.99999986589
23.0000000268221,1102.00000026822
22.9000000067055,1075.00000181049
22.9,1030.00000150874
22.9,1042.99999922886
22.9,1019.99999718368
22.9,992.000002816319
22.8000000033528,1016.99999916181
22.8,1073.0
22.9000000067055,1090.99999785423
22.999999986589,1059.00000429153
23.0,1054.00000033528
22.9000000033528,1003.00000170991
22.8,991.000001844019
22.7999999899417,1046.00000050291
22.7000000100583,1050.99999949709
22.7999999966472,1031.00000067055
22.8,1004.0
22.7,1000.00000362098
22.7,1053.99999275804
22.6000000067055,1058.99999966472
22.5000000033528,1064.99999979883
22.4999999932945,1009.9999996312
22.3,998.999998088926
22.3,980.000001911074
22.2000000033528,963.000000569969
22.1,943.0
21.5999999530614,944.999999262393
20.9000000938773,934.000001475215
20.4000000335276,940.999999530613
19.9000000167638,984.999998524785
19.5999999899417,940.999999530613
19.2999999798834,927.000000502914
19.1000000201166,931.999999497086
18.8000000100583,923.000000301749
18.6,946.0
18.3,932.0
18.3,932.0
18.2000000067055,910.000001475215
18.0000000067055,901.000000301749
17.7999999932945,868.999999798834
17.6,862.999997988344
17.6,843.000002011656
17.3000000100583,807.000001206994
17.5,804.0
17.7000000067055,793.000000201166
17.799999986589,795.999999597669
17.8999999932945,782.000000938773
17.7000000067055,774.000000268221
17.7000000033528,762.999999765307
17.8000000100583,756.000000201166
17.8999999899417,757.999999798834
18.0999999932945,746.000000402331
18.0,736.0
17.999999986589,720.0
17.8000000268221,720.0
17.8999999932945,720.999999932945
17.9999999966472,719.000000067055
17.8000000067055,710.000000134111
17.9999999899417,713.999999094755
17.9000000100583,705.000000905245
17.9999999966472,705.999999966472
18.0,699.0
18.6000000201166,679.000000201166
18.8999999597669,681.999999597669
19.1999999798834,688.999999530613
18.9000000100583,664.00000083819
19.3999999932945,641.00000083819
19.2000000100583,665.99999678135
19.2999999899417,634.00000321865
19.9999999765307,612.000000737607
20.7,736.0
21.3000000201166,841.00000630319
21.5999999597669,934.99998739362
21.799999986589,1010.9999949038
21.9999999932945,1010.00000003353
22.0000000167638,1005.9999993965
22.5000000502914,988.000007342546
22.9999999497086,1060.99999265745
23.0999999966472,993.000002279878
23.2,985.0
23.300000013411,959.999998860061
23.4999999731779,943.000002279877
23.5999999932945,932.000000737607
23.6,892.000001341105
23.6,873.000005498529
23.5999999899417,1037.00000694021
23.5000000100583,1105.99999305979
23.4000000033528,937.000005666167
23.5,1246.0
23.499999986589,1002.00000274926
23.3000000268221,1042.99999450147
23.2000000067055,1004.00000261515
23.2,987.00000056997
23.1999999966472,1099.99999772012
23.1000000100583,1031.99999577552
23.1999999899417,990.000004224478
23.2,1264.99999077991
23.1,1039.0
22.900000013411,1016.99999953061
23.0999999731779,1010.00000093877
22.900000013411,1001.0000006035
22.9,967.000001139939
23.0,951.000003453344
22.9999999899417,1054.00001156702
22.9000000100583,1168.99998843298
23.0999999932945,1217.99999835715
22.9,1168.0
22.899999986589,1141.99999926239
22.7000000268221,1131.00000147521
22.7,1105.00000174344
22.7999999966472,1020.00000284985
22.7,1069.9999984242
22.7,1022.99999668077
22.7,990.000003319233
22.7,912.000002615154
22.7,897.0
22.6000000067055,868.999999664724
22.699999986589,864.000000670552
22.6000000067055,842.000001475215
22.6,808.000001139939
22.5000000033528,771.999999463558
22.5999999899417,755.999996881933
22.5000000100583,725.000003118067
22.5,720.000000167638
22.4,677.0
22.3,652.999999597669
22.3,647.000000804662
22.100000013411,589.000003889203
22.2999999932945,579.000000335276
22.3000000033528,534.999999597669
22.4,523.000000301749
22.4,525.999999698251
22.2000000067055,560.999998826533
22.3,761.0
22.3,867.00000476092
22.3,937.99999047816
22.2000000067055,1020.99999443442
22.1000000033528,932.000002983958
22.2999999966472,894.000001307577
22.2000000100583,932.999993361534
22.2999999899417,867.000006638466
22.3,840.000000905246
22.2,797.0
22.1999999932945,771.999997317792
22.100000013411,732.000005364417
22.299999986589,731.000000067055
22.1000000067055,688.000001441687
22.1999999932945,672.999999027699
22.0,643.99999678135
22.0,612.00000321865
22.0,567.000001508743
21.9,589.0
21.9999999932945,552.999998591841
21.900000013411,532.000002816319
21.9999999932945,504.000001877546
21.8000000067055,525.999999262393
21.7999999966472,503.00000013411
21.7,507.000003721564
21.7,543.999996278436
21.7,563.999999329448
21.8,594.0
21.8000000067055,789.000007443128
21.899999986589,899.999985113743
21.8000000067055,875.000001676381
21.8,1045.99999426678
21.8,1216.9999935627
21.8000000100583,1025.00000191107
21.8999999899417,1043.99999808893
21.7000000067055,929.000003855676
21.7,926.0
21.2000000268221,789.000002145767
21.5999999463558,820.999995708466
21.400000013411,769.000003486872
21.1000000100583,835.99999775365
21.2,938.000001341105
21.2,978.000004727392
21.2,1024.99999527261
21.2999999966472,1096.99999758601
21.5,1078.0
21.4000000067055,1024.99999604374
21.499999986589,966.000007912515
21.5999999932945,942.000001609326
21.5000000033528,927.000000502914
21.6,901.999997820705
21.6000000201166,836.999997887761
21.7999999798834,816.000002112239
21.7000000033528,785.000001039356
21.4,838.0
21.6,852.999999530614
21.6,846.000000938773
22.0999999664724,806.000002682209
22.9999999698251,742.000002145767
24.2000000335276,772.000001005828
25.1999999698252,802.000004928558
24.9000000301748,850.999995071442
24.500000013411,892.99999859184
24.3,984.0
24.7000000469386,1004.00000382215
25.3999999061227,1060.99999235571
25.4999999932945,881.000012069941
25.2000000100583,797.00000281632
24.8,750.000000670552
24.7999999798834,769.999999497086
24.6000000201166,765.000000502914
25.0999999832362,722.000001441687
26.2,670.0
25.7000000067055,546.999995909632
25.799999986589,486.000008180736
25.999999986589,454.000002145767
25.4000000201166,427.000000905246
25.6999999664724,393.000000301749
24.7000000402331,401.999998088926
25.0999999597669,383.000001911074
25.1,373.000000335276
24.9,374.0
25.2000000402331,373.999998725951
25.7999999195337,355.000002548098
26.6999999396503,347.000000536442
25.6000000368804,340.000000234693
24.8000000335276,357.999999430031
25.8000001508742,340.999999195337
27.2999998491258,333.000000804663
29.1999999362975,347.999999497086
29.2,302.0
29.0999999731779,323.000002548098
28.7000000536442,360.999994903804
28.2000000335276,409.999996714294
29.0999999698251,578.999994333833
29.9000000234693,651.000001240522
30.6000000804663,688.000005632638
31.3999999195337,743.999994367362
30.0000000469387,816.999997552484
31.1,993.0
28.7000000469386,884.00000308454
29.3999999061227,929.999993830921
29.0000000268221,907.00000154227
29.9999999664724,988.999997250736
28.9999999899417,786.000003017485
28.7000000603497,876.000003520399
29.2999999396503,910.999996479601
28.2000000368804,919.999999698251
28.8,902.0
28.1999999597669,788.999996647239
27.6000000804663,739.000006705521
28.0999999664724,708.000002078712
27.6000000167638,698.000000335276
27.000000013411,661.999998055398
27.3999998893589,603.999995172025
26.3000001106411,556.000004827975
26.1000000067055,627.999997586012
26.9,592.0
24.9000000737607,581.000001274049
25.9999998524785,599.999997451902
25.7000000201166,597.000000201166
25.2000000167638,553.000001475215
24.3000000435859,517.000000469387
25.5999998491258,530.999999497086
24.1000001508742,526.000000502914
24.8999999731779,569.999998524785
24.6,514.0
23.9999999932945,496.000000804663
23.900000013411,507.999998390675
24.6999999463558,496.000000804663
24.300000013411,540.999998491257
25.1999999966472,539.000000771135
25.1,562.000000502914
25.1,566.999999497086
25.8999999731779,558.000000301749
25.0,500.0
25.5999999798834,470.999999530614
25.3000000402331,464.000000938773
25.3999999932945,431.000002212823
25.1000000100583,413.000000603497
25.7999999832362,399.999999664724
25.3000000201166,390.000001106411
25.4999999798834,400.999998893589
24.7000000268221,387.000000469387
24.8,388.0
24.3000000268221,386.999999664724
24.6999999463558,382.000000670552
25.0999999731779,376.000000402331
24.6000000167638,376.999999966472
24.9000000234693,457.000002078712
25.5999999597669,519.000002615153
25.2000000402331,544.999997384847
25.0000000067055,727.999993864447
25.0,846.0
24.9999999798834,943.999993763865
24.7000000402331,851.000012472269
24.4000000201166,860.999999329448
24.3000000033528,1000.99999530613
24.2,1093.99999698251
24.1999999698252,1004.00000633672
23.9000000301748,1066.99999366328
23.8000000033528,1069.99999989942
23.8,1061.0
23.7999999798834,1063.99999517202
23.5000000402331,992.00000965595
23.4000000067055,1064.99999510497
23.2000000067055,987.000002615154
23.0999999899417,1010.0
22.7999999698252,1009.99999627844
22.5000000301748,973.000003721564
22.2000000100583,970.000000100583
21.9,955.0
21.499999986589,945.000000067055
21.3000000268221,945.99999986589
20.9000000268221,919.000001810491
18.800000070408,694.000007543713
17.899999986589,543.999998860061
17.4999999497086,509.999996881933
17.0000000502914,479.000003118067
16.8000000067055,476.000000100583
16.6,463.0
16.8000000268221,460.000000670552
17.1999999463558,469.999998658896
17.2,470.0
17.3999999932945,486.999999430031
17.2999999932945,471.0
17.1,470.999998893589
17.1,460.000001106411
16.9000000067055,461.999999932945
16.9,475.0
16.7000000067055,465.000000402331
16.799999986589,470.999999195337
16.7000000067055,478.999999463558
16.7,483.999999832362
16.7,481.0
16.7000000301748,481.00000070408
16.9999999698252,487.99999929592
17.0999999966472,486.000000067055
17.2,485.0
17.6000000268221,500.999999664724
17.9999999463558,496.000000670552
18.0,505.999999329448
18.1999999932945,492.000000469387
18.2,484.000000469387
18.2000000100583,498.0
18.2999999899417,498.0
18.3,516.999999362975
18.3,499.0
18.2999999798834,498.00000154227
18.0000000402331,520.99999691546
18.0,498.00000154227
17.9000000033528,513.999999463558
17.800000013411,525.999999530613
18.2000000100583,512.000000905245
18.2999999899417,520.999999094755
18.3,519.000000067055
18.2,556.0
18.4000000268221,523.000000335276
18.7999999463558,527.999999329448
19.1999999731779,532.999999664724
19.2999999966472,523.000000335276
19.4000000067055,524.000000033528
19.6000000301748,525.000003620981
19.8999999698252,560.999996379019
20.8999999664724,639.999997351318
21.4,742.0
21.800000013411,876.000009186564
21.9999999731779,1012.99998162687
22.3999999731779,1004.0000006035
22.4,972.000001072884
22.9999999966472,1108.99999718368
22.8999999899417,1024.99999617785
22.8000000100583,987.000003822147
22.7000000033528,954.000001106411
23.0,945.0
23.2,920.999999061227
23.2,907.000001877546
23.1000000067055,891.000001072884
23.1,871.000000670552
23.0,853.000003956259
23.0000000100583,971.000006537883
23.0999999899417,1035.99999346212
23.0000000033528,1018.0000006035
23.0,1001.0
22.8999999932945,981.000005364417
22.800000013411,1060.99998927117
22.7000000067055,1036.00000167638
22.6000000033528,1003.00000110641
22.6,988.999999094754
22.5999999899417,962.00000854954
22.5000000100583,1046.99999145046
22.4000000033528,1102.99999812245
22.3,1062.0
22.3,1044.99999872595
22.3,1026.0000025481
22.2000000067055,1011.00000100583
22.2,977.000001139939
22.1999999932945,1025.00000140816
22.0000000402331,1066.99999808893
22.3999999597669,1048.00000191107
22.4,1014.00000113994
22.7,995.0
22.6000000067055,984.000004693865
22.699999986589,1053.99999061227
22.7,1026.00000187755
22.7,1005.00000070408
22.8,985.0
22.8,985.000003822147
22.8,1022.99999617785
22.8,969.000001810491
22.8,1055.0
22.8,1075.00000006706
22.8,1075.99999986589
22.8,1053.00000154227
22.7000000033528,1043.00000033528
22.8,1019.99999909475
22.8,992.999996278436
22.8,956.000003721564
22.8,946.000000335276
22.8,968.0
22.8,1000.00000657141
22.8,1097.99998685718
22.7000000067055,1115.99999879301
22.7,1116.99999996647
22.7,1117.99999996647
22.7,1116.99999859184
22.7,1103.00000140816
22.7,1085.0000006035
22.7,1015.0
22.6000000067055,1022.99999832362
22.699999986589,998.000003352761
22.7,960.000002548099
22.7,913.000001575798
22.8000000033528,926.000001609326
22.9,974.000003319233
22.9,1006.99999668077
22.9,1060.99999818951
23.1,1105.0
23.1,1136.00000281632
23.1,1177.99999436736
23.1,1178.99999993294
23.1,1159.00000067055
23.1,1137.99999973178
23.1000000100583,1129.99999547377
23.1999999899417,1085.00000452623
23.2999999966472,1031.00000181049
23.5,1064.0
23.600000013411,1039.99999872595
23.7999999731779,1021.0000025481
23.7000000067055,990.000002078712
23.8999999932945,954.000001206994
24.1,974.000003419817
24.1,1076.00001609325
24.1,1235.99998390675
24.0000000033528,1320.99999715015
24.1,1213.0
24.0000000067055,1145.9999949038
24.099999986589,1070.00001019239
24.0000000067055,1025.00000301749
24.0,974.000001709908
23.8999999932945,937.999997720122
23.6999999899417,870.000000100583
23.6000000100583,870.999999899417
23.5000000033528,870.000000033528
23.4,837.0
22.9999999932945,811.999999128282
22.900000013411,799.000001743436
22.6000000201166,803.999999664724
22.3000000100583,770.000001139939
22.4000000033528,755.999999564141
22.5000000201166,743.000013478097
22.6999999798834,876.999986521903
22.9999999899417,934.999998055398
23.1,973.0
23.3000000201166,1025.00000234693
23.5999999597669,1059.99999530614
23.9999999731779,1095.99999758601
24.2999999899417,1061.00000117347
24.600000013411,1032.99999946356
25.0000000402331,1017.00000090525
25.3999999597669,1025.99999909475
25.799999986589,1021.00000016764
26.0,1034.0
25.9999999664724,1050.99999530614
25.5000000670552,981.00000938773
24.9000000402331,842.000009320677
24.9,768.000002481043
24.3000000067055,648.000000100583
24.5000000201166,650.999993462117
24.6999999798834,586.000006537883
24.9999999899417,556.000001005828
25.3,539.0
25.4000000201166,508.000003620981
25.6999999597669,561.999992758037
25.7999999932945,633.999995172024
26.0999999899417,561.000002447516
26.2999999832362,528.999999061227
25.7999999899417,500.99999748543
25.7000000100583,476.00000251457
25.4000000100583,442.000001139939
25.0,426.0
24.4999999664724,436.999998524785
24.0000000670552,415.000002950429
24.2999999798834,437.99999845773
24.7999999832362,444.999999765307
25.5999999899417,413.000000603497
25.3000000502914,431.000000502914
25.7999999497086,435.999999497086
25.8,417.000000637025
25.1,453.0
25.6999999731779,415.999999463558
25.3000000536442,408.000001072883
25.0000000201166,472.99999564141
24.0000000335276,423.000001676381
24.9000000201166,413.000001374632
25.4999999899417,453.999997586012
25.4000000100583,430.000002413988
25.6999999899417,442.999999564141
25.6,425.0
25.6000000268221,418.000002548098
25.9999999463558,455.999994903804
26.199999986589,415.000002749264
25.4000000268221,445.999998960644
25.4999999731779,414.000002179295
24.6999998893589,478.999997384847
23.6000001106411,453.000002615153
23.3000000100583,435.000000603497
23.8,419.0
25.4999999731779,408.000009790061
25.1000000536442,553.999980419878
24.7000000268221,503.000003419817
24.7999999966472,498.000000167638
25.3000000234693,443.000000033528
26.0000000502914,444.00000251457
26.4999999497086,468.99999748543
26.9999999832362,524.999998122454
27.0,479.0
27.9000000871718,441.999998256565
29.1999998256565,416.000003486871
29.8999999530613,428.999999128282
30.0999999932945,434.999999798834
29.1999999329448,484.000001709908
27.2000000301748,535.000001508742
27.4999999698252,549.999998491258
26.5000000335276,597.999998390674
27.0,548.0
26.2000000268221,498.999998524785
26.5999999463558,477.000002950429
27.0999999664724,500.999998390675
26.2000000301749,448.000001776964
25.0999999664724,433.999999765307
24.0999998591841,426.999999798834
22.7000001408159,425.000000201166
22.6000000033528,457.999998893589
22.6,441.0
23.2000000067055,430.000000201166
23.299999986589,432.999999597669
23.3999999932945,480.999996781349
23.4,560.999997317791
23.6000000067055,699.000003151596
23.8000000100583,793.000008147208
23.8999999899417,873.999991852792
23.9999999966472,986.99999621138
24.2,958.0
24.2000000067055,938.000001139938
24.299999986589,954.999997720123
24.3,921.000002279878
24.3,984.999997854233
24.2000000067055,947.000000502914
24.4000000905245,962.000000301749
25.2999999094755,964.999999698251
25.699999986589,893.000002413988
25.4,878.0
24.9999999798834,875.999999061227
24.7000000402331,862.000001877546
24.7,825.000002481043
24.6000000033528,805.000000670552
24.4999999966472,760.000000100583
24.3999999899417,763.000013880429
24.3000000100583,900.999986119571
24.2000000033528,999.999996680766
24.2,933.0
23.9999999932945,921.000000335276
23.900000013411,925.999999329448
23.8000000067055,913.000000871718
23.6000000067055,918.999999798834
23.3,949.999999463558
23.2999999899417,933.999999798834
23.2000000100583,932.000000201166
23.2999999966472,939.999999731779
23.8,945.0
24.7000000402331,906.000001944601
25.2999999195337,934.999996110798
25.6999999731779,884.000003419817
25.7,875.000000301749
25.6999999966472,839.000002279878
25.5999999899417,907.000007543711
25.5000000100583,981.999992456289
25.100000013411,1017.99999879301
24.9,946.0
24.599999986589,849.999996311963
24.4000000268221,795.000007376073
24.4999999932945,786.000000603497
24.4000000033528,774.000000402331
24.3999999966472,738.000000536442
24.3,753.999995674939
24.3,711.000004325061
24.2000000033528,718.999999731779
23.2,628.0
21.1999999396503,572.999997854233
20.3000001206994,541.000004291534
19.3000000670552,504.000002481044
18.6000000234693,490.000000469387
18.299999986589,476.000000536442
17.9,491.999999899417
17.9,491.000000100583
17.6000000100583,488.000000100583
17.5,496.0
17.3,492.000000536442
17.3,499.999998927117
17.3,506.999999530613
17.3,519.999999564141
17.1999999966472,521.000000067055
17.0999999798834,523.000000603497
16.9000000201166,528.999999396503
16.9,534.999999798834
17.1,533.0
17.2000000201166,535.000002481043
17.4999999597669,571.999995037914
17.8999999731779,546.000001743436
18.3999999832362,536.000000335276
18.7000000033528,549.999999899417
18.8000000100583,547.000003319233
18.8999999899417,579.999996680767
18.8000000033528,551.000000972301
18.8,585.0
18.8,573.999999195338
18.8,562.000001609325
18.7000000067055,552.000000670552
18.7999999966472,612.999997954816
18.6000000033528,579.000001005828
18.6999999899417,608.99999748543
18.6000000100583,584.000002514571
18.5000000033528,621.999998725951
18.7,609.0
18.7000000268221,619.999999262393
19.0999999463558,630.999998524785
19.1,610.00000140816
19.0000000033528,636.999999094754
19.3000000201166,624.999999228865
19.9000001005828,602.000000201166
20.8999998994172,603.999999798834
21.299999986589,730.999995741993
21.8,835.0
22.3000000268221,948.000006169079
22.6999999463558,1039.99998766184
23.0999999731779,993.000003151596
23.3999999899417,1019.99999909475
23.6000000067055,946.00000211224
23.8000000100583,1009.00000181049
23.8999999899417,1026.99999818951
23.9999999966472,1010.00000056997
24.0,971.0
24.0999999932945,943.99999859184
24.000000013411,923.000002816319
24.0,926.999999731779
24.0999999966472,888.000001307577
24.1999999966472,875.000007912517
24.1,1110.99998511374
24.1,963.000014886257
24.0000000033528,988.999999128282
23.9,1208.0
23.8999999932945,973.000006571411
23.800000013411,1070.99998685718
23.8,1088.99999879301
23.7000000033528,1009.00000268221
23.6000000033528,1000.99999983236
23.6999999899417,995.999999497086
23.6000000100583,991.000000502914
23.6,1031.99999862537
23.5,1232.0
23.300000013411,1024.99999899417
23.4999999731779,1010.00000201166
23.4000000067055,979.000002078712
23.4,979.999999966472
23.4,1136.99999835715
23.3999999899417,1087.99998984114
23.3000000100583,987.000010158864
23.3999999966472,1031.99999849126
23.2,1037.0
23.3,999.999999128282
23.3,987.000001743436
23.3999999932945,1005.99999872595
23.4,968.000001274049
23.3,962.000005330891
23.3,1121.00001508742
23.3,1270.99998491258
23.3,1150.00000405684
23.3,1049.0
23.3,1046.99999872595
23.3,1028.0000025481
23.2000000067055,1006.00000147522
23.2999999966472,1001.00000016764
23.2999999966472,1048.0000019446
23.2,1105.99999426678
23.2,1049.00000573322
23.1000000033528,971.000002615154
23.2,971.0
23.3,1162.00000207871
23.3,1192.99999584258
23.3,1053.00000938773
23.2000000033528,1075.99999922886
23.2000000033528,1063.9999984242
23.2999999899417,1016.99999949709
23.2000000100583,1012.00000050291
23.2999999966472,998.000000469387
23.4,1003.0
23.3,979.999996446074
23.3,927.000007107852
23.3,1040.9999923557
23.2000000033528,1167.99999574199
23.3,1090.99999637902
23.3000000100583,983.000001508742
23.3999999899417,997.999998491258
23.4,1022.99999916181
23.3,968.0
23.3000000067055,937.999996580184
23.399999986589,887.000006839632
23.3000000067055,926.999997317791
23.3,942.999999463558
23.4,1130.00000264868
23.4000000100583,1208.99998933822
23.4999999899417,1103.00001066178
23.4000000033528,1059.00000147522
23.4,1051.0
23.5,1020.9999986589
23.5,1001.00000268221
23.5,993.000000536442
23.5,994.999999932945
23.5,1025.99999943003
23.5,1008.99999637902
23.5,973.000003620981
23.5,990.999999396503
23.6,1092.0
23.5000000067055,1210.99999047816
23.599999986589,1069.00001904368
23.6,1047.00000147522
23.6999999966472,1053.99999976531
23.5000000033528,992.000001475215
23.6,1035.99999889359
23.6,1025.00000110641
23.6999999966472,956.000002313405
23.6,990.0
23.4999999932945,1015.00000127405
23.400000013411,1033.9999974519
23.1000000201166,1000.00000227988
22.700000013411,1032.99999889359
22.5999999966472,974.000002011657
22.4999999798834,1034.00000774488
22.3000000201166,1110.99999225512
22.3999999966472,1153.99999855831
22.5,1116.0
22.5,1064.99999886006
22.5,1048.00000227988
22.5999999932945,1010.0000025481
22.7999999932945,1011.99999993294
23.0000000033528,1006.0000019446
23.1000000301748,1063.99999969825
23.3999999698252,1061.00000030175
23.8999999832362,1050.0000003688
24.4,1014.0
24.900000013411,985.000000938773
25.0999999731779,998.999998122454
25.3999999798834,1088.99999396503
25.3000000033528,1063.00000087172
25.3,992.999998826534
25.2999999899417,957.999992053958
25.2000000100583,879.000007946043
25.4999999899417,796.000002782792
25.3,702.0
25.5,592.99999986589
25.5,591.000000268221
25.5999999932945,583.000000536442
25.6,580.000000100583
25.7999999597669,596.999998323619
24.599999929592,546.999997384847
23.900000070408,521.000002615153
23.9,544.999999195337
24.8,528.0
25.399999986589,485.000005096196
25.2000000268221,560.999989807608
25.1000000067055,550.000000737608
25.5999999832362,594.999998491257
25.899999986589,527.999999564141
25.4999999899417,514.999999195337
25.4000000100583,507.000000804663
25.4999999966472,468.000001307577
25.3,493.0
25.000000013411,464.999998256564
25.1999999731779,439.000003486871
25.399999986589,456.999998793006
25.6999999899417,427.000001005828
25.4000000033528,464.999999228865
25.5000000100583,441.999999798834
25.5999999899417,440.000000201166
25.6,455.999999463558
25.9,457.0
25.9999999798834,473.000000938773
25.7000000402331,486.999998122454
25.6000000067055,459.000001877546
25.999999986589,496.999998725951
25.8999999966472,458.000000067055
25.8000000402331,460.0
26.1999999597669,460.0
26.3999999932945,428.000001072884
26.4,459.0
26.1999999932945,442.99999986589
26.100000013411,441.000000268221
26.1,426.000001005828
25.8000000100583,444.999999362975
25.6000000100583,425.000001005828
25.9,454.99999748543
25.9,430.00000251457
25.6000000100583,420.000000335276
25.9,470.0
25.9999999966472,422.000000067055
25.95,423.0
25.9000000033528,423.999999932945
25.9999999966472,435.999999597669
25.8999999899417,431.999999094754
25.6000000100583,405.000004827975
25.6999999899417,452.999995172025
25.5000000067055,435.000000603497
25.5,431.0
25.600000013411,459.999998524785
25.7999999731779,438.000002950429
25.600000013411,430.000000536442
25.6999999966472,457.999999061227
25.7,412.000001776964
25.6999999798834,464.999995775522
25.5000000201166,423.000004224478
25.4000000033528,416.000000234693
25.5,446.0
25.8999999932945,445.999999061227
25.800000013411,432.000001877546
25.600000013411,429.000000201166
25.1000000167638,434.999999798834
25.3000000100583,421.000001106411
25.6000000100583,453.999997988344
25.6999999899417,434.000002011656
25.7,439.999999798834
25.7,462.0
25.6999999932945,440.000001877546
25.600000013411,467.999996244908
25.5000000067055,443.000001676381
25.2000000100583,441.000000067055
25.0000000033528,451.000000301749
25.0999999899417,459.999999597669
25.0000000100583,456.000000402331
25.2999999899417,448.000000268221
25.4,482.0
25.3000000067055,449.000003285705
25.399999986589,497.999993428589
25.200000013411,534.999997518957
25.2,503.000001072884
25.1999999966472,532.999999899417
25.1000000201166,529.999998793006
25.2999999798834,518.000001206994
25.3,487.000001039356
25.0,536.0
25.1,586.000004291534
25.1,649.999991416933
25.1999999932945,809.999989271163
25.2,873.999997854233
25.1000000033528,872.000000301749
25.1999999899417,880.999998793006
25.1000000100583,869.000001206994
25.1,844.00000083819
25.0,849.0
24.999999986589,905.000006772576
24.8000000268221,1005.99998645485
24.5000000201166,1038.99999778718
24.4000000033528,1025.00000046939
24.2999999899417,1031.00000040233
23.9999999798834,1043.0
23.8000000201166,1043.0
23.5000000100583,1030.00000043586
23.3,1037.0
23.1999999463558,1014.99999175221
22.4000001072883,892.000016495582
21.3000000737608,714.000011935831
20.8000000167638,616.000003285706
19.8999999899417,498.999999597669
19.5999999497086,486.999998290092
19.1000000502914,470.000001709908
19.0000000033528,476.999999765307
18.7,457.0
18.6999999798834,475.99999845773
18.4000000402331,453.00000308454
18.3000000067055,463.999999262392
18.1000000067055,477.999999530613
18.0999999932945,466.999999932945
17.9000000100583,464.999999899417
17.9999999899417,464.000000100583
17.9000000033528,464.999999966472
17.8,464.0
17.7,478.999999463558
17.7,471.000001072883
17.899999986589,468.000000201166
17.7000000067055,481.999999530613
17.9000000033528,475.999999832362
17.9999999899417,471.000001810491
17.9000000100583,488.999998189509
17.9999999966472,481.000000268221
17.9,480.0
18.0,482.000000335276
18.0,486.999999329448
18.199999986589,482.000000335276
18.599999986589,491.999999664724
18.8,496.000000167638
18.8000000100583,501.000000301748
18.8999999899417,503.999999698252
18.9999999966472,514.999999631196
19.0,540.0
18.999999986589,502.999999530614
18.8000000268221,496.000000938773
18.8,511.999998927116
18.6000000067055,496.000000536442
18.6999999966472,514.000000100583
18.5999999899417,516.999998994172
18.5000000100583,507.000001005828
18.5999999966472,511.999999832362
18.5,501.0
18.199999986589,522.999998658896
18.0000000268221,503.000002682209
18.0,497.000000402331
18.0,499.999999899417
18.0000000067055,492.000000234693
18.2000000201166,498.99999929592
18.3999999798834,492.00000070408
18.5999999932945,492.0
18.6,485.0
18.700000013411,502.999998725951
18.8999999731779,484.000002548098
19.4999999597669,491.999999463558
20.3999999698251,572.999997284263
21.200000013411,738.000000234693
21.600000070408,745.000007040797
22.299999929592,814.999992959203
22.699999986589,787.000000938773
23.2,780.0
23.400000013411,757.999997250736
23.5999999731779,717.000005498527
23.6,729.999999128282
23.8999999899417,728.000000067055
24.0000000033528,864.00000378862
24.1000000100583,977.000013377515
24.1999999899417,1109.99998662249
24.2,1112.99999989942
24.3,1021.0
24.4,994.000004492699
24.4,1060.9999910146
24.599999986589,1185.9999916181
24.5000000033528,1207.99999926239
24.7,1134.99999765307
24.7,1064.99999446795
24.7,1010.00000553205
24.7,1022.99999956414
24.5,957.0
24.4999999932945,984.999998122454
24.400000013411,957.000003755092
24.4,1036.99999463558
24.3000000033528,1075.99999869242
24.3999999966472,1060.9999990277
24.3000000301748,1032.00000160933
24.5999999698252,1047.99999839068
24.5000000033528,1023.00000083819
24.5,1009.0
24.799999986589,973.000002950429
24.6000000268221,1016.99999409914
24.6999999932945,1052.99999758601
24.5000000067055,1004.00000164285
24.3,955.999999061227
24.3000000100583,927.99999929592
24.3999999899417,921.00000070408
24.3000000033528,899.000000737607
24.5,885.0
24.5000000268221,873.000002279877
24.8999999463558,906.999995440246
25.099999986589,1066.99998927116
25.1,1186.99999597669
24.7999999932945,1185.99999701604
24.6000000100583,1096.99999517202
24.6999999899417,1049.00000482798
24.5000000067055,998.000001709908
24.4,979.0
24.5,1020.99999966472
24.5,1016.00000067055
24.5,998.000001206994
24.4000000033528,1011.99999953061
24.3,1009.00000093877
24.2999999798834,1036.99999949709
24.1000000201166,1032.00000050291
24.1,1010.00000073761
24.1,1010.0
24.0,993.999997451902
24.0,956.000005096196
23.800000013411,998.999997116625
23.8999999966472,978.00000070408
23.8,1004.00000046939
23.7999999899417,1018.00000150874
23.7000000100583,1032.99999849126
23.7,998.000001173466
23.8,1011.0
23.999999986589,1005.99999879301
23.8000000268221,988.000002413988
23.8999999932945,1025.9999974519
23.9,1028.99999989942
23.8999999966472,1017.99999906123
23.8000000100583,989.999999195338
23.8999999899417,982.000000804662
23.9,999.999999396503
23.9,1039.0
23.8,1052.99999852479
23.8,1031.00000295043
23.8999999932945,1031.0
23.9999999966472,1036.99999979883
24.0,996.000000067055
23.9999999899417,997.999997787178
23.9000000100583,976.000002212822
24.0999999932945,978.999999899417
24.1,1012.0
24.0,1126.99999959767
24.0,1121.00000080466
24.0999999932945,1053.00000455976
24.1999999966472,1043.00000033528
24.0999999966472,1020.99999879301
24.0000000201166,984.999998793006
24.1999999798834,973.000001206994
24.1000000033528,921.000001743436
24.0,1041.0
24.2,1186.00000274926
24.2,1226.99999450147
24.2999999932945,1148.00000529736
24.0000000100583,1106.00000140816
24.0999999966472,1097.9999968484
24.0000000301748,1004.00000140816
24.2999999698252,1017.99999859184
24.4999999932945,987.000001039356
24.7,982.0
24.900000013411,957.00000167638
25.0999999731779,981.999996647239
25.3999999798834,1095.9999923557
25.5999999932945,1211.9999961108
25.2000000033528,1073.99999634549
25.3000000201166,964.999995574356
25.4999999798834,921.000004425644
25.5999999966472,783.000004626811
25.5,712.0
25.499999986589,640.999995306135
25.3000000268221,571.00000938773
25.3999999932945,550.00000140816
25.4,534.000000536442
25.7000000167638,506.999998927116
26.1999999396503,475.000001005828
25.6000000603497,484.999998994172
25.200000013411,500.999999463558
25.5,500.0
25.5,474.999998994172
25.5,460.000002011656
25.5,467.999999463558
25.4000000033528,500.999998893589
25.4000000033528,531.000000637025
25.5000000100583,549.999995071442
25.5999999899417,501.000004928558
25.6,498.000000100583
25.8,482.0
25.4999999798834,482.00000013411
25.2000000402331,483.999999731779
25.2,488.999999664724
25.2,455.000001139939
25.5000000033528,434.999999899417
25.6000000201166,431.999999798834
25.7999999798834,430.000000201166
26.0999999899417,435.999999798834
26.3,423.0
25.9999999597669,426.000000268221
25.4000000804663,429.999999463558
25.0000000268221,435.999999597669
24.8000000067055,423.000000435859
25.4000000033528,420.999999798834
25.5000000100583,414.999998893589
25.5999999899417,404.000001106411
26.1999999798834,432.999999027699
26.3,440.0
26.3499999966472,484.999995172025
26.3999999932945,413.00000965595
26.4999999932945,453.999997250736
26.5,435.000000637025
26.8000000100583,429.000000335276
27.0999999698252,438.999998491258
26.8000000301748,424.000001508742
26.8,443.999999329448
26.8,432.0
26.8,436.999999195337
26.8,425.000001609325
26.3000000335276,425.999999932945
25.900000013411,414.000000402331
25.7999999966472,440.999999865889
25.7000000201166,436.999997586012
25.8999999798834,413.000002413988
25.8000000033528,426.999999530613
26.0,424.0
25.8000000201166,405.000002145767
26.0999999597669,436.999995708466
26.0000000067055,408.000001944602
26.0,414.999999765307
26.2999999966472,416.000000469387
26.2000000100583,429.999997787178
26.2999999899417,408.000002212822
26.1000000067055,437.999998994172
26.1,418.0
25.8999999932945,426.0
25.800000013411,426.0
25.600000013411,434.999999396503
25.8999999899417,436.999999932945
25.5999999899417,417.00000013411
25.3000000100583,421.000001810491
25.3999999899417,438.999998189509
25.2000000067055,416.000000771135
25.4,446.0
25.8000000201166,426.999999798834
26.0999999597669,424.000000402331
26.3999999798834,445.999998524785
26.3000000033528,416.000001005828
26.2,406.000002481044
26.1999999798834,479.999996379019
26.0000000201166,444.000003620981
26.0,420.000000804663
25.8,414.0
25.500000013411,425.999998591841
25.6999999731779,405.000002816319
25.500000013411,419.999998994172
25.5999999966472,421.999999932945
25.3999999463558,421.000000301749
23.8000000402331,430.000000201166
24.1999999597669,431.999999798834
24.599999986589,415.000000569969
25.0,462.0
25.300000013411,458.999999932945
25.4999999731779,458.00000013411
25.300000013411,448.000000670552
24.900000013411,443.000000167638
24.8000000033528,442.999999362975
24.899999929592,424.000002011656
24.200000070408,443.999997988344
23.800000013411,430.000000469387
24.1,416.0
23.9999999664724,433.999999195337
23.5000000670552,422.000001609325
23.2000000201166,422.0
23.1000000033528,418.00000013411
22.7999999899417,448.999999195337
22.4999999899417,425.0
22.4000000100583,425.0
22.9999999798834,430.999999798834
23.1,431.0
23.2000000067055,437.000005967914
23.299999986589,525.999988064172
23.100000013411,671.999990209936
23.1,823.999994903803
23.0999999932945,902.999999932945
22.9,901.000010963527
22.9,1009.99998903647
22.6000000100583,995.000000502914
22.4,1006.0
22.2999999798834,946.999998524785
22.0000000402331,925.000002950429
21.1000000603497,830.000006370247
20.4000000234693,744.000002883375
19.8999999832362,645.999997317791
19.3999999497086,565.999994769693
18.9000000502914,514.000005230307
18.500000013411,481.000001106411
18.2,484.0
18.1000000067055,487.000000268221
18.199999986589,490.999999463558
18.2,477.000000938773
18.0000000067055,494.999999396503
17.6999999932945,490.000000569969
17.5,506.999999396503
17.5,501.000000603497
17.5,539.999998692423
17.7,507.0
17.6000000067055,503.999999932945
17.699999986589,503.00000013411
17.899999986589,503.999999932945
18.0999999932945,553.999998323619
17.9,522.999999631196
17.8999999899417,512.000000201166
17.8000000100583,513.999999798834
17.5000000100583,524.999999631196
17.5,541.0
17.600000013411,514.000000804662
17.7999999731779,525.999998390675
17.8,544.999998725951
17.8999999966472,579.999998826534
17.7999999966472,507.000001341105
17.7,546.999999899417
17.7,546.000000100583
17.7,515.000001039356
17.7,525.0
18.0000000201166,557.000001072883
18.2999999597669,572.999997854233
18.499999986589,528.000003017485
18.5,568.999998625368
18.5,539.000000134111
18.4999999798834,543.000000201166
18.3000000201166,544.999999798834
18.699999986589,570.999999128282
18.5,592.0
18.5,598.499999564141
18.5,604.999999128282
18.300000013411,569.000002413988
18.4999999932945,558.000000368804
18.4999999932945,605.999998223036
18.2999999798834,553.000001206994
18.1000000201166,564.999998793006
18.0000000033528,600.999998793006
17.9,607.0
17.8,550.000001005828
17.8,564.999997988344
17.600000013411,541.000001609326
17.5000000033528,566.999999128282
17.5000000033528,534.000000469387
17.6000000201166,547.999997183681
17.7999999798834,520.000002816319
17.8,547.999999061227
17.9,559.0
18.1000000201166,549.999998591841
18.3999999597669,529.000002816319
18.4999999932945,541.999999128282
18.5999999966472,566.99999916181
18.9000000335276,640.999999430031
19.900000070408,624.000010158864
20.599999929592,724.999989841136
21.0999999832362,884.999994635582
21.6,979.0
22.1000000201166,1058.99999597669
22.3999999597669,999.000008046625
22.7999999731779,974.000001676381
23.0999999899417,1092.99999601021
22.900000013411,1036.99999959767
23.3000000201166,1024.99999839068
23.4999999798834,1009.00000160933
23.5999999966472,954.000001844019
23.7,994.0
23.8000000067055,1025.00000556558
23.899999986589,1107.99998886883
23.8000000067055,1132.99999832362
23.8999999966472,1043.00000301749
24.1000000033528,1036.99999859184
24.2,994.999998088927
24.2,976.000001911073
24.2,941.000001173466
24.2,1016.0
24.2000000067055,1073.00000046939
24.299999986589,1079.99999906123
24.100000013411,1072.00000053644
24.0000000033528,1053.00000063702
24.1999999966472,1050.99999989942
24.1000000100583,1048.00000020117
24.1999999899417,1049.99999979883
24.3999999932945,1040.00000033528
24.4,1001.0
24.5999999932945,1003.99999631196
24.500000013411,949.000007376073
24.5999999932945,980.999997854233
24.6999999966472,949.000001072884
24.5000000067055,1018.00000422448
24.6999999899417,1144.00001277402
24.6000000100583,1270.99998722598
24.6999999966472,1240.00000103936
24.7,1161.0
24.5000000067055,1170.00000020117
24.599999986589,1172.99999959767
24.5000000067055,1146.00000181049
24.5999999966472,1116.00000100583
24.5000000033528,1091.99999976531
24.6000000201166,1084.99999688193
24.7999999798834,1054.00000311807
24.7000000033528,1034.00000067055
24.7,1015.0
24.6999999932945,990.999998658896
24.600000013411,971.000002682208
24.6999999932945,970.000000067055
24.7,946.000000804663
24.7,1010.0000025481
24.7,1086.00000724196
24.7,1157.99999275804
24.7,1256.99999668077
24.6,1223.0
24.6,1180.99999839068
24.6,1157.00000321865
24.5000000067055,1157.99999993294
24.5,1122.00000120699
24.4000000033528,1091.99999973178
24.4999999698252,1083.99999959767
24.2000000301748,1080.00000040233
24.2,1043.00000124052
24.3,1037.0
24.0999999932945,1021.99999859184
24.000000013411,1001.00000281632
24.199999986589,985.000001072884
24.0000000067055,976.000000301749
24.0000000033528,1032.00000331923
24.0999999899417,1130.99999597669
24.0000000100583,1091.00000402331
24.0999999966472,1075.00000053644
23.9,1047.0
23.7000000067055,1040.9999980554
23.799999986589,1012.0000038892
23.8,993.000001274049
23.8999999966472,974.000000637025
23.8999999966472,991.000002983958
23.8000000100583,1080.00000905245
23.8999999899417,1169.99999094755
23.8000000033528,1128.00000140816
23.8,1108.0
24.1,1055.99999906123
24.1,1042.00000187755
24.0000000067055,1023.00000127405
23.9000000033528,978.000001508743
23.8999999966472,960.99999986589
23.8,957.000010862944
23.8,1064.99998913706
23.8,1124.99999798834
23.8,1247.0
23.7999999798834,1151.99999369681
23.5000000402331,1058.00001260638
23.5999999932945,969.000005967915
23.4000000067055,901.000002279878
23.5000000067055,853.999998524785
23.7000000100583,809.999998390675
23.7999999899417,794.000001609325
23.7000000033528,780.000000469387
23.9,747.0
24.0000000067055,793.000008247791
24.099999986589,915.999983504418
24.1,1026.99999255687
24.3999999899417,1048.99999926239
24.6000000100583,1141.99999943003
24.9000000301748,1124.99999346212
25.1999999698252,1060.00000653788
25.2,1042.0000006035
24.9,906.0
25.3,901.000000804663
25.3,912.999998390675
25.499999986589,887.000001743436
25.3000000067055,823.000002145767
25.3999999798834,827.999994568526
24.8000000804663,665.999999195338
25.5999999195337,658.000000804662
25.3000000100583,569.000002983958
25.4,558.0
25.7,583.999997586012
25.7,548.000004827975
25.7,541.000000469387
25.5000000067055,571.999998960644
25.2999999564141,493.000000368804
23.9999999497086,504.000001307577
23.5000000502914,516.999998692423
24.8999999530613,457.000002011657
25.1,544.0
25.7999999396503,470.000000938773
24.9000001206994,483.999998122454
25.4999999597669,542.999996043741
25.5,469.000002481044
25.1000000234693,524.999998893589
25.7999999698252,492.000004727392
25.5000000301748,538.999995272608
25.5,484.000001844019
24.4,543.0
24.5999999329448,482.0
23.6000001341104,482.0
24.9999999061227,473.000000603497
24.8000000067055,503.999998960644
25.1999999798834,513.000000167638
24.6000001307577,517.999998893589
25.8999998692423,507.000001106411
24.9000000335276,529.999999228865
25.7,521.0
25.7999999195337,527.999999463558
24.6000001609325,520.000001072883
26.3999998793006,510.000000670552
24.5000000637025,475.000001173467
24.7000000335276,477.000001844019
25.6999998793006,532.000000502914
24.5000001206994,536.999999497086
25.0999999798834,525.000000402331
24.9,588.0
25.4999999731779,606.000003017485
25.1000000536442,650.999993965031
25.0000000067055,614.000002481043
25.6999999765307,597.00000056997
24.4000000234693,568.00000083819
25.0999999798834,593.000006236135
24.9000000201166,654.999993763865
26.2999999530613,596.000001978129
24.3,588.0
25.199999986589,571.000002481043
25.0000000268221,607.999995037914
25.0999999932945,540.000004559756
24.5000000201166,567.999999061227
25.0000000100583,656.99999929592
25.2999999698252,636.000001609325
25.0000000301748,651.999998390675
24.4000000201166,776.999995809048
24.3,870.0
24.0,806.999999262393
24.0,796.000001475215
24.0999999932945,922.999991483986
24.5999999832362,983.999997954816
24.7000000100583,895.000001877546
25.000000070408,950.999990746381
25.699999929592,859.000009253619
25.4000000100583,846.000000435859
24.9,821.0
26.1999998658896,691.999992959203
24.2000002682208,587.000014081594
25.7999998927116,596.999999329448
24.3000000502914,605.999999698251
25.2999999932945,610.00000083819
25.1000000201166,635.000004928558
25.2999999798834,683.999995071442
24.1000000402331,675.000000301749
24.9,775.0
24.599999986589,736.999999530614
24.4000000268221,730.000000938773
24.3000000067055,710.000001341105
24.3,847.999995373189
24.4000000067055,843.000003620982
24.6,951.00001106411
24.6,1060.99998893589
24.999999986589,1079.99999936298
25.3,1026.0
24.699999986589,876.00000321865
24.5000000268221,923.9999935627
24.4000000067055,1060.99999081343
24.3000000033528,948.00000378862
24.099999986589,926.000004693866
23.6999999899417,1065.99999517202
23.6000000100583,1018.00000482798
23.4000000067055,1006.00000040233
23.4,998.0
23.499999986589,988.999998189509
23.3000000268221,962.000003620981
23.2000000067055,925.000002481043
23.0000000067055,1003.99999735132
22.5999999932945,1031.99999966472
22.3999999899417,1022.00000181049
22.3000000100583,1039.99999818951
22.1000000067055,1052.99999956414
21.8,1037.0
21.5999999195337,1005.99999014288
20.4000001609325,859.000019714232
19.6000000536442,708.00001012534
19.200000013411,659.000001642853
18.7999999765307,610.999998390674
18.1000000100583,563.000001709908
18.1999999899417,579.999998290092
18.2,575.000000167638
18.0,582.0
18.0999999798834,588.999997921288
17.8000000402331,558.000004157423
17.999999986589,585.999998122454
17.7000000100583,591.999999798834
17.7000000033528,592.000000067055
17.8000000100583,594.000000201166
17.8999999899417,595.999999798834
18.0999999932945,600.999999832362
18.0,601.0
18.0000000067055,562.0
18.099999986589,562.0
17.8000000201166,570.999999396503
17.7000000033528,569.000000067055
17.4999999899417,562.000000234693
17.2,568.999998390675
17.2,553.000001609325
16.800000013411,536.00000056997
16.7,540.0
16.5999999731779,544.999998390675
16.2000000536442,521.00000321865
16.2,517.000000268221
16.2,510.000000234693
16.3000000067055,508.999999966472
16.5000000100583,508.000001709908
16.5999999899417,524.999998290092
16.7999999932945,503.000000737607
17.0,529.0
16.9,513.99999986589
16.9,512.000000268221
16.9,514.999999798834
16.9999999966472,527.999999564141
16.9000000033528,515.000000100583
16.9999999899417,518.0
16.9000000100583,518.0
16.500000013411,514.00000013411
16.3,526.0
16.1,509.0
16.1,509.0
16.1,507.00000013411
15.9000000067055,507.0
15.8000000033528,504.000000067055
15.9000000201166,506.000000301748
16.0999999798834,508.999999698252
16.1,509.0
16.4,506.0
16.5,522.0
16.5,522.0
16.8999999731779,517.000000335276
17.299999986589,509.000000268221
17.5000000100583,518.999999497086
17.8,504.000000201166
17.8,505.999999798834
17.7000000033528,513.999999731779
17.8,517.0
17.8,510.000001408159
17.8,530.999997183681
17.7000000067055,521.000000670552
17.7,515.000000201166
18.0000000301749,562.000002749264
18.9000000502914,644.000007241963
19.3999999497086,715.999992758037
20.0999999765307,883.999994367361
20.6,944.0
20.9000000201166,1042.9999974519
21.1999999597669,1005.0000050962
21.399999986589,982.00000154227
21.4,1096.99999614432
21.6,1038.99999956414
21.6000000100583,1026.00000633672
21.6999999899417,1088.99999366328
21.7,952.000004593283
21.7,1034.0
21.8,1056.00000181049
21.8,1082.99999637902
21.8,1065.00000120699
21.8,981.00000281632
21.8999999966472,961.000001609326
21.8,1009.00000653788
21.8,1073.99999346212
21.8,1061.00000043586
21.7,1061.0
21.8,1040.99999684841
21.8,994.00000630319
21.8,1024.99999792129
21.8,1105.99999728426
21.8,1030.99999909475
21.7999999899417,1003.99999808893
21.7000000100583,985.000001911074
21.7,952.000001106411
21.7,973.0
21.7999999932945,1020.00000341982
21.700000013411,1070.99999316037
21.7,1080.99999932945
21.7,1037.00000147522
21.6999999966472,1009.99999899417
21.6000000201166,979.999998793006
21.7999999798834,968.000001206994
21.7000000033528,967.000000033528
21.7,1020.0
21.6000000067055,1098.00000174344
21.699999986589,1123.99999651313
21.7,1111.00000087172
21.7,1095.00000053644
21.5000000033528,1053.99999922886
21.6,1030.99999839067
21.6,1015.00000160933
21.6,1004.0000003688
21.5,973.0
21.5999999932945,957.000002212822
21.500000013411,989.999995574356
21.5999999932945,1016.99999818951
21.6,1088.99999758601
21.6999999966472,1127.00000050291
21.6000000100583,1141.99999718368
21.6999999899417,1114.00000281632
21.6000000033528,1103.0000003688
21.6,1080.0
21.600000013411,1072.99999758601
21.7999999731779,1037.00000482798
21.7000000067055,1026.00000073761
21.8999999932945,1005.00000070408
21.8,1008.99999919534
21.8000000100583,984.999999899417
21.8999999899417,984.000000100583
21.9,998.999999497086
22.1,1065.0
22.1,1108.00000160933
22.1,1131.99999678135
22.1999999932945,1140.9999993965
22.2999999966472,1133.00000026822
22.4,1135.99999916181
22.4000000100583,1110.99999758601
22.4999999899417,1087.00000241399
22.5999999966472,1075.00000040233
22.6,1064.0
22.7,1019.9999980554
22.7,991.000003889202
22.7999999932945,1009.99999872595
22.8,985.00000083819
22.8,984.000002078712
22.8000000100583,1045.9999976866
22.8999999899417,1023.0000023134
22.9,1063.99999862537
22.8,1078.0
22.3999999932945,1092.99999932945
22.300000013411,1083.0000013411
22.2000000067055,1049.00000227988
22.0000000067055,1040.00000030175
21.7000000033528,1003.99999979883
21.8000000100583,997.999996680767
21.8999999899417,965.000003319233
21.9999999966472,1059.99999681488
22.1,1045.0
22.0,1001.99999993294
22.0,1001.00000013411
22.2999999798834,985.000001072884
22.4999999932945,1015.99999896064
22.5000000067055,966.999999497086
22.7000000402331,952.000009857116
23.0999999597669,1049.99999014288
23.2999999932945,1094.99999849126
23.6,1163.0
24.0000000268221,1161.99999523908
24.3999999463558,1091.00000952184
24.9999999597669,1021.00000469387
25.2999999899417,1039.99999936298
25.7000000033528,978.000000368804
25.8000000301748,989.000009354202
26.0999999698252,1081.9999906458
25.8000000100583,999.000002782792
25.2,885.0
24.2999999932945,751.999994501473
24.200000013411,670.000010997055
23.9000000201166,639.000002078712
24.299999986589,589.000001676381
24.8999999899417,553.999998223036
24.600000070408,500.999998491258
25.299999929592,486.000001508742
25.3999999966472,527.99999859184
25.1,584.0
25.300000013411,688.999991416933
25.4999999731779,561.000017166134
25.5999999932945,537.000001609326
25.200000013411,474.00000211224
25.3000000167638,501.00000070408
25.799999929592,521.999999698251
25.100000070408,519.000000301749
25.6999999798834,533.999999497086
24.6,526.0
25.3999998994172,549.999994300307
23.9000002011656,465.000011399386
25.0999999195337,517.999996446073
25.2999999932945,511.000000234693
25.2000000100583,503.000001206994
25.4999999698252,539.000001106411
25.2000000301748,549.999998893589
25.7999999798834,506.000001475215
24.6,471.0
25.9999998994172,467.00000321865
24.5000002011656,514.9999935627
25.8999999061227,509.000000402331
24.9000000335276,555.999998424202
25.9999999564141,554.999999463558
24.7000001206994,539.000003419816
25.8999998793006,572.999996580184
24.5000000469387,539.000001139939
25.2,536.0
24.6000000603497,485.999999731779
25.4999998793006,482.000000536442
25.300000013411,457.000001676381
24.900000013411,458.999999932945
26.1999999832362,457.000000469387
25.6999999597669,471.000001408159
25.3000000402331,484.999998591841
26.4999999597669,508.999999195337
24.2,507.0
26.1999997988344,503.999996177853
23.2000004023313,447.000007644294
25.499999845773,477.999997921288
24.0000000502914,480.999999899417
25.5999999631196,437.00000140816
24.5000001408159,479.000000502914
25.8999998591841,483.999999497086
25.3000000201166,509.999999128282
25.2,506.0
25.8999999061227,475.00000167638
24.5000001877546,499.999996647239
25.9999998994172,446.000003620982
25.0000000335276,456.999999631196
24.7000000234693,482.000001005828
25.4,511.999995775522
25.4,470.000004224478
24.5000000301749,470.999999966472
24.9,515.0
26.2999999530614,505.999996513129
25.6000000938773,454.000006973742
25.2000000268221,480.999998189509
24.4000000268221,532.999998256564
24.6000000234693,489.999999530613
25.2999999094755,475.999999396503
24.4000000905245,470.000000603497
25.5999999597669,503.999998860061
24.9,484.0
25.6000000067055,483.99999986589
25.699999986589,482.000000268221
25.2000000335276,530.999996714294
25.2,507.000000804663
25.1000000100583,475.999999430031
25.3999998994172,459.000005934386
24.4000001005828,517.999994065614
24.9999999798834,503.000000502914
25.1,480.0
25.0000000067055,454.000000737607
25.099999986589,464.999998524785
24.7000000268221,509.999996982515
24.8999999932945,721.999992892146
25.2999999966472,650.000000972301
25.1999999798834,679.000002112239
25.0000000201166,699.999997887761
24.9000000033528,785.999997116625
25.0,821.0
24.899999986589,823.999999932945
24.7000000268221,823.00000013411
24.7,755.000004559756
24.5000000067055,763.999999698251
24.3999999932945,827.000002883375
24.1999999698252,913.000011969355
23.9000000301748,1031.99998803064
23.7000000067055,954.000002615154
23.5,1009.0
23.199999986589,994.999999128282
23.0000000268221,982.000001743436
22.9000000067055,979.000000201166
22.6000000100583,935.000001475215
22.2000000033528,1042.99999996647
22.2999999798834,1041.99999798834
22.1000000201166,1022.00000201166
21.9000000067055,992.000001005828
21.8,929.0
21.2999999463558,928.999995708466
20.5000001072883,865.000008583067
19.6000000603497,742.000008247793
19.1000000167638,690.000001743436
18.699999986589,647.999997954816
18.2999999899417,586.999999698251
18.2000000100583,584.000000301749
18.0000000067055,569.000000502914
18.1,589.0
17.8999999932945,584.999999798834
17.800000013411,582.000000402331
17.7000000067055,583.999999865889
17.300000013411,584.0
17.3,574.999999899417
17.2999999798834,572.000001911074
17.1000000201166,590.999998088926
17.1,588.000000100583
16.9,612.0
16.7999999932945,590.00000013411
16.700000013411,591.999999731779
16.6000000067055,577.000001005828
16.4000000067055,598.999999262392
16.3,612.999999228865
16.2999999798834,590.000000804663
16.1000000201166,597.999999195337
16.1,622.99999916181
16.0,612.0
16.2000000067055,598.000001072883
16.299999986589,613.999997854233
16.3,643.999997988343
16.3999999966472,614.000001005828
16.3,644.999998826534
16.3,610.000001911074
16.3,628.999998088926
16.3,648.999999329448
16.1,647.0
16.2,631.000001274049
16.2,649.999997451902
16.2999999932945,651.99999986589
16.1000000067055,630.000000737607
16.0,632.999999832362
16.0000000100583,628.000001911074
16.0999999899417,646.999998088926
16.1999999966472,641.000000201166
15.9,644.0
16.1,644.00000013411
16.1,645.999999731779
16.0000000067055,658.999999128282
16.1999999932945,659.0
16.0000000033528,651.000000268221
16.0999999899417,658.999999698252
16.0000000100583,656.000000301748
16.0999999966472,648.000000268221
16.1,682.0
16.2000000268221,648.00000154227
16.5999999463558,670.99999691546
17.0999999664724,683.999999128282
17.1999999966472,664.000000670552
17.4999999966472,655.00000070408
17.4000000301748,675.999999698252
17.6999999698252,673.000000301748
17.4000000100583,670.000000100583
17.2,659.0
17.0999999932945,655.000000268221
17.000000013411,658.999999463558
16.9000000067055,653.000000402331
17.4999999798834,668.999999463558
18.3000000335276,652.999999966472
19.3000000905245,652.000010058282
20.1999999094755,751.999989941718
21.1999999664724,895.999995172023
21.8,1069.0
22.1000000201166,960.000003620981
22.3999999597669,1013.99999275804
22.4999999932945,1201.99998739362
22.6999999932945,992.000007040799
22.9000000067055,1200.99999631196
23.1000000100583,1090.99998823181
23.1999999899417,974.00001176819
23.2999999966472,1174.99999326095
23.4,1154.0
23.2999999932945,1069.99999758601
23.200000013411,1034.00000482798
23.1000000067055,982.000003486872
23.0000000033528,965.000000569969
22.9999999966472,940.000001005828
22.9,970.000006739049
22.9,1036.99999326095
22.9,1172.99999544024
22.9,1195.0
23.100000013411,1164.99999879301
23.2999999731779,1147.00000241399
23.3,1118.0000019446
23.2000000033528,1144.99999909475
23.0999999932945,1099.99999993294
22.9000000100583,1097.99999487028
22.9999999899417,1047.00000512972
23.0,1017.00000100583
22.8,1012.0
22.7999999932945,984.999999798834
22.700000013411,982.000000402331
22.899999986589,1045.99999570847
23.0999999932945,1125.99999731779
23.2000000033528,1157.99999775365
23.3000000100583,1090.99999476969
23.3999999899417,1039.00000523031
23.3000000033528,999.000001341105
23.0,998.0
22.8000000067055,976.00000013411
22.899999986589,977.999999731779
22.8000000067055,970.000000536442
22.8999999966472,1177.99999302626
23.2,1310.99999912828
23.2000000201166,1284.99999446795
23.3999999798834,1230.00000553206
23.1000000100583,1109.00000405684
23.1,1131.0
22.900000013411,1135.99999818951
23.0999999731779,1109.00000362098
22.8000000201166,1091.00000120699
22.7000000033528,1093.99999989942
22.8000000067055,1052.99999899417
23.0,1022.99999597669
23.0,983.000004023313
23.0999999966472,962.00000070408
23.3,976.0
23.3,1029.99999456853
23.3,949.000010862944
23.100000013411,1024.9999949038
22.9000000067055,1025.99999996647
22.9999999966472,1081.00000043586
22.9,1094.00000482798
22.9,1141.99999517202
22.8000000033528,1146.99999983236
22.8,1146.0
23.0000000201166,1120.99999798834
23.2999999597669,1091.00000402331
23.2000000067055,1053.0000025481
23.2999999966472,1036.00000056997
23.1999999966472,1013.99999976531
23.1,1006.99999798834
23.1,987.000002011656
23.1,974.000000435859
22.9,960.0
22.8999999932945,967.000004492699
22.800000013411,1033.9999910146
22.8999999932945,1052.99999872595
22.9,1135.99999721721
22.8000000033528,1169.00000130758
22.8999999899417,1208.00000160933
22.8000000100583,1223.99999839068
22.8,1224.99999996647
22.9,1196.0
22.799999986589,1175.99999711663
22.6000000268221,1133.00000576675
22.3000000201166,1078.00000368804
22.0000000100583,1046.00000107288
21.9999999899417,1088.99999872595
21.7,1050.99999366328
21.7,988.000006336717
21.7,999.999999597669
21.9,1010.0
21.900000013411,1053.00000415742
22.0999999731779,1114.99999168515
22.299999986589,1115.0
22.3999999966472,1074.00000137463
23.0000000067055,987.999999128282
23.2000000301748,961.999999094755
23.4999999698252,953.000000905245
23.899999986589,1024.99999758601
24.4,1033.0
24.7000000335276,1097.00000422448
25.1999999329448,1159.99999155104
25.5999999731779,1194.99999765307
25.200000013411,1014.0000060685
25.9000000033528,973.999998122454
25.9999999798834,917.999997183681
25.8000000201166,890.000002816319
25.1000000234693,782.000003620982
24.6,690.0
24.2999999530614,630.999994032086
23.6000000938773,542.000011935828
24.5999999329448,611.999995306134
25.0999999832362,702.999996948987
25.0000000268221,661.000000402331
25.7999999396503,672.999998994172
25.2000000603497,663.000001005828
26.1999999664724,669.999999765307
25.9,645.0
25.3000000402331,695.00001119822
25.8999999195337,861.999977603559
25.9,689.000011600555
25.8000000033528,665.000000804663
25.6999999899417,629.000000737607
25.4000000100583,651.00001036003
25.4999999899417,753.99998963997
25.100000013411,618.000004559756
25.2,595.0
24.9999999731779,570.999994903804
24.6000000536442,495.000010192392
24.6,434.000004090369
25.2999999765307,442.999999698251
25.6000000234693,430.99999929592
26.2999999698252,410.000002212822
26.0000000301748,431.999997787178
25.8000000067055,474.999998558313
26.4,447.0
26.9000000335276,419.999999664724
27.3999999329448,415.000000670552
27.599999986589,419.999999664724
25.7000000637025,516.999996747821
26.6999999597669,480.999998893589
25.5000001508742,447.999998390675
26.9999998491258,432.000001609325
25.9000000368804,496.999997820705
27.6,510.0
26.7000000067055,446.000000536442
26.799999986589,453.999998927117
26.3000000335276,500.999996848404
26.1000000067055,454.000001575798
27.2999999798834,433.00000013411
26.7000000905245,436.999998591841
27.5999999094755,423.000001408159
27.5000000033528,484.999997921288
26.4,446.0
26.6999999329448,422.000003553926
25.7000001341104,474.999992892148
26.7999999262392,432.000002883375
27.0999999899417,418.000000469387
27.4999999765307,455.000001106411
26.8000000402331,487.999994568528
27.1999999597669,434.000005431472
26.4000000268221,461.999999061227
26.7,451.0
27.1999999463558,423.000003151595
26.4000001072883,469.99999369681
27.2999999396503,449.00000140816
26.900000013411,513.999997820705
27.2000000033528,509.999998223036
27.2999999698252,457.000002816319
27.0000000301748,484.999997183681
27.2999999899417,475.000000335276
25.8,465.0
26.0000000335276,490.000002346932
26.4999999329448,524.999995306135
26.2000000201166,511.000000938773
26.4999999899417,484.000000905246
26.5000000067055,569.000002514571
26.699999929592,643.999990846964
26.000000070408,553.000009153036
25.9000000033528,572.999999329448
25.1,587.0
24.699999986589,582.999997384847
24.5000000268221,544.000005230307
24.1000000268221,499.000003017485
24.0000000033528,514.999999463558
24.7,512.000002682209
24.6999999698252,591.999998189509
24.4000000301748,574.000001810491
24.5999999932945,632.999998021871
24.5,778.0
24.400000013411,808.000001609325
24.5999999731779,831.99999678135
24.400000013411,868.999997518956
24.5999999932945,1030.99999456853
24.6999999966472,944.999997619539
24.5999999798834,873.999996982515
24.4000000201166,844.000003017485
24.4,815.000000972301
24.4,807.0
24.2,721.000009186564
24.2,857.999981626872
24.000000013411,862.999999664724
23.9000000033528,948.999997116625
23.6999999932945,1036.99999808893
23.4999999698252,980.000002916902
23.2000000301748,1008.9999970831
23.1000000033528,951.000001944602
23.0,960.0
23.0000000402331,1044.99999973178
23.5999999195337,1041.00000053644
23.799999986589,1010.00000207871
23.9999999932945,948.000002078712
24.1000000100583,1145.00000083819
24.4000000100583,1170.00000432506
24.4999999899417,1212.99999567494
24.5,1167.00000154227
24.4,1099.0
24.499999986589,1015.9999986589
24.3000000268221,996.000002682208
24.3,991.000000335276
24.2000000033528,969.000000737607
24.1,950.999999664724
24.0999999798834,940.999999094755
23.9000000201166,932.000000905245
23.2000000234693,914.000000603497
22.0,848.0
21.1999999597669,756.999998189509
20.6000000804663,730.000003620981
19.9000000469387,669.000004090369
19.500000013411,641.000000938773
18.899999986589,586.999998021871
18.4999999698252,527.999996479601
18.2000000301748,493.000003520399
18.2999999966472,480.000000435859
18.0,476.0
17.7999999932945,466.999999396503
17.700000013411,458.000001206994
17.7,454.000000268221
17.7,452.000000067055
17.7000000067055,446.000000268221
17.8999999899417,454.000000100583
17.8000000100583,454.999999899417
17.8,455.999999966472
17.9,459.0
17.8,469.999999530614
17.8,463.000000938773
17.7000000067055,459.000000268221
17.7999999966472,459.0
17.8,464.00000013411
17.7999999798834,468.0
17.6000000201166,468.0
17.7999999932945,462.000000201166
17.6,490.0
17.5999999932945,481.000000201166
17.500000013411,483.999999597669
17.4000000067055,477.000000469387
17.3000000033528,484.999999731779
17.1999999966472,474.999999731779
17.1,467.000001005828
17.1,476.999998994172
16.9000000067055,483.999999765307
16.8,471.0
16.7999999932945,479.999999396503
16.700000013411,488.999998793006
16.7,469.000001341105
16.7999999966472,472.999999865889
16.7000000067055,467.000000871718
16.9,492.999997686595
16.9,470.000002313405
16.9,477.999999731779
16.9,490.0
16.9000000067055,473.000000737607
16.999999986589,483.999998524785
17.199999986589,478.000000402331
17.4999999899417,487.999999664724
17.6000000067055,479.999999597669
17.8000000100583,468.000000301748
17.8999999899417,470.999999698252
17.9,463.000000268221
18.0,489.0
18.0,486.000000469387
18.0,492.999999061227
18.0,484.000000603497
18.4999999832362,581.999996714294
19.4000000268221,622.000008214266
20.2000000804663,867.000009354202
20.9999999195337,959.999990645798
21.5999999798834,889.000002380461
22.0,1076.0
22.3000000067055,1088.99999007583
22.399999986589,941.000019848343
22.6999999798834,972.999997854233
22.8999999932945,998.999999128282
23.0,923.000003151596
23.0000000201166,1017.00000140816
23.1999999798834,1030.99999859184
23.3999999932945,1081.99999829009
23.4,1085.0
23.700000013411,1037.99999845773
23.8999999731779,1015.00000308454
23.9,1030.99999892712
23.9,1018.00000043586
24.0000000067055,960.000001005828
24.2,990.000008750705
24.2,1076.99999124929
24.2999999966472,1084.99999973178
24.5,1050.0
24.5,1013.99999946356
24.5,1006.00000107288
24.5999999932945,963.000002883375
24.6,981.999999362975
24.5999999966472,1090.99999835715
24.5,1041.99999959767
24.5,1038.00000040233
24.2000000100583,1011.00000090525
23.9,1007.0
23.6000000067055,977.999998994172
23.699999986589,963.000002011656
23.899999986589,962.000000067055
23.9999999966472,938.000000804663
24.0,933.999999664724
24.0000000100583,924.000003620981
24.0999999899417,959.999996379019
23.9000000067055,976.999999430031
24.1,1073.0
24.1,1109.0000044927
24.1,1175.9999910146
24.1,1196.99999859184
24.0000000033528,1205.99999969825
24.0000000033528,1216.99999852478
24.0999999899417,1173.00000241399
24.0000000100583,1196.99999758601
24.0,1167.00000100583
24.2,1152.0
24.0999999932945,1111.99999932945
24.000000013411,1102.0000013411
24.0999999932945,1056.00000308454
24.0000000033528,1033.00000077114
24.0000000033528,1009.99999946356
24.0999999899417,993.999997083098
24.0000000100583,965.000002916902
24.0999999966472,954.000000368804
24.3,967.0
24.2,1042.00000073761
24.2,1052.99999852479
24.2999999932945,1053.99999993294
24.0000000100583,1085.99999892712
23.8999999966472,1032.00000264868
23.8,1110.99999979883
23.8,1109.00000020117
23.8999999966472,1116.99999973178
23.8,1004.0
23.7,1069.99999932945
23.7,1060.0000013411
23.6000000067055,1061.99999986589
23.6,1026.00000120699
23.6,983.999999631196
23.6000000201166,973.000001709908
23.7999999798834,989.999998290092
23.8,1060.99999761954
23.8,1069.0
23.6999999932945,1069.99999912828
23.600000013411,1057.00000174344
23.5000000067055,1062.99999959767
23.5,1053.00000033528
23.5,1033.99999956414
23.5000000100583,1020.99999466911
23.5999999899417,968.000005330889
23.6,932.000001206994
23.8,859.0
23.7999999664724,1013.00000154227
23.3000000670552,1035.99999691546
23.2000000067055,1030.00000040233
23.0000000067055,1023.00000023469
22.5999999832362,1022.99999778718
22.0999999899417,957.000002313405
22.0000000100583,979.999997686595
21.8000000067055,1009.99999899417
21.7,969.0
21.799999986589,1103.9999980554
21.6000000268221,1075.0000038892
21.8999999798834,1079.99999966472
22.0999999932945,1033.0000015758
22.1,1007.00000127405
22.1000000502914,1045.00000523031
22.5999999497086,1096.99999476969
22.6999999966472,1041.00000187755
23.1,990.0
23.3999999932945,1055.00000268221
23.300000013411,1094.99999463558
23.2000000067055,1021.00000496209
23.1000000033528,1071.99999829009
22.6999999966472,1082.99999808893
22.5999999597669,1025.99999869242
22.2000000402331,1013.00000130758
22.0000000067055,1015.99999989942
21.9,1038.0
22.2,1070.00000013411
22.2,1071.99999973178
22.000000013411,1010.00000415742
21.9000000033528,1064.99999815598
22.0000000067055,1104.99999822304
22.2000000100583,1051.99999658018
22.2999999899417,1018.00000341982
22.3,1027.99999966472
22.6,1122.0
23.1000000603497,1083.99999503791
23.9999998793006,1010.00000992417
25.0999999262392,969.000002749264
26.0999999664724,972.99999986589
26.3999999731779,928.000000067055
25.600000070408,929.999999094755
26.299999929592,921.000000905245
26.1000000067055,888.000001106411
26.3,908.0
26.099999986589,756.999996379019
25.9000000268221,703.000007241963
25.9999999932945,769.9999955073
26.5999999798834,800.999998960644
25.9000000167638,707.999997016042
26.3999998189509,618.999997586012
24.6000001810491,595.000002413988
24.8999999899417,592.000000100583
23.9,673.0
24.6000000737607,700.000002816319
25.6999998524785,741.999994367362
25.3000000268221,689.000003553927
25.3,681.000000268221
26.1999999564141,670.999998323619
24.9000000100583,621.000002413988
24.9999999899417,644.999997586012
25.9999999664724,628.000000569969
25.7,669.0
26.6999999195337,657.000002548098
25.5000001609325,694.999994903804
25.699999986589,656.000002615154
26.3999999765307,698.999998558313
25.6999999698251,711.000003688038
24.7999999195337,821.000001206994
24.0000000804663,832.999998793006
23.9000000033528,920.99999704957
24.7,1069.0
24.3000000067055,1085.99999430031
24.399999986589,1001.00001139939
25.1999999463558,1140.99999061227
26.5999999530613,1085.00000187755
26.1000000100583,1036.99999983236
26.3999998591841,1031.99998762831
25.0000001408159,909.000012371687
25.1999999932945,803.000003553927
24.7,706.0
25.5999999597669,715.000002481043
25.0000000804663,751.999995037914
26.2999999128282,797.999996915459
26.3,728.000002346933
25.8000000167638,686.000002849847
26.299999929592,770.999987628313
25.600000070408,648.000012371687
26.5999999664724,605.000001441687
25.6,637.0
25.9999999329448,666.000002212822
25.0000001341104,698.999995574356
25.199999986589,769.999995239079
25.1000000033528,923.999994836747
25.0000000201166,831.000005800277
25.6000000603497,1004.00000211224
26.1999999396503,1024.99999788776
26.1000000033528,1010.00000050291
26.1,965.0
25.1,896.000002279877
25.1,929.999995440246
25.1999999932945,920.000000670552
24.800000013411,892.000000938773
24.8000000268221,921.000005163253
25.6000000201166,1074.9999929592
25.7999999798834,1005.0000070408
24.8000000335276,786.000007342548
24.7,875.0
25.5999999798834,911.999994769693
25.3000000402331,834.000010460613
24.8000000335276,923.999993965029
24.5000000100583,989.999997787177
24.2999999899417,938.000004593283
24.0000000100583,1074.99999818951
24.0999999899417,1057.00000181049
24.1999999966472,1091.99999882653
24.0,1049.0
23.700000013411,1022.00000657141
23.8999999731779,1119.99998685718
23.8000000067055,1163.99999704957
23.3000000167638,1055.00000365451
22.5,1067.00000043586
22.5,1080.00000070408
22.5,1086.99999929592
22.5999999966472,1040.0000015758
22.9,1070.0
23.1000000067055,1096.99999845773
23.199999986589,1074.00000308454
23.1000000067055,1001.00000489503
23.2999999932945,1176.99999409914
23.1000000033528,1173.99999761954
23.1999999798834,1102.99999849126
23.0000000201166,1088.00000150874
22.9000000033528,1066.00000073761
22.8,1063.0
22.5999999932945,1041.99999872595
22.500000013411,1023.0000025481
22.5999999932945,987.000002413988
22.5000000033528,963.000000804663
22.4999999698251,975.999995842576
21.5999997586012,851.999983102087
19.2000002413988,684.000016897913
19.0000000067055,639.000001508743
18.3,597.0
18.3,604.999999664724
18.3,600.000000670552
18.0000000201166,615.999998927116
17.8000000067055,595.00000070408
17.7999999966472,595.000000100583
17.7000000301748,598.000000301748
17.9999999698252,600.999999698252
17.9000000033528,601.0
17.9,600.0
17.7000000067055,585.000001341104
17.799999986589,604.999997317792
17.7000000067055,604.000000067055
17.6000000033528,589.000000502914
17.3,598.000000067055
17.3,600.000000402331
17.3,603.999999597669
17.2000000033528,605.999999932945
17.2,585.0
17.1,601.999998658896
17.1,582.000002682208
16.900000013411,596.999998994172
16.9,583.000000469387
16.8,570.000000268221
16.7999999899417,577.999999396503
16.7000000100583,572.000000603497
16.7,562.000000335276
16.6,556.0
16.4999999932945,561.999998860061
16.400000013411,545.000002279877
16.4,558.999999061227
16.3000000033528,545.000000469387
16.4000000067055,535.999999832362
16.5999999899417,531.000000905245
16.5000000100583,539.999999094755
16.6999999932945,540.0
16.7,539.0
16.6,517.000001005828
16.6,531.999997988344
16.6,525.000000469387
16.6999999966472,528.99999986589
16.5999999966472,530.999999798834
16.5,525.000000603497
16.5,530.999999396503
16.4000000033528,540.999999664724
16.4,514.0
16.6000000201166,532.999998793006
16.8999999597669,515.000002413988
17.1999999798834,527.999999128282
17.4999999899417,522.000000201166
17.6000000033528,521.999999932945
17.7,519.999999798834
17.7,518.000000201166
17.7999999966472,518.0
17.8,539.0
17.9000000067055,518.00000013411
17.999999986589,519.999999731779
18.0999999932945,539.999998658895
18.499999986589,526.000000469387
19.4000000268221,601.000006202609
20.2000000502914,786.000013478097
20.6999999497086,919.999986521903
21.099999986589,964.999998491257
21.5,1027.0
21.8000000268221,1056.99999751896
22.1999999463558,1020.00000496209
22.399999986589,982.000002548099
22.5999999932945,1024.99999855831
22.7000000033528,976.000000469387
22.8000000301748,990.000000100583
23.0999999698252,990.999999899417
23.2999999932945,1006.99999946356
23.6,979.0
23.7000000268221,967.000003017484
24.0999999463558,1011.99999396503
24.0000000067055,1033.99999852479
24.2999999899417,1017.00000056997
24.2999999966472,1046.00000385568
24.2000000100583,1161.00000201166
24.2999999899417,1180.99999798834
23.900000013411,1175.00000020117
24.0,1163.0
23.899999986589,1168.99999349564
23.7000000268221,1072.00001300871
23.7,1075.99999973178
23.7,1086.9999996312
23.7,998.00000140816
23.7000000100583,1039.99999305979
23.7999999899417,971.000006940214
23.7000000033528,951.000000670552
23.7,960.0
23.7999999932945,978.000002279877
23.700000013411,1011.99999544025
23.7,1137.99999155104
23.6000000033528,1157.99999932945
23.5999999966472,1203.00000093877
23.5000000100583,1230.99999829009
23.5999999899417,1214.00000170991
23.6999999966472,1194.00000067055
23.6,1164.0
23.5999999932945,1153.00000020117
23.500000013411,1155.99999959767
23.5999999932945,1126.00000201166
23.6,1111.00000050291
23.6000000033528,1095.99999788776
23.6999999798834,1032.99999567494
23.5000000201166,990.000004325061
23.6999999932945,970.000000670552
23.6,958.0
23.5000000067055,970.000000402331
23.599999986589,975.999999195337
23.6999999932945,1047.99999517202
23.7999999966472,1081.99999886006
23.9000000033528,1147.00000053644
24.0,1163.00000613555
24.0,1223.99999386445
24.0999999966472,1192.00000107288
24.1,1164.0
24.3,1161.99999825656
24.3,1136.00000348687
24.2000000067055,1136.99999993294
24.2,1092.00000150874
24.2999999932945,1083.99999859184
24.1000000100583,1041.99999507144
24.1999999899417,993.000004928558
23.800000013411,997.999999832362
23.6,998.0
23.7000000067055,967.000006169079
23.799999986589,1058.99998766184
23.8,1093.99999765307
23.8999999966472,1146.99999822304
23.8,1064.99999882653
23.7999999899417,1029.99999929592
23.7000000100583,1023.00000070408
23.7999999966472,963.000002011657
23.8,1042.0
23.7000000067055,984.000001206994
23.799999986589,1001.99999758601
23.7000000067055,983.000001274049
23.7999999966472,1013.99999896064
23.8,1039.00000020117
23.8000000100583,1045.00000422448
23.8999999899417,1086.99999577552
23.8000000033528,1078.00000030175
23.9,1034.0
23.8999999798834,1060.99999604374
23.6000000402331,1002.00000791252
23.400000013411,1033.99999785423
23.4,1007.00000090525
22.9999999698251,1054.00000013411
22.0999999899417,1058.00000382215
22.0000000100583,1095.99999617785
21.8000000067055,1013.00000278279
21.7,1053.0
21.8,1085.99999731779
21.8,1046.00000536442
21.8,1044.00000013411
21.8,1045.99999993294
22.1,988.000001810491
22.0999999899417,1042.00000120699
22.0000000100583,1053.99999879301
21.7000000100583,1009.00000150874
21.7,1057.0
22.099999986589,1097.9999993965
21.9000000268221,1089.00000120699
22.099999986589,1021.00000455976
22.0000000033528,1021.0
21.9,999.999999832362
21.9000000100583,994.999998692423
21.9999999899417,982.000001307577
22.2999999899417,1050.99999768659
22.3,1029.0
22.4000000335276,1065.0000006035
22.8999999329448,1073.99999879301
23.099999986589,993.000005431474
23.0000000033528,1079.9999970831
23.1,1109.9999949038
23.0999999698252,958.000001609325
22.8000000301748,973.999998390675
22.6000000067055,1155.99999389797
22.7,1120.0
22.5000000201166,1106.99999818951
22.7999999597669,1080.00000362098
22.8,1085.99999959767
22.7000000033528,1015.00000238046
22.8,1021.00000160933
22.8,1069.00000392273
22.8,1107.99999607727
22.9999999932945,1097.0000003688
23.1,1092.0
23.3,1058.99999886006
23.3,1042.00000227988
23.2000000067055,990.000003486872
23.2999999966472,1019.99999899417
23.4000000033528,1060.0000003688
23.5000000402331,1071.00000311807
23.8999999597669,1101.99999688193
23.9999999966472,1092.00000033528
24.1,1047.0
24.1,1011.00000073761
24.1,1021.99999852479
24.1,1070.99999671429
24.3999999899417,1130.99999798834
24.8000000167638,1166.99999929592
25.300000070408,1145.99999255687
25.999999929592,1072.00000744313
26.5999999798834,1088.99999943003
27.3,1040.0
27.500000013411,1007.00000087172
27.6999999731779,1019.99999825656
27.6000000067055,985.000002346933
26.4000000402331,967.000000603497
26.400000013411,763.999999262393
26.7999999798834,741.999990042301
26.6000000201166,643.000009957699
26.4000000067055,594.000001642853
27.0,606.0
26.4999999597669,554.999999396503
25.9000000804663,546.000001206994
26.3999999664724,566.99999859184
26.4,614.999998390674
26.299999986589,591.000000905246
25.8999999195337,618.000004928558
25.1000000804663,666.999995071442
24.4000000234693,683.999999430031
24.3,652.0
24.2000000067055,635.99999859184
24.299999986589,615.000002816319
24.3,616.99999986589
24.3999999966472,751.999995473772
24.0000000067055,808.000004425645
24.1999999798834,940.000000502914
24.0000000201166,944.999999497086
23.8000000067055,938.000000234693
24.1,947.0
25.199999986589,901.999985381964
25.0000000268221,684.000029236072
24.5000000335276,634.000003352762
24.899999986589,671.999998725951
25.399999986589,737.999995205551
25.0000000402331,595.000003319233
25.3999999597669,627.999996680767
25.000000013411,660.999998893589
25.3,655.0
25.199999986589,621.999998122454
25.0000000268221,594.000003755092
24.7000000201166,703.999992623925
24.7,834.999995607882
24.7000000033528,783.000001374632
24.8,824.000015087423
24.8,973.999984912577
24.6000000067055,988.999999497086
24.4,954.0
24.4,1013.99999617785
24.4,957.000007644294
24.599999986589,903.000003620982
24.5000000033528,981.999997351318
24.1999999966472,882.00000224635
24.1,948.999998491258
24.1,934.000001508742
24.1999999966472,961.999999061227
24.3,949.0
24.2,954.000006169079
24.2,1045.99998766184
24.000000013411,1032.00000093877
24.0999999966472,936.000003218651
24.1999999932945,1040.99999946356
23.9999999899417,1024.99999818951
23.9000000100583,1007.00000181049
23.8000000033528,921.000002883375
23.6,1027.0
23.4999999731779,1026.99999879301
23.1000000536442,1009.00000241399
22.900000013411,1024.99999892712
22.8000000033528,1040.99999946356
22.5999999899417,1026.00000020117
22.2999999798834,1031.9999993965
22.1000000201166,1026.0000006035
21.8000000100583,933.000003118068
21.7,992.0
20.6999999530614,823.999993361534
20.0000000938773,725.000013276932
19.6000000268221,669.000003755093
19.1000000167638,594.000002514571
18.8999999899417,563.999999329448
18.5999999597669,543.999997083098
18.2000000402331,515.000002916902
18.1000000033528,497.000000603497
18.3,479.0
18.3,462.000002078712
18.3,492.999995842577
18.2000000067055,465.000001877546
18.2999999966472,467.999999899417
18.0999999966472,468.000000234693
18.0,474.999999497086
18.0,470.000000502914
18.1999999932945,468.000000067055
18.0,471.0
17.9000000067055,467.999999798834
17.999999986589,465.000000402331
17.800000013411,476.999999195337
17.8999999966472,478.999999932945
17.8,479.99999986589
17.7999999899417,475.999999195337
17.7000000100583,468.000000804663
17.6000000033528,474.999999765307
17.8,476.0
17.8,478.000000603497
17.8,486.999998793006
17.8,474.000000871718
17.8,492.999999362975
17.7,484.000000637025
17.6999999899417,502.999998189509
17.6000000100583,485.000001810491
17.5000000033528,475.000000335276
17.4,482.0
17.3000000067055,479.000000201166
17.399999986589,481.999999597669
17.200000013411,475.000000469387
17.2,471.00000013411
17.1999999966472,466.000000435859
17.0999999899417,479.000000100583
17.0000000100583,479.999999899417
17.0999999966472,479.000000033528
17.1,475.0
17.2,472.000000201166
17.2,469.000000402331
17.2,481.999999128282
17.1000000033528,489.999999731779
16.9999999932945,468.000000335276
16.7999999899417,478.000000301748
16.7000000100583,480.999999698252
16.5000000067055,475.000000201166
16.4,468.0
16.8000000268221,475.0
17.1999999463558,475.0
17.4999999798834,475.0
17.7999999899417,477.999999899417
18.0,475.0
18.0,475.0
18.0,475.0
18.0999999966472,480.999999798834
18.1,471.0
18.2000000201166,485.999999128282
18.4999999597669,473.000001743436
18.8999999731779,574.999993160367
19.7999999698251,674.999996647239
20.6000000234693,775.000005934388
21.3000000603497,951.999997183681
21.8999999396503,924.000002816319
22.299999986589,1085.99999456853
22.5,1000.0
22.800000013411,958.000012539325
22.9999999731779,1144.99997492135
23.199999986589,1018.00000851601
23.4999999899417,989.000000972301
23.7000000100583,934.00000224635
24.0000000402331,1001.00000281632
24.3999999597669,1028.99999718368
24.4,949.000002682209
24.5,1080.0
24.6000000201166,1064.00000006706
24.8999999597669,1064.99999986589
24.5000000268221,1020.00000301749
24.100000013411,953.00000224635
23.8999999932945,989.000001206994
23.7000000100583,1024.9999964796
23.7999999899417,990.000003520399
23.6000000067055,940.000001676381
23.8,898.0
23.8000000268221,967.99999986589
24.1999999463558,966.000000268221
24.399999986589,1003.9999974519
24.4999999966472,1077.99999751896
24.4999999966472,990.000003419817
24.3999999899417,1091.99999989942
24.3000000100583,1091.00000010058
24.0000000100583,993.000003285706
24.0,995.0
23.9,978.000006973742
23.9,1081.99998605252
23.9,1085.99999973178
23.9999999966472,1039.0000015758
24.5000000033528,934.000000100583
24.6000000100583,937.000001005828
24.6999999899417,946.999998994172
24.7,959.999999564141
24.5,995.0
24.099999986589,894.000004559754
23.9000000268221,961.999990880491
23.9999999932945,1108.99999014288
24.0,1173.99999782071
24.0999999966472,1136.00000127405
24.0000000201166,1173.99999889359
24.1999999798834,1163.00000110641
24.2,1130.00000110641
24.3,1105.0
24.2000000067055,1093.99999778718
24.299999986589,1061.00000442564
24.3,1040.00000140816
24.2000000033528,1025.00000050291
24.4,1001.00000003353
24.4,1002.00000050291
24.4,1006.99999949709
24.4,998.000000301749
24.3,1113.0
24.0999999932945,1112.99999644607
24.000000013411,1060.00000710785
24.0,1023.00000248104
24.0,1031.99999969825
24.0,939.000002380461
24.0000000100583,1010.00000965595
24.0999999899417,1105.99999034405
24.1999999966472,971.000004526228
24.3,1022.0
24.3999999932945,1000.00000040233
24.300000013411,1005.99999919534
24.499999986589,1011.99999959767
24.5,1035.99999919534
24.4999999966472,1071.99999825656
24.4,1019.9999993965
24.4,1014.0000006035
24.4,969.000001508743
24.3,874.0
24.3,874.000009924171
24.3,1021.99998015166
24.3999999932945,1145.99999168515
24.3000000033528,1227.99999725074
24.3999999966472,1224.99999644607
24.2999999899417,1119.00000301748
24.2000000100583,1148.99999698252
24.2999999966472,1088.00000204518
24.3,1069.0
24.3,1047.99999872595
24.3,1029.0000025481
24.3,1060.99999785423
24.4999999932945,1032.0000009723
24.4000000033528,1007.00000023469
24.5000000100583,1013.99999919534
24.5999999899417,1006.00000080466
24.8999999899417,1000.00000020117
24.7,963.0
24.4999999932945,886.000002145767
24.400000013411,917.999995708466
24.4999999932945,926.999999396503
24.5999999966472,1072.99999510497
24.9999999966472,1085.99999896064
24.9,1054.99999074638
24.9,963.000009253619
24.9999999966472,929.000001139939
25.3,960.0
25.2,950.999997384847
25.2,912.000005230306
25.000000013411,842.000004693866
25.1999999932945,906.999997820705
25.5000000033528,906.999996446073
25.6000000301748,800.999994467945
25.8999999698252,746.000005532055
25.500000013411,673.000002447516
25.5,741.0
25.799999986589,687.999995574356
25.6000000268221,622.000008851288
25.6999999932945,585.000002481043
25.7999999966472,573.000000402331
25.5999999798834,562.000001609326
24.9999999798834,610.000004827975
24.8000000201166,657.999995172025
24.400000013411,692.999998826534
24.7,636.0
25.2999999932945,611.999995708466
25.200000013411,548.000008583067
25.2,511.000002481044
25.4999999899417,490.00000070408
25.5999999932945,485.999999966472
25.4000000201166,485.000006034969
25.5999999798834,544.999993965031
25.6,573.999999027699
25.6,616.0
25.4000000067055,606.000002145767
25.499999986589,637.999995708466
25.699999986589,626.000000804663
26.4999999731779,601.00000083819
26.4999999832362,664.999996513128
26.0000000301748,560.999994568528
26.2999999698252,507.000005431472
25.7000000201166,512.999999798834
25.6,457.0
26.3999999932945,404.000004090368
26.300000013411,464.999991819264
26.3999999932945,496.999997854233
27.3999999664724,468.000000972301
27.000000013411,513.000000871718
27.3999999094755,538.999996982515
26.5000000905245,509.000003017485
25.8000000234693,510.999999932945
25.6,478.0
25.8000000335276,448.999997720123
26.2999999329448,415.000004559754
26.2000000067055,403.000000804663
27.8999999430031,413.999999631196
26.6000000100583,459.999998927116
26.9000000201166,428.000001408159
27.0999999798834,441.999998591841
27.2999999932945,480.999998692423
27.0,490.0
28.4999998927117,459.999997586012
26.9000002145767,424.000004827975
28.4999998927116,408.000001072884
26.1000000804663,500.999996881932
27.2999999832362,449.000001575798
26.7999999497086,496.000004023313
26.3000000502914,535.999995976687
26.0000000100583,453.000002782792
26.8,484.0
26.699999986589,472.999998390675
26.5000000268221,449.00000321865
28.3999998725951,476.999998122454
27.0000000469387,535.999998021871
28.0000000301749,523.000000067055
28.8999998390675,525.00000392273
27.3000001609325,563.99999607727
27.2000000033528,473.000003051013
26.9,477.0
26.4000000536442,535.999993763865
27.1999998927117,443.000012472269
26.8000000268221,469.999998189509
28.6999999362975,458.000000402331
26.8000000402331,439.999999530613
27.9999999798834,426.000001408159
27.8000000201166,439.999998591841
27.3000000167638,519.999997317791
27.8,525.0
26.7999999262393,616.999994769694
25.7000001475215,539.000010460613
25.7999999932945,547.999999396503
25.5000000100583,490.000001944602
25.9000000201166,468.000002045185
26.5000000301748,529.000001005828
26.7999999698252,538.999998994172
26.0000000268221,476.00000211224
27.0,480.0
26.0999999597669,563.999995708466
25.5000000804663,500.000008583067
25.0000000335276,536.999997518957
24.9000000033528,605.999997686595
24.8000000100583,543.999998558313
25.1000000201166,500.999998692423
25.2999999798834,488.000001307577
25.7999999832362,500.999999564141
26.0,443.0
26.0999999731779,503.999998658896
25.7000000536442,484.000002682208
25.899999986589,562.999994702637
26.0999999932945,530.000001106411
26.1999999966472,536.000000670552
26.0999999597669,556.000016193834
25.7000000402331,716.999983806166
25.2000000167638,616.000003386289
24.8,625.0
24.3999999798834,604.999995440246
24.1000000402331,537.000009119509
24.299999986589,536.000000067055
24.4999999932945,503.000001106411
24.5999999932945,507.999999664724
24.4000000201166,498.000006236135
24.5999999798834,559.999993763865
24.5000000033528,599.999998658895
24.5,689.0
24.2000000067055,663.999997787178
24.299999986589,631.000004425644
24.2000000067055,633.999999798834
24.2,595.000001307577
22.7999999564141,582.999998826534
21.4999999094755,547.99999748543
20.6000000905245,523.000002514571
20.0000000201166,512.000000368804
19.3,501.0
18.8999999932945,488.999999128282
18.800000013411,476.000001743435
18.7000000067055,471.000000335276
18.7,472.999999932945
18.5999999966472,481.99999986589
18.5000000201166,478.000002011656
18.6999999798834,497.999997988344
18.6000000033528,484.000000469387
18.6,476.0
18.5999999932945,479.0
18.500000013411,479.0
18.300000013411,505.999998189509
18.3,495.000000368804
18.1999999932945,475.999999932945
18.0000000100583,474.000000804663
18.0999999899417,481.999999195337
18.2999999932945,479.000000100583
18.1,479.0
18.1000000067055,493.000000536442
18.199999986589,500.999998927117
18.000000013411,489.000000804663
18.0,480.000000301749
18.0999999966472,481.00000013411
17.9999999899417,485.000000502914
17.9000000100583,489.999999497086
17.9,492.999999899417
17.8,487.0
17.8000000067055,481.000000737607
17.899999986589,491.999998524785
17.8000000067055,477.000001005828
17.6000000067055,485.999999698251
17.8,501.999999798834
17.7999999899417,495.999999396503
17.7000000100583,490.000000603497
17.7,485.000000167638
17.8,492.0
17.7000000067055,488.000000469386
17.799999986589,494.999999061227
17.7000000067055,495.999999932945
17.7,490.000000201166
17.7,481.000000201166
17.6999999899417,487.0
17.6000000100583,487.0
17.6,498.999999597669
17.6,502.0
17.600000013411,501.0
17.7999999731779,501.0
18.0999999798834,495.000000402331
18.1,479.000000536442
18.5000000167638,497.999999228865
19.0000000905245,474.99999929592
19.8999999094755,468.00000070408
20.6999999731779,478.999999631196
21.5,468.0
22.3000000268221,468.000010326503
22.6999999463558,621.999979346995
23.0999999731779,770.999990008771
23.3999999899417,659.000003755093
23.7000000100583,783.000001173466
24.0000000402331,817.999996379019
24.3999999597669,782.000003620981
24.6999999899417,775.000000234693
24.9,755.0
24.8000000067055,782.000000670552
24.899999986589,791.999998658896
24.5000000268221,806.999998994172
24.0000000167638,802.000000167638
24.1000000033528,864.000006303192
24.2000000201166,1052.00001247227
24.3999999798834,1175.99998752773
24.4,1207.99999892712
24.6,1224.0
24.500000013411,1221.99999879301
24.6999999731779,1204.00000241399
24.7999999932945,1120.00000563264
24.400000013411,923.00000660494
24.4000000033528,895.000001475215
24.5000000100583,939.000002212822
24.5999999899417,960.999997787178
24.6,949.000000402331
24.5,923.0
24.4999999932945,847.000000067055
24.400000013411,847.99999986589
24.599999986589,909.999995842576
24.5000000033528,913.99999986589
24.300000013411,1040.99999849126
24.6999999899417,995.99999215454
24.6000000100583,918.00000784546
24.6,903.000000502914
24.6,872.0
24.3999999932945,865.000000335276
24.300000013411,869.999999329448
24.499999986589,912.999997116625
24.4000000033528,944.999998927116
24.4000000033528,1038.00000040233
24.4999999899417,1049.99999567494
24.4000000100583,1007.00000432506
24.4,1036.99999899417
24.4,976.0
24.4000000067055,970.99999986589
24.499999986589,969.000000268221
24.5999999932945,990.999998524785
24.6,1113.9999958761
24.5000000033528,1100.00000395626
24.5999999899417,1218.00000533089
24.5000000100583,1270.99999466911
24.5,1236.00000117347
24.5,1193.0
24.6000000067055,1177.99999772012
24.699999986589,1144.00000455975
24.6000000067055,1038.00000710785
24.5000000033528,989.000001642853
24.5999999932945,971.999997921288
24.4,909.999998692423
24.4,897.000001307577
24.799999986589,876.00000070408
24.5,810.0
24.6999999932945,817.99999832362
24.600000013411,793.000003352761
24.3000000201166,775.000001206994
24.3999999966472,811.999998759478
24.5999999966472,869.000002011657
24.4999999899417,928.999991148712
24.4000000100583,841.000008851288
24.4,806.000001173467
24.5,808.0
24.5999999798834,824.000000737607
24.3000000402331,834.999998524785
24.499999986589,873.999997384846
24.5999999966472,1030.99999473616
24.4999999966472,1016.9999958761
24.4000000100583,894.000001810491
24.4999999899417,911.999998189509
24.7999999899417,933.999999262393
24.8,958.0
24.599999986589,934.999996982515
24.4000000268221,890.000006034969
24.4999999932945,995.999992892146
24.5999999966472,1102.99999641255
24.5,1126.99999483675
24.5,972.99999537319
24.5,927.00000462681
24.5999999966472,942.999999463558
24.6,1012.0
24.5000000067055,999.999997317792
24.599999986589,960.000005364417
24.6,924.000002413988
24.5000000033528,896.000000938773
24.4999999932945,900.000001642853
24.3,949.000001408159
24.3,962.999998591841
24.4999999932945,984.999999262393
24.4,990.0
24.4,961.000001743436
24.4,986.999996513129
24.4999999932945,989.999999798834
24.5,1053.99999785423
24.5,1113.00000050291
24.4999999899417,1127.99998813123
24.4000000100583,1010.00001186877
24.4,926.00000281632
24.4,879.0
24.500000013411,854.99999845773
24.6999999731779,832.00000308454
24.7999999932945,863.999997854233
24.7000000033528,841.000000771135
24.9000000067055,807.999999631196
25.0999999899417,797.000013377515
25.0000000100583,929.999986622485
24.7000000100583,959.999998994172
24.9,872.0
25.1999999932945,796.999996982515
25.100000013411,752.000006034969
25.1,656.000006437302
24.9000000067055,669.999999530613
25.3000000033528,655.000002346933
25.3999999698252,724.999991048129
25.1000000301748,636.000008951871
25.1,576.000002011657
25.3,590.0
25.399999986589,642.000003285705
25.2000000268221,690.999993428589
25.399999986589,681.000000670552
25.4999999966472,759.999997351318
25.5000000033528,769.999997083097
25.6000000100583,682.999994970859
25.6999999899417,633.000005029141
25.1000000201166,630.000000100583
25.5,577.0
25.8999999597669,581.000009052453
25.3000000804663,715.999981895093
25.7999999664724,645.000004760921
25.8,655.999999631196
25.7999999932945,664.999997150153
25.6000000201166,579.999998390675
25.7999999798834,564.000001609325
25.7000000033528,647.99999718368
25.6,551.0
25.6000000201166,590.999996177853
25.8999999597669,534.000007644294
26.099999986589,583.999996647239
25.8000000100583,609.999999128282
25.799999986589,547.000001106411
25.3999999497086,579.999998692423
24.9000000502914,567.000001307577
25.1999999899417,528.000001307577
25.3,512.0
25.3000000067055,485.000002011656
25.399999986589,514.999995976687
25.200000013411,487.000001877546
25.8999999765307,495.999999698251
25.8999999899417,514.999998793006
25.6000000201166,479.000005833803
25.7999999798834,536.999994166197
25.8,555.999999362975
26.2,560.0
25.9999999463558,570.999995507301
25.2000001072883,504.000008985398
25.399999986589,503.000000067055
25.4999999966472,486.000000569969
25.7999999932945,490.999999530613
25.5999999899417,477.000005431472
25.5000000100583,530.999994568528
24.9000000201166,531.0
25.4,493.0
25.299999986589,512.999997586012
25.1000000268221,477.000004827975
25.1999999932945,506.999997988343
25.0000000067055,501.000000201166
24.6000000067055,471.000002011657
24.8000000301748,530.999999396503
25.0999999698252,525.000000603497
25.1999999966472,501.000000804663
24.9,476.0
25.1,598.000004090368
25.1,658.999991819264
25.3999999798834,619.000002682209
24.6000000268221,646.999999061227
24.6,564.000001206994
24.5999999497086,599.999990947547
24.1000000502914,510.000009052454
24.0000000033528,491.000000637025
23.5,487.0
22.8999999932945,459.999998256564
22.800000013411,434.000003486871
22.5000000201166,447.999999061227
22.100000013411,436.000000402331
21.7,430.999999497086
21.7000000402331,416.00000070408
22.0999999597669,422.99999929592
22.6999999798834,425.999999899417
23.0,444.0
23.100000013411,430.000008113681
23.2999999731779,550.999983772639
23.499999986589,694.999990344047
23.5,801.999996412545
23.8000000067055,852.000001676381
24.0000000201166,902.000010158864
24.1999999798834,1002.99998984114
24.2999999966472,960.000001441687
24.4,917.0
24.4,953.000001341104
24.4,972.999997317791
24.4,946.000001810491
24.3000000033528,917.000000972301
24.1999999932945,911.999999329448
24.0000000100583,892.000003520399
24.0999999899417,926.999996479601
24.0000000033528,893.000001139939
24.0,958.0
23.8999999932945,950.999998860061
23.800000013411,934.000002279877
23.5000000201166,927.000000469387
23.5,964.999998725951
23.1999999966472,961.999998323619
23.0999999798834,912.0
22.9000000201166,912.0
22.2000000234693,820.000003084541
21.3,736.0
20.8999999530614,651.999996580184
20.2000000938773,601.000006839632
19.9000000201166,522.000005297363
19.7000000067055,487.000001173467
19.5999999966472,473.000000067055
19.4999999798834,474.999998390675
19.3000000201166,459.000001609325
19.3,463.999999832362
19.4,446.0
19.6000000067055,463.000000067055
19.699999986589,463.99999986589
19.7999999932945,472.999999396503
19.8,468.000000167638
19.8999999932945,478.000000033528
19.7,479.0
19.7,479.0
19.7,481.999999899417
19.6,493.0
19.599999986589,484.000000536442
19.4000000268221,491.999998927117
19.4999999932945,495.999999731779
19.5999999966472,491.000000167638
19.3999999966472,500.999999966472
19.3,500.000001508742
19.3,514.999998491258
19.3,519.999999832362
19.2,515.0
19.199999986589,513.999999530614
19.0000000268221,507.000000938773
19.0999999932945,498.000000603497
19.0000000033528,500.999999899417
18.9999999932945,518.00000013411
18.8,522.000002011656
18.8,541.999997988344
18.8,522.000000670552
18.8,548.0
18.7999999932945,518.00000013411
18.700000013411,519.999999731779
18.7,527.999999463558
18.6000000033528,544.99999943003
18.5999999932945,540.000000368804
18.4,550.999999899417
18.4,550.000000100583
18.4,550.0
18.3,574.0
18.2000000067055,579.999999597669
18.100000013411,585.999999195337
18.1999999932945,577.000000603497
18.1000000033528,610.999998860061
18.0,567.00000013411
17.9999999798834,571.000005532055
17.8000000201166,625.999994467945
17.8999999966472,620.000000201166
17.8,611.0
17.7,583.00000154227
17.7,605.99999691546
17.899999986589,564.00000281632
18.0999999932945,581.999999396503
18.3000000234693,614.999998357147
19.0000000804663,566.000000100583
19.7999999195337,566.999999899417
20.3999999798834,529.000001274049
21.1,518.0
21.5000000335276,492.000000067055
21.9999999329448,492.99999986589
22.199999986589,486.000000469387
22.3999999932945,477.000000301749
22.6000000067055,475.999999463558
22.8000000301748,459.999998189509
23.0999999698252,442.000001810491
23.1999999966472,453.999999597669
23.5,476.0
23.5,517.000002413988
23.5,552.999995172025
23.8999999731779,698.999990209936
24.1999999899417,753.999998155981
24.3000000033528,814.000002078712
24.4000000201166,876.000050894905
24.5999999798834,1381.99994910509
24.6,1195.00000626966
24.7,1227.0
24.4999999664724,1140.99999758601
24.0000000670552,1105.00000482798
23.9000000067055,1192.99999409914
23.7000000067055,1145.00000160933
23.7000000033528,1179.99999946356
23.8,1164.00000533089
23.8,1216.99999466911
24.199999986589,1124.00000311807
24.3,1102.0
24.500000013411,1068.99999986589
24.6999999731779,1067.00000026822
24.7,1081.99999899417
24.5000000067055,1029.00000177696
24.2,1009.99999973178
24.1999999698252,1002.00000070408
23.9000000301748,1008.99999929592
23.9999999966472,968.000001374632
23.9,960.0
23.9999999932945,956.999999463558
23.900000013411,949.000001072883
23.9,939.000000670552
23.9999999966472,955.999999430031
24.1000000067055,1006.00000137463
24.3000000201166,1047.00001277402
24.4999999798834,1173.99998722598
24.5999999966472,1212.99999869242
24.7,1160.0
24.5999999798834,1110.99999765307
24.3000000402331,1076.00000469386
24.100000013411,1038.0000025481
24.1,990.000001609326
24.0000000033528,969.00000013411
24.1,972.999996982516
24.1,943.000003017484
24.0000000033528,917.000000871718
24.1,947.0
24.1,1018.00000724196
24.1,1125.99998551607
24.1,1140.99999899417
24.0000000033528,1156.99999946356
24.1000000067055,1148.99999751896
24.2999999899417,1075.00000100583
24.2000000100583,1084.99999899417
24.2999999966472,1046.00000130758
24.4,987.0
24.2,998.999997787178
24.2,966.000004425644
24.2999999932945,1044.99999470264
24.3,1118.99999751896
24.3,1118.99999879301
24.2999999899417,1082.99999889359
24.2000000100583,1072.00000110641
24.2999999966472,1037.00000117347
24.1,1030.0
24.1,997.999994367362
24.1,914.000011265275
24.1999999932945,942.999998055398
24.0000000067055,1044.99999658018
23.9,1114.00000140816
23.9000000100583,1155.99999698252
23.9999999899417,1126.00000301748
24.0999999966472,1050.0000025481
23.9,1083.0
24.000000013411,1049.99999470264
24.1999999731779,971.000010594723
24.399999986589,1014.99999704957
24.4,961.000001810491
24.5,957.999999631196
24.4999999798834,947.000005431472
24.3000000201166,1000.99999456853
24.2000000033528,1077.99999741837
24.1,1269.0
24.0,1310.99999678135
24.0,1263.0000064373
24.199999986589,1242.00000140816
24.2,1234.00000026822
24.2,1189.99999953061
24.2000000201166,1175.99999909475
24.3999999798834,1167.00000090525
24.4,1127.0000013411
24.5,1120.0
24.6,1114.99999785423
24.6,1083.00000429153
24.5000000067055,1033.00000335276
24.3000000067055,1015.0000006035
24.2000000033528,977.000000033528
24.3000000402331,978.000009857116
24.6999999597669,1075.99999014288
25.099999986589,1099.99999919534
25.3,1120.0
25.2999999932945,1039.99999329448
25.200000013411,940.000013411042
25.4999999798834,1022.99999443442
25.5,928.000003185123
25.5000000100583,843.999998960644
25.8000000201166,812.999993864448
25.9999999798834,752.000006135552
25.600000013411,624.000004291535
25.4,731.0
24.9000000201166,660.99999678135
25.1999999597669,613.0000064373
24.5000000469387,583.000002011657
25.1999999765307,718.999995440244
25.1000000033528,598.999999262392
25.1999999899417,577.000005833803
25.1000000100583,634.999994166197
25.1,598.000001240522
25.5,565.0
24.9000000335276,601.000004358589
25.3999999329448,665.999991282823
25.6999999798834,661.000000335276
25.5000000067055,589.000002413988
25.3000000201166,584.000001173467
25.8999999698252,618.99999215454
25.6000000301748,541.00000784546
25.7999999932945,600.999997988343
25.3,564.0
25.8999999664724,605.999999262393
25.4000000670552,595.000001475215
26.1999999463558,614.999998658895
26.3999999932945,561.000001810491
25.2000000469387,567.000001374632
26.5999999497086,607.999999094755
26.1000000502914,599.000000905245
26.499999986589,584.000000502914
26.1,629.0
25.9999999664724,557.999998927117
25.5000000670552,542.000002145767
25.8999999731779,511.000002078712
25.500000013411,484.000000905246
26.8999999463558,453.999999631196
25.3000001810491,443.000002212822
27.0999998189509,464.999997787178
26.3000000268221,510.99999845773
26.7,509.0
26.6000000201166,502.000001944601
26.8999999597669,530.999996110798
26.5000000268221,479.000003486872
26.5999999966472,451.000000938773
26.1999999597669,458.999999362975
24.9999999899417,439.999999497086
24.9000000100583,435.000000502914
24.9999999966472,445.999999631196
25.1,421.0
25.9,423.000002682208
25.9,462.999994635583
26.9999999262392,446.000001139939
25.7000000435859,445.000000033528
27.0999999597669,443.000001139939
25.9000001408159,477.00000321865
27.2999998591841,508.99999678135
25.5000000603497,509.0
27.4,520.0
25.4000001005828,534.0
26.8999997988344,534.0
24.9000001341105,518.000001072884
26.1999999564141,542.99999916181
25.8999999966472,538.99999916181
25.8000000100583,513.999997083098
25.8999999899417,485.000002916902
26.1999999899417,502.999999396503
26.5,464.0
26.4,449.000002950429
26.4,492.999994099141
26.8999999664724,459.000002279878
26.500000013411,437.000000737608
25.4000000067055,468.000000301749
25.5999998994172,476.999999396503
24.6000001005828,471.000000603497
25.1999999798834,459.000000402331
25.9,437.0
25.2000001005828,429.999999396503
26.6999997988344,421.000001206994
25.8000000603497,442.999998524785
25.3000000167638,511.999997686595
25.6999999832362,520.000002346933
25.1999999899417,590.000000502914
25.1000000100583,594.999999497086
25.7999999765307,574.00000070408
26.0,521.0
25.4000000402331,535.999998860061
25.9999999195337,519.000002279877
24.9000000737608,487.000002145767
24.8000000033528,460.000000905246
24.6000000033528,484.999999731779
24.7000000100583,476.999998491258
24.7999999899417,462.000001508742
24.400000013411,451.000000368804
25.2,453.0
24.9,435.000000670552
24.9,444.999998658896
24.8000000067055,491.999996848404
24.7000000033528,525.999998860061
24.4999999899417,504.000000335276
24.1999999899417,513.999997887761
24.1000000100583,493.000002112239
24.0000000033528,500.999999731779
23.9,555.0
23.8999999798834,607.999996982516
23.6000000402331,563.000006034969
23.6,607.999996982515
23.4000000067055,748.999995272606
23.2999999966472,749.000005867333
23.1999999698252,923.999993260951
22.9000000301748,857.000006739049
22.2000000234693,774.000002782792
21.7,702.0
21.2999999731779,672.999997854233
20.9000000536442,641.000004291534
20.5000000268221,601.000002682209
20.4000000033528,543.000001944602
20.3999999899417,529.999999765307
20.0999999698252,523.000001609325
19.8000000301748,538.999998390675
19.7000000033528,522.000000569969
19.8,534.0
19.7,514.000000938773
19.7,527.999998122454
19.6000000067055,549.999998524785
19.3000000100583,547.000000100583
19.2999999932945,542.999999061227
19.0999999899417,515.000001609325
19.0000000100583,530.999998390675
18.8000000067055,533.999999899417
18.7,517.0
18.5999999932945,500.000001475215
18.500000013411,521.999997049571
18.300000013411,504.000001206994
18.2000000033528,518.999999497086
18.0999999899417,550.99999943003
17.8000000201166,533.999999094755
17.9999999798834,525.000000905245
17.8000000067055,569.999998491257
17.8,564.0
17.7,566.999998189509
17.7,540.000003620981
17.500000013411,583.99999704957
17.5,559.00000083819
17.4,613.000000335276
17.4,622.999995574356
17.4,579.000004425644
17.4,611.999998893589
17.3,608.0
17.3,645.000001072883
17.3,660.999997854233
17.3,612.000003285706
17.2000000033528,663.999998256564
17.1,606.00000211224
17.0999999899417,668.999997384847
17.0000000100583,643.000002615153
17.0,635.000000268221
16.9,667.0
16.7999999932945,651.999999128282
16.700000013411,639.000001743436
16.6000000067055,619.000001341105
16.5000000033528,625.999999765307
16.3999999966472,584.000002045184
16.3,644.999998088926
16.3,626.000001911074
16.3,631.999999798834
16.9,627.0
17.3000000201166,621.999999597669
17.5999999597669,616.000000804663
17.6999999932945,609.000000469387
17.9999999899417,622.999999530613
18.8000000301749,582.000000771135
19.7000000804663,605.000003017485
20.4999999195337,634.999996982515
21.3999999698251,589.00000154227
22.0,591.0
22.4000000201166,583.999996714295
22.6999999597669,535.000006571411
22.899999986589,622.99999409914
22.9999999966472,718.999996781349
23.3000000100583,1027.99999604374
23.6000000301748,910.000012774018
23.8999999698252,1036.99998722598
23.9,1159.9999958761
24.0,969.0
24.000000013411,957.000002548098
24.1999999731779,994.999994903804
24.2,1014.9999986589
24.2999999966472,1049.99999882653
24.3000000033528,1060.99999926239
24.4000000301748,1038.99999979883
24.6999999698252,1037.00000020117
24.6000000033528,1015.00000073761
24.3,1003.0
24.199999986589,968.000002816319
24.0000000268221,1009.99999436736
23.9000000067055,1075.99999557435
23.9,1041.00000117347
23.7,978.000000234693
23.6999999899417,984.999997586012
23.6000000100583,961.000002413988
23.5000000033528,975.999999497086
23.8,977.0
24.000000013411,1055.00000140816
24.1999999731779,1075.99999718368
24.2,1072.00000026822
24.2,1096.99999916181
24.2999999966472,1096.99999886006
24.2000000100583,1062.99999738485
24.2999999899417,1037.00000261515
24.3,1026.0000003688
24.3,1031.0
24.299999986589,995.999998994172
24.1000000268221,981.000002011656
24.0000000067055,980.000000067055
23.9000000033528,971.000000301749
23.9000000033528,995.000001978129
24.0000000100583,1054.00000221282
24.0999999899417,1075.99999778718
24.1999999966472,1129.99999818951
24.3,1139.0
24.2999999932945,1132.99999758601
24.200000013411,1097.00000482798
24.2,1034.00000422448
24.2,1062.9999990277
23.9999999932945,1049.99999825656
23.7999999899417,998.000000804662
23.7000000100583,1005.99999919534
23.7,984.000000737608
23.6,1064.0
23.8,1004.99999852479
23.8,983.000002950429
23.999999986589,1063.99999456853
24.0999999966472,1048.00000053644
24.2,1072.99999859184
24.1999999899417,1030.99999517202
24.1000000100583,983.000004827975
24.1999999966472,1017.99999882653
24.0,1012.0
24.0,1052.99999711663
24.0,1010.00000576675
23.9000000067055,1001.0000006035
23.9,998.000000100583
23.8999999966472,959.000000938773
23.8,987.000005934386
23.8,1045.99999406561
23.8999999966472,1155.99999631196
23.8,1242.0
23.7000000067055,1191.9999955073
23.799999986589,1125.0000089854
23.7000000067055,1036.00000596792
23.9999999899417,1080.99999849126
23.8999999966472,1044.99999798834
23.8,984.999997988344
23.8,965.000002011656
23.8,990.999999128282
23.9,943.0
23.9000000067055,996.000002011656
23.999999986589,1025.99999597669
24.0,1053.99999812245
24.1999999932945,1021.00000110641
24.2999999966472,1026.00000046939
24.2000000100583,1039.99999859184
24.2999999899417,1026.00000140816
24.1000000067055,1014.00000040233
24.0,983.0
23.8999999932945,989.00000140816
23.800000013411,1009.99999718368
23.8,1030.99999859184
23.8,1114.99999718368
23.9000000033528,1156.9999990277
24.0000000201166,1127.99999597669
24.1999999798834,1088.00000402331
24.2,1061.00000090525
24.2,1031.0
24.0999999932945,1021.99999711663
24.000000013411,979.000005766748
23.9000000067055,967.000000804663
23.8000000033528,1025.99999802187
24.0000000067055,1103.00000050291
24.2000000301748,1117.9999935627
24.4999999698252,1054.0000064373
24.899999986589,1022.00000107288
25.2,971.0
25.4000000067055,1031.00000576675
25.499999986589,1116.9999884665
25.7999999798834,989.000008583069
25.8,907.000002749264
25.6000000033528,870.999997854233
25.7000000402331,806.99999537319
26.0999999597669,761.00000462681
25.9000000067055,678.000002782792
25.6,601.0
25.5999999396503,583.000005766748
24.7000001206994,668.999988466504
24.7,584.000005699695
24.9999999899417,557.000000905246
24.7999999932945,534.999999832362
24.6000000603497,530.000005431472
25.1999999396503,583.999994568528
24.7000000167638,586.999999899417
25.3,638.0
25.0,641.999997854233
25.0,610.000004291534
25.6999999530613,669.999995976686
25.7,562.000003620982
26.1999999966472,517.000000301749
26.0999999899417,526.000000804662
26.0000000100583,533.999999195338
25.9000000033528,498.000001206994
26.4,463.0
26.7000000201166,446.000000335276
26.9999999597669,450.999999329448
26.6000000268221,452.99999986589
26.5000000033528,435.000000603497
26.0000000100583,457.999999128282
26.3000000100583,431.999999396503
26.3999999899417,426.000000603497
26.5999999932945,429.99999986589
26.8,419.0
27.0999999597669,474.999997317792
26.5000000804663,435.000005364417
26.8999999731779,426.000000603497
26.3000000201166,410.000000536442
27.3000000067055,428.000001810491
27.4999999698252,481.999998793006
27.2000000301748,470.000001206994
26.9000000100583,449.00000070408
27.7,428.0
26.8000000402331,421.000000268221
27.3999999195337,424.999999463558
27.4999999932945,436.999999195337
26.8000000234693,429.000000268221
27.3999999932945,434.999999765307
27.1999999698252,428.000002413988
26.9000000301748,451.999997586012
27.4999999798834,437.000000502914
26.7,414.0
27.5999999664724,420.999999597669
27.1000000670552,415.000000804663
27.4999999731779,425.999999262392
26.8000000234693,455.999998994172
26.7999999832362,444.999999530613
26.2999999698252,430.999998692423
26.0000000301748,418.000001307577
24.6000000469387,423.999999798834
25.2,415.0
24.9000000469386,436.999997854233
25.5999999061227,405.000004291534
26.2999999530613,414.999999329448
26.5999999899417,484.999997653067
26.2000000100583,463.999998725951
26.4999999899417,425.999998692423
26.4000000100583,413.000001307577
26.3000000033528,410.000000100583
26.0,453.0
24.3000000268221,426.999999530614
24.6999999463558,420.000000938773
25.9999999128282,420.0
26.1999999932945,414.000000201166
26.2999999798834,413.000000871718
25.6999999497086,438.99999929592
25.2000000502914,432.00000070408
25.2,431.000000033528
25.4,437.0
25.6999999463558,452.000000536442
24.9000001072883,459.999998927117
24.9,466.999999530613
25.299999986589,460.000000234693
25.0000000033528,432.000002581626
25.1000000100583,509.00000392273
25.1999999899417,547.99999607727
25.4999999899417,618.999997619539
25.1,611.0
24.9999999798834,536.999998122454
24.7000000402331,509.000003755092
24.500000013411,499.000000670552
24.0000000167638,456.000001441687
24.0999999664724,453.000000234693
23.1000000100583,459.999999195337
23.1999999899417,452.000000804663
23.4999999899417,437.000000502914
23.5,430.0
23.499999986589,432.000001139939
23.3000000268221,448.999997720123
23.3,474.999998256564
23.2000000033528,495.99999929592
23.0,616.000001810491
22.9999999899417,670.000011868773
22.9000000100583,787.999988131228
22.7000000067055,809.999999262393
22.7,887.0
22.5,890.99999664724
22.5,841.000006705521
22.300000013411,866.999998256564
22.3,871.999999832362
22.2,847.999999731779
22.1999999597669,839.999998290092
21.8000000402331,823.000001709908
20.2000000536442,574.000008348376
19.8,531.0
19.7,494.999998658896
19.7,475.000002682208
19.899999986589,479.999999664724
20.0999999932945,459.00000070408
20.2000000033528,470.000000301749
20.3000000100583,479.000000100583
20.3999999899417,479.999999899417
20.4,485.999999798834
20.4,495.0
20.3999999932945,498.0
20.300000013411,498.0
20.3999999932945,488.000000670552
20.2000000067055,498.999999631196
20.1999999932945,494.999999530613
19.9999999899417,481.000001106411
19.9000000100583,491.999998893589
20.0999999932945,485.000000234693
19.8,496.0
19.799999986589,494.999998927117
19.6000000268221,479.000002145767
19.6,470.000000603497
19.5000000033528,473.99999986589
19.3999999966472,469.000000301749
19.2999999899417,477.999999497086
19.2000000100583,473.000000502914
19.1000000033528,475.999999899417
19.0,476.0
18.999999986589,464.99999986589
18.8000000268221,463.000000268221
18.8,469.999999530613
18.8999999966472,481.999999597669
18.7999999932945,467.99999986589
18.6,464.00000070408
18.6,470.99999929592
18.6,468.000000100583
18.4,474.0
18.4999999932945,484.999999731779
18.400000013411,481.000000536442
18.3000000067055,468.000000871718
18.3,473.999999798834
18.2999999932945,485.999999631196
18.1,474.999998491258
18.1,460.000001508742
18.1,497.999998725951
18.1,482.0
18.0000000067055,481.500000033528
17.900000013411,481.000000067055
17.9,468.000000871718
17.8000000033528,473.999999798834
17.8,475.999999731779
17.7999999899417,468.0
17.7000000100583,468.0
17.6000000033528,472.999999832362
17.8,470.0
18.0000000067055,463.0
18.099999986589,463.0
18.1,456.000000469387
18.1,457.999999932945
18.1000000033528,453.000000100583
18.2,455.999998692423
18.2,443.000001307577
18.2,450.999999731779
18.2,457.0
18.2,448.000000804663
18.2,459.999998390675
18.1000000067055,472.999999128282
18.1999999966472,458.000000502914
18.2000000033528,464.000000201166
18.3000000603497,470.000008348374
18.8999999396503,552.999991651626
19.6999999731779,679.999995741993
20.3,780.0
21.0000000469386,923.99999523908
21.6999999061227,853.00000952184
21.9999999798834,975.999991752207
22.2999999899417,1108.99999554083
22.4000000067055,964.99999788776
22.6000000301748,902.000025548036
22.8999999698252,1155.99997445196
23.1999999899417,1136.00000067055
23.2,1007.0
23.500000013411,990.000001005828
23.6999999731779,1004.99999798834
23.899999986589,1014.99999932945
23.9999999966472,1099.99999715015
24.1000000033528,1090.99999748543
24.2000000100583,1016.00000070408
24.2999999899417,1022.99999929592
24.3,1024.99999993294
24.4,1007.0
24.2999999798834,992.000000201166
24.0000000402331,994.999999597669
24.0,995.999999932945
23.8000000067055,966.000001005828
23.5999999966472,982.000002581626
23.5,1059.0000099577
23.5,1157.9999900423
23.5,1086.00000241399
23.4,1064.0
23.4000000067055,1040.00000087172
23.499999986589,1052.99999825656
23.7999999798834,970.000005565584
23.8999999966472,946.000000804663
24.0000000033528,1005.99999889359
24.1000000201166,973.000006739049
24.2999999798834,1039.99999326095
24.3,1026.00000046939
24.3,1064.0
24.0999999932945,1070.99999959767
24.000000013411,1065.00000080466
23.800000013411,1005.00000402331
23.7000000033528,1019.99999949709
23.6000000067055,1007.00000201166
23.8,1066.99999738485
23.8,1041.00000261515
23.8,983.000001944602
23.7,898.0
23.5,814.999997787178
23.5,782.000004425644
23.5999999932945,811.999997988343
23.7999999932945,808.00000013411
23.9999999932945,828.99999929592
23.8000000100583,807.999998893589
23.8999999899417,797.000001106411
23.9,834.999998725951
24.0,889.0
23.9,967.000009454785
23.9,1107.99998109043
23.9,1237.99999128282
23.7000000067055,1205.00000110641
23.6000000033528,1159.99999772012
23.6999999899417,1092.00000251457
23.6000000100583,1116.99999748543
23.5000000033528,1045.00000241399
23.5,1006.0
23.3999999932945,938.999995037914
23.300000013411,865.000009924171
23.2000000067055,852.000000871718
23.2999999966472,839.000000435859
23.2,812.999999597669
23.2000000100583,800.999997887761
23.2999999899417,780.000002112239
23.3999999966472,741.000001307577
23.4,731.0
23.4999999932945,750.000003822147
23.400000013411,806.999992355706
23.4,887.999994568526
23.4,955.999997720122
23.4999999966472,950.000001911074
23.3999999798834,1007.00000482798
23.2000000201166,1054.99999517202
23.0000000067055,1032.00000077114
23.0,985.0
22.9,967.999994300307
22.9,883.000011399386
22.8000000067055,851.000002145767
22.8999999966472,801.000001676381
22.8000000033528,753.999999027699
22.9,724.99999607727
22.9,686.00000392273
23.1999999899417,629.000001911074
22.9,769.0
22.9,812.999997787178
22.9,780.000004425644
22.9,785.999999597669
22.7000000067055,872.999997083098
22.700000013411,957.00000154227
23.1000000402331,1003.00000724196
23.4999999597669,1074.99999275804
23.6999999932945,1050.00000083819
24.0,1026.0
24.4000000201166,1000.00000395626
24.6999999597669,1058.99999208749
25.0999999731779,1091.99999778718
25.2999999932945,1133.99999859184
25.5999999899417,1038.99999818951
25.3000000402331,984.999996278436
25.6999999597669,948.000003721564
25.7999999966472,999.999998256564
25.6,841.0
26.0999999932945,798.99999986589
26.000000013411,797.000000268221
25.9000000067055,683.000007644296
26.3999999832362,646.000001240522
26.0999999966472,784.999994367361
26.0000000100583,616.999998290092
26.0999999899417,600.000001709908
26.1,640.999998625368
26.8,559.0
26.4999999932945,568.999999932945
26.400000013411,568.00000013411
26.1000000201166,551.000001139939
26.499999986589,627.999997418374
26.5,646.999999430031
26.4999999698252,629.999993663282
26.2000000301748,567.000006336718
25.9000000100583,676.999996311962
25.0,704.0
24.9999999463558,671.999997049571
24.2000001072883,628.000005900859
24.4999999798834,718.999993897974
23.3000000402331,716.000000100583
23.0000000100583,748.999999228865
23.3000000201166,725.999998491258
23.4999999798834,711.000001508742
23.4000000033528,699.000000402331
23.3,699.0
23.1000000536442,717.000006772576
23.8999998927117,817.999986454847
24.9999999262392,772.000003084541
24.0000000335276,666.000003553927
24.6000000067055,656.000000167638
24.7999999899417,660.999998893589
24.7000000100583,650.000001106411
24.9999999899417,687.999998725951
24.9,677.0
25.8999999195337,682.999993227424
24.7000001609325,582.000013545153
25.2999999597669,606.999998323619
26.1999999698251,625.999999362975
26.2000000067055,687.999995876103
26.399999929592,565.000003721564
25.700000070408,601.999996278436
26.4999999731779,589.000000435859
25.1,627.0
26.2000000536442,628.000002346932
26.9999998927117,662.999995306135
26.0000000670552,762.999993294477
26.5999999798834,630.000004459173
25.2000000368804,639.000000905246
26.2999999497086,665.999995473773
25.8000000502914,621.000004526227
26.4999999765307,547.000002481043
25.7,557.0
26.199999986589,569.000009454785
26.0000000268221,709.99998109043
26.0,633.000005163253
26.1999999932945,698.999997787177
25.6999999832362,693.999995205551
25.1999999497086,550.999998793006
24.7000000502914,539.000001206994
25.2999999798834,572.999998860061
26.3,669.0
25.9999999798834,625.999994166197
25.7000000402331,539.000011667607
26.3999999530613,594.999996244907
26.000000013411,596.999999932945
25.7999999798834,603.999999463558
25.1999999798834,587.999998893589
25.0000000201166,577.000001106411
23.8000000402331,506.000002380461
24.1,595.0
24.2000000201166,626.999998122454
24.4999999597669,599.000003755092
24.699999986589,774.99998819828
24.9999999899417,764.000000368804
24.6000000167638,744.0
25.0999999597669,744.00000784546
24.7000000402331,821.99999215454
25.3999999765307,810.000000402331
24.8,714.0
25.000000013411,673.000005431472
25.1999999731779,753.999989137056
25.2,817.999995708465
24.7000000167638,720.000003285706
24.8000000033528,846.000003319234
24.8999999899417,944.999993260951
24.8000000100583,878.000006739049
24.7000000033528,907.999998994172
24.7,1044.0
24.6,928.000001609325
24.6,951.99999678135
24.400000013411,1160.99998598546
24.2000000067055,1059.00000341982
23.8999999832362,1020.99999849126
23.3999999698252,975.999999798834
23.1000000301748,974.000000201166
22.9000000067055,945.000000972301
22.8,956.0
22.499999986589,955.999998189509
22.3000000268221,929.000003620981
22.0000000201166,937.999999396503
21.8000000067055,921.000000569969
21.4999999932945,907.000000771135
21.2999999094755,929.999989137056
20.4000000905245,822.000010862944
19.5000000301749,754.000002279878
19.2,682.0
18.7999999664724,660.999997988344
18.3000000670552,631.000004023313
18.3,607.000001609326
18.4999999932945,595.000000402331
18.1999999966472,603.999998625368
18.0999999899417,562.999998692423
18.0000000100583,550.000001307577
17.9000000033528,583.999998860061
17.9,606.0
17.7999999932945,575.000002682208
17.700000013411,614.999994635583
17.500000013411,586.000001944602
17.4000000033528,616.999998960644
17.2000000033528,600.999999798834
17.2999999899417,594.999998189509
17.2000000100583,577.000001810491
17.0000000067055,561.000000536442
17.1,630.0
16.7999999932945,613.000000402331
16.700000013411,618.999999195337
16.7999999932945,575.00000295043
16.6000000067055,609.999998826533
16.4,619.999999061227
16.4000000100583,592.000003017484
16.4999999899417,621.999996982516
16.4000000033528,598.000000804663
16.6,628.0
16.5,595.00000013411
16.5,596.999999731779
17.0999999597669,636.999997317791
17.7999999765307,603.000001139939
18.3,626.999998558313
18.3,584.00000321865
18.3,615.99999678135
18.2000000033528,625.999999664724
18.1,627.0
17.8999999932945,599.000001139939
17.800000013411,615.999997720123
17.5000000201166,636.99999859184
17.2000000100583,642.999999798834
17.0999999932945,659.999998725951
16.9,622.000005934386
16.9,680.999994065614
16.8000000033528,613.000002279878
16.8,637.0
16.5999999932945,653.499998893589
16.500000013411,669.999997787178
16.5999999932945,674.999999664724
16.3000000100583,611.000002145767
16.2999999966472,625.000000905246
16.2000000301748,651.999999698251
16.4999999698252,649.000000301749
16.899999986589,650.999999932945
17.2,637.0
17.500000013411,662.99999986589
17.6999999731779,661.000000268221
17.7999999932945,670.999999329448
17.8,656.000000502914
17.8999999966472,643.000000603497
17.8,661.000000502914
17.8,665.999999497086
17.8999999966472,672.999999765307
17.7,673.0
17.799999986589,679.999999731779
17.6000000268221,676.000000536442
17.6,694.999998725951
17.6999999966472,677.000000603497
17.7000000033528,675.000000569969
17.8000000603497,691.999997887761
18.3999999396503,671.000002112239
19.1999999731779,665.000000201166
20.0,688.0
20.8000000268221,896.000002883374
21.1999999463558,938.999994233252
21.4999999798834,1030.99999383092
21.6999999932945,1056.99999912828
21.800000013411,989.00000083819
22.2000000100583,1013.99999537319
22.2999999899417,968.00000462681
22.3,958.000000335276
22.3,1136.0
22.4000000067055,1136.99999637902
22.499999986589,1083.00000724196
22.5999999932945,1104.99999852479
22.7999999932945,1047.0000019446
22.9000000033528,1049.99999899417
23.0000000100583,1019.99999969825
23.0999999899417,1017.00000030175
23.1,979.000001274049
23.1,977.0
23.0000000067055,995.000000335276
23.099999986589,999.999999329448
23.1,1017.99999879301
23.1,1030.99999956414
23.1999999966472,1061.00000020117
23.1,1066.99999627844
23.1,1030.00000372156
23.1999999966472,1048.99999936298
23.2,1006.0
23.2,1017.99999704957
23.2,974.000005900859
23.2,1003.99999798834
23.2999999966472,1022.99999936298
23.3,1058.99999909475
23.3,1031.99999929592
23.3,1025.00000070408
23.3999999966472,1000.00000083819
23.5,991.0
23.4000000067055,976.000003889202
23.499999986589,1033.9999922216
23.4000000067055,1112.99999470264
23.4,1080.00000110641
23.4,1020.00000006706
23.4,1022.0000041239
23.4,1062.9999958761
23.3000000033528,990.000002447516
23.4,1004.0
23.4,994.999999262393
23.4,984.000001475215
23.4,998.999998994172
23.4999999966472,994.000000167638
23.5,1001.00000087172
23.5,1027.00000010058
23.5,1027.99999989942
23.5999999966472,996.000001072884
23.4,989.0
23.5000000067055,1045.00000147521
23.599999986589,1066.99999704957
23.6,1069.99999979883
23.6,1034.00000120699
23.6000000100583,1057.00000063702
23.8999999899417,1075.99999758601
23.8000000100583,1052.00000241399
23.8,1025.00000090525
24.0,1013.0
24.0,989.999999597669
24.0,984.000000804662
24.199999986589,995.999999195337
24.2,973.000000771135
24.099999986589,1032.00000063702
23.6999999798834,1051.00000472739
23.5000000201166,1097.99999527261
23.4000000033528,1106.99999969825
23.3,1178.0
23.4000000067055,1141.99999966472
23.499999986589,1137.00000067055
23.699999986589,1117.0000013411
23.6000000033528,1061.00000187755
23.7000000033528,1031.99999996647
23.8,1030.99999698252
23.8,1001.00000301748
23.8,982.000000637025
23.9,978.0
23.8000000067055,960.00000154227
23.899999986589,982.99999691546
23.9,1017.99999765307
23.9,1124.99999641255
23.9999999966472,1081.00000295043
23.9000000201166,1168.99999376387
24.0999999798834,1107.00000623613
24.2999999932945,1117.9999996312
24.0,1113.0
23.7,1201.99999812245
23.7,1174.00000375509
23.500000013411,1163.00000073761
23.2000000100583,1100.00000211224
23.3000000100583,1068.99999969825
23.6000000301748,1059.99999285862
23.8999999698252,989.00000714138
24.1999999899417,967.000000737607
24.6,1080.0
24.600000013411,1143.99999631196
24.7999999731779,1089.00000737607
24.999999986589,1102.99999906123
25.0999999966472,1036.00000224635
25.2,1009.9999990277
25.2000000100583,981.000006739049
25.2999999899417,1047.99999326095
25.2000000033528,1053.99999979883
25.3,1081.0
25.6999999463558,1020.99998350442
24.9000001072883,775.000032991164
25.8999999329448,804.999997988343
25.3000000201166,799.000000201166
26.1999999832362,867.999997485429
25.700000070408,793.000006739049
26.399999929592,859.999993260951
25.9000000167638,730.00000435859
26.6,668.0
26.000000013411,579.000001341104
26.1999999731779,598.999997317792
26.4999999798834,649.999996580183
26.5999999966472,619.000001039356
26.6,573.999999765307
26.5999999798834,567.000008448957
26.4000000201166,650.999991551043
26.2000000067055,553.000003285706
25.5,589.0
24.799999986589,652.999992355706
24.6000000268221,539.000015288588
24.0000000402331,490.000003285706
24.399999986589,494.999999832362
25.4999999966472,572.999997284263
25.3999999698252,491.999999497086
25.1000000301748,487.000000502914
25.5999999832362,522.999998793006
26.1,586.0
26.1000000067055,561.000000871718
26.199999986589,573.999998256564
26.2,582.999999396503
26.2,528.000001844019
26.1000000201166,533.999998155981
26.6999999698252,478.999999798834
26.4000000301748,477.000000201166
26.8999999832362,516.999998658895
27.0,476.0
26.4999999798834,489.999999061227
26.2000000402331,476.000001877546
26.2999999932945,520.999996982515
26.699999986589,499.000000737607
26.7000000067055,474.999999798834
26.8999999899417,469.000002816319
26.8000000100583,496.999997183681
26.400000013411,536.999998658895
25.9,476.0
25.8999999530614,517.999996647239
25.2000000938773,468.000006705521
26.3999999195337,473.999999597669
26.2000000067055,485.999999597669
26.0000000067055,475.000001441687
26.1999999497086,518.000007744877
25.7000000502914,594.999992255123
25.1000000201166,627.999998893589
24.9,659.0
24.4999999664724,689.00000140816
24.0000000670552,709.999997183681
23.5000000335276,678.000002145767
23.5,661.000000569969
23.8000000100583,650.99999859184
24.1000000502914,609.000001609325
24.5999999497086,624.999998390675
25.2999999765307,550.000002514571
24.9,642.0
24.6000000469387,633.000002481043
25.2999999061227,669.999995037914
25.2000000067055,650.000001341105
25.3999999932945,616.000001139939
25.7999999932945,553.000000167638
25.5999999798834,558.000009857116
25.4000000201166,655.999990142884
25.8999999832362,583.000002447516
26.0,545.0
25.6999999932945,622.000002816319
25.600000013411,663.999994367362
25.6999999932945,711.999996781349
25.1000000201166,657.000001844019
24.7999999966472,616.000001307577
24.6999999497086,654.999994467945
24.2000000502914,600.000005532055
24.1000000033528,564.000001206994
24.3,711.0
24.5000000067055,651.999999195337
24.599999986589,640.000001609325
24.6999999932945,643.999999731779
24.7,751.999996379018
24.7999999966472,879.000001709908
24.7,930.000007342546
24.7,1002.99999265745
24.5000000067055,1035.99999889359
24.5,957.0
24.3999999932945,1003.99999899417
24.300000013411,989.000002011656
24.3,951.000002548099
24.0000000100583,1068.99999604374
23.9999999899417,1020.99999969825
23.6999999798834,1012.00000050291
23.5000000201166,1016.99999949709
23.3000000067055,1004.00000043586
23.1,970.0
22.799999986589,951.000000938773
22.6000000268221,964.999998122454
22.3000000201166,925.000002682209
22.0000000100583,977.999998223036
21.799999986589,968.999997921288
21.3999998692423,906.99998501316
20.1000001307577,758.00001498684
19.6000000167638,692.000002212823
19.1,608.0
18.699999986589,574.999995507301
18.5000000268221,508.000008985398
18.300000013411,504.000000268221
18.3999999966472,495.000000301749
18.3,492.000000368804
18.2999999798834,503.000000100583
18.1000000201166,503.999999899417
18.0000000033528,493.000000368804
18.0,499.0
17.899999986589,538.999996311963
17.7000000268221,484.000007376073
17.7,508.999998323619
17.7999999966472,517.999999698251
17.7999999932945,535.000000033528
17.5999999899417,535.999996278436
17.5000000100583,499.000003721564
17.5,528.999998994172
17.4,522.0
17.399999986589,520.000003017484
17.2000000268221,564.999993965031
17.2,515.000003352762
17.1000000033528,540.999999128282
16.9999999932945,513.000000033528
16.7999999899417,513.999999798834
16.7000000100583,512.000000201166
16.7999999966472,514.999999899417
16.5,520.0
16.6999999798834,515.000000268221
16.4000000402331,518.999999463558
16.3000000067055,558.999997317791
16.3,517.00000140816
16.0999999966472,507.000000067055
16.0,508.999998994172
16.0,499.000001005828
16.0,498.000000033528
16.0,495.0
16.300000013411,500.999999597669
16.4999999731779,495.000000804663
16.5999999932945,498.999999731779
16.7999999932945,518.999999329448
16.8000000067055,496.000000905246
17.0,522.999999094755
17.0,514.000000905245
16.9000000033528,497.000000569969
17.1,518.0
17.1,517.000000201166
17.1,519.999999597669
17.0000000067055,524.999999664724
17.0,521.00000013411
16.9999999932945,550.999998793006
16.8,515.000001106411
16.8,525.999998893589
16.8999999966472,530.999999832362
16.9,539.0
17.0,540.000002749264
17.0,580.999994501473
17.0,535.00000308454
17.399999986589,542.999999731779
17.900000013411,540.000000167638
18.2999999899417,544.999999698252
18.2000000100583,542.000000301748
18.2,550.999999698251
18.2,586.0
17.9999999932945,547.000000268221
17.900000013411,550.999999463558
17.700000013411,552.99999986589
17.5000000067055,592.999998658895
17.9000000201166,558.000001072884
18.5000000905245,590.000004727392
19.3999999094755,636.999995272608
20.1999999731779,777.999995272606
20.9,862.0
21.500000013411,921.000007443128
21.6999999731779,1031.99998511374
22.0999999731779,907.000008381904
22.2999999932945,1171.99999111518
22.5000000033528,1079.99999631196
22.6,970.000008348374
22.6,1052.99999165163
22.7999999932945,1004.00000164285
22.9,1043.0
23.0000000067055,995.999999664724
23.099999986589,991.000000670552
23.1999999932945,962.000001944602
23.2999999966472,938.000000804663
23.3000000033528,995.000001139939
23.4000000100583,1029.00000633672
23.4999999899417,1091.99999366328
23.5,1098.99999976531
23.5,1174.0
23.6,1079.99999798834
23.6,1050.00000402331
23.6999999932945,1029.00000140816
23.7999999966472,1044.99999946356
23.8000000033528,1022.9999993965
23.9,1004.99999929592
23.9,998.00000070408
23.9,970.000000938773
24.0,959.0
24.0000000067055,967.000005364417
24.099999986589,1046.99998927117
24.1,1096.99999664724
24.1,1017.00000268221
23.9999999966472,995.000001810491
23.9,1049.00000160933
23.9,1064.99999839067
23.500000013411,1028.00000124052
23.5,1037.0
23.5000000067055,991.999994635583
23.599999986589,912.000010728834
23.799999986589,960.999996714294
23.8,976.999999463558
23.7000000067055,1110.99999916181
23.9000000100583,1086.0000023134
23.9999999899417,1108.9999976866
23.9000000033528,1044.0000021793
23.8,979.0
24.099999986589,990.000003486871
23.9000000268221,1041.99999302626
23.9999999932945,974.000004559756
24.0,1016.99999855831
24.0000000033528,1059.00000154227
24.0999999798834,1105.00000844896
23.9000000201166,1188.99999155104
23.9999999966472,1124.00000217929
23.6,1099.0
23.4999999932945,1101.99999463558
23.400000013411,1022.00001072883
23.599999986589,999.00000154227
23.6,1038.9999986589
23.7,1014.99999969825
23.7,1005.99999285862
23.7,935.00000714138
23.7999999966472,966.999998927116
23.7,1046.0
23.7000000067055,1080.00000046939
23.799999986589,1086.99999906123
23.8,1131.99999698251
23.7000000033528,1087.00000150874
23.7999999932945,1093.99999899417
23.6000000100583,1063.99999818951
23.6999999899417,1046.00000181049
23.7,1046.0
23.6,1010.0
23.8,972.999998860061
23.8,956.000002279877
23.8,1006.99999658018
23.7000000033528,965.00000140816
23.8,1063.00000140816
23.8000000100583,1104.99999969825
23.8999999899417,1102.00000030175
23.8000000033528,1115.99999953061
23.9,1102.0
23.9,1066.99999758601
23.9,1031.00000482798
23.9999999932945,984.000003151596
24.0,962.000000737607
24.0,973.000001307577
24.0,1012.00000261515
24.0,1037.99999738485
24.0,985.000001776964
24.0,1072.0
24.1999999731779,1101.99999711663
23.8000000536442,1059.00000576675
23.7000000067055,1079.99999859184
23.7,1000.00000268221
23.3999999932945,1061.0
23.1999999798834,1060.99999487028
23.0000000201166,1010.00000512972
23.1999999932945,970.000001341105
23.5,970.0
23.7000000201166,1015.00000335276
23.9999999597669,1064.99999329448
23.9000000067055,1096.99999785423
23.9999999966472,1115.99999936298
23.9000000033528,1064.99999912828
24.0,1038.99999195337
24.0,959.000008046625
24.0,904.000001844019
24.1,828.0
24.3,798.999998390675
24.3,775.00000321865
24.5999999798834,656.000007979572
24.7999999932945,639.00000056997
25.3000000100583,593.999999731779
25.5999999798834,586.000001810491
25.4000000201166,603.999998189509
25.5999999932945,751.999995037913
25.8,905.0
25.8999999731779,882.999987326565
25.5000000536442,694.00002534687
26.0999999597669,712.999998725951
26.1,575.000004626811
26.4000000067055,653.999999094754
26.6000000201166,626.999990444632
26.7999999798834,532.000009555368
26.8,544.999999564141
26.7,531.0
26.800000013411,491.999997653068
26.9999999731779,457.000004693865
27.3999999731779,502.999996915459
27.3000000033528,476.000000905246
27.199999986589,448.00000083819
26.8000000201166,472.999999396503
26.9999999798834,467.000000603497
26.1000000301749,463.00000013411
25.8,454.0
26.499999986589,470.00000167638
26.3000000268221,494.999996647239
26.3999999932945,477.000001206994
26.1000000100583,475.000000067055
25.9000000067055,475.999999094754
26.0999999899417,448.999998390675
26.0000000100583,433.000001609325
26.1999999932945,478.99999845773
26.3,444.0
26.2999999798834,435.000001341104
26.0000000402331,454.999997317792
25.6000000268221,428.000001810491
25.999999986589,446.999999362975
26.1999999899417,444.999999899417
25.9000000402331,442.000001709908
26.2999999597669,458.999998290092
26.5999999899417,494.999998793006
27.0,473.0
26.5000000067055,452.999998524785
26.599999986589,431.000002950429
26.400000013411,467.999997518956
26.1000000100583,439.000000972301
25.7999999664724,433.999999832362
24.8000000201166,428.999998088926
24.9999999798834,410.000001911074
25.7999999731779,437.999999061227
25.8,449.0
26.6,424.999999664724
26.6,420.000000670552
26.799999986589,479.999995976686
26.8,484.999999832362
25.9000000301749,442.999998994172
26.7999998793006,413.000004224478
25.6000001206994,454.999995775522
25.0000000201166,431.000000804663
24.6,421.0
25.6000000067055,419.999999329448
25.699999986589,410.000001341104
25.6000000067055,447.999997451901
25.6,417.000001039356
26.4999999899417,421.000000167638
26.1999999497086,426.000009354202
25.7000000502914,518.999990645798
25.2000000167638,490.000000972301
25.2,454.0
24.7999999597669,440.000000804663
24.2000000804663,451.999998390675
24.8999999530613,477.999998256564
25.0999999932945,451.000000905246
25.0999999966472,437.999999798834
24.9999999798834,432.000001709908
24.8000000201166,448.999998290092
24.7000000033528,505.999998088926
25.1,465.0
25.1,452.999999664724
25.1,448.000000670552
25.0000000067055,538.999993897974
24.9000000033528,618.999997317791
24.7000000033528,612.999998491257
24.7999999899417,567.999995473773
24.7000000100583,523.000004526227
24.6000000033528,522.000000033528
24.6,518.0
24.2999999932945,580.000001139939
24.200000013411,596.999997720123
24.2,595.00000013411
24.1000000033528,558.000001240522
24.2,632.000003218651
24.1999999698252,728.000002212822
23.9000000301748,749.999997787178
23.8000000033528,839.999996982515
23.9,939.0
23.6999999932945,954.999997988344
23.600000013411,925.000004023313
23.400000013411,994.999995306134
23.4,962.000001106411
22.4999999798834,914.999996714294
21.8999999597669,816.999992053958
21.5000000402331,738.000007946043
20.8000000234693,676.000002078712
20.5,619.0
20.199999986589,616.999994970859
20.0000000268221,542.000010058282
19.9000000067055,526.000001072884
19.4000000167638,551.999999128282
19.1,502.000001139939
19.1,535.999995674939
19.1,493.000004325061
19.1,476.000000569969
19.0,496.0
18.9,496.999999262393
18.9,486.000001475215
18.700000013411,486.999999932945
18.6000000033528,487.0
18.5999999899417,492.999999530613
18.3000000100583,479.000001609325
18.3999999899417,494.999998390675
18.2000000067055,482.000000435859
18.1,495.0
17.899999986589,495.000001341104
17.7000000268221,514.999997317792
17.899999986589,512.000000201166
17.7000000067055,519.999999731779
17.4999999966472,524.000000167638
17.3999999798834,529.000000201166
17.2000000201166,530.999999798834
17.2,517.000000469387
17.1,518.0
17.1999999932945,553.000000737607
17.100000013411,563.999998524785
17.0000000067055,539.000001676381
17.0,557.999999362975
16.9,559.000000938773
16.8999999798834,586.999996881933
16.7000000201166,556.000003118067
16.7,556.0
16.7,566.0
16.5999999932945,573.000002011656
16.500000013411,602.999995976687
16.4000000067055,569.000002279878
16.2000000067055,585.999999430031
16.2999999932945,615.999999899417
16.0999999899417,613.000003017484
16.0000000100583,642.999996982516
16.0,609.000001139939
16.1,623.0
16.1999999932945,617.000000402331
16.100000013411,611.000000804663
16.1999999932945,605.000000402331
16.3999999932945,605.999999966472
16.4000000033528,593.999999094754
16.5000000402331,567.000003017485
16.8999999597669,596.999996982515
17.0999999932945,600.999999865889
17.3,605.0
17.5000000067055,556.000003017484
17.599999986589,600.999993965031
17.6,579.000001475215
17.6,612.999998860061
17.7,597.00000070408
17.7000000100583,618.000002112239
17.7999999899417,638.999997887761
17.7000000033528,619.000000670552
17.9,632.0
17.8000000067055,635.999999597669
17.899999986589,630.000000804662
17.9,646.999998860061
17.9,649.999999899417
17.9000000301749,647.999999899417
18.8000000804663,645.000000502914
19.5999999195338,649.999999497086
20.3999999731779,732.999997217208
21.1,955.0
21.6000000201166,975.999996110798
21.8999999597669,918.000007778405
22.099999986589,1083.99998886883
22.2999999932945,995.000002983958
22.4000000033528,987.000008884818
22.5000000201166,1251.99997797236
22.6999999798834,1033.00002202764
22.7999999966472,993.000001341105
22.9,998.0
23.1000000067055,1045.9999986589
23.199999986589,1026.00000268221
23.4999999798834,968.000003889203
23.5999999966472,1005.99999872595
23.6000000033528,1027.99999949709
23.7000000100583,1012.99999899417
23.7999999899417,1003.00000100583
23.8999999966472,993.000000335276
23.8,962.0
24.1,957.000002279877
24.1,990.999995440246
24.1999999932945,1029.99999738485
24.1000000033528,1047.9999993965
23.9999999899417,1092.00000080466
23.6999999899417,1116.00000432506
23.6000000100583,1158.99999567494
23.5000000033528,1119.0000013411
23.5,1138.0
23.9,1111.99999879301
23.9,1094.00000241399
23.9999999932945,1039.00000368804
24.0999999966472,1031.00000026822
24.2,1016.9999993965
24.2,998.999996580184
24.2,965.000003419816
23.9000000100583,1063.99999668077
23.8,1007.0
23.4000000067055,1163.99998833239
23.499999986589,990.000023335214
23.300000013411,1014.99999832362
23.3999999966472,1063.99999835715
23.8000000033528,1017.99999976531
23.8999999899417,1011.00000372156
23.8000000100583,1047.99999627844
23.9999999932945,1014.00000113994
23.8,1017.0
23.9999999932945,956.999999061227
23.900000013411,943.000001877546
23.9999999932945,941.00000013411
24.0,964.999999195337
23.9999999966472,1026.00000261515
23.9000000100583,1104.00000271574
23.9999999899417,1130.99999728426
24.0,1131.0
24.0,1130.0
23.9,1117.99999912828
23.9,1105.00000174344
23.9,1096.0000006035
23.8000000033528,1077.00000063702
23.8000000033528,1052.99999792129
23.9,991.000003620981
23.9,1026.99999637902
23.9,996.000001039356
23.9,1047.0
23.9,1032.99999966472
23.9,1028.00000067055
23.9,985.000002883375
23.9,974.000000368804
23.9,1019.99999808893
23.9,963.00000140816
23.9,976.99999859184
23.9,1014.99999872595
23.9,971.0
23.9,1055.9999980554
23.9,1027.0000038892
23.9,1053.99999818951
23.9,1033.00000070408
23.9,1026.00000046939
23.9,1040.00000090525
23.9,1048.99999909475
23.8000000033528,995.000001810491
23.8,987.0
23.9000000067055,974.000001005828
23.999999986589,988.999997988344
23.9000000067055,1022.99999772012
23.9,1014.00000030175
23.9000000067055,1017.99999943003
24.0999999899417,1000.99999879301
24.0000000100583,989.000001206994
24.1999999932945,989.0
24.3,960.0
23.9999999731779,982.000002548098
23.6000000536442,1019.9999949038
23.8999999798834,1088.99999537319
23.6000000100583,1090.99999993294
23.5000000033528,1068.99999936298
23.6000000100583,1049.99999336153
23.6999999899417,984.000006638466
23.9999999899417,999.999999463558
24.2,1061.0
24.4000000201166,1131.00000107288
24.6999999597669,1146.99999785423
24.9999999798834,1084.00000422448
25.1999999932945,1032.00000174344
25.3999999899417,942.000001039356
25.1000000603497,973.000005330889
25.6999999396503,1025.99999466911
25.2000000167638,985.000001374632
25.9,932.0
25.4000000268221,825.999991148712
25.7999999463558,694.000017702576
25.5000000201166,726.999997787177
26.2999999731779,721.000000201166
25.2000000335276,727.999998692423
26.1999999698252,689.000011265275
25.9000000301748,800.999988734725
26.1999999899417,698.000003453344
26.5,698.0
26.2999999932945,640.999998524785
26.200000013411,619.000002950429
26.2,593.000001743436
26.3999999932945,600.999999731779
26.5999999798834,573.999999094754
26.0000000905245,546.999999899417
26.8999999094755,546.000000100583
26.2000000234693,540.000000201166
27.1,520.0
26.0000000804663,514.0
27.1999998390675,514.0
25.6000001072884,495.000001274049
26.4999999698251,505.999999631196
25.6000000268221,512.000000201166
26.3999999497086,518.000000804663
25.9000000502914,525.999999195337
25.8000000033528,512.000000469387
26.6,504.0
25.8000000603497,512.99999986589
26.6999998793006,511.000000268221
26.1000000402331,508.000000201166
26.7999999765307,480.000000938773
26.2000000033528,490.000000536442
26.2999999698252,506.000003017485
26.0000000301748,535.999996982516
26.399999986589,488.000001609326
26.9,513.0
25.7000000536442,479.000001408159
26.4999998927117,499.999997183681
25.1000000938773,447.000003553927
25.8999999731779,505.999998021871
26.2000000100583,482.000001274049
26.4999999698252,519.999998088927
26.2000000301748,501.000001911074
26.2,530.999998994172
26.3,479.0
25.2000001341104,518.999996982516
27.1999997317792,474.000006034969
26.0000000804663,484.999999262392
27.2999999564141,494.999999664724
25.4000000536442,495.999999832362
26.9999998088926,490.999997284264
25.1000001911074,464.000002715736
25.8999999731779,498.999998826533
24.7,454.0
25.499999986589,433.00000784546
25.3000000268221,549.99998430908
25.8999999597669,504.000003084541
25.9999999966472,514.999999631196
26.1999999765307,454.000000569969
25.5000000201166,471.000006236135
25.6999999798834,532.999993763865
26.2999999798834,481.000001743436
25.2,528.0
26.5999999128282,468.000004559754
25.3000001743435,535.999990880491
26.8999998927116,454.000005498529
25.2000000569969,514.999997954816
26.699999929592,476.999998323619
24.6000000905245,427.000006638466
25.4999999094755,492.999993361534
25.5999999966472,534.99999859184
24.5,496.0
26.0999999128282,524.999998524785
24.8000001743435,503.000002950429
25.2999999664724,547.999996982515
25.9999999765307,509.000001307577
24.6000000536442,554.999999765307
26.1999998692423,548.000000301748
24.9000001307577,550.999999698252
24.9,622.999997586012
25.0,535.0
25.0000000268221,570.999995842577
25.3999999463558,509.000008314846
24.4000000670552,541.999997787177
24.8999999832362,781.999991953373
25.2999999832362,550.00000083819
24.8,575.000014081594
24.8,714.999985918406
24.9999999932945,579.000004559756
24.1,599.0
24.6999999530614,675.00000167638
24.0000000938773,699.999996647239
24.4999999664724,762.999995775521
24.5999999966472,806.999998524785
24.2000000100583,754.999998055398
24.4999999597669,697.000002514571
24.1000000402331,721.99999748543
24.0000000033528,780.999998021871
24.0,804.0
23.7999999798834,797.000000469386
23.5000000402331,803.999999061227
23.5,778.000001743436
23.5,766.000000402331
22.5999999564141,668.999995306134
21.2999999698252,528.999996278436
21.0000000301748,492.000003721564
20.7000000100583,463.000000972301
20.2,471.0
19.899999986589,430.000001408159
19.7000000268221,450.999997183681
19.4000000201166,439.000000804663
19.1000000100583,448.999999664724
19.1000000100583,457.000000167638
19.4000000301748,462.000000804663
19.6999999698252,469.999999195337
19.6000000033528,455.000000502914
19.6,488.0
19.4999999932945,468.999999798834
19.400000013411,466.000000402331
19.4,476.999999262392
19.2000000067055,464.000000435859
19.0999999966472,459.000000100583
19.0000000100583,461.999999798834
19.0999999899417,460.000000201166
19.0000000033528,464.999999832362
18.8,464.0
18.8,457.000000737607
18.8,467.999998524785
18.8,464.000000268221
18.6000000067055,472.999999698251
18.4999999966472,459.000000637025
18.3999999899417,478.0
18.3000000100583,478.0
18.2000000033528,475.000000100583
18.2,482.0
18.0999999932945,495.999999664724
18.000000013411,491.000000670552
18.0,487.000000268221
18.0,492.999999798834
17.8,496.999999664724
17.7999999899417,487.000001709908
17.7000000100583,503.999998290092
17.6000000033528,496.000000268221
17.6,498.0
17.699999986589,489.000000268221
17.5000000268221,492.999999463558
17.4000000067055,492.000000067055
17.4,495.99999986589
17.4000000033528,482.000000301749
17.5,490.999998994172
17.5,481.000001005828
17.5999999966472,510.999998994172
17.6,500.0
17.6,510.00000013411
17.6,511.999999731779
17.5000000067055,498.000000938773
17.5,500.999999899417
17.2999999966472,495.999999228865
17.2000000301748,473.000001709908
17.4999999698252,489.999998290092
17.9999999832362,480.000000335276
18.4,476.0
18.600000013411,475.000000871718
18.7999999731779,487.999998256564
18.999999986589,475.000000871718
19.0999999966472,475.999999966472
19.1,488.0
19.1000000201166,487.999999597669
19.2999999798834,484.000000402331
19.2000000033528,478.000000201166
18.8,501.0
18.5999999932945,485.999999195337
18.500000013411,474.000001609325
18.5,495.999998524785
18.5999999966472,467.000000972301
18.7000000167638,490.000003118068
19.2000000804663,583.000006739049
19.9999999195337,649.999993260951
20.6999999765307,719.999997653067
21.0,715.0
21.5000000201166,665.000000536442
21.7999999597669,672.999998927117
21.999999986589,664.000000603497
22.0999999966472,718.999998155981
22.3000000100583,751.999999765307
22.6,744.999996580184
22.6,711.000003419816
22.6,701.000000335276
22.8,727.0
22.9000000201166,683.000008314846
23.1999999597669,806.999983370308
23.2,867.999995909631
23.4999999899417,862.000000201166
23.7999999932945,873.000008080155
23.6000000201166,1113.99998893589
23.7999999798834,1004.00001106411
23.8,1126.9999958761
24.0,1174.0
23.8999999932945,1224.99999624491
23.800000013411,1169.00000751018
23.7000000067055,1187.99999872595
23.8999999932945,1212.99999916181
23.9,1153.99999983236
23.8999999798834,1148.99999668077
23.7000000201166,1116.00000331923
23.7999999966472,1120.99999983236
23.7,1078.0
23.8000000067055,1062.99999430031
23.899999986589,978.000011399386
24.099999986589,971.000000469387
24.1999999966472,1020.99999832362
24.3999999932945,998.000001877546
24.1999999899417,1053.99999688193
24.1000000100583,1023.00000311807
24.1,1025.99999989942
23.9,1039.0
23.800000013411,1046.99999765307
23.9999999731779,1012.00000469386
24.0,1021.99999932945
24.0999999966472,1003.00000063702
23.9999999966472,975.999999262393
23.9000000100583,953.999997284264
23.9999999899417,927.000002715736
23.9000000033528,961.999998826533
24.0,955.0
23.9999999932945,943.000000871718
23.900000013411,955.999998256564
23.9999999932945,1077.99999181926
24.0,1130.99999822304
23.9999999966472,1204.99999899417
23.9000000201166,1174.99999718368
24.0999999798834,1147.00000281632
24.0000000033528,1113.00000113994
24.0,1058.0
24.0,1039.99999704957
24.0,996.000005900859
24.0,978.000001206994
24.1999999932945,949.000000972301
24.2000000033528,961.000002011657
24.2999999899417,1021.00000482798
24.2000000100583,1068.99999517202
24.2,1103.99999882653
24.2,1100.0
24.2,1076.99999845773
24.2,1054.00000308454
24.2999999932945,1023.00000207871
24.3,1012.0000003688
24.3000000067055,986.999999430031
24.4999999899417,969.999995071442
24.4000000100583,921.000004928558
24.4,948.999999061227
24.4,957.0
24.1999999798834,946.000002883374
23.9000000402331,988.999994233252
23.9999999932945,1012.99999839067
24.0,1088.9999974519
24.0,1241.99999932945
23.9999999899417,1221.99999185279
23.9000000100583,1141.00000814721
23.6000000100583,1049.00000308454
23.5,953.0
23.4,883.00000013411
23.4,884.999999731779
23.4999999932945,781.000006973744
23.5999999966472,777.00000013411
23.5999999932945,784.999999396503
23.4000000100583,766.999999798834
23.4999999899417,765.000000201166
23.5999999966472,875.999996278435
23.7,896.0
23.499999986589,838.99999859184
23.3000000268221,818.000002816319
23.7999999664724,807.000000737608
24.199999986589,783.000000804663
24.4000000100583,751.999998725951
24.7000000100583,713.999997787178
24.7999999899417,692.000002212822
25.199999986589,689.000000100583
24.8,690.0
24.9999999798834,689.000001274049
24.7000000402331,707.999997451902
24.9999999798834,823.999992221593
24.8000000067055,818.000000201166
25.1,874.999999329448
25.1,854.999994568528
25.1,801.000005431472
25.1,724.000002581626
25.1,708.0
25.0000000067055,688.000000804663
25.099999986589,699.999998390675
25.1999999932945,752.999996446073
25.3999999932945,766.999999530613
25.1999999899417,704.999999027699
24.9000000502914,676.000001911074
25.3999999497086,694.999998088926
24.9000000167638,788.999996848404
25.3,738.0
25.499999986589,636.999997116626
25.3000000268221,594.000005766748
25.499999986589,541.000003553927
25.3000000067055,572.999998927116
25.7999999899417,610.999999765307
25.5000000100583,603.999996278436
25.5999999899417,567.000003721564
25.7999999932945,577.999999631196
25.4,681.0
24.9999999798834,671.999998055399
24.7000000402331,643.000003889202
24.7,613.000002011657
24.8999999932945,597.000000536442
24.8000000167638,544.999997954816
25.3000000201166,483.999998893589
25.4999999798834,473.000001106411
25.5999999966472,514.99999859184
25.5,605.0
26.1999999664724,530.999998189509
25.7000000670552,504.000003620981
25.3000000268221,489.000001005828
26.2999999664724,469.000000670552
26.2000000067055,480.999997284263
26.4000000402331,400.000004928558
26.7999999597669,448.999995071442
26.0000000268221,483.999998826534
26.7,420.0
26.7999998860061,441.999998524785
25.1000002279877,420.000002950429
25.299999986589,464.999996982515
24.6000000234693,470.999999798834
24.3000000100583,453.999999932945
24.6000001005828,451.999999899417
25.5999998994172,451.000000100583
25.3000000100583,431.000000670552
25.0,448.0
25.600000013411,451.000001341104
25.7999999731779,470.999997317792
25.600000013411,440.000002078712
25.6999999966472,424.000000536442
25.3000000234693,450.999999731779
25.9999999698252,442.999999195337
25.7000000301748,435.000000804663
26.1999999832362,470.999998793006
25.6,448.0
26.4999999932945,459.999999932945
26.400000013411,459.00000013411
25.4000000670552,499.999997250736
26.3999999664724,499.000000033528
25.8000000167638,465.000000335276
26.2999999396503,474.999998893589
25.7000000603497,464.000001106411
25.5000000067055,555.999996915459
26.8,498.0
25.599999986589,446.000001810491
25.4000000268221,472.999996379019
26.5999999195337,462.000000737608
25.8000000268221,481.999999329448
26.0000000033528,481.000000938773
26.0999999899417,508.999994970859
26.0000000100583,459.000005029141
25.3000000234693,500.99999859184
26.1,481.0
25.199999986589,481.999997518957
25.0000000268221,445.000004962086
24.5000000335276,478.999997720122
25.0999999798834,499.99999929592
25.3000000100583,482.000000067055
25.6000000100583,483.999997787178
25.6999999899417,462.000002212822
25.2000000167638,451.000000368804
25.2,481.0
25.199999986589,481.000002279877
25.0000000268221,514.999995440246
24.9000000067055,473.00000281632
24.9,486.999999530613
24.8000000033528,471.0
24.8999999899417,470.999997988344
24.8000000100583,451.000002011656
24.7000000033528,458.999999731779
24.5,521.0
24.5999999932945,557.000002883374
24.500000013411,599.999994233252
24.4000000067055,633.999997720122
24.4,590.000001475215
24.2000000033528,576.000002447516
24.2999999698252,648.999997384847
24.0000000301748,623.000002615153
23.8000000067055,603.000000670552
23.9,659.0
23.8999999932945,634.999997183681
23.800000013411,593.000005632638
23.600000013411,584.000000603497
23.4000000067055,670.999997083097
22.8999999832362,592.999996446073
22.3999999597669,486.999994970859
22.0000000402331,437.000005029141
21.8000000067055,438.999999932945
21.5,427.0
21.3999999932945,424.999999463558
21.300000013411,417.000001072883
21.2000000067055,424.999999463558
21.0000000067055,426.999999932945
20.8,427.000000335276
20.7999999798834,436.999999195337
20.6000000201166,429.000000804663
20.5000000033528,429.999999966472
20.5,430.0
20.4000000067055,439.000000603497
20.499999986589,447.999998793006
20.5999999932945,462.999998994172
20.6,442.00000070408
20.5000000033528,449.000000201166
20.6,455.000001005828
20.6,464.999998994172
20.5000000033528,481.999999430031
20.4,467.0
20.4999999932945,475.999999597669
20.400000013411,470.000000804663
20.4,478.999999396503
20.4,475.00000013411
20.3999999966472,474.000000737607
20.3000000100583,495.999997887761
20.3999999899417,475.000002112239
20.2000000067055,488.999999530613
20.1,498.0
20.1000000067055,489.999999396503
20.199999986589,481.000001206994
19.9000000201166,491.999999262392
19.9999999966472,492.0
20.0000000033528,484.000000368804
20.1,494.999999698252
20.1,492.000000301748
19.9000000067055,487.000000167638
19.9,498.0
19.9,497.000000268221
19.9,500.999999463558
19.8000000067055,497.000000268221
19.8999999966472,493.00000013411
19.8000000033528,511.999999698251
19.9,503.0
19.9,503.0
19.9,500.000000100583
19.8,510.0
19.6000000067055,505.000000335276
19.699999986589,500.000000670552
19.6000000067055,500.999999932945
19.6,490.000000368804
19.7,501.999999798834
19.7,496.000001206994
19.7,507.999998793006
19.7,490.000000603497
19.8,492.0
19.7,492.000001408159
19.7,512.999997183681
19.7999999932945,489.000001609326
19.8,500.999999597669
19.8999999966472,510.999999094754
19.8,484.000001911074
19.8,502.999998088926
19.8999999966472,498.000000167638
19.9,498.0
19.8000000067055,492.000000067055
19.899999986589,492.99999986589
19.9999999932945,497.999999664724
20.0999999966472,496.000000067055
20.4000000167638,489.000002279878
20.9000000905245,557.000025749201
21.7999999094755,812.999974250799
22.3999999798834,628.000006202609
22.8,558.0
23.1000000201166,623.000013813374
23.3999999597669,828.999972373253
23.6999999798834,663.000011131168
23.7,702.999998658895
23.9000000033528,957.000004190952
24.0000000201166,1081.99997153506
24.1999999798834,799.000028464937
24.2999999966472,1049.99999158457
24.6,1151.0
24.300000013411,881.000005096196
24.4999999731779,956.999989807608
24.699999986589,919.000002548099
24.6000000033528,945.999999094754
24.5000000033528,1141.00000137463
24.6,1182.00000301748
24.6,1211.99999698252
24.6999999966472,1212.99999996647
24.6,1184.0
24.699999986589,1181.99999463558
24.5000000268221,1102.00001072883
24.5999999932945,1066.00000241399
24.8999999899417,1022.00000147522
24.3000000033528,911.999999664724
24.4000000402331,901.999994970859
24.7999999597669,852.000005029141
24.5000000100583,830.000000737607
24.2,797.0
24.2,821.000001139939
24.2,837.999997720123
24.2,804.000002279878
24.2,850.999998424202
24.2000000033528,926.999999698251
24.3,918.000008348374
24.3,1000.99999165163
24.1000000067055,954.000001575798
23.9,927.0
23.6999999932945,873.999995507301
23.600000013411,807.000008985398
23.5000000067055,782.000001676381
23.5,765.00000056997
23.4999999966472,766.999998960644
23.4,736.000002514571
23.4,760.99999748543
23.3000000033528,763.999999899417
23.4,818.0
23.3,909.000004023313
23.3,968.999991953375
23.100000013411,1030.99999584258
23.1999999966472,974.000001911074
23.1999999932945,934.999996714294
23.0000000100583,837.000000301748
23.0999999899417,839.999999698252
22.8000000100583,727.00000378862
22.7,777.0
22.699999986589,703.999997384847
22.5000000268221,665.000005230307
22.8999999731779,645.000001341105
23.0999999932945,649.999999832362
23.2999999966472,640.000001240522
23.2000000402331,676.999997787178
23.5999999597669,655.000002212822
23.5000000033528,645.000000335276
23.7,735.0
23.999999986589,854.00000321865
23.8000000268221,901.9999935627
23.999999986589,881.00000140816
24.0999999966472,939.999998021871
24.1,1071.99999953061
24.1000000100583,1058.00000201166
24.1999999899417,1077.99999798834
23.9000000100583,1111.99999886006
23.9,987.0
23.5000000067055,909.999997183681
23.599999986589,868.000005632638
23.5000000067055,828.000002682209
23.5,786.00000140816
23.6000000033528,724.999999061227
23.7000000201166,697.0
23.8999999798834,697.0
23.9,661.000001206994
24.0,642.0
24.2000000067055,632.999999329448
24.299999986589,623.000001341104
24.2000000067055,629.999999530613
24.2999999966472,722.999996881932
24.2999999966472,769.000001441687
24.1999999597669,812.000026252115
23.8000000402331,1072.99997374788
23.6000000067055,994.000002648682
23.4,881.0
23.6000000067055,848.999997720123
23.699999986589,815.000004559754
23.7999999932945,817.999999798834
23.8999999966472,792.000000871718
24.0000000033528,777.000000603497
24.1000000100583,795.000005733221
24.1999999899417,851.999994266779
24.2,1019.99999436736
24.5,1031.0
24.5000000067055,1065.99999530614
24.599999986589,996.00000938773
24.799999986589,973.00000154227
25.199999986589,870.000003453344
25.0999999966472,867.999999329448
25.0000000201166,847.999996177853
25.1999999798834,810.000003822147
25.6999999832362,781.000000972301
25.3,747.0
25.8000000067055,715.999992623927
25.899999986589,606.000014752147
25.6000000201166,569.000002481043
26.1999999798834,556.000000435859
25.6000000201166,619.999997116625
26.1999999597669,534.000006336718
25.8000000402331,596.999993663282
25.8,592.000000167638
26.3,627.0
26.000000013411,566.000000469386
26.1999999731779,572.999999061227
26.1000000067055,605.999997787177
26.0000000033528,617.999999597669
26.3999999731779,543.000001374632
25.6000000804663,583.999997183681
26.3999999195337,556.000002816319
25.2000000402331,652.999996747821
25.2,606.0
25.0999999932945,645.999998122454
25.000000013411,618.000003755092
25.0,546.000004827977
24.8000000067055,549.99999986589
25.4999999966472,561.000000603497
25.3999999899417,578.999996177853
25.3000000100583,541.000003822147
25.699999986589,583.999998558313
25.8,576.0
25.4000000335276,564.99999832362
25.8999999329448,540.000003352761
25.8000000067055,547.999999463558
25.8999999966472,545.000000100583
26.0999999899417,486.000000603497
25.8000000603497,503.999996580184
26.3999999396503,470.000003419816
26.2000000067055,498.999999027699
25.9,520.0
26.4999999664724,487.999999597669
26.0000000670552,482.000000804663
26.0999999932945,475.000000469387
25.9000000067055,478.99999986589
26.5999999832362,482.000001005828
26.1000000301748,511.999996680767
26.3999999698252,479.000003319233
26.3000000033528,486.999999731779
26.2,495.0
26.2999999463558,484.999999664724
25.5000001072883,480.000000670552
25.5,456.000001609326
24.7000000268221,452.00000013411
25.6999999832362,443.999999932945
25.2000000603497,441.999998994172
25.7999999396503,432.000001005828
25.8,419.000000435859
26.0,502.0
26.6999999396503,473.00000013411
25.8000001206994,474.999999731779
26.2999999664724,486.999999195337
25.5000000268221,491.999999832362
24.9999999765307,473.999999698251
24.3000001307577,465.000002112239
25.5999998692423,485.999997887761
25.200000013411,474.000000402331
25.6,467.0
26.1999999530614,437.000002816319
25.5000000938773,478.999994367362
26.3999999396503,451.000001877546
24.6000000603497,552.999996580183
25.5000000067055,617.999997921288
25.699999929592,555.999999798834
25.000000070408,554.000000201166
24.8000000067055,513.000001374632
24.7,498.0
24.600000013411,499.000001408159
24.7999999731779,519.999997183681
25.3999999597669,462.000003889203
25.2000000067055,431.000001039356
25.3999999798834,428.000001374632
24.8000000402331,469.000005934386
25.1999999597669,527.999994065614
25.6999999832362,541.999999530613
25.1,546.0
25.1999999597669,558.000001609325
24.6000000804663,581.99999678135
24.3000000201166,558.000001609325
23.900000013411,530.000000938773
23.8999999966472,479.999999329448
23.8000000201166,460.000000502914
23.9999999798834,464.999999497086
24.399999986589,491.999999094754
24.6,485.0
24.5999999932945,460.000001408159
24.500000013411,480.999997183681
24.5,509.999998055398
24.3000000067055,596.999997083098
24.1999999966472,588.999999798834
24.1,582.999998893589
24.1,572.000001106411
23.9000000067055,587.999999463558
23.8,743.0
23.5999999932945,739.000005029141
23.500000013411,813.999989941718
23.4000000067055,802.000000804663
22.9000000167638,671.000004392117
22.3999999899417,465.999998491257
22.0999999698252,421.000001408159
21.8000000301748,434.999998591841
21.7000000033528,439.999999832362
21.7,430.0
21.5999999932945,462.999998860061
21.500000013411,446.000002279877
21.4000000067055,434.000000804663
21.3000000033528,430.00000013411
21.3,456.999999664724
21.2999999899417,447.000000100583
21.2000000100583,447.999999899417
21.1000000033528,443.000000167638
21.0,453.0
21.0999999932945,441.999999932945
21.000000013411,441.00000013411
20.9000000067055,441.0
20.8000000033528,440.000000033528
20.8999999966472,436.000000067055
20.8000000100583,438.000001408159
20.8999999899417,451.999998591841
20.7000000067055,436.000000536442
20.6,446.0
20.7,447.00000013411
20.7,448.999999731779
20.7,445.000000268221
20.7,447.999999899417
20.6,444.999999765307
20.5999999899417,438.000000201166
20.5000000100583,439.999999798834
20.4000000033528,437.000000100583
20.5,440.0
20.4,446.999999731779
20.4,443.000000536442
20.3000000067055,453.999999262392
20.3,440.000000469387
20.3,448.000000033528
20.2999999899417,448.999999195337
20.2000000100583,441.000000804663
20.3999999932945,441.999999966472
20.3,432.0
20.3,431.999999798834
20.3,429.000000402331
20.2000000067055,432.999999731779
20.2999999966472,427.000000201166
20.4,430.000000603497
20.4,447.999998088926
20.4,429.000001911074
20.4,426.000000100583
20.4,432.0
20.4,432.000000335276
20.4,436.999999329448
20.3000000067055,432.000000335276
20.3,436.999999832362
20.1999999966472,417.000000502914
20.1,431.999999597669
20.1,428.000000402331
20.1,437.999999664724
20.0,439.0
19.9000000067055,441.000000268221
19.999999986589,444.999999463558
19.9000000067055,437.000000536442
19.9,442.999999798834
20.0000000033528,443.999999698251
20.0999999899417,435.000001810491
20.0000000100583,452.999998189509
20.0,452.000000033528
19.9,448.0
19.7999999932945,445.000000067055
19.700000013411,445.99999986589
19.7999999932945,432.000000938773
19.8,450.999999362975
20.1000000268221,450.999999631196
20.9000001005828,439.999999798834
21.8999998994172,438.000000201166
22.4999999798834,433.000000167638
22.8,424.0
23.400000013411,415.999999530613
23.5999999731779,409.000000938773
23.8999999798834,414.999999597669
24.1999999899417,415.0
24.4,460.000001206994
24.4000000201166,496.000002413988
24.5999999798834,519.999997586012
24.6999999966472,565.99999845773
24.7,584.0
24.3999999798834,601.00000154227
24.1000000402331,623.99999691546
24.299999986589,683.999995976686
24.2000000033528,759.999997451901
24.3999999932945,825.000000067055
24.2000000100583,827.000002011656
24.2999999899417,846.999997988344
24.2000000033528,955.99999634549
23.9,867.0
24.2000000067055,841.00000013411
24.299999986589,842.999999731779
24.2000000067055,791.000003486872
24.2999999966472,806.999999463558
24.4,776.999997384846
24.4000000100583,698.999998692423
24.4999999899417,686.000001307577
24.5999999966472,657.000000972301
24.4,638.0
24.100000013411,616.000001341104
24.2999999731779,635.999997317792
24.3999999932945,665.999997988343
24.4,655.000000368804
24.3000000033528,720.000004794449
24.4,863.000008046625
24.4,942.999991953375
24.4,945.999999899417
24.3,980.0
24.2000000201166,994.999999664724
24.4999999597669,990.000000670552
24.300000013411,959.000002078712
24.3,948.000000368804
24.3999999966472,866.00000083819
24.2999999899417,890.999995473773
24.2000000100583,846.000004526227
24.0000000067055,797.000001642853
24.2,772.0
24.199999986589,742.99999859184
24.0000000268221,722.000002816319
23.800000013411,638.000005632639
23.8,628.000000335276
23.4999999966472,568.999999463558
23.4000000100583,553.000000804662
23.4999999899417,560.999999195338
23.7999999899417,537.000000804663
23.8,518.0
24.0000000067055,518.999998256564
24.099999986589,493.000003486871
24.1,510.999998793006
24.1,489.000000737608
24.1000000033528,492.999999798834
24.2,486.999998591841
24.2,473.000001408159
24.2,468.000000167638
24.3,468.0
24.2000000067055,467.999999329448
24.299999986589,458.000001341104
24.3,458.0
24.3,452.000000201166
24.1999999932945,492.000006034971
24.0,672.000012572852
24.0,796.999987427148
24.0999999966472,912.999996110797
24.0,978.0
23.7999999932945,1048.99999362976
23.700000013411,954.00001274049
23.500000013411,876.000005230308
23.7999999899417,862.000000469387
24.0000000033528,873.999999698251
24.0999999899417,864.999996680767
24.0000000100583,832.000003319233
24.0999999966472,812.000000670552
24.1,802.0
24.000000013411,755.999999396503
24.1999999731779,747.000001206994
24.2,747.999999932945
24.2999999966472,735.000000435859
24.0,832.000003822148
24.0,946.0000064373
24.0,1009.9999935627
24.0999999966472,1015.99999979883
24.1,979.0
24.1000000067055,902.999993361534
24.199999986589,804.000013276932
24.4999999798834,813.999999329448
24.6999999932945,777.000001240522
24.8000000033528,817.99999929592
24.8999999798834,796.999986018988
24.7000000201166,658.000013981012
24.7999999966472,709.999998256564
25.2,760.0
24.9000000067055,632.999997116626
24.999999986589,590.000005766748
25.199999986589,608.999998725951
25.1000000033528,574.000001173467
25.5,571.000000335276
25.4999999698252,580.999994769693
25.2000000301748,529.000005230307
25.2,541.999999564141
25.7,569.0
25.5999999932945,513.999997049571
25.500000013411,470.000005900859
25.699999986589,447.00000154227
25.7999999966472,425.000000737608
25.8000000067055,412.999999865889
26.0,408.999999798834
26.0,407.000000201166
25.9000000033528,405.000000067055
25.9,391.0
26.1000000335276,408.999999597669
26.5999999329448,403.000000804663
26.6999999932945,399.000000268221
26.300000013411,396.000000100583
26.4999999899417,438.000001676381
26.1999999698252,487.999996580184
25.9000000301748,454.000003419816
25.500000013411,456.999999899417
25.7,476.0
25.8000000201166,441.000001475215
26.0999999597669,462.999997049571
25.900000013411,440.00000154227
25.9999999966472,453.999999530613
25.6999999932945,458.999998927116
25.4999999698252,427.000001709908
25.2000000301748,443.999998290092
25.2999999966472,430.000000469387
25.2,420.0
25.600000013411,431.999999195337
25.7999999731779,420.000001609325
25.600000013411,410.000000670552
26.0999999832362,424.999999497086
25.900000013411,425.999999463558
26.2999999698252,410.000004425644
26.0000000301748,453.999995574356
26.1999999932945,421.000001106411
26.3,409.0
26.0999999798834,420.000000804663
25.8000000402331,431.999998390675
25.7000000067055,413.000001274049
26.3999999765307,415.999999899417
26.0999999966472,453.999998826534
25.9999999798834,419.000000201166
25.8000000201166,420.999999798834
25.8999999966472,431.999999631196
26.5,417.0
26.1999999664724,400.000002950429
25.7000000670552,443.999994099141
25.7999999932945,413.000002078712
25.7000000033528,431.999999362975
25.9000000033528,452.999999262392
26.0000000301748,430.999997384847
26.2999999698252,405.000002615153
26.2000000033528,402.000000100583
25.9,451.0
25.9000000268221,430.999997049571
26.2999999463558,387.000005900859
26.0000000201166,442.999996244907
26.0,434.000000301749
26.3999999765307,407.000002883375
25.6999999899417,492.999992657454
25.6000000100583,420.000007342546
25.6999999966472,437.999999396503
25.8,418.0
26.1999999798834,394.000002011656
25.9000000402331,423.999995976687
25.6000000201166,414.000000670552
26.0999999832362,434.99999929592
25.8000000100583,427.999999195337
26.0999999698252,404.000001206994
25.8000000301748,415.999998793006
25.8,428.999999564141
25.4,424.0
25.8000000067055,437.999998658896
25.899999986589,418.000002682208
25.3000000402331,417.000000067055
25.1000000067055,415.000000067055
25.599999986589,429.999999262392
25.1999999899417,407.999999798834
25.1000000100583,406.000000201166
25.1999999966472,407.999999932945
25.1,408.0
24.8,416.000000670552
24.8,425.999998658896
25.0999999798834,436.999999262392
25.1999999966472,403.000001139939
24.9999999932945,412.000000670552
24.8000000201166,431.999999195337
24.9999999798834,424.000000804663
25.0,400.000000804663
24.8,428.0
24.7,415.000000737607
24.7,425.999998524785
24.4000000201166,413.000000871718
24.3000000033528,420.999999731779
24.2999999932945,426.000000670552
24.0999999798834,445.99999748543
23.9000000201166,421.00000251457
23.7000000067055,430.999999664724
23.6,445.0
23.4,419.000002011656
23.4,448.999995976687
23.200000013411,437.000000804663
23.1000000033528,427.000000335276
22.8999999932945,424.00000013411
22.7,427.999998893589
22.7,417.000001106411
22.4000000100583,426.999999664724
22.4,434.0
22.399999986589,425.000000268221
22.2000000268221,428.999999463558
22.1000000067055,429.999999932945
22.0000000033528,430.0
21.9999999966472,435.999999564141
21.8999999899417,423.000001307577
21.8000000100583,435.999998692423
21.7000000033528,421.000000502914
21.6,427.0
21.3999999932945,440.0
21.300000013411,440.0
21.3,440.999999932945
21.2000000033528,447.999999765307
21.0,435.000000603497
20.9999999899417,452.999998591841
20.9000000100583,439.000001408159
20.7000000067055,432.000000234693
20.7,444.0
20.700000013411,448.999999396503
20.8999999731779,440.000001206994
20.9,440.0
20.6000000100583,440.0
20.3,439.000000067055
20.3000000100583,441.00000070408
20.3999999899417,447.99999929592
20.3000000033528,441.000000234693
20.2,437.0
19.999999986589,463.999999396503
19.8000000268221,455.000001206994
19.7000000067055,446.000000603497
19.7,452.999999765307
19.6999999966472,455.999999832362
19.5999999798834,450.999999497086
19.4000000201166,446.000000502914
19.3000000033528,444.000000067055
19.3,449.0
19.1,454.0
19.1,454.0
19.1999999932945,440.000000938773
19.1000000033528,457.999999396503
18.9999999966472,462.000000100583
18.9000000100583,465.000000804663
18.9999999899417,472.999999195337
19.0999999966472,468.000000167638
18.9,473.0
18.8500000033528,473.999999932945
18.8000000067055,474.99999986589
18.7000000067055,468.000000469387
18.6000000033528,468.999999966472
18.6999999966472,462.0
18.6,462.000001508742
18.6,476.999998491258
18.6999999966472,469.000000268221
18.8,476.0
18.800000013411,465.000000536442
18.9999999731779,472.999998927117
18.800000013411,471.00000013411
18.8,485.999999497086
18.8,473.999999798834
18.7999999798834,468.000001307577
18.6000000201166,480.999998692423
18.6,473.000000268221
18.5,481.0
18.5000000067055,470.999999932945
18.599999986589,470.00000013411
18.799999986589,480.999999262392
18.9999999932945,479.000000067055
19.9000000268221,471.000006739051
20.7000000804663,672.000011365858
21.4999999195337,784.999988634142
21.899999986589,804.999999329448
22.6,703.0
23.100000013411,733.999999932945
23.2999999731779,733.00000013411
23.5999999798834,777.999996982515
23.999999986589,726.000001743436
24.2000000067055,807.000003553927
24.4000000201166,913.000020217146
24.5999999798834,1113.99997978285
24.7999999932945,1299.99999376386
24.6,1052.0
24.2999999932945,860.999995172025
24.200000013411,789.00000965595
24.399999986589,782.000000469387
24.2000000067055,793.999999597669
24.3000000033528,807.000000871718
24.4,833.000005532055
24.4,887.999994467945
24.2000000067055,962.999997485429
24.3,959.0
24.4000000067055,965.000001475215
24.499999986589,986.999997049571
24.5,997.999999262393
24.3000000067055,974.000000804663
24.2999999966472,921.99999916181
24.2000000100583,896.999997586012
24.2999999899417,873.000002413988
24.2000000033528,870.000000100583
24.3,852.0
24.2000000067055,813.000000335276
24.299999986589,817.999999329448
24.2000000067055,825.999999463558
24.2999999966472,826.999999966472
24.3999999932945,891.000001810491
24.2,945.000004425644
24.2,988.999995574356
24.2999999966472,971.000000603497
24.2,974.0
24.3000000067055,1012.0
24.399999986589,1012.0
24.3000000067055,1000.00000080466
24.1000000067055,934.000002212823
24.2000000033528,948.999999597669
24.3,937.000002011656
24.3,956.999997988344
24.2000000033528,951.000000201166
24.2,901.0
24.2,911.999997384847
24.2,873.000005230307
24.000000013411,872.000000067055
24.1999999932945,837.000001173466
24.1000000067055,834.999998323619
24.2999999899417,784.999998994172
24.2000000100583,775.000001005828
24.2,758.00000056997
24.2,671.0
23.799999986589,715.999994970859
23.6000000268221,641.000010058282
23.400000013411,687.999996848404
23.4,616.000002413988
23.5,617.999999061227
23.5,590.000001005828
23.5,599.999998994172
23.5999999966472,591.000000301749
23.7,619.0
23.5999999932945,610.000005833803
23.500000013411,696.999988332393
23.5,768.999995172024
23.4000000033528,868.999996647239
23.4,863.000000972301
23.3999999798834,892.000002011656
23.2000000201166,911.999997988344
23.2,889.000000771135
23.1,860.0
23.3000000067055,853.999996647239
23.399999986589,804.000006705521
23.4999999932945,796.000000536442
23.5,761.000001173467
23.5999999966472,763.000001106411
23.5000000100583,796.000000502914
23.5999999899417,800.999999497086
23.5000000033528,851.999998290092
23.5,929.0
23.6000000067055,1008.99999812245
23.699999986589,981.000003755092
23.7,999.999998725951
23.9999999899417,987.000000435859
23.9,983.999998960644
23.9000000201166,953.00000321865
24.0999999798834,984.99999678135
24.0000000033528,986.999999932945
24.0,1060.0
23.9000000067055,1093.00000489503
23.999999986589,1165.99999020994
24.199999986589,1107.00000395626
24.2,1037.00000234693
24.4000000033528,1010.99999822304
24.5000000100583,957.999993763865
24.5999999899417,896.000006236135
24.7999999932945,881.000000502914
25.0,857.0
25.0000000201166,832.999995104969
25.2999999597669,760.000009790061
24.9000000268221,673.000005833805
25.299999986589,634.000001307577
25.5000000033528,594.000001676381
25.5999999798834,643.999993763865
25.4000000201166,582.000006236135
25.6999999899417,560.000000737607
25.3,659.0
25.8999999731779,654.99999061227
25.5000000536442,515.000018775459
25.8999999731779,557.999997116625
25.6000000100583,574.999999430031
25.9000000067055,512.000000301749
26.1000000100583,520.999997686595
26.1999999899417,498.000002313405
26.0000000067055,463.000001173467
25.7,507.0
26.5,521.999997653068
26.5,487.000004693865
26.300000013411,487.0
26.0000000100583,530.999998524785
26.3,509.999998491257
26.3000000502914,465.000001508742
26.7999999497086,479.999998491258
26.6000000067055,530.999998290092
26.7,462.0
26.8,453.000004358589
26.8,517.999991282823
26.8,527.999999329448
27.2999999832362,526.000000067055
27.0999999932945,469.000000301749
26.899999929592,478.00000251457
26.200000070408,502.99999748543
26.3999999932945,453.000001676381
26.0,470.0
25.199999986589,476.999997787178
25.0000000268221,444.000004425644
24.1000000603497,436.000000536442
24.5999999832362,448.999999564141
25.0000000167638,406.000000201166
25.4999999497086,412.000001408159
25.0000000502914,425.999998591841
25.9999999664724,427.999999932945
25.6,462.0
25.5000000335276,439.000000938773
25.9999999329448,452.999998122454
25.800000013411,466.999999061227
25.5000000100583,475.999999698251
25.7999999932945,453.999999899417
25.6000000502914,451.000001609325
26.0999999497086,466.999998390675
25.5000000201166,433.000001139939
25.8,448.0
24.9000000938773,473.0
26.2999998122454,473.0
26.2000000067055,427.000003084541
26.599999986589,452.999999128282
26.100000013411,480.000001240522
26.4999999798834,516.999996379019
26.3000000201166,481.000003620981
26.3999999966472,512.999998927116
26.4,460.0
25.3999999798834,487.999998390675
25.1000000402331,464.00000321865
24.4000000469387,445.000001274049
24.8999999832362,489.999998491257
25.7999999899417,441.00000013411
25.500000070408,444.999996479601
26.199999929592,410.000003520399
25.5000000234693,439.999998994172
26.1,473.0
25.6999999597669,464.000005431472
25.1000000804663,544.999989137056
25.7999999530613,537.000000536442
25.1000000234693,550.999999530613
24.4999999899417,530.999998625368
24.1999999597669,490.000000502914
23.8000000402331,494.999999497086
23.6000000067055,488.000000234693
23.6,468.0
23.7,444.999998793006
23.7,427.000002413988
23.6000000067055,429.999999798834
23.8999999899417,421.000000301749
23.9000000067055,426.000000972301
24.099999929592,455.000000201166
23.400000070408,456.999999798834
23.799999986589,447.000000335276
24.4,427.0
24.0999999798834,452.000002279877
23.8000000402331,485.999995440246
24.2999999664724,496.999999262392
24.2000000033528,428.000002313405
24.1999999899417,415.000002548099
23.9000000402331,491.00000070408
24.2999999597669,497.99999929592
24.3,484.000000469387
24.5,455.0
24.699999986589,479.000002749264
24.5000000268221,519.999994501473
24.2000000201166,522.999999798834
24.2999999966472,578.999998122454
24.3999999932945,596.999998960644
24.2,565.99999859184
24.2,552.00000140816
24.2,568.999999430031
24.1,586.0
24.0,573.000005900859
24.0,660.999988198283
23.1000000603497,521.000009387732
22.8000000100583,468.000001776964
22.3999999966472,438.99999986589
22.2999999899417,434.999999497086
22.2000000100583,430.000000502914
21.9000000100583,424.000000201166
21.8,415.0
21.5999999932945,436.999999195337
21.500000013411,425.000001609325
21.4000000067055,473.999996714294
21.1000000100583,445.000000972301
20.9,437.000000234693
20.8999999798834,443.999999597669
20.7000000201166,440.000000402331
20.5000000067055,432.000000268221
20.4,449.0
20.1999999932945,450.99999986589
20.100000013411,449.000000268221
20.1999999932945,450.99999986589
19.9000000100583,459.999999698251
19.5999999932945,462.000000067055
19.3999999798834,464.000000502914
19.2000000201166,468.999999497086
19.2999999966472,469.999999966472
19.2,464.0
19.1,463.999999731779
19.1,460.000000536442
18.900000013411,469.999999329448
18.7000000067055,460.000000335276
18.6999999966472,458.00000013411
18.6000000201166,461.999999094755
18.7999999798834,453.000000905245
18.8,456.99999986589
18.6,451.0
18.6000000067055,462.999999798834
18.699999986589,460.000000402331
18.7,460.0
18.7,467.999999731779
18.9999999899417,469.999999899417
18.7,466.999999798834
18.7,465.000000201166
18.6000000033528,460.000000167638
18.7,458.0
18.5000000067055,464.999999798834
18.599999986589,462.000000402331
18.5000000067055,464.999999798834
18.4000000033528,457.000000268221
18.3999999966472,466.999999731779
18.2999999798834,459.000000804663
18.1000000201166,466.999999195337
18.1,465.000000067055
18.0,465.0
17.9,480.999999195337
17.9,469.000001609325
17.9999999932945,470.99999986589
18.0999999966472,481.999999631196
17.9000000033528,484.0
18.0000000100583,484.000000603497
18.0999999899417,489.999999396503
18.0000000033528,503.999999530613
18.0,497.0
18.1,496.000000469386
18.1,502.999999061227
18.1999999932945,505.999999798834
18.2,514.999999698251
18.2,533.999999329448
18.1999999899417,514.000001508742
18.1000000100583,528.999998491258
17.9000000067055,541.999999564141
18.1,528.0
18.3000000067055,539.0
18.399999986589,539.0
18.6999999798834,536.000000201166
19.2999999798834,528.000000268221
20.3000000268221,530.999999530613
21.100000070408,516.99999859184
21.799999929592,503.000001408159
22.3999999798834,506.99999986589
22.8,508.0
23.100000013411,493.000007510184
23.2999999731779,604.999984979633
23.5999999798834,846.999983772634
23.7999999932945,796.000001709908
24.1000000100583,753.000006102026
24.4000000100583,935.000021323557
24.4999999899417,1146.99997867644
24.5999999966472,1311.99999446794
24.5,874.0
24.299999986589,682.000001609325
24.1000000268221,705.99999678135
24.299999986589,777.999995172024
24.3,811.999998860061
24.2,863.999999128282
24.2,838.000005532055
24.2,892.999994467945
24.3999999932945,837.000001877546
24.4,896.0
24.1999999932945,906.000006772576
24.100000013411,1006.99998645485
24.1999999932945,1035.9999980554
24.0000000067055,1102.99999775365
24.0000000033528,1094.00000227988
24.0999999899417,1162.00000050291
24.0000000100583,1166.99999949709
24.0,1152.00000050291
24.1,1137.0
24.1,1094.99999825656
24.1,1069.00000348687
24.0000000067055,978.000006102026
24.0,1000.99999922886
24.0,1011.99999818951
24.0,957.999998189509
24.0,940.000001810491
24.0,1027.99999704957
23.9,1000.0
23.9000000067055,973.000007644294
23.999999986589,1086.99998471141
23.9000000067055,1083.00000026822
23.8000000033528,1121.99999869242
23.9,1108.00000003353
23.9,1109.00000110641
23.9,1119.99999889359
23.9,1064.00000187755
23.8,1083.0
23.8,993.999999396503
23.8,985.000001206994
23.8,986.99999986589
23.8,982.000000167638
23.7999999966472,999.999999497086
23.7,985.000002715736
23.7,1011.99999728426
23.7,984.000000938773
23.9,1072.0
23.8,1052.99999617785
23.8,996.000007644294
23.8,1006.99999926239
23.7000000033528,1036.99999899417
23.8,981.000001106411
23.8,1013.99999839067
23.8,998.000001609325
23.8999999966472,1061.99999785423
23.8,1015.0
23.900000013411,1077.99999644607
24.0999999731779,1025.00000710785
23.900000013411,1060.99999758601
23.9,977.00000281632
23.7999999966472,990.999998290092
23.7,939.999999899417
23.7,939.000000100583
23.6000000033528,837.000003419817
23.4,824.0
23.4000000067055,800.999997854233
23.499999986589,769.000004291534
23.5999999932945,755.000000938773
23.7999999932945,736.000000637025
23.9000000033528,717.000000167638
24.0000000100583,721.999996479601
24.0999999899417,687.000003520399
24.1999999966472,738.999998256564
24.2,730.0
23.9999999932945,775.000005766748
23.900000013411,860.999988466504
23.700000013411,873.999999128282
23.6000000033528,1032.99999466911
23.7000000033528,966.000003285706
23.8,1064.00000160933
23.8,1079.99999839068
23.9999999932945,1071.00000030175
24.0,1032.0
23.8,1007.00000053644
23.8,1014.99999892712
23.5000000201166,1002.00000087172
23.5999999966472,996.000000201166
23.6,1025.99999989942
23.6,1023.00000362098
23.6,1058.99999637902
23.6,1099.99999862537
23.3,917.0
23.1,708.000013947484
23.1,915.999972105032
23.1,810.000007107854
23.1,778.000001072884
23.1000000100583,771.999999631196
23.4000000603497,760.999999396503
23.9999999396503,755.000000603497
24.7999999731779,746.000000301749
25.3,689.0
25.4000000067055,716.000003151595
25.499999986589,762.99999369681
25.4000000067055,725.000002548099
25.9999999798834,737.999999564141
25.4000000201166,683.999998055398
25.9999999798834,625.999994367362
25.8000000201166,570.000005632638
25.9999999932945,536.000001139939
25.6,532.0
25.8000000268221,569.000001139939
26.1999999463558,585.999997720123
26.2,608.99999845773
25.9000000100583,565.000001475215
26.400000013411,507.999999463558
26.7999999698252,492.000001408159
26.5000000301748,505.999998591841
26.4000000033528,462.000001475215
26.4,442.0
26.6000000469387,459.999999463558
27.2999999061227,452.000001072883
27.2000000067055,439.000000871718
27.2999999966472,435.00000013411
27.8999999497086,494.999998357147
26.4000001609325,445.999999396503
27.9999998390675,440.000000603497
25.500000083819,484.999998491257
26.5,436.0
25.3000000201166,471.000001408159
25.5999999597669,491.999997183681
24.9000000469387,473.000001274049
24.9,460.000000435859
25.7999999966472,424.00000070408
25.7000000201166,444.999997787178
25.8999999798834,423.000002212822
25.1000000268221,437.999999497086
26.4,434.0
25.5000000670552,427.999999932945
26.4999998658896,427.00000013411
26.300000013411,414.000000871718
25.7000000201166,459.99999845773
25.999999986589,431.999999798834
25.5999999798834,426.000001307577
25.4000000201166,438.999998692423
25.3000000033528,440.999999932945
25.3,431.0
25.3000000268221,404.000002481043
25.6999999463558,440.999995037914
26.3999999530613,435.000000402331
25.4000000335276,404.000001039356
26.2,423.00000070408
26.2000000100583,443.999997988344
26.2999999899417,424.000002011656
25.7000000201166,444.99999929592
25.6,444.0
26.1999999664724,441.99999845773
25.7000000670552,419.00000308454
25.2000000335276,429.999999262392
25.4999999899417,446.999999430031
25.7000000067055,422.000000435859
25.9000000201166,435.000002413988
26.0999999798834,458.999997586012
26.1,484.999999128282
26.4,458.0
25.4999999798834,454.00000013411
25.2000000402331,455.999999731779
24.7000000335276,419.000002481044
24.6000000033528,444.999999128282
24.2,431.999999362975
24.2000000502914,413.000003017484
24.6999999497086,442.999996982516
24.8999999932945,440.000000100583
25.2,426.0
25.1,420.000003553926
25.1,472.999992892148
24.8000000201166,453.000001341105
24.8999999966472,432.00000070408
24.5999999932945,432.999999932945
24.4,430.999999899417
24.4,430.000000100583
24.3000000033528,435.999999798834
24.3,431.0
24.300000013411,430.000000067055
24.4999999731779,430.99999986589
24.4000000067055,434.999999731779
24.3000000033528,441.999999765307
24.2999999932945,422.000000569969
24.1,438.999999798834
24.1,437.000000201166
24.1,434.000000100583
23.9,424.0
23.8,435.00000013411
23.8,436.999999731779
23.7000000067055,430.000000469387
23.6000000033528,440.999999631196
23.4999999966472,440.000000134111
23.3999999899417,443.99999929592
23.3000000100583,437.00000070408
23.3,439.999999899417
23.1,460.0
23.299999986589,476.000008918343
23.1000000268221,608.999982163314
22.8000000201166,610.99999986589
22.400000013411,598.000000435859
21.9999999932945,519.999999798834
21.7999999798834,513.99999748543
21.6000000201166,489.00000251457
21.4000000067055,506.999999396503
21.2,475.0
20.9999999932945,480.999999128282
20.900000013411,468.000001743435
20.700000013411,473.999999597669
20.6000000033528,475.999999932945
20.5,463.000000234693
20.4999999698252,470.000000804663
20.2000000301748,477.999999195337
20.1000000033528,473.000000167638
20.0,470.0
19.9,475.999999262393
19.9,465.000001475215
19.9,463.00000013411
19.7000000067055,454.000000301749
19.7,466.999999698251
19.6999999899417,458.000001307577
19.6000000100583,470.999998692423
19.5000000033528,459.000000402331
19.5,464.0
19.3,470.000000536442
19.3,477.999998927117
19.3,473.000000335276
19.1000000067055,484.999999597669
19.0999999932945,485.999999798834
18.9,480.000000804663
18.9,487.999999195337
18.8000000033528,484.00000013411
18.8,495.0
18.5999999932945,491.000000804663
18.500000013411,502.999998390675
18.5,501.00000013411
18.4000000033528,507.999999765307
18.3999999966472,497.000000335276
18.3000000100583,506.999999698252
18.3999999899417,504.000000301748
18.4,517.999999530613
18.1,524.0
17.9999999932945,508.000000402331
17.900000013411,513.999999195337
17.700000013411,517.999999731779
17.7999999966472,518.0
17.7999999932945,509.000001173467
17.6000000100583,543.999998692423
17.6999999899417,531.000001307577
17.5000000067055,539.999999698251
17.4,543.0
17.2999999932945,547.000000335276
17.200000013411,551.999999329448
17.2,548.000000268221
17.2,539.000000301749
17.400000013411,545.000000167638
17.8000000301748,549.999999396503
18.0999999698252,544.000000603497
18.2999999932945,544.999999966472
18.3,612.0
18.5000000067055,594.999997720123
18.599999986589,561.000004559754
18.6999999932945,598.999997451901
18.7999999966472,588.000000368804
18.8000000067055,579.00000013411
19.0000000603497,583.000003319233
19.5999999396503,615.999996680767
20.2999999765307,613.000000100583
21.1,559.0
22.1000000268221,562.0
22.4999999463558,562.0
22.7999999798834,712.99998987466
23.199999986589,845.999995540827
23.3000000100583,837.000004459173
23.6000000301748,970.00001498684
23.8999999698252,1118.99998501316
24.0999999932945,1015.00000348687
24.2,929.0
24.4000000067055,934.000011533496
24.499999986589,1105.99997693301
24.5999999932945,1273.99998873472
24.3000000100583,1102.00000576675
24.2000000033528,975.999998155981
24.3,921.000008951871
24.3,1009.99999104813
24.3,1074.99999782071
24.4,1069.0
24.299999986589,1015.00000113994
24.1000000268221,1031.99999772012
24.299999986589,1047.99999892712
24.3999999966472,1022.00000087172
24.4,1015.99999892712
24.4,983.999998994172
24.4,974.000001005828
24.4,973.000000033528
24.3,1002.0
24.1,1010.99999993294
24.1,1010.00000013411
24.1,1086.99999483675
23.9000000067055,1061.00000087172
24.0000000033528,1033.00000231341
24.0999999899417,1101.99999436736
24.0000000100583,1046.00000563264
24.0999999966472,1020.00000087172
24.1,1054.0
24.1999999932945,1019.99999631196
24.100000013411,965.000007376073
24.1999999932945,1003.99999738485
24.1000000033528,967.000001240522
24.1000000033528,1004.00000056997
24.1999999798834,1021.00000331923
24.0000000201166,1053.99999668077
24.0,1041.00000043586
24.1,1042.0
24.099999986589,1047.99999704957
23.9000000268221,1004.00000590086
24.099999986589,993.000000737607
24.0000000033528,981.000000402331
24.0,956.000000569969
23.9999999899417,973.000004425644
23.9000000100583,1016.99999557436
23.9,1028.99999959767
24.0,1069.0
23.9,1110.99999926239
23.9,1100.00000147521
23.9,1076.00000160933
23.8000000033528,1092.99999943003
23.8999999932945,1076.99999681488
23.7000000201166,981.999999497086
23.8999999798834,977.000000502914
23.8000000033528,1016.9999986589
23.8,1050.0
23.8,995.00000167638
23.8,1019.99999664724
23.8999999932945,1031.99999919534
23.9,1074.99999855831
23.9,1049.9999990277
23.9,1021.00000020117
23.9,1022.99999979883
23.9,957.000002212823
23.8,947.0
23.9,984.000005163251
23.9,1060.9999896735
23.9,1082.99999852479
23.8000000033528,1169.9999970831
23.8,1130.99999986589
23.8000000100583,1126.99999748543
23.8999999899417,1102.00000251457
23.8000000033528,1105.99999986589
24.0,1078.0
23.9000000067055,1046.99999979883
23.999999986589,1044.00000040233
24.0,945.000006638468
24.0,1042.99999671429
23.9999999966472,971.000002682209
23.9000000201166,1051.00000432506
24.0999999798834,1093.99999567494
24.1,1107.99999953061
24.1,1104.0
24.1,1148.99999463558
24.1,1069.00001072883
24.0000000067055,1040.0000019446
24.0,1034.00000020117
23.9999999966472,1016.99999956414
23.9,1003.99999909475
23.9,995.000000905245
23.9,984.000000368804
23.8,974.0
23.7999999932945,1029.00000610202
23.700000013411,1119.99998779595
23.6000000067055,1191.99999517202
23.6999999966472,1107.00000284985
23.5000000033528,1072.99999832362
23.6,1022.99999909475
23.6,1014.00000090525
23.6,972.00000140816
23.6,989.0
23.6999999932945,977.000003688037
23.600000013411,1031.99999262393
23.799999986589,1120.99999403208
23.8999999966472,1179.99999802187
24.6000000167638,1144.99999855831
25.1000000402331,1101.99999024347
25.4999999597669,1005.00000975653
25.4000000033528,924.000002715737
25.6,934.0
25.6,894.999993763865
25.6,802.000012472269
26.0999999664724,717.000005699695
26.6999999798834,647.000002346933
26.3999999966472,580.999999027699
26.3,551.99999678135
26.3,520.00000321865
26.0000000100583,495.00000083819
25.7,475.0
25.5999999798834,481.999999798834
25.3000000402331,479.000000402331
24.7000000402331,480.99999986589
23.7000000335276,486.999999798834
23.5000000201166,479.999999228865
24.1000000603497,456.999999597669
24.6999999396503,453.000000402331
25.099999986589,439.000000469387
25.6,442.0
25.5999999664724,450.999999396503
25.1000000670552,442.000001206994
25.5999999664724,437.000000335276
25.6,444.999999731779
25.400000013411,438.999999564141
25.8000000804663,425.999999094755
26.5999999195337,417.000000905245
26.6999999966472,430.999999530613
26.6,445.0
26.1999999731779,447.999998591841
25.8000000536442,427.000002816319
25.8999999932945,431.999999664724
25.0000000301749,448.999999430031
25.6999999765307,419.000000771135
25.0000001408159,441.999997284264
26.3999998591841,415.000002715736
25.9000000167638,423.999999698251
26.3,404.0
25.6999999932945,428.999999798834
25.600000013411,426.000000402331
25.8999999798834,406.000001341105
27.0999999597669,431.999999128282
25.9000000268221,436.999999597669
26.6999999798834,425.000000201166
26.5000000201166,426.999999798834
25.8000000234693,450.999999195337
25.9,425.0
26.2999999932945,424.999999932945
26.200000013411,424.00000013411
25.9000000201166,424.0
26.4999999798834,425.999999932945
25.1000000536442,431.999999597669
26.6999999698252,420.000002011656
26.4000000301748,439.999997988344
25.3000000368804,424.000000536442
26.3,414.0
26.4999999396503,434.000000603497
25.6000001206994,442.999998793006
25.400000013411,426.000001139939
25.4999999966472,426.999999966472
25.100000013411,418.000001575798
25.5000001106411,464.999998692423
26.5999998893589,452.000001307577
26.3000000100583,420.000001072884
26.2,425.0
26.5999999597669,409.000004157423
26.0000000804663,470.999991685154
25.6000000268221,442.000001944602
25.6999999966472,424.000000603497
25.6999999899417,420.000000637025
25.4000000804663,438.999998491258
26.1999999195337,424.000001508742
25.7000000167638,422.000000067055
25.4,424.0
25.0,442.999999798834
25.0,440.000000402331
24.7000000201166,434.000000402331
24.7,424.000000335276
24.4000000067055,429.999999765307
24.5999999798834,423.000000603497
24.4000000201166,428.999999396503
24.3000000033528,434.999999798834
24.6,434.0
24.3000000268221,416.000003486871
24.6999999463558,467.999993026258
24.4000000201166,484.999998860061
24.2000000067055,498.999999530613
24.0000000201166,466.999999698251
24.6000000301748,457.999999497086
24.8999999698252,453.000000502914
24.500000013411,474.999999262392
24.4,491.0
23.9000000268221,488.999999262393
24.2999999463558,478.000001475215
24.6999999731779,475.000000201166
24.7,471.00000013411
24.4,517.000001743436
24.3999999798834,569.00001679733
24.2000000201166,735.99998320267
24.0000000067055,746.999999631196
23.8,735.0
23.499999986589,724.999999664724
23.3000000268221,720.000000670552
23.0000000201166,684.000002413988
22.7000000100583,616.000002279878
22.3999999798834,590.99999929592
21.7999999597669,569.999995272608
21.4000000402331,523.000004727392
21.000000013411,487.000001206994
20.9,482.0
20.6999999932945,492.000000268221
20.600000013411,495.999999463558
20.6,493.000000201166
20.4000000067055,484.000000301749
20.1999999899417,485.0
19.8999999798834,485.000000201166
19.7000000201166,486.999999798834
19.6000000033528,491.999999832362
19.5,495.0
19.299999986589,498.000000670552
19.1000000268221,507.999998658896
19.1,507.000000067055
19.0000000033528,529.999999228865
18.8,544.999998793006
18.7999999698252,508.999999497086
18.5000000301748,504.000000502914
18.4000000033528,498.000000201166
18.3,507.0
18.299999986589,552.999997384847
18.1000000268221,514.000005230306
18.1,536.99999845773
17.9000000067055,529.000000268221
18.0,544.999999731779
17.9999999698252,537.00000070408
17.7000000301748,543.99999929592
17.5000000067055,534.000000335276
17.5,529.0
17.5,540.000001206994
17.5,557.999997586012
17.4000000067055,567.999999329448
17.4,577.999999664724
17.3000000033528,569.999999698251
17.4,561.000003822147
17.4,598.999996177853
17.4,570.000000972301
17.5,567.0
17.5,549.999999664724
17.5,545.000000670552
17.5,559.999998994172
17.3000000067055,535.00000083819
17.3,536.000000938773
17.3000000100583,563.999994266779
17.3999999899417,507.000005733221
17.4,511.999999832362
17.5,537.0
17.5000000067055,521.000001005828
17.599999986589,535.999997988344
17.6999999932945,523.000000871718
17.7999999966472,549.999999094754
17.7999999966472,530.999999698251
17.7000000201166,522.000000402331
17.8999999798834,525.999999597669
18.1999999899417,525.000000033528
18.3,539.0
18.3,526.000001810491
18.3,552.999996379019
18.499999986589,530.00000154227
18.5,524.000000201166
18.600000013411,531.999999765307
19.0000000905245,524.99999929592
19.8999999094755,518.00000070408
20.6999999731779,507.000000368804
21.5,495.0
22.1000000402331,489.999999664724
22.6999999195337,485.000000670552
22.9999999798834,476.000000603497
23.2999999899417,463.000000435859
23.5000000100583,468.999999597669
23.8000000301748,457.000010460613
24.0999999698252,560.999989539387
24.3999999899417,657.999996747821
24.7,672.0
24.6999999798834,1011.99999195337
24.4000000402331,892.000016093251
24.1000000201166,783.00000730902
24.1999999966472,695.00000295043
24.3,758.000001743436
24.3000000100583,810.000005230307
24.3999999899417,861.999994769693
24.4999999966472,962.999996613711
24.5,916.0
24.599999986589,927.000002346932
24.4000000268221,961.999995306135
24.3000000067055,967.999999597669
24.1000000067055,928.000001341105
24.0000000033528,970.000000637025
24.0999999899417,989.000002011656
24.0000000100583,1008.99999798834
24.1999999932945,989.000000670552
24.1,978.0
24.2,942.999999798834
24.2,940.000000402331
24.2,973.999997720122
24.2999999966472,978.999999832362
24.3,1026.00000090525
24.2999999899417,1053.00000523031
24.2000000100583,1104.99999476969
24.2999999966472,1134.99999899417
24.1,1120.0
24.2,1149.00000013411
24.2,1150.99999973178
24.2,1089.00000415742
24.1000000033528,1097.99999969825
24.1999999966472,1107.99999798834
24.1000000100583,1047.99999658018
24.1999999899417,1014.00000341982
24.2,1006.00000026822
24.2,1032.0
24.1000000067055,1000.99999738485
24.199999986589,962.000005230307
24.2,969.999999463558
24.1000000033528,1038.99999768659
24.2,1007.00000221282
24.2,1073.00000201166
24.2,1092.99999798834
24.1000000033528,1058.00000117347
24.2,1069.0
23.9000000067055,1042.99999966472
23.999999986589,1038.00000067055
24.0999999932945,1038.99999993294
24.0000000033528,1006.00000110641
24.0000000067055,977.999999497086
24.2,963.000001911074
24.2,981.999998088926
24.1000000033528,1107.99999577552
24.1,1247.0
24.1,1247.0
24.1,1247.0
24.1,1247.0
24.1,1247.0
24.1,1247.0
24.1,1247.0
24.1,1247.0
24.1,1247.0
24.1,1247.0
24.1,1247.0
24.1,1247.0
24.1,1247.0
24.1,1247.0
24.1,1247.0
24.1,1247.0
24.1,1247.0
24.1,1247.0
24.1,1247.0
19.1000000335276,1085.9999980554
19.5999999329448,1057.0000038892
20.2999999530613,1045.00000080466
20.5999999899417,1020.00000083819
21.0000000067055,960.000002548099
21.2000000603497,1035.99999175221
21.7999999396503,954.000008247791
22.3999999798834,934.000000670552
22.9,896.0
23.300000013411,889.999999932945
23.4999999731779,889.00000013411
23.699999986589,880.000000603497
23.7999999966472,856.000000804663
24.0000000100583,840.000000201166
24.2999999899417,846.00000392273
24.2000000100583,884.99999607727
24.0000000067055,867.000000603497
24.0,956.0
23.699999986589,1047.00001233816
23.5000000268221,1230.99997532368
23.4000000067055,1397.99998880178
23.3000000033528,1349.00000164285
23.6000000100583,1252.99999916181
23.9000000301748,1227.99999074638
24.1999999698252,1136.00000925362
24.599999986589,1152.99999943003
24.9,1069.0
25.2000000201166,953.999996848405
25.4999999597669,907.00000630319
25.8999999731779,896.000000737607
26.1999999899417,942.999998424202
26.2,948.999996379018
26.1999999497086,840.999990645798
25.7000000502914,748.000009354202
25.5000000067055,663.000002849847
25.4,625.0
25.2999999932945,556.999998793006
25.200000013411,539.000002413988
25.4999999798834,511.000001877546
25.3000000067055,485.000000871718
25.2000000067055,476.999999027699
25.4000000201166,447.999997183681
25.5999999798834,420.000002816319
25.4000000067055,436.999999430031
25.3,451.0
25.3999999731779,428.999999195337
25.0000000536442,417.000001609325
25.0999999932945,456.999997317791
24.6000000167638,437.000000670552
24.7999999966472,421.000001743436
24.7,472.999997284264
24.7,446.000002715736
24.7,424.000000737608
24.9,432.0
25.7,452.999998256564
25.7,427.000003486871
25.7,409.000001206994
25.7999999966472,462.999998189509
26.2000000067055,459.999998759478
26.4000000100583,423.000000502914
26.4999999899417,427.999999497086
26.899999986589,412.000000536442
26.5,428.0
26.6999999798834,439.99999845773
26.4000000402331,417.00000308454
26.0000000268221,447.999997921288
25.8000000067055,432.000000536442
26.3999999966472,420.999999530613
26.2999999798834,407.000005934386
26.1000000201166,465.999994065614
26.6999999798834,438.000000938773
27.3,408.0
25.8,435.000002413988
25.8,470.999995172025
25.7000000067055,453.000001206994
25.8999999932945,432.00000070408
25.6999999966472,431.999999765307
25.6000000201166,424.999999396503
25.7999999798834,419.000000603497
25.5000000100583,498.999997317791
25.2,442.0
24.699999986589,442.999998189509
24.5000000268221,416.000003620981
24.5999999932945,432.999998860061
24.6,447.999999497086
24.3000000234693,425.999999430031
25.0000000402331,409.000001206994
25.3999999597669,420.999998793006
24.9000000167638,525.9999964796
24.8,481.0
25.0000000268221,450.99999832362
25.3999999463558,426.000003352761
25.200000013411,423.000000201166
25.6999999832362,434.999999597669
25.5999999899417,481.99999859184
25.2999999597669,439.999998994172
24.9000000402331,430.000001005828
24.3000000201166,436.999999765307
24.5,442.0
24.600000013411,425.999999597669
24.7999999731779,420.000000804663
25.2999999664724,420.0
25.3,429.999999664724
24.8000000100583,425.999999798834
25.1,420.000002816319
25.1,447.999997183681
25.3999999899417,437.000000368804
25.6,464.0
25.4999999932945,528.000008046625
25.400000013411,647.999983906749
25.200000013411,567.000005431474
25.1000000033528,518.000001642853
24.7999999832362,509.99999859184
24.3,468.00000251457
24.3,492.99999748543
24.3,468.00000083819
24.5,457.0
24.6000000067055,461.999998256565
24.699999986589,436.000003486871
24.7,457.999998524785
24.4000000100583,634.999994065612
24.4000000033528,740.999998725951
24.5000000100583,703.00001106411
24.5999999899417,812.99998893589
24.5000000033528,840.999999061227
24.4,797.0
24.399999986589,761.000002145767
24.2000000268221,792.999995708466
24.1000000067055,772.00000140816
24.0000000033528,766.000000201166
23.7999999932945,716.000001475215
23.5999999798834,760.000002916902
23.4000000201166,788.999997083098
23.2000000067055,967.999993998557
23.2,923.0
22.8999999731779,902.99999859184
22.5000000536442,882.000002816319
21.5000000670552,805.000005163253
20.7000000268221,672.000004459173
20.299999986589,635.999996379018
19.8999999497086,527.999998994172
19.4000000502914,518.000001005828
19.1000000100583,492.000000871718
18.8,469.0
18.300000013411,479.99999832362
18.4999999731779,455.000003352761
18.5,474.999998658895
18.6999999932945,464.000000368804
18.5999999966472,468.000000637025
18.5,486.999999195337
18.5,479.000000804663
18.5,494.999999463558
18.4,481.0
18.1000000067055,486.000000737607
18.199999986589,496.999998524785
18.1000000067055,497.0
17.9000000067055,507.999999631196
17.7999999966472,503.999999932945
17.6999999899417,502.000000603497
17.6000000100583,507.999999396503
17.5000000033528,510.999999899417
17.5,507.0
17.2,493.000000670552
17.2,502.999998658896
17.1000000067055,505.999999798834
17.0000000033528,503.000000100583
17.0999999932945,498.000000368804
16.8999999899417,508.999999497086
16.8000000100583,504.000000502914
16.6000000067055,517.999999530613
16.6,496.0
16.4,497.999999262393
16.4,487.000001475215
16.3000000067055,498.999999195337
16.3999999966472,499.999999966472
16.2000000033528,487.000000268221
16.2999999899417,495.000000301748
16.2000000100583,497.999999698252
16.1000000033528,485.000000435859
16.1,476.0
15.9000000067055,482.000000268221
15.999999986589,485.999999463558
16.199999986589,486.999999932945
16.3999999932945,487.0
16.4000000033528,491.999999731779
16.5000000201166,484.000004023313
16.6999999798834,523.999995976687
16.7,517.000000234693
16.7,492.0
16.8000000067055,550.999997183681
16.899999986589,509.000005632638
17.099999986589,495.000000938773
17.0000000033528,528.999998860061
17.2,506.000000368804
17.2000000201166,517.00000070408
17.3999999798834,523.99999929592
17.4999999966472,524.0
18.1,558.0
19.0000000603497,539.999997787178
19.8999998793006,507.000004425644
20.6999999463558,517.999999262393
21.1999999832362,522.999999832362
21.6000000100583,689.000001475215
21.9000000201166,732.999994970859
22.0999999798834,683.000005029141
22.2999999932945,611.000002413988
22.5,647.0
22.700000013411,572.000001475215
22.8999999731779,593.999997049571
23.099999986589,625.999997854233
23.2999999932945,741.999996110797
23.4000000100583,938.999999765307
23.7000000100583,931.999997384847
23.7999999899417,906.000002615153
23.8999999966472,953.999998390674
24.0,1031.0
23.900000013411,1055.99999845773
24.0999999731779,1033.00000308454
24.1,1015.00000120699
24.1,1017.99999989942
24.0999999899417,1026.00000107288
23.8,1057.99999788776
23.8,1037.00000211224
23.5000000100583,1037.0
23.6,1021.0
23.800000013411,1003.9999986589
23.9999999731779,984.000002682208
24.0,998.999998994172
24.0,1080.99999725074
24.1000000033528,1215.99999721721
24.2,1132.99999366328
24.2,1070.00000633672
24.0000000067055,1025.00000150874
24.0,1007.0
23.8,986.999999329448
23.8,977.000001341104
23.8,992.999998927116
23.8,1027.99999882653
24.0000000033528,1076.99999882653
24.1000000100583,1041.99999949709
24.1999999899417,1037.00000050291
24.3999999932945,1000.00000124052
24.4,995.0
24.4,1003.99999704957
24.4,960.000005900859
24.4,970.999999262393
24.4999999966472,994.999999195337
24.5999999966472,996.000000368804
24.5,1007.00000804663
24.5,1086.99999195337
24.6999999932945,1031.00000187755
24.4,1116.0
24.3999999932945,1118.99999919534
24.300000013411,1107.00000160933
24.100000013411,1123.99999886006
24.0000000033528,1044.00000268221
23.9,1017.00000073761
23.8999999899417,1039.0
23.8000000100583,1039.0
23.6000000067055,1000.00000130758
23.7,988.0
23.6999999932945,959.999997854233
23.600000013411,928.000004291534
23.6,964.999997518957
23.6999999966472,954.000000368804
23.7000000033528,1005.00000261515
23.8,1083.00000311807
23.8,1113.99999688193
23.8999999966472,1073.00000137463
24.0,1096.0
24.0,1102.99999590963
24.0,1042.00000818074
24.0,1096.99999631196
24.0999999966472,1036.00000204518
24.1999999932945,979.999999329448
24.0,959.999999094755
24.0,951.000000905245
24.0,898.000001776964
23.9,881.0
23.8,815.999998122454
23.8,788.000003755092
23.8,725.00000422448
23.8,663.000002078712
23.5000000100583,705.999998155981
23.8000000100583,651.000002615153
23.8999999899417,676.999997384847
23.9,640.000001240522
24.1,694.0
24.099999986589,687.000000536442
23.9000000268221,694.999998927117
24.099999986589,823.999991349875
24.1999999966472,962.999995339662
24.1000000033528,968.000001575798
24.1999999798834,1015.0000029169
24.0000000201166,1043.9999970831
24.0,1021.00000077114
24.2,988.0
24.2999999932945,987.99999832362
24.200000013411,963.000003352761
24.2,912.000003419817
24.0000000067055,911.000000033528
24.0999999932945,900.00000154227
23.8999999899417,946.000015791502
23.8000000100583,1102.9999842085
23.6000000067055,1137.99999882653
23.6,1104.0
23.4,1110.99999792129
23.4,1080.00000415742
23.4,1018.00000415742
23.5999999932945,1010.00000026822
23.7000000033528,973.99999916181
23.8000000100583,949.000009454785
23.8999999899417,1042.99999054522
23.9,1004.00000130758
23.9,1104.0
23.900000013411,1054.99999302626
24.0999999731779,951.000013947484
24.299999986589,892.000003956259
24.5999999899417,883.000000301749
25.1000000100583,854.999998021871
25.3999999597669,795.999993965031
25.0000000402331,736.000006034969
25.399999986589,776.999998625368
25.6,910.0
25.200000013411,803.999991886319
25.3999999731779,683.000016227361
25.7999999731779,716.999997720122
25.8,653.000002145767
25.5999999966472,546.000000167638
25.5000000905245,551.000005129724
26.3999999094755,601.999994870276
25.7000000234693,517.000002849847
26.4,569.0
26.3999999932945,590.999994166197
26.300000013411,504.000011667607
26.0000000201166,504.0
26.8999999698251,557.999998189509
26.1000000301749,479.000000670552
26.9999999094755,499.000005934386
26.1000000905245,557.999994065614
27.2999999597669,582.99999916181
26.4,501.0
26.3000000469386,506.000000469387
26.9999999061227,512.999999061227
26.2000000536442,577.99999564141
27.5999999530613,499.000002648682
26.2000000435859,541.999998524785
27.499999929592,498.000000502914
26.800000070408,502.999999497086
26.2000000201166,558.999998122454
25.8,518.0
25.9999999932945,493.000000536442
25.900000013411,500.999998927117
25.4000000335276,538.999997451901
25.8999999832362,554.999999463558
25.5999999899417,558.999999564141
25.2999999597669,545.999997183681
24.9000000402331,518.000002816319
25.8999999664724,490.000000938773
25.5,534.0
25.7000000067055,464.999998927117
25.799999986589,449.000002145767
25.5000000201166,497.999996714294
26.5999999631196,479.000000637025
25.8000000033528,506.00000140816
25.9000000301748,548.000001408159
26.1999999698252,561.999998591841
25.800000013411,602.999998625368
26.5,623.0
26.0000000402331,666.999996311963
26.5999999195337,612.000007376073
25.5000000737608,548.000004291535
25.899999986589,540.000000268221
26.099999986589,513.000001039356
25.7000000301748,544.000006034969
25.9999999698252,603.999993965031
25.5000000167638,658.999998155981
25.7,799.0
25.1999999731779,675.000002682208
24.8000000536442,714.999994635583
24.3000000335276,615.000006705523
23.6000000234693,575.000001341105
24.300000013411,555.999999329448
24.7000000201166,535.999999195338
24.8999999798834,528.000000804662
24.9,515.000000435859
24.7,573.0
24.6999999798834,699.00000630319
24.4000000402331,792.99998739362
24.6999999798834,812.999998658895
24.6000000033528,705.000003620982
24.1000000067055,671.000003486872
24.3000000100583,775.000008951871
24.3999999899417,863.999991048129
24.3000000033528,814.000001676381
24.1,771.0
24.6999999731779,774.999991483988
24.3000000536442,648.000017032024
24.100000013411,636.000000804663
24.1,797.999994568526
23.900000013411,824.000000067055
24.3000000502914,825.999993864448
24.7999999497086,765.000006135552
23.7000000368804,714.000001709908
23.7,791.0
23.4999999932945,867.999997183681
23.400000013411,826.000005632638
23.4999999932945,865.999997317791
23.5999999966472,977.999996244907
23.5,973.999998055398
23.5,916.000017601993
23.5,1090.99998239801
23.4000000033528,990.000003386289
23.3,985.0
23.3,1035.99999932945
23.3,1026.0000013411
23.100000013411,989.000002481043
22.8000000100583,981.000000268221
22.4999999932945,942.999999966472
22.2999999698252,942.000002514571
22.0000000301748,966.99999748543
21.8000000067055,929.000001274049
21.5,923.0
21.2999999262393,924.999993428589
20.2000001475215,827.000013142821
19.9000000201166,776.000003419817
19.2000000234693,706.000002346933
18.999999986589,644.999997787177
18.5999999597669,578.999998692423
18.2000000402331,566.000001307577
17.9000000100583,539.000000905246
18.0,528.0
17.7,530.999999932945
17.7,530.00000013411
17.7,539.999999329448
17.7,543.999999865889
17.5999999966472,532.999999731779
17.5,525.000002615153
17.5,550.999997384847
17.4000000033528,541.000000335276
17.3,534.0
17.1999999798834,545.000000737607
16.9000000402331,555.999998524785
16.8000000067055,533.00000154227
16.5000000100583,525.000000268221
16.4999999966472,521.000000033528
16.3999999899417,521.999999195337
16.3000000100583,514.000000804663
16.3,531.999999396503
16.2,504.0
15.8999999932945,503.999999798834
15.800000013411,501.000000402331
15.8999999932945,499.00000013411
16.0999999932945,487.000000402331
16.2000000067055,499.999999765307
16.4000000100583,492.999999798834
16.4999999899417,491.000000201166
16.5999999966472,512.999999262393
16.7,518.0
16.6999999932945,509.0
16.600000013411,509.0
16.6,525.999998860061
16.6,511.000000502914
16.5999999932945,514.000001106411
16.4,546.999998088927
16.4,528.000001911073
16.3000000033528,504.000000804663
16.3,513.0
16.0999999932945,519.000002615153
16.000000013411,557.999994769693
16.0999999932945,537.00000140816
16.0000000033528,532.000000167638
16.2,524.999999597669
16.2000000100583,512.999998290092
16.2999999899417,496.000001709908
16.5999999899417,
,
,
,
,
,
,
,
,
,
,
,
,
,
,
,
,
,
,
,
,
,
,
,
,
,
,
19.8999999959767,806.999999633775
20.0,779.0
19.9,760.999998793006
19.9,743.000002413988
19.9,715.000001877546
19.9,730.999999463558
19.9000000100583,727.999998658895
20.2000000201166,687.999996580184
20.3999999798834,654.000003419816
20.4,626.000000938773
20.7,865.0
21.1,799.00000308454
21.1,844.999993830921
21.1999999932945,1111.99998209625
21.2999999966472,1054.0000019446
21.2000000033528,922.000003922731
21.3,1038.99999678135
21.3,1007.00000321865
21.3,978.000000972301
21.5,1040.0
21.5,1000.99999892712
21.5,985.000002145767
21.5999999932945,986.99999986589
21.6999999966472,1011.99999916181
21.7,1039.99999949709
21.7000000100583,1024.99999788776
21.7999999899417,1004.00000211224
21.8,974.000001005828
21.8,1007.0
21.8,1064.99999845773
21.8,1042.00000308454
21.8999999932945,1026.00000107288
21.8000000033528,1001.00000083819
21.9,1002.99999973178
21.9,995.000001206994
21.9,1006.99999879301
21.9999999966472,1001.00000020117
22.3,984.0
22.5000000067055,1011.00000040233
22.599999986589,1016.99999919534
22.6999999932945,1013.00000026822
22.7999999966472,1006.00000023469
22.9000000033528,1009.00000053644
23.0000000100583,1024.99999245629
23.0999999899417,950.000007543711
23.2999999932945,1121.99999423325
23.4,1119.0
23.5000000067055,1030.99999979883
23.599999986589,1028.00000040233
23.799999986589,968.000004023314
23.8999999966472,956.000000402331
23.9999999966472,1079.99999986589
23.8999999798834,1075.9999935627
23.7000000201166,1012.0000064373
23.6000000033528,984.000000938773
23.5,1001.0
23.5,1016.00000274926
23.5,1056.99999450147
23.5,1068.99999919534
23.5,1058.0000003688
23.4,973.000001072884
23.3999999899417,1004.99999899417
23.3000000100583,995.000001005828
23.3999999966472,978.000000569969
23.4,1037.0
23.4000000067055,1059.00000046939
23.499999986589,1065.99999906123
23.5,1065.00000006706
23.6999999932945,1041.00000080466
23.7000000067055,1016.99999849126
23.8999999899417,972.000006537883
23.8000000100583,1036.99999346212
23.8,1044.99999973178
24.1,1011.0
24.1,956.000002279877
24.1,989.999995440246
24.1,1049.99999597669
24.0000000033528,1053.99999986589
23.8999999966472,1027.00000053644
23.8,1042.9999941662
23.8,985.000005833803
23.7000000033528,999.999999497086
23.6,996.0
23.6999999932945,973.999999932945
23.600000013411,973.00000013411
23.400000013411,1017.99999698251
23.4999999966472,995.000000771135
23.4999999966472,1020.00000006706
23.4000000100583,1021.99999678135
23.4999999899417,990.00000321865
23.2000000100583,985.000000167638
22.8,1025.0
22.799999986589,1062.9999968484
22.6000000268221,1016.00000630319
22.3000000201166,972.00000295043
22.2000000033528,1020.99999835715
22.3000000033528,1066.99999862537
22.4000000100583,1025.9999993965
22.4999999899417,1020.0000006035
22.6999999932945,996.000000804663
22.8,1021.0
23.0000000201166,1091.99999664724
23.2999999597669,1042.00000670552
23.5999999798834,1020.00000147522
24.0999999832362,1003.00000056997
24.4000000167638,1087.00000385568
24.9000000402331,1201.9999900423
25.2999999597669,1103.0000099577
25.699999986589,1037.00000221282
25.1,923.0
25.6000000335276,978.000004358589
26.0999999329448,1042.99999128282
25.8000000201166,1017.00000174344
26.199999986589,1053.99999875948
26.399999986589,1008.99999493733
26.000000070408,857.999996379019
26.699999929592,822.000003620981
26.7,675.000004928559
26.3,589.0
26.6000000268221,630.000003956258
26.9999999463558,688.999992087485
26.2000000536442,595.000006303192
27.1999999664724,558.000001240522
26.400000013411,601.000001944602
26.8000000201166,658.999997787178
26.9999999798834,637.000002212822
26.4000000201166,678.99999859184
26.8,783.0
26.3000000335276,593.000005163251
26.7999999329448,669.999989673497
26.600000013411,624.000003084541
27.2999999765307,606.000000603497
27.0000000033528,611.999998793006
27.1000000201166,575.999998189509
27.2999999798834,558.000001810491
27.2000000033528,542.000000536442
27.7,556.0
26.1000001206994,466.000000469387
27.8999997586012,472.999999061227
26.9000000670552,477.999999664724
26.0000000301749,481.99999986589
27.1999999597669,474.999998558313
26.0000000603497,432.000003620981
26.5999999396503,467.999996379019
26.5000000033528,491.999999195337
26.7,533.0
28.0999998927117,539.999997988344
26.5000002145767,510.000004023313
27.7999999128282,484.000001743436
26.4000000469387,481.000000100583
27.8999999564141,519.999999731779
26.6000001609325,512.000002011656
28.1999998390675,531.999997988344
26.8000000469387,563.999998927116
27.9,575.0
26.9000000670552,567.999995574356
27.8999998658896,502.000008851288
27.5000000268221,505.999999731779
27.5,538.999998893589
27.2999999832362,535.999998357147
26.7999999798834,487.000002112239
26.6000000201166,507.999997887761
25.9000000234693,550.999998558313
25.5,504.0
24.1000000804663,503.00000154227
25.2999998390675,525.99999691546
26.3999999262392,485.000002749264
26.3000000033528,476.000000301749
27.3999999765307,435.000001475215
26.7000000905245,478.999999798834
27.5999999094755,477.000000201166
26.1000000502914,559.999997217208
28.0,532.0
26.0000001341104,686.999992690982
27.9999997317792,578.000014618036
27.2000000536442,529.000003285706
27.0000000067055,563.999998826533
26.8999999731779,627.999999832362
26.0999999195337,622.999991048129
25.3000000804663,534.000008951871
25.3,528.000000201166
25.0,551.0
25.2000000067055,503.999998994172
25.299999986589,489.000002011656
25.9999999530613,479.000000670552
26.8999999698251,465.000000469387
25.0000000167638,498.000000871718
25.5000001005828,523.999998290092
26.4999998994172,507.000001709908
26.6999999932945,480.000000905246
26.2,482.0
25.8,584.000004090368
25.8,644.999991819264
25.5000000201166,736.999993830919
25.4000000033528,806.999997653067
24.8999999899417,656.000000167638
24.5999999798834,660.999995071442
24.4000000201166,612.000004928558
24.799999986589,565.000001575798
25.2,556.0
25.3999999932945,525.000000469387
25.300000013411,531.999999061227
25.2000000067055,523.000000603497
25.1000000033528,581.999998021871
25.1999999932945,689.00000744313
25.0,911.000014886257
25.0,1058.99998511374
24.9000000033528,1170.99999624491
24.9,1119.0
24.899999986589,958.999997451902
24.7000000268221,921.000005096196
24.6000000067055,876.000003017485
24.5000000033528,867.000000301749
24.4,866.999999832362
24.3999997887761,861.999977771197
22.3000002112239,641.000022228803
20.5000000603497,567.000002481043
19.7,526.0
18.9999999798834,502.999999597669
18.7000000402331,497.000000804663
18.2000000335276,489.000000536442
18.2,478.000000368804
18.0,479.000000268221
17.9999999798834,486.999999798834
17.8000000201166,485.000000201166
17.7000000033528,495.999999631196
17.7,496.0
17.5,504.000000536442
17.5,511.999998927117
17.300000013411,501.000000737608
17.2000000033528,547.999998424202
17.1,506.000000871718
17.0999999798834,531.999998491258
16.9000000201166,517.000001508742
16.7000000067055,524.999999731779
16.6,525.0
16.5,570.999999463558
16.5,563.000001072883
16.5,528.000002346933
16.4000000033528,544.99999943003
16.3000000033528,565.000000335276
16.4000000100583,574.999996177853
16.4999999899417,537.000003822147
16.5,578.99999859184
16.7,582.0
16.599999986589,580.999997720123
16.4000000268221,547.000004559754
16.599999986589,596.999996647239
16.6,564.000001106411
16.5999999966472,585.999999698251
16.5000000201166,576.999997083098
16.6999999798834,548.000002916902
16.7999999966472,584.999998759478
17.2,558.0
17.300000013411,567.999998860061
17.4999999731779,551.000002279877
17.5999999932945,566.999998927116
17.6,575.999999698251
17.5000000067055,554.000001810491
17.7000000100583,607.99999929592
17.7999999899417,601.00000070408
17.8,574.000000905246
17.6,569.0
17.7000000067055,605.999999731779
17.799999986589,602.000000536442
17.8999999932945,616.999998994172
17.8000000033528,591.000000871718
18.0,575.000001575798
17.9999999899417,621.999995876105
17.9000000100583,581.000004123895
18.6999999731779,555.000000871718
19.8,586.0
20.4000000402331,543.999999530614
20.9999999195337,537.000000938773
21.4999999664724,541.999999664724
21.5999999966472,515.000000905246
22.0000000033528,517.000007811934
22.1000000100583,750.000001408159
22.1999999899417,763.999998591841
22.2999999966472,595.000005666167
22.4,572.0
22.400000013411,616.999996043743
22.5999999731779,558.000007912515
22.799999986589,691.999991014599
22.8999999966472,856.999994467944
22.9000000033528,873.999997954816
22.9999999899417,813.000003017484
22.9000000100583,842.999996982516
22.8000000033528,808.000001173467
22.6,850.0
22.799999986589,927.000010728834
22.6000000268221,1086.99997854233
22.6,1143.99999617785
22.6,1225.99999725074
22.5000000033528,1236.00000107288
22.6,1267.9999929592
22.6,1198.0000070408
22.5000000033528,1184.00000046939
22.6,1168.0
22.6,1167.99999798834
22.6,1138.00000402331
22.6,1119.00000127405
22.5000000033528,1078.00000137463
22.6000000033528,1075.99999879301
22.6999999899417,1039.99999859184
22.6000000100583,1026.00000140816
22.6,1014.00000040233
22.6,987.0
22.7,980.000001743436
22.7,1005.99999651313
22.7999999932945,1016.99999926239
22.8,954.00000211224
22.8,1003.00000295043
22.8,1091.00000030175
22.8,1093.99999969825
22.8999999966472,1034.00000201166
23.1,1013.0
23.0000000067055,1012.0000031516
23.099999986589,1058.99999369681
23.1999999932945,1021.0000025481
23.2,984.000001240522
23.2000000033528,967.000001609326
23.2999999899417,1015.00000050291
23.2000000100583,1019.99999949709
23.1000000033528,1002.0000006035
22.8,1012.0
22.7999999932945,1075.99999906123
22.700000013411,1062.00000187755
22.6000000067055,1025.00000248104
22.7999999932945,976.000001642853
22.9000000067055,1000.00000010058
23.1000000100583,1003.00000150874
23.1999999899417,1017.99999849126
23.2999999966472,1071.99999818951
23.3,1039.0
23.299999986589,976.000004023313
23.1000000268221,1035.99999195337
23.0000000067055,1041.99999959767
23.0,1029.00000043586
22.8999999966472,1027.99999751896
22.8,954.000013075766
22.8,1083.99998692423
22.8,1077.00000023469
22.8,984.0
22.9000000268221,976.000001944601
23.2999999463558,1004.9999961108
23.3,984.00000140816
23.4999999932945,978.000000201166
23.5,1034.0000013411
23.4999999698252,1074.00000010058
23.2000000301748,1074.99999989942
23.0000000067055,1082.99999973178
23.0,1069.0
22.7999999932945,1091.99999812245
22.700000013411,1064.00000375509
22.7,1065.99999986589
22.6000000033528,1043.00000077114
22.6000000067055,1041.99999822304
22.8000000301748,989.000000100583
23.0999999698252,989.999999899417
23.2999999932945,997.999999731779
23.2,1037.0
23.4000000067055,1020.00000053644
23.499999986589,1027.99999892712
23.5999999932945,1004.00000160933
23.6,1014.9999996312
23.7000000067055,1051.99999989942
23.8999999798834,1048.99999798834
23.7000000201166,1029.00000201166
23.7999999966472,946.000002782792
23.9,932.0
23.9999999932945,1050.00000040233
23.900000013411,1055.99999919534
24.099999986589,1018.0000025481
24.0000000033528,1027.99999966472
23.9999999966472,1019.99999872595
23.9000000100583,981.999999396503
23.9999999899417,976.000000603497
23.8000000067055,1020.99999849126
23.5,1089.0
23.399999986589,1002.00000006706
23.2000000268221,1002.99999986589
22.9000000201166,1024.99999852479
22.8000000033528,993.000001072884
22.7999999966472,1018.00000365451
22.7,1127.00000261515
22.7,1152.99999738485
22.6000000033528,1073.00000268221
22.7,1065.0
22.900000013411,978.999997988344
23.0999999731779,949.000004023313
23.1,913.000002413988
23.1,874.000001307577
23.3000000067055,847.999999765307
23.5000000201166,840.999995172025
23.6999999798834,793.000004827975
23.9999999899417,772.00000070408
24.6,770.0
25.2000000335276,828.000001944601
25.6999999329448,856.999996110798
25.7999999932945,936.999994635582
25.7000000033528,981.999998491257
26.0999999966472,1028.00000046939
25.9999999899417,1041.99999637902
25.9000000100583,1006.00000362098
25.9999999966472,947.000001978129
26.3,870.0
26.0,818.999994836749
26.0,742.000010326503
25.800000013411,703.000002615154
25.0000000268221,662.000001374632
24.5999999765307,626.000000234693
23.8999999698252,632.999997083098
23.6000000301748,604.000002916902
23.999999986589,607.99999986589
24.3,582.0
24.6000000201166,574.999996848405
24.8999999597669,528.00000630319
25.6999999463558,517.000000737608
26.2999999798834,575.999998021871
26.3000000100583,635.000002481043
26.5999999597669,709.000008448957
26.2000000402331,792.999991551043
26.2999999966472,761.000001072884
26.8,829.0
26.5000000067055,610.999997451902
26.599999986589,573.000005096196
26.2000000268221,586.999999061227
25.7000000167638,633.999998424202
25.1999999899417,541.000000402331
24.8999999497086,552.99999607727
24.4000000502914,514.00000392273
24.2000000067055,470.000001475215
24.3,455.0
24.6000000201166,450.999999128282
24.8999999597669,438.000001743436
25.099999986589,420.000001206994
25.6999999798834,461.99999859184
25.5000000033528,506.999999027699
25.6000000402331,478.000003520399
25.9999999597669,512.999996479601
25.600000013411,525.999999564141
26.2,485.0
25.6,449.000001475215
25.6,470.999997049571
25.5000000067055,471.0
25.5,458.000000435859
25.3999999966472,503.000001374632
25.3,544.000003319233
25.3,576.999996680767
25.699999986589,608.999998927116
26.3,595.0
26.6000000067055,575.000001743436
26.699999986589,600.999996513129
26.4000000201166,661.999995909631
26.4,682.99999929592
25.7999999765307,601.999999396503
25.0999999698252,583.999995473773
24.8000000301748,539.000004526227
24.400000013411,515.000000804663
24.3,502.0
23.8999999731779,474.999998725951
23.5000000536442,456.000002548098
23.5,431.000001676381
23.899999986589,469.999998692423
24.0000000033528,452.999999731779
24.1,445.000002313405
24.1,467.999997686595
24.2999999932945,596.999995674938
24.2,640.0
24.3000000201166,658.000005699693
24.5999999597669,742.999988600614
24.9999999731779,756.999999061227
25.4999999832362,752.000000167638
25.7000000033528,759.000001609326
25.7999999899417,806.999994166197
25.7000000100583,749.000005833803
25.7,839.999996948987
25.8,832.0
25.6999999731779,795.999993965031
25.3000000536442,706.000012069938
25.3999999932945,681.000001676381
25.2000000067055,631.000001676381
25.000000013411,563.999998826533
25.4000000201166,528.999997787178
25.5999999798834,507.000002212822
25.5000000033528,493.000000469387
25.3,476.0
25.5,481.000001877546
25.5,508.999996244908
25.300000013411,596.99999409914
25.3999999966472,710.999996177852
25.599999986589,812.999999631196
25.1999999798834,801.99999607727
25.0000000201166,763.00000392273
25.0,686.000002581626
24.7,694.0
24.5000000268221,633.999997787178
24.8999999463558,601.000004425644
24.8000000067055,605.999999664724
24.8,561.000001508743
24.7000000067055,561.999998893589
24.8999998491258,529.000000402331
23.4000001508742,532.999999597669
21.5000000637025,510.000000771135
20.7,503.0
19.9999999664724,487.0
19.5000000670552,487.0
19.2000000201166,479.000000536442
18.800000013411,477.000000067055
18.6000000033528,475.00000083819
18.6999999698252,499.999998692423
18.4000000301748,487.000001307577
18.4,495.999999698251
18.5,486.0
18.2999999932945,504.000000938773
18.200000013411,517.999998122454
18.000000013411,514.000000268221
17.9000000033528,514.999999966472
17.8999999966472,501.000000804663
17.7999999798834,524.999999497086
17.6000000201166,520.000000502914
17.5000000033528,544.99999916181
17.4,540.0
17.2000000067055,536.000003017485
17.299999986589,580.999993965031
17.0000000201166,531.000003352761
16.8000000067055,565.999998826533
16.7999999932945,536.999999798834
16.6,531.0
16.6,531.0
16.6,587.999998088926
16.6,547.0
16.4,545.000003486871
16.4,596.999993026258
16.599999986589,599.999999798834
16.6999999966472,551.000001642853
16.7,583.999999497086
16.7,569.000001709908
16.7,585.999998290092
16.7999999966472,605.999999329448
16.9,602.0
17.1000000268221,578.000002548098
17.4999999463558,615.999994903804
17.8999999731779,616.999999932945
18.1999999899417,616.000000033528
18.3,629.999999798834
18.3,624.000000502914
18.3,628.999999497086
18.2000000033528,587.00000140816
18.3,626.0
18.3499999966472,633.499999497086
18.3999999932945,640.999998994172
18.3000000067055,641.0
18.3,649.999999698251
18.8000000368804,643.000000301749
19.9000000603497,652.000021323557
20.4999999396503,863.999978676443
21.1999999765307,772.00000308454
21.5,956.0
21.9000000268221,801.999997787178
22.2999999463558,769.000004425644
22.499999986589,1097.99997793883
22.6999999932945,1012.00000288337
22.8000000100583,906.000003151596
23.1000000201166,1000.00000985712
23.2999999798834,1097.99999014288
23.3,1108.9999996312
23.6,1037.0
23.700000013411,942.000000804663
23.8999999731779,953.999998390675
23.9999999932945,943.000000737608
23.9000000033528,912.000001039356
24.0000000067055,826.000002346933
24.2,896.000009857116
24.2,993.999990142884
24.3999999932945,1117.99999584258
24.4,1112.0
24.499999986589,1090.99999658018
24.3000000268221,1040.00000683963
24.5999999798834,1033.00000046939
24.6,1020.00000043586
24.5999999966472,987.000000301749
24.5000000100583,995.999998290092
24.5999999899417,979.000001709908
24.5000000033528,1011.99999889359
24.6,1094.0
24.7000000067055,1159.9999955073
24.799999986589,1093.0000089854
24.8999999932945,1065.00000187755
24.8000000033528,1057.00000026822
24.0999999899417,1043.99999782071
23.8000000100583,978.999997887761
23.8999999899417,958.000002112239
23.8000000033528,977.999999329448
23.8,921.0
23.8,968.999996379019
23.8,915.000007241963
23.600000013411,951.999997518957
23.6,986.999998826534
23.7,913.000002346933
23.7000000100583,983.000017199662
23.7999999899417,1153.99998280034
23.7000000033528,1227.99999751896
23.7,1078.0
23.5,1035.9999974519
23.5,998.000005096196
23.699999986589,954.00000295043
23.6000000033528,941.000000435859
23.8,923.999998692423
23.8,884.999997787178
23.8,863.000002212822
23.6000000067055,835.000000938773
23.8,917.0
23.7,940.000004291534
23.7,1003.99999141693
23.899999986589,1031.99999812245
23.7000000067055,1137.99999644607
23.7999999932945,1088.9999970831
23.5999999798834,1001.99999376387
23.4000000201166,940.000006236135
23.6999999899417,906.000001139939
23.8,914.0
23.8000000201166,889.999994903804
24.0999999597669,814.000010192392
23.900000013411,835.999998524785
23.8000000033528,867.999998927116
23.7000000033528,887.000001776964
23.8,940.000002816319
23.8,967.999997183681
23.8,1037.99999765307
23.8,1141.0
23.8000000067055,1113.99999544025
23.899999986589,1046.00000911951
23.6000000201166,1007.00000261515
23.8999999899417,960.000001575798
23.9000000033528,942.99999943003
24.0,925.999998893589
24.0,915.000001106411
24.0,887.000000938773
23.8,839.0
23.9,839.000005632638
23.9,922.999988734725
23.9,944.999998524785
23.9,1257.99998950586
23.8999999832362,1124.99999701604
23.4000000201166,1035.9999906458
23.5999999798834,943.000009354202
23.7999999932945,957.999999497086
23.9,917.0
23.8000000067055,958.999998860061
23.899999986589,942.000002279877
23.9,856.00000576675
23.8000000033528,861.999999798834
23.5999999966472,971.000003486872
23.5,1075.00000070408
23.5,1081.99999929592
23.4000000033528,1107.99999912828
23.6,1073.0
23.4,1027.99999919534
23.4,1016.00000160933
23.4,1013.00000020117
23.4,990.000000771135
23.2000000033528,984.000000201166
23.2999999899417,989.999999195338
23.2000000100583,982.000000804662
23.1000000033528,1061.99999731779
23.1,1065.0
23.0000000067055,1072.99999751896
23.099999986589,1036.00000496209
23.1999999932945,1032.00000026822
23.2,1032.99999996647
23.2000000033528,1041.99999859184
23.2999999899417,999.999993361534
23.2000000100583,934.000006638466
23.3999999932945,1041.99999637902
23.5,1069.0
23.600000013411,1052.99999825656
23.7999999731779,1027.00000348687
23.8,1021.00000040233
23.9999999932945,976.000001508743
24.0000000100583,970.999999966472
24.3,969.999998692423
24.3,957.000001307577
24.4999999932945,1051.99999681488
24.6,1098.0
25.0000000067055,1123.00000107288
25.099999986589,1138.99999785423
25.1999999932945,1131.00000053644
25.4999999899417,1106.00000083819
25.6,1066.99999896064
25.6,1035.99999366328
25.6,973.000006336718
25.6999999966472,948.00000083819
25.7,963.0
25.7000000067055,920.999998390675
25.799999986589,897.00000321865
25.8999999932945,893.000000268221
25.500000013411,815.000002615154
25.8000000033528,754.999999765307
25.9,748.000041238955
25.9,1157.99995876105
25.6000000100583,775.000012841076
26.0,772.0
25.800000013411,820.999996446074
25.9999999731779,768.000007107852
26.2999999798834,811.99999704957
25.7000000201166,694.000003956259
26.499999986589,907.999993495643
26.1000000603497,714.0000064373
26.6999999396503,777.9999935627
25.9000000268221,676.000003419817
26.7,710.0
26.2000000670552,707.999999128282
27.1999998658896,695.000001743436
26.4000000536442,631.000004291535
27.3999999664724,729.999996680766
26.6999999966472,601.000006571412
26.6000000905245,796.999987527731
27.4999999094755,673.000012472269
26.8000000234693,597.000002548099
27.4,528.0
26.6999999932945,540.00000335276
26.600000013411,589.999993294479
26.5000000067055,585.000000335276
26.899999986589,611.999999094754
26.4000000234693,573.000000067055
27.0999999798834,574.99999537319
26.9000000201166,529.00000462681
26.7000000067055,481.000001609326
27.5,454.0
27.1,515.000000335276
27.1,519.999999329448
26.8000000201166,535.999998927116
27.199999986589,531.000000167638
27.1999999798834,531.000001944602
26.6000000301748,588.999994568528
26.8999999698252,535.000005431472
25.6000000435859,538.99999986589
25.2,533.0
25.0999999798834,541.999998122454
24.8000000402331,514.000003755092
24.8,485.000001944602
25.2999999832362,453.000001072884
24.900000013411,474.999999396503
25.3,457.000006839632
25.3,524.999993160368
25.2000000033528,572.999998390674
25.3,545.0
24.9999999932945,597.000002548098
24.900000013411,634.999994903804
24.9999999932945,606.000001944602
25.0,635.999998994172
24.8999999966472,627.999999262393
24.8,606.00000462681
24.8,651.99999537319
24.7000000033528,592.000002011657
24.8,571.0
24.6,558.000004693865
24.6,627.99999061227
24.6999999932945,722.999993629753
24.4000000100583,663.000002011657
24.4999999899417,714.000006102026
24.2,895.999993663282
24.2,833.000006336718
24.2999999966472,824.000000301749
24.3,884.0
24.1,835.000004224478
24.1,897.999991551043
23.900000013411,955.999996110797
23.9,919.000001240522
23.7999999966472,895.999999966472
23.6999999899417,894.999997787178
23.6000000100583,873.000002212822
23.5000000033528,928.999998122454
23.4,896.0
23.2999999932945,874.999999329448
23.200000013411,865.000001341104
23.2,853.000000804663
23.2,939.999997083097
23.099999986589,917.999999430031
22.6999999798834,901.000001005828
22.5000000201166,910.999998994172
22.5,887.000000804663
21.6,767.0
20.7999999597669,654.999995037914
20.2000000804663,581.000009924171
19.8000000268221,525.000003755093
19.400000013411,519.000000201166
18.8999999932945,487.000000201166
18.6999999798834,492.999999899417
18.5000000201166,492.000000100583
18.3000000067055,478.000000469387
18.2,481.0
18.100000013411,472.999999798834
18.2999999731779,470.000000402331
18.100000013411,475.999999597669
18.0000000033528,481.999999798834
17.9,491.999999664724
17.8999999798834,482.000001307577
17.7000000201166,494.999998692423
17.7,499.999999832362
17.7,490.0
17.6,492.000001072883
17.6,507.999997854233
17.5000000067055,504.000000268221
17.5,518.999999497086
17.5999999899417,506.000000301749
17.3,514.999999798834
17.3,513.000000201166
17.2000000033528,528.999999463558
17.2,525.0
17.1999999798834,533.000000536442
16.9000000402331,540.999998927117
16.700000013411,537.000000268221
16.7,536.000000033528
16.7,536.999999530613
16.7000000100583,523.000000301749
16.7999999899417,525.999999698251
16.8999999966472,546.99999929592
16.8,524.0
16.9,529.000000268221
16.9,532.999999463558
16.9,528.000000335276
16.9,528.999999966472
16.9,535.999999832362
16.9000000201166,531.000004023313
17.0999999798834,570.999995976687
17.1999999966472,526.000001508743
17.4,525.0
17.700000013411,521.000001609325
17.8999999731779,544.99999678135
18.099999986589,526.000001274049
18.3999999899417,520.000000201166
18.3999999966472,561.999999396503
18.3000000100583,543.999998994172
18.3999999899417,534.000001005828
18.3000000033528,549.999999463558
18.3,554.0
18.4,552.999999262393
18.4,542.000001475215
18.4,575.999997720122
19.0999999765307,562.000000469387
20.0000000234693,754.999996110797
20.700000070408,638.999998189509
21.399999929592,621.000001810491
21.8999999832362,591.000001005828
22.3,565.0
22.7000000268221,561.000000402331
23.0999999463558,566.999999195338
23.299999986589,555.000000804663
23.4999999932945,793.9999919869
23.8000000033528,966.000000268221
23.9000000201166,973.999989338221
24.0999999798834,868.000010661779
24.3999999899417,797.000002380461
24.5,764.0
24.6000000067055,704.999999329448
24.699999986589,695.000001341104
24.899999986589,689.000000402331
24.9,681.000000268221
24.9,822.000007208437
24.9000000201166,1037.00001941248
25.0999999798834,1229.99998058752
25.1,1320.99999694899
25.0,1217.0
25.0,1102.99999309331
25.0,1000.00001381337
25.0999999932945,1001.99999986589
25.1999999966472,915.000002916903
25.0000000100583,893.999998055398
25.3,835.999998491258
25.3,821.000001508742
25.3,787.000001139939
25.3,746.0
25.2,736.999997116626
25.2,694.000005766748
25.000000013411,652.00000281632
24.8000000067055,621.000001039356
24.1999999966472,638.999997787177
24.0999999899417,573.000000905245
24.0000000100583,581.999999094755
24.0,563.000000637025
24.0,565.0
23.9999999932945,597.000004559754
23.900000013411,664.999990880491
23.8000000067055,764.999993294477
23.8999999966472,992.999992355704
24.0999999966472,1134.99999547377
24.0,999.999997887761
24.0,979.000002112239
24.0,947.000001072884
24.1,1119.0
24.1999999932945,1129.99999979883
24.100000013411,1127.00000040233
24.1999999932945,1069.0000038892
24.2,1056.00000043586
24.3000000033528,1053.99999909475
24.4,1026.99999879301
24.4,1015.00000120699
24.4,954.000002045184
24.5,999.0
24.4,983.000006370245
24.4,1077.99998725951
24.599999986589,1149.99999517202
24.6,1145.00000016764
24.5999999966472,1102.99999845773
24.5000000100583,1056.99999748543
24.5999999899417,1032.00000251457
24.5000000033528,1023.00000030175
24.6,971.0
24.4999999932945,1028.99999852479
24.400000013411,1007.00000295043
24.4,1111.9999929592
24.4,1009.00000345334
24.4,996.000002916902
24.4,1082.99999084696
24.4,992.000009153036
24.4,998.999999765307
24.2,949.0
24.2,1045.00000368804
24.2,1099.99999262393
24.1000000067055,1081.00000127405
24.1999999966472,1050.00000103936
24.0,1009.99999795482
24.0000000100583,949.000007744877
24.0999999899417,1025.99999225512
24.1999999966472,1047.99999926239
24.1,1092.0
24.199999986589,1016.99999812245
24.0000000268221,989.000003755092
24.0,982.000000469387
24.0999999966472,1125.99999517202
23.9,1090.99999899417
23.9000000100583,1060.99999145046
23.9999999899417,976.000008549539
23.8000000067055,1098.9999958761
24.0,973.0
23.6,1055.0000013411
23.6,1074.99999731779
23.6,1006.00000462681
23.5000000033528,962.000001475215
23.4000000033528,1035.99999979883
23.5,1030.00000100583
23.5,1039.99999899417
23.5,1007.00000110641
23.5,946.0
23.499999986589,976.000008516012
23.3000000268221,1102.99998296798
23.499999986589,1020.00000556558
23.5,1073.99999818951
23.4000000067055,1055.99999973178
23.5999999698252,1047.99999456853
23.3000000301748,994.000005431472
23.3999999966472,1020.99999909475
23.3,1036.0
23.3000000067055,969.00000013411
23.399999986589,970.999999731779
23.4,1028.9999961108
23.4,974.000001844019
23.4,1053.0000003688
23.4,1063.99999889359
23.4,1053.00000110641
23.2000000067055,923.00000435859
22.8,791.0
22.7000000067055,718.999996244908
22.799999986589,663.000007510184
23.4999999530613,620.000002883375
23.9999999832362,636.999999430031
24.9000000234693,614.999999094754
25.6,587.999997384847
25.6,562.000002615153
25.7999999932945,528.000001139939
25.9,534.0
26.2999999932945,618.999997317792
26.200000013411,579.000005364417
26.000000013411,629.999996580183
26.2999999899417,672.999998558313
27.0999999765307,758.000000469387
26.4000000402331,772.000004123895
26.7999999597669,812.999995876105
26.8,767.00000154227
27.0,782.0
26.4000000067055,877.999997854233
26.499999986589,846.000004291534
26.5,869.999998390674
26.100000013411,867.000000100583
26.1999999530613,797.999999228865
24.8,775.000014182177
24.8,915.999985817823
24.1000000234693,826.000003017485
24.2,843.0
23.399999986589,707.999997653068
23.2000000268221,673.000004693865
23.2999999932945,704.999997854233
23.5999999899417,781.999997418374
24.6999999832362,707.999997451901
24.2000000201166,631.999999094755
24.3999999798834,623.000000905245
24.5999999932945,617.000000201166
24.7,593.0
24.9999999932945,576.999996177853
24.900000013411,520.000007644294
25.5999999530613,503.000001139939
24.9000000234693,599.999996747821
25.0,586.000001844019
25.0000001005828,641.000002413988
25.9999998994172,664.999997586012
25.600000013411,688.999999195337
25.9,776.0
25.9999999530614,703.00000462681
25.3000000938773,771.999990746381
25.7999999664724,763.000000603497
25.8999999966472,769.999999765307
25.8000000201166,790.999995607883
26.3999998994172,660.000009052454
25.4000001005828,749.999990947546
25.000000013411,706.000001475215
24.8,650.0
24.2000000737607,618.999998725951
25.2999998524785,600.000002548098
26.0999999463558,548.000003486872
25.2000000301749,549.999999932945
25.8999999932945,541.000002011657
25.7000000201166,601.00000462681
25.8999999798834,646.99999537319
25.9,649.999999899417
25.2,723.0
25.3000000335276,715.999999061227
25.7999999329448,702.000001877546
25.999999986589,702.999999932945
26.4999999832362,643.000002011657
26.3999999731779,678.000003118068
25.6000000603497,771.0
26.1999999396503,771.0
26.6999999832362,813.999998558313
25.9,731.0
26.4999999798834,802.00000154227
26.2000000402331,824.99999691546
26.2999999932945,842.999998793006
26.1000000067055,791.000001743436
26.100000013411,872.999999262393
26.4999999698252,850.999986320737
26.2000000301748,715.000013679263
25.9000000100583,677.000001274049
25.9,722.0
24.700000013411,652.000001005828
24.8999999731779,666.999997988344
25.099999986589,641.000001743436
25.1999999966472,622.000000637025
25.4,673.000005465001
25.4,836.000006336717
25.4,898.999993663283
25.1000000100583,1006.99999637902
25.1,1022.0
24.899999986589,1083.99999369681
24.7000000268221,990.00001260638
24.7,1094.9999929592
24.4000000100583,1126.99999892712
24.2999999932945,1053.99999879301
24.0999999798834,1018.0000134781
23.9000000201166,1151.9999865219
23.500000013411,1010.00000476092
23.5,1056.0
23.3999999731779,1014.99999892712
23.0000000536442,999.000002145767
22.7000000201166,1025.99999818951
22.5000000067055,1015.0000003688
21.8999999899417,997.999999027699
21.5999999597669,969.000002715736
21.2000000402331,995.999997284264
20.800000013411,916.000002682209
20.7,932.0
20.0999999463558,891.999993965031
19.3000001072883,802.000012069938
19.0000000201166,765.000002481043
18.7000000100583,732.000001106411
18.2999999966472,694.999999832362
18.2,689.999999396503
18.2,684.000000603497
17.9000000100583,672.000000402331
17.8,681.0
17.699999986589,684.0
17.5000000268221,684.0
17.5,673.000000737607
17.5,680.999999731779
17.2999999966472,678.000000368804
17.1999999899417,688.999997787178
17.1000000100583,667.000002212822
17.1,675.999999698251
16.8,669.0
16.599999986589,653.999999664724
16.4000000268221,649.000000670552
16.1000000201166,641.000000536442
16.1,631.000000335276
16.3000000033528,624.999999765307
16.4,618.000001307577
16.4,630.999998692423
16.4,617.000000469387
16.5,622.0
16.3999999932945,625.000000737607
16.300000013411,635.999998524785
16.3,626.000000670552
16.1000000067055,618.000000268221
16.1,607.000000502914
16.1,622.000000603497
16.1,627.999999396503
16.1,613.000000502914
16.4,623.0
16.4,617.999999463558
16.4,610.000001072883
16.4999999932945,621.999999195337
16.4000000033528,614.000000268221
16.3999999966472,618.999999765307
16.3000000201166,611.99999929592
16.4999999798834,605.00000070408
16.899999986589,613.999999698251
17.0,604.0
17.2,600.000000402331
17.2,605.999999195337
17.4999999798834,594.000000804663
17.5,595.999999932945
17.4999999966472,595.000000067055
17.4000000100583,596.999999798834
17.4999999899417,595.000000201166
17.5,600.999999798834
17.5,597.0
17.6499999899417,596.000000067055
17.7999999798834,595.00000013411
17.8999999932945,600.999999597669
17.9,597.000000134111
17.9000000033528,593.000000368804
18.000000070408,603.999997787178
18.699999929592,582.000002212822
19.6999999664724,640.999998021871
20.4,788.0
20.8000000335276,930.000002749264
21.2999999329448,970.999994501473
21.6999999731779,924.000003151596
21.9999999899417,1135.99999289215
22.3,1041.99999725074
22.3000000201166,960.000000201166
22.4999999798834,961.999999798834
22.5999999966472,906.000001877546
22.7,934.0
22.8000000201166,878.999999061227
23.0999999597669,865.000001877546
23.299999986589,838.000001810491
23.2000000033528,868.999998960644
23.4,807.000001374632
23.4000000100583,848.000018104907
23.4999999899417,1027.99998189509
23.5999999966472,1096.99999768659
23.5,1043.0
23.3,987.00000013411
23.3,988.999999731779
23.100000013411,990.99999986589
22.9000000067055,1005.99999949709
22.9999999966472,1058.00000087172
22.9,1084.00000241399
22.9,1107.99999758601
23.0999999932945,1121.99999953061
23.0,1100.0
23.0,1083.00000020117
23.0,1085.99999959767
23.0,1042.00000295043
23.0999999966472,1047.99999979883
23.1000000033528,1022.99999956414
23.1999999899417,1009.99999155104
23.1000000100583,926.000008448957
23.3999999899417,891.000001173466
23.4,884.0
23.5,907.000000067055
23.5,907.99999986589
23.5,949.99999718368
23.5,1014.99999782071
23.4000000033528,1154.00000107288
23.5000000100583,1186.00001146644
23.5999999899417,1299.99998853356
23.6999999966472,1342.99999855831
23.8,1340.0
23.8,1373.99999604374
23.8,1315.00000791252
23.8999999932945,1283.00000214577
23.9,1253.00000100583
23.8000000067055,1213.00000147522
24.0,1256.99999688193
24.0,1226.00000311807
24.0999999966472,1202.00000080466
24.0,1072.0
24.1,1109.99999879301
24.1,1092.00000241399
24.1999999932945,1075.00000113994
24.1000000033528,991.00000281632
24.1999999765307,973.000006303192
23.4999999899417,1160.99998833239
23.4000000100583,1045.00001166761
23.4,1012.00000110641
23.2,1032.0
23.2,1003.99999926239
23.2,993.000001475215
23.1000000067055,989.000000268221
23.0000000033528,1075.9999970831
23.0999999966472,1093.99999651313
23.0,990.000001106411
23.0,1000.99999889359
23.0999999966472,980.00000070408
23.0,1097.0
23.1999999932945,1174.00000107288
23.100000013411,1189.99999785423
23.1999999932945,1184.00000040233
23.2,1135.00000164285
23.2000000033528,1047.99999916181
23.3,1022.99999839067
23.3,1007.00000160933
23.1000000067055,993.000000469387
23.2,973.0
23.100000013411,1023.00000710785
23.2999999731779,1128.9999857843
23.3999999932945,1133.99999966472
23.4999999966472,1103.00000103936
23.4999999966472,1115.99999909475
23.3999999798834,1088.99999175221
23.2000000201166,1007.00000824779
23.2999999966472,963.000001475215
23.3,1043.0
23.3,1069.00000710785
23.3,1174.9999857843
23.2000000067055,1137.0000025481
23.2,1070.00000224635
23.1999999966472,1071.99999852479
23.1000000100583,1027.99999557436
23.1999999899417,984.000004425644
23.1000000033528,984.999999966472
23.1,981.0
23.2,1174.00000187755
23.2,1201.99999624491
23.2,1107.00000637025
23.2999999966472,1050.00000191107
23.4000000033528,1047.99999989942
23.5,1044.99999748543
23.5,1020.00000251457
23.5999999966472,998.000000737607
23.4,959.0
23.3000000067055,960.000013343987
23.399999986589,1158.99997331203
23.4,1288.99999128282
23.1000000100583,1144.0000048615
22.7999999932945,1140.99999839067
22.6000000100583,1092.99999517202
22.6999999899417,1045.00000482798
22.5000000067055,1027.0000006035
22.5,1000.0
22.4000000201166,988.000002346932
22.6999999597669,1022.99999530614
22.7999999932945,1077.99999631196
22.8999999966472,1072.00000020117
22.9,1024.99999956414
22.9000000201166,1011.99999275804
23.0999999798834,940.000007241963
23.1,948.999999698251
23.2,1062.0
23.3000000067055,1088.00000174344
23.399999986589,1113.99999651313
23.4999999932945,1088.00000174344
23.5999999966472,1083.00000016764
23.7999999966472,1042.99999829009
23.7000000301748,991.999995674939
23.9999999698252,949.000004325061
24.2999999899417,1037.99999701604
24.5,1059.0
24.6999999932945,1127.00000147521
24.600000013411,1148.99999704957
24.5000000067055,1097.00000348687
24.9999999832362,1070.00000090525
25.4000000167638,1021.9999996312
25.9000000402331,1011.00000070408
26.2999999597669,1017.99999929592
25.8000000167638,1022.99999983236
26.0,1009.0
26.4000000201166,1040.00000033528
26.6999999597669,1044.99999932945
26.3000000268221,949.000006437302
25.900000013411,880.000002313406
26.3000000033528,821.000001206994
26.4000000301748,856.999988131228
26.6999999698252,739.000011868772
25.9000000268221,716.000000771135
26.7,687.0
26.200000013411,831.999993763865
26.3999999731779,739.000012472269
26.4,693.000003084541
26.2000000067055,724.999998927116
26.1999999966472,790.000000301749
26.0999999698252,799.000009756533
25.8000000301748,895.999990243467
25.3000000167638,1141.99999175221
24.8,949.0
24.6000000268221,885.999995842577
24.9999999463558,824.000008314846
25.4999999664724,825.99999986589
25.5,699.000004258007
25.6000000033528,640.000000234693
25.7000000100583,647.000004023313
25.7999999899417,686.999995976687
25.8999999966472,683.00000013411
25.9,771.0
25.9000000201166,820.000003822147
26.1999999597669,876.999992355706
26.000000013411,943.9999955073
25.8000000067055,1009.99999778718
25.7999999966472,996.000000905246
25.7000000100583,1022.99998953939
25.7999999899417,919.000010460613
26.0999999899417,906.000000435859
26.0,863.0
25.799999986589,823.999994501473
25.6000000268221,742.000010997055
25.6,738.000000268221
25.6999999966472,746.999999698251
26.499999986589,824.99999634549
26.0999999497086,716.000003118067
25.6000000502914,746.999996881933
25.8999999899417,745.000000067055
25.5,730.0
26.2999999597669,656.000000536442
25.7000000804663,663.999998927117
25.6000000067055,694.999997921288
25.6,679.000000536442
25.7000000100583,666.99999986589
26.0,663.000008750705
26.0,749.999991249295
25.9000000033528,779.999998994172
25.5,817.0
25.5999999664724,902.000012002883
25.1000000670552,1080.99997599423
25.0000000067055,945.000009119511
25.0,937.000000268221
24.9999999966472,995.999998893589
24.9000000100583,963.000001106411
24.9999999899417,973.999998893589
24.9000000033528,974.0
24.9,956.0
24.7999999932945,994.000005766748
24.700000013411,1079.9999884665
24.7,1115.99999758601
24.6000000033528,1149.99999886006
24.6999999966472,1126.99999996647
24.6,1125.99999929592
24.6,1119.00000070408
24.6,1133.99999949709
24.5,1059.0
24.5,1075.99999953061
24.5,1069.00000093877
24.5,995.000004962087
24.4000000033528,1026.99999892712
24.4999999966472,1060.99999882653
24.4,1026.00000593439
24.4,1084.99999406561
24.4,1062.00000077114
24.3,1067.0
24.499999986589,968.000003688037
24.3000000268221,1022.99999262393
24.3,956.0000044927
24.3,945.000000368804
22.6999999497086,771.999994769692
21.1999999195337,615.99999285862
20.4000000804663,545.00000714138
19.6000000268221,503.00000140816
19.3,481.0
18.6999999932945,469.999998524785
18.600000013411,448.000002950429
18.400000013411,455.999999463558
18.4999999966472,449.000000234693
18.4,451.999999664724
18.3999999798834,441.999999396503
18.2000000201166,436.000000603497
18.0000000067055,443.999999731779
18.2,470.0
18.299999986589,452.000000536442
18.1000000268221,459.999998927117
18.1,468.999999396503
18.1999999966472,465.00000013411
18.2999999899417,471.000000067055
17.9999999899417,472.999999698252
17.9000000100583,470.000000301748
17.9,464.000000201166
17.9,457.0
17.7,469.999998927117
17.7,454.000002145767
17.7,453.000000067055
17.5000000067055,461.999999698251
17.4000000033528,459.000000167638
17.4999999798834,463.999997586012
17.3000000201166,440.000002413988
17.3999999966472,464.99999916181
17.4,459.0
17.2999999932945,473.999998994172
17.200000013411,459.000002011656
17.1000000067055,459.999999932945
17.0000000033528,449.000000368804
16.9000000033528,457.999999463558
17.0000000201166,442.000001408159
17.1999999798834,455.999998591841
17.7999999798834,459.99999986589
18.1,459.0
18.4000000335276,443.000000938773
18.8999999329448,456.999998122454
18.9999999932945,440.000001139939
19.2999999899417,453.999999530613
19.4000000033528,455.000000067055
19.5000000100583,457.000001106411
19.5999999899417,467.999998893589
19.6,473.999999798834
19.6,475.0
19.8,476.99999986589
19.8,478.999999731779
19.8,475.000000268221
19.8,480.999999798834
19.9000000234693,486.000004459173
20.6000001106411,618.999993059786
21.6999998893589,550.000006940214
22.4999999731779,753.999993160367
23.2,974.0
23.7000000335276,955.999992087485
24.1999999329448,838.00001582503
24.399999986589,816.000001475215
24.6999999899417,999.999993830919
25.0000000067055,879.999999061227
25.2,852.000008750705
25.2,938.999991249295
25.2,827.000003755093
25.3,906.0
25.1,868.000003620981
25.1,921.999992758037
24.900000013411,797.000008381904
24.9,723.000002481043
24.9000000033528,687.999999262393
25.0000000100583,665.999999798834
25.0999999899417,664.000000201166
25.0000000033528,645.000000637025
25.0,766.0
25.0000000067055,899.000016026196
25.099999986589,1137.99996794761
25.1,942.000013142825
25.1,896.00000154227
25.0999999966472,860.999998357147
25.0000000201166,811.999994266779
25.1999999798834,755.000005733221
25.2,731.000000804663
25.0,688.0
25.1,761.000022999938
25.1,1103.99995400012
24.900000013411,1137.99999772012
24.9999999966472,1004.0000044927
24.4999999966472,732.999998893589
24.4,700.000001106411
24.4,710.999998893589
24.3000000033528,693.000000603497
24.4,765.0
24.4000000067055,844.999999128282
24.499999986589,832.000001743436
24.300000013411,944.999992422759
24.3999999966472,1074.99999564141
24.4000000033528,1018.00000197813
24.4999999899417,1076.9999900423
24.4000000100583,978.000009957699
24.4,1005.99999906123
24.4,910.0
24.6,880.000000067055
24.6,880.99999986589
24.6999999932945,843.000002548099
24.6000000033528,893.999998290092
24.7,858.00000154227
24.7,904.000003419816
24.7,937.999996580184
24.7,1038.99999661371
24.8,1110.0
24.5999999932945,1104.99999262393
24.500000013411,995.000014752147
24.300000013411,966.000001944602
24.5999999899417,926.000001341105
24.8,913.999999061227
24.8000000100583,885.999998290092
24.8999999899417,869.000001709908
24.9,931.99999788776
24.9,996.0
24.8999999731779,1075.99999845773
24.5000000536442,1053.00000308454
24.699999986589,1091.99999738485
24.7999999966472,1041.00000170991
24.7999999966472,1016.99999872595
24.7000000201166,978.999994669111
24.8999999798834,926.000005330889
24.9999999966472,960.999998826533
25.0,946.0
24.9999999932945,900.000000469386
24.900000013411,906.999999061227
24.8000000067055,890.000001139939
24.8,852.000001274049
24.9000000033528,865.999998055398
24.9999999798834,807.999999597669
24.8000000201166,804.000000402331
24.8999999966472,926.999995876103
24.9,1050.0
24.5,917.999997183681
24.5,876.000005632638
24.7999999798834,824.000003486872
24.9999999932945,796.000000938773
24.9999999966472,763.999998625368
24.9000000100583,723.000019110735
24.9999999899417,912.999980889265
25.0,992.999997317791
24.7,935.0
24.7,879.999998658896
24.7,860.000002682208
24.500000013411,844.000001072884
24.5,914.999997619539
24.4999999966472,971.000003151596
24.4000000100583,1065.00000573322
24.4999999899417,1121.99999426678
24.6999999932945,1081.00000137463
24.7,1087.0
24.5,1066.99999825656
24.5,1041.00000348687
24.4000000067055,1018.00000154227
24.4,985.000001106411
24.2999999966472,995.000000234693
24.2,1002.00000422448
24.2,1043.99999577552
24.1000000033528,1060.99999943003
24.2,1042.0
24.1999999932945,1035.99999932945
24.100000013411,1026.0000013411
23.900000013411,995.000002078712
23.9999999966472,982.000000435859
23.8,993.000001374632
23.8,1034.00000623613
23.8,1095.99999376387
23.7000000033528,1046.00000167638
23.6,1031.0
23.8,994.999999932945
23.8,994.00000013411
23.8,1040.9999968484
23.8999999966472,1090.99999832362
23.6000000100583,1051.0000006035
23.8999999899417,1068.99999959767
23.8000000100583,1065.00000040233
23.8,987.000002615154
23.7,1002.0
23.8000000067055,1107.99999738485
23.899999986589,1069.00000523031
23.8000000067055,1048.00000140816
23.8999999966472,1037.0000003688
24.2000000067055,1020.99999922886
24.4000000201166,997.999998088926
24.5999999798834,979.000001911074
24.6999999966472,1016.99999872595
25.1,1042.0
25.5,1092.99999919534
25.5,1081.00000160933
26.1999999530613,1060.00000140816
25.5000000234693,892.000005632639
26.199999986589,824.99999718368
25.8000000402331,740.999997887761
26.1999999597669,720.000002112239
26.2,746.999999094754
26.4,824.0
26.4000000067055,756.999997116626
26.499999986589,714.000005766748
26.300000013411,655.000003956259
26.4999999932945,727.999997552484
26.1000000100583,720.000001676381
26.4000000301748,769.999999497086
26.6999999698252,765.000000502914
26.2000000167638,622.000004794449
27.2,593.0
26.400000013411,593.999997988344
26.5999999731779,564.000004023313
26.8999999798834,608.999996982515
26.9999999966472,575.000001139939
26.900000013411,583.999999966472
27.2999999195337,583.00000140816
26.5000000804663,596.99999859184
26.9999999832362,660.999997854233
27.0,661.0
26.4000000201166,623.00000952184
26.6999999597669,764.99998095632
25.8000000603497,812.999996781349
26.5999999731779,728.000002849847
26.2000000067055,685.999998793006
26.4000000502914,650.000001810491
26.8999999497086,667.999998189509
26.8000000033528,625.000001441687
26.2,653.0
26.7,629.000001408159
26.7,649.999997183681
25.5000000804663,658.999999396503
25.5,650.000000301749
25.5000000067055,664.999998994172
25.7,635.000004425644
25.7,678.999995574356
25.6000000033528,785.999996412545
25.5,963.0
25.9000000335276,1033.99999202043
26.3999999329448,915.00001595914
26.4,900.000001005828
26.000000013411,908.999999698251
26.3000000234693,896.000000201166
26.9999999798834,901.999986220154
26.8000000201166,765.000013779846
26.400000013411,651.000003822148
25.8,666.0
26.3000000335276,643.999999195337
26.7999999329448,632.000001609325
25.8000000670552,583.000003285706
25.9999999932945,567.000000536442
25.9999999932945,570.000001877546
25.8000000201166,626.000001810491
25.9999999798834,643.999998189509
26.0,702.999998021871
25.9,824.0
25.400000013411,813.000008851288
25.5999999731779,944.999982297424
25.6,981.999997518956
25.6,978.00000013411
25.7000000100583,949.999997820705
26.0,884.999992255123
26.0,808.000007744877
25.8000000067055,811.99999986589
25.5,765.0
25.5000000067055,749.999995909632
25.599999986589,689.000008180736
25.6,736.999996781349
25.4000000067055,675.000002078712
25.1,655.000002179295
25.1,720.000007946043
25.1,798.999992053957
24.700000013411,899.999996613711
24.7,968.0
24.6999999932945,1118.00000268221
24.600000013411,1157.99999463558
24.5000000067055,1122.00000241399
24.4000000033528,1153.99999892712
24.4,1177.99999855831
24.4,1134.99999879301
24.4,1123.00000120699
24.4,1122.00000003353
24.5,1077.0
24.5,1064.99999899417
24.5,1050.00000201166
24.4000000067055,1047.00000020117
24.5999999932945,1012.00000117347
23.9999999832362,1000.99999845773
23.4999999497086,954.999997686595
23.0000000502914,932.000002313405
22.7000000100583,942.999999631196
22.3,945.0
22.099999986589,949.999999329448
21.9000000268221,940.000001341104
21.6000000201166,940.999999932945
21.5000000033528,958.999999396503
21.2999999932945,923.999998994172
21.0999999698252,893.999997384847
20.8000000301748,868.000002615153
20.2000000201166,713.00000519678
19.8,663.0
19.5,611.99999832362
19.5,587.00000335276
19.7999999798834,642.999996244907
19.8,602.000001374632
19.8999999899417,626.999998625368
19.6000000201166,586.000001307577
19.7999999798834,598.999998692423
19.8999999966472,583.000000536442
19.7,659.0
19.6,647.999997384847
19.6,609.000005230307
19.400000013411,636.999998122454
19.4,608.000000972301
19.3,608.999999698251
19.3,599.999997887761
19.3,579.000002112239
19.3999999966472,611.999998893589
19.3,572.0
19.0,574.999998189509
19.0,548.000003620981
18.800000013411,544.000000268221
18.9999999932945,533.000000368804
18.9,533.999999195337
18.8999999899417,510.000001508742
18.8000000100583,524.999998491258
18.8,518.000000234693
18.8,517.0
18.800000013411,512.999999597669
18.9999999731779,507.000000804663
18.800000013411,512.999999597669
18.8999999966472,517.999999832362
18.9,517.99999986589
18.8999999899417,514.000000804663
18.8000000100583,521.999999195337
18.8999999966472,512.000000335276
18.7,517.0
18.7999999932945,517.999999396503
18.700000013411,509.000001206994
18.7,495.000000938773
18.6000000033528,518.999999195337
18.7000000268221,516.999998994172
19.5000001005828,487.000000502914
20.4999998994172,491.999999497086
21.2999999731779,494.999999899417
22.1,487.0
22.6000000268221,464.000001206994
22.9999999463558,481.999997586012
23.3999999731779,582.999993227422
23.5999999932945,643.999997954816
24.0000000100583,656.000005330891
24.3000000301748,815.000012472269
24.5999999698252,938.999987527731
24.6999999966472,998.999997988343
24.8,981.0
24.9000000067055,951.000000938773
24.999999986589,964.999998122454
25.0999999932945,933.000002145767
25.1,925.000000268221
25.1000000033528,889.9999964796
25.1999999899417,785.000000905245
25.1000000100583,793.999999094755
25.0000000033528,725.000002313405
25.0,714.0
24.7999999932945,670.000000938773
24.700000013411,683.999998122454
24.7999999932945,637.000003151596
24.8999999966472,611.000000871718
24.9999999966472,620.000007007272
24.9,829.000010963527
24.9,937.999989036473
24.9,1008.99999761954
25.0,1000.0
24.9999999932945,943.999996043743
24.900000013411,885.000007912515
24.9,869.000001072884
24.9999999966472,826.000001441687
24.3999999899417,753.000001139939
24.1,787.000005934386
24.1,845.999994065614
24.1999999966472,846.0
24.2,905.0
24.099999986589,969.000005364417
23.9000000268221,1048.99998927117
23.8000000067055,1064.99999892712
23.8,1038.00000090525
23.7999999932945,1021.99999943003
23.6,1005.00000020117
23.6,1006.99999979883
23.6,979.000000938773
23.5,990.0
23.4000000067055,1077.99999832362
23.499999986589,1053.00000335276
23.5,1018.00000234693
23.3000000067055,991.000000905246
23.3999999932945,1068.99999818951
23.2000000100583,1015.00000502914
23.2999999899417,1064.99999497086
23.3999999966472,1012.00000177696
23.3,1020.0
23.4000000067055,951.999999597669
23.499999986589,946.000000804663
23.4000000067055,945.000000067055
23.4999999966472,997.999998223036
23.6999999966472,998.000005397946
23.6,1159.00000020117
23.6,1160.99999979883
23.7999999932945,1094.00000224635
23.8,1085.0
23.8,1025.99999684841
23.8,979.00000630319
23.8,923.000003755093
23.8,883.000001341105
23.8,844.000001039356
23.8,875.000000100583
23.8,875.999999899417
23.8,791.000002849847
23.8,821.0
23.7000000067055,931.000006169079
23.799999986589,1022.99998766184
23.8,1092.99999530613
23.8,1043.00000167638
23.9999999932945,995.999999061227
23.8000000201166,967.999996982516
23.9999999798834,938.000003017484
24.0999999966472,934.00000013411
24.1,923.0
24.0,861.99999537319
24.0,793.000009253619
23.9000000067055,858.999995574355
23.9999999966472,867.999999698251
24.0,921.000004023314
24.0000000201166,1041.00001086294
24.1999999798834,1148.99998913706
24.0000000067055,1170.99999926239
24.0,1130.0
24.1,1079.99999362975
24.1,985.00001274049
24.0000000067055,948.000002481044
24.0,907.000001374632
24.1000000033528,866.999999497086
24.1999999899417,851.999999396503
24.1000000100583,846.000000603497
24.1999999966472,836.000000335276
24.2,760.0
24.2,759.99999986589
24.2,758.000000268221
24.399999986589,891.999991014599
24.3000000033528,909.999999396503
24.2,1116.00000231341
24.2000000100583,1185.00000341982
24.2999999899417,1218.99999658018
24.0000000100583,1178.00000137463
24.0,1164.0
23.8999999932945,1131.99999765307
23.800000013411,1097.00000469386
23.8,1043.00000362098
23.8,976.00000224635
23.8,923.000001173467
23.8,958.000003319233
23.8,990.999996680767
23.8999999966472,988.000000100583
23.9,957.0
24.0000000067055,931.999997854233
24.099999986589,900.000004291534
24.1,926.999998189509
24.0000000033528,1020.9999968484
24.1999999932945,1057.99999973178
24.0000000100583,1049.99999346212
24.0999999899417,985.000006537883
24.1999999966472,958.000000905246
24.4,894.0
24.5999999932945,832.000002011656
24.500000013411,861.999995976687
24.5,803.000003956259
24.5,790.000000435859
24.4000000033528,826.000002346933
24.5,896.000000804662
24.5,903.999999195338
24.5,1031.99999570847
24.6,1197.0
24.7000000067055,1223.99999778718
24.799999986589,1191.00000442564
24.8999999932945,1192.99999986589
24.8000000033528,1128.00000217929
24.9000000067055,1088.99999943003
25.1000000100583,1071.9999970831
25.1999999899417,1043.0000029169
25.2999999966472,1021.00000073761
25.4,983.0
25.4000000067055,957.00000167638
25.499999986589,981.999996647239
25.5,935.000003151596
25.899999986589,956.999999262392
25.5000000033528,988.000001642853
25.6000000100583,1036.9999941662
25.6999999899417,979.000005833803
25.7999999966472,967.000000402331
25.8,923.0
25.8,853.99999678135
25.8,806.0000064373
25.8,735.000004760921
25.7000000033528,719.000000536442
25.5000000067055,730.000001106411
25.7000000100583,762.999995272608
25.7999999899417,716.000004727392
25.8,695.00000070408
26.2,703.0
26.0999999798834,686.000006839632
25.8000000402331,787.999986320737
25.7000000067055,723.00000435859
25.7999999966472,706.00000056997
25.7,669.000001944602
25.7,726.999991148712
25.7,639.000008851288
25.6000000033528,662.999999195337
25.7,711.0
25.6,776.00000462681
25.6,844.999990746381
25.6,876.999997854233
25.5000000033528,901.99999916181
25.6,869.999999530613
25.6,855.999997887761
25.6,835.000002112239
25.6999999966472,797.000001274049
25.5,689.0
24.9999999798834,731.999998055399
24.7000000402331,703.000003889202
24.6000000067055,710.999999463558
24.4000000067055,735.99999916181
24.5000000100583,759.999998927116
24.8000000100583,727.999997686595
24.8999999899417,705.000002313405
24.8000000033528,662.000001441687
24.8,666.0
24.899999986589,734.000000871718
24.7000000268221,746.999998256564
24.6000000067055,719.000001877546
24.3000000100583,668.000001709908
24.1999999932945,683.000001944602
23.9999999798834,740.99999607727
23.8000000201166,702.00000392273
23.7000000033528,700.000000067055
23.5,676.0
23.7999999932945,806.999998390675
23.700000013411,783.00000321865
23.4000000201166,747.000002413988
23.4999999966472,670.000002581626
23.499999986589,800.99999621138
23.0999999899417,688.00000321865
23.0000000100583,719.99999678135
23.0999999966472,753.999998860061
23.1,777.0
22.8,678.000004425644
22.8,743.999991148712
22.7000000067055,722.000001475215
22.6000000033528,675.000001575798
22.6,745.000000502914
22.6000000100583,759.99999678135
22.6999999899417,728.00000321865
22.6000000033528,711.00000056997
22.4,755.0
22.4,688.000000469386
22.4,694.999999061227
22.599999986589,726.999997854233
22.6,762.999998793006
22.7,751.999998155981
22.7,696.999999798834
22.7,695.000000201166
22.7,755.999997954816
22.9,780.0
23.0,747.999997653068
23.0,713.000004693865
23.0999999932945,692.00000140816
22.8000000100583,790.999996680766
22.0999999832362,850.00000070408
21.5999999497086,870.999997284264
21.1000000502914,844.000002715736
20.700000013411,873.999998994172
20.7,871.0
20.299999986589,878.999999128282
20.1000000268221,866.000001743436
19.900000013411,851.000001005828
19.6000000100583,818.000001106411
19.3999999899417,787.999999362975
19.0999999899417,768.99999678135
19.0000000100583,737.00000321865
18.9000000033528,656.000002715737
18.8,684.0
18.9000000067055,645.000003151595
18.999999986589,691.99999369681
19.0,652.000002682209
18.8000000067055,690.999998692423
18.9000000100583,648.000000368804
19.2,658.999998793006
19.2,647.000001206994
19.2,660.999999530613
19.0,634.0
18.7999999932945,619.999999128282
18.700000013411,607.000001743435
18.500000013411,593.000000938773
18.5999999966472,594.999999932945
18.5999999966472,577.999999932945
18.5,575.999998088926
18.5,557.000001911074
18.3000000067055,574.999999396503
18.2,555.0
18.1999999932945,537.000000871718
18.100000013411,549.999998256564
18.1999999932945,531.000001274049
18.1000000033528,535.999999832362
17.9999999966472,537.000000100583
17.9000000201166,539.999999396503
18.0999999798834,534.000000603497
18.0000000033528,532.000000067055
17.9,519.0
17.9,517.000000402331
17.9,522.999999195338
17.8000000067055,529.999999530613
17.8999999966472,513.000000569969
17.8,510.000000067055
17.7999999899417,511.999999698252
17.7000000100583,509.000000301748
17.7,499.000000335276
17.7,509.0
17.7,504.000000201166
17.7,506.999999597669
17.7,503.000000268221
17.5000000067055,498.000000167638
17.9000000301749,484.999999899417
18.8000001106411,482.000000201166
19.8999998893589,483.999999798834
20.6999999731779,476.000000268221
21.2,590.0
21.8000000268221,555.999999597669
22.1999999463558,550.000000804662
22.5999999731779,871.999978408216
22.8999999899417,760.000003755093
23.100000013411,771.000001475215
23.5000000100583,815.000010862944
23.5999999899417,922.999989137056
23.7999999932945,919.00000013411
24.2,865.0
24.3000000067055,837.999992825092
24.399999986589,731.000014349815
24.4999999932945,751.99999859184
24.5999999966472,713.000001307577
24.7,744.000003084541
24.7,836.000004325061
24.7,878.999995674939
24.7999999966472,939.999997954815
25.0,1084.0
24.8,1066.00000657141
24.8,1163.99998685718
24.7000000067055,1108.00000375509
24.7,1163.99999812245
24.8000000033528,1150.00000030175
24.9,1158.99999446795
24.9,1104.00000553206
24.8000000033528,1082.00000073761
24.9,1039.0
24.7999999932945,1011.99999765307
24.700000013411,977.000004693865
24.7999999932945,935.00000281632
24.8999999966472,907.000000938773
24.0999999966472,1156.9999925904
23.9999999899417,936.000001810491
23.9000000100583,953.999998189509
23.8000000033528,943.000000368804
23.7,984.0
23.6,991.000001206994
23.6,1008.99999758601
23.5000000067055,1019.99999926239
23.4000000033528,1015.00000016764
23.5999999966472,1009.99999966472
23.5000000100583,999.999998390675
23.5999999899417,984.000001609325
23.5000000033528,1019.99999879301
23.6,1094.0
23.5999999932945,1060.99999624491
23.500000013411,1005.00000751018
23.5999999932945,957.000003218651
23.5000000033528,964.999999731779
23.5,996.000000637025
23.5000000100583,1015.0000035204
23.5999999899417,1049.9999964796
23.6,1071.99999926239
23.5,1064.0
23.6,1008.9999974519
23.6,971.000005096196
23.6,994.999998390674
23.6,1124.99999564141
23.5000000033528,1114.99999922886
23.5999999899417,1091.99999637902
23.5000000100583,1056.00000362098
23.5,1001.00000184402
23.6,996.0
23.5000000067055,1003.99999845773
23.599999986589,981.00000308454
23.400000013411,963.000001206994
23.4,1013.99999829009
23.4,1148.99999808893
23.3999999798834,1091.99999698252
23.2000000201166,1062.00000301748
23.2999999966472,1028.00000113994
23.3,993.0
23.1000000067055,983.000003151595
23.199999986589,1029.99999369681
23.2999999932945,1053.99999839067
23.2000000033528,1021.00000110641
23.3000000033528,981.00000140816
23.4,1022.99999728426
23.4,996.000002715736
23.4,972.000000804663
23.5,989.0
23.4,1084.00000073761
23.4,1094.99999852479
23.4,1054.00000274926
23.3000000033528,1028.00000087172
23.2999999966472,1005.99999845773
23.2,960.00000251457
23.2,984.99999748543
23.2999999966472,1072.99999704957
23.4,1071.0
23.2999999932945,1053.9999986589
23.200000013411,1034.00000268221
23.1000000067055,1031.00000020117
22.9000000067055,1003.00000093877
22.7999999899417,1024.99999875948
22.5,988.000010862944
22.5,1095.99998913706
22.4000000033528,1096.99999996647
22.3,1048.0
22.2000000067055,982.000000067055
22.299999986589,982.99999986589
22.3,977.000000402331
22.5999999899417,1110.9999955073
22.7000000033528,1047.99999943003
22.8000000301748,1030.99999899417
23.0999999698252,1021.00000100583
23.2999999932945,992.000000972301
23.3,971.0
23.4999999932945,967.000003151595
23.400000013411,1013.99999369681
23.200000013411,1147.9999910146
23.2,1179.99999892712
22.8999999932945,1135.99999859184
22.6999999798834,1093.9999970831
22.5000000201166,1065.0000029169
22.4000000033528,1043.00000073761
22.3,1018.0
22.3999999932945,1010.00000026822
22.300000013411,1013.99999946356
22.3,999.000001005828
22.2000000033528,925.000002481044
22.1999999932945,941.99999943003
22.0000000100583,924.999992053958
22.0999999899417,846.000007946043
21.8000000100583,727.000003989786
21.6,710.0
21.9000000067055,688.999999798834
21.999999986589,686.000000402331
22.2999999798834,626.000004023314
22.2000000033528,654.999999027699
22.3,689.000003620982
22.3000000100583,797.000008348374
22.3999999899417,879.999991651626
22.6999999899417,975.999996781349
22.5,1038.0
22.5,1135.00000214577
22.5,1166.99999570847
22.300000013411,1081.00000576675
22.3,1016.00000217929
22.2000000033528,904.999999027699
22.3000000100583,875.999999698252
22.3999999899417,873.000000301748
22.5999999932945,816.000001911074
22.8,799.0
23.0000000201166,804.999999530614
23.2999999597669,798.000000938773
23.3,828.999997921288
23.4999999932945,884.999998122454
23.6000000067055,954.000000402331
23.8,966.000012271104
23.8,1087.9999877289
23.8,1107.99999932945
23.8,1240.0
23.799999986589,1192.99999631196
23.6000000268221,1138.00000737607
23.5000000067055,1089.00000328571
23.5,1037.00000174344
23.4999999932945,1015.99999929592
23.3,995.000002615153
23.3,1020.99999738485
23.7999999832362,1046.99999912828
24.0,1048.0
24.5,1042.99999772012
24.5,1009.00000455975
24.2000000201166,1011.99999979883
24.1000000033528,1136.99999580905
23.9000000033528,1177.00000100583
24.0,1206.99999829009
24.0,1190.00000170991
24.0999999966472,1126.00000214577
24.4,1052.0
24.8000000268221,1053.99999912828
25.1999999463558,1041.00000174344
25.1000000067055,1084.99999704957
24.5000000201166,1075.00000033528
24.0999999966472,981.999998994172
24.0,951.999999698252
24.0,949.000000301748
24.0,1105.99999473616
24.0,1160.0
23.9000000402331,1110.99999886006
24.4999999195337,1094.00000227988
24.7999999798834,1091.00000020117
25.0999999899417,1075.00000053644
24.5999999932945,1014.00000023469
24.3999999798834,1021.00000492856
24.2000000201166,1069.99999507144
24.2999999966472,1142.99999755248
24.5,1159.0
24.5,1135.99999872595
24.5,1117.0000025481
24.5,1082.00000234693
24.5999999966472,1059.00000077114
24.7,1036.99999953061
24.6999999899417,1023.00000090525
24.6000000100583,1031.99999909475
24.6999999966472,1112.99999728426
24.8,1103.0
24.899999986589,1101.99999859184
24.7000000268221,1081.00000281632
24.500000013411,1053.00000187755
24.4000000033528,1048.00000016764
24.3999999966472,1064.99999822304
24.3,1012.00000140816
24.3,1025.99999859184
24.3,1093.99999772012
24.5,1149.0
24.4,1124.99999758601
24.4,1089.00000482798
24.3000000067055,1083.00000040233
24.2000000033528,1062.00000070408
24.0999999966472,1038.99999976531
23.9999999798834,1031.99999859184
23.8000000201166,1018.00000140816
23.7000000033528,1121.99999651313
23.5,1126.0
23.4,1118.99999872595
23.4,1100.0000025481
23.0000000268221,1095.00000033528
23.0,1057.00000127405
23.0999999899417,1068.99999919534
22.8000000201166,1044.99999698252
22.9999999798834,1015.00000301748
22.8000000067055,1001.00000046939
22.8,1010.0
22.6999999932945,1001.99999604374
22.600000013411,943.000007912515
22.5000000067055,948.999999597669
21.2000000435859,840.00000365451
19.6999999631196,744.999996412545
18.5999999798834,638.000001911074
18.4000000201166,656.999998088926
18.2000000067055,606.000001709908
18.0,623.0
17.899999986589,632.999998390675
17.7000000268221,609.00000321865
17.4000000201166,638.999997988343
17.1000000100583,629.000000335276
16.5999999899417,639.000000301749
16.2999999798834,647.999996479601
16.1000000201166,613.000003520399
16.0000000033528,607.000000201166
15.9,605.0
15.7999999798834,582.999999061227
15.5000000402331,569.000001877546
15.2000000201166,547.000001475215
15.0000000067055,526.00000070408
14.4000000368804,501.000000100583
15.5000000402331,503.99999929592
15.8999999597669,497.00000070408
16.3999999832362,501.999999832362
16.6,501.0
17.100000013411,503.99999986589
17.2999999731779,502.000000268221
17.5999999798834,485.000001139939
17.6999999966472,518.999998860061
17.7,511.000000201166
17.6999999899417,516.999998994172
17.6000000100583,507.000001005828
17.5000000033528,507.999999966472
17.5,510.0
17.4000000067055,527.999999530614
17.499999986589,521.000000938773
17.5,524.999999731779
17.4000000033528,515.000000335276
17.3000000033528,523.99999986589
17.4,519.999999497086
17.4,515.000000502914
17.4,521.999999765307
17.3,514.0
17.200000013411,509.000000335276
17.3999999731779,513.999999329448
17.6999999798834,513.000000067055
17.8999999932945,502.000000368804
18.0,517.999999463558
18.0000000100583,502.000003017485
18.0999999899417,531.999996982515
18.1999999966472,533.999999932945
18.0,528.0
17.999999986589,522.500000368804
17.8000000268221,517.000000737607
17.8999999932945,517.999999932945
17.7000000067055,522.999999832362
18.5000000335276,588.000001676381
19.500000070408,638.000003520399
20.199999929592,672.999996479601
20.599999986589,796.999995842576
21.1,881.0
21.5000000335276,880.00001582503
21.9999999329448,1115.99996834994
22.0,1039.00000516325
22.2999999899417,954.000002849847
22.4000000033528,1102.00000227988
22.5000000100583,1169.99998682365
22.5999999899417,1039.00001317635
22.7999999932945,1001.00000127405
22.9,980.0
23.1,945.999999798834
23.1,943.000000402331
23.3999999798834,943.0
23.4999999966472,911.000001072884
23.5000000033528,879.999999664724
23.6,870.000004325061
23.6,912.999995674939
23.5000000033528,876.000001240522
23.4,927.0
23.3999999932945,955.000005297362
23.300000013411,1033.99998940528
23.3,1102.99999537319
23.2000000033528,1169.99999775365
23.3,1241.00000140816
23.3000000201166,1282.99999849126
23.4999999798834,1268.00000150874
23.4000000033528,1265.00000010058
23.4,1229.0
23.4,1240.99999644607
23.4,1188.00000710785
23.3000000067055,1207.9999986589
23.3999999966472,1202.00000020117
23.3999999966472,1140.00000006706
23.2999999899417,1141.99999718368
23.2000000100583,1114.00000281632
23.1000000033528,1078.00000120699
23.1,1056.0
22.9,1037.99999751896
22.9,1001.00000496209
22.9,897.000006973744
22.9,959.99999788776
22.8999999966472,882.00000295043
22.7999999899417,970.000006940214
22.7000000100583,1038.99999305979
22.6000000033528,1140.99999658018
22.6,1212.0
22.4,1204.99999852479
22.4,1183.00000295043
22.3000000067055,1119.00000429153
22.3999999966472,1097.00000073761
22.4000000033528,1121.99999765307
22.5,1052.00000020117
22.5,1053.99999979883
22.5999999966472,1076.99999922886
22.7,1003.0
23.1,962.000004291534
23.1,1025.99999141693
23.3999999798834,968.000003889203
23.5999999932945,1024.99999808893
23.6000000033528,988.000001441687
23.6999999798834,1030.99999607727
23.5000000201166,992.00000392273
23.3000000067055,1030.99999869242
23.1,993.0
23.0999999932945,976.000001609325
23.000000013411,999.99999678135
22.9000000067055,1011.99999919534
22.9,1045.99999886006
22.9000000033528,1025.99999855831
22.9999999899417,983.00000321865
22.9000000100583,1014.99999678135
22.9,941.000002481043
22.9,985.0
22.8000000067055,970.000000536442
22.899999986589,977.999998927117
22.9,965.000000871718
23.1999999899417,1047.99999721721
23.5000000067055,1141.00000204518
23.7000000100583,1202.00000090525
23.7999999899417,1210.99999909475
23.7000000033528,1180.00000103936
23.7,1194.0
23.3999999932945,1164.99999926239
23.300000013411,1154.00000147521
23.3,1187.99999772012
23.3,1170.0000006035
23.2000000033528,1090.99999989942
23.3,1087.99999597669
23.3,1048.00000402331
23.2000000033528,1025.00000077114
23.2,1007.0
23.199999986589,1020.99999798834
23.0000000268221,991.000004023313
23.0999999932945,960.000002078712
23.0000000033528,962.999999899417
22.9000000067055,998.000000301749
23.1,1007.00000432506
23.1,1049.99999567494
22.9000000067055,1099.99999832362
23.1,1061.0
23.1,1042.99999899417
23.1,1028.00000201166
23.1,979.000003285706
23.0000000033528,979.999999966472
23.0999999966472,964.999999899417
23.0,962.00000714138
23.0,1032.99999285862
23.0,1051.99999936298
23.0,1131.0
22.9999999798834,1172.00000368804
22.7000000402331,1226.99999262393
22.4000000201166,1162.00000435859
22.1000000100583,1162.0
21.999999986589,1162.99999886006
21.6,1128.9999958761
21.6,1088.0000041239
21.6999999966472,1070.0000006035
21.8,1048.0
21.8000000067055,1017.9999986589
21.899999986589,998.000002682208
21.9,1047.99999664724
21.9,1068.99999929592
21.7999999966472,1036.99999896064
21.7,1006.00000372156
21.7,1042.99999627844
21.7,1041.00000006706
21.8,1006.0
21.6999999932945,1026.00000053644
21.600000013411,1033.99999892712
21.6,1009.00000167638
21.5000000033528,998.000000368804
21.3999999966472,957.000002749264
21.3000000201166,1038.99999919534
21.4999999798834,1031.00000080466
21.3000000067055,1012.00000063702
21.5,977.0
21.700000013411,995.000005163251
21.8999999731779,1071.9999896735
22.1999999798834,1021.00000341982
22.4999999899417,1039.99999936298
22.900000013411,1102.99999755248
23.3,1030.00000301748
23.3,1059.99999698252
23.4999999932945,1075.99999946356
23.6,1063.0
23.800000013411,1059.99999772012
23.9999999731779,1026.00000455975
24.199999986589,1091.99999557435
24.2999999966472,1097.99999979883
24.7000000100583,1060.99999832362
25.0000000301748,1010.99999738485
25.2999999698252,985.000002615153
25.699999986589,1022.99999872595
26.4,1036.0
26.8,1102.00000221282
26.8,1134.99999557436
26.999999986589,1083.00000348687
27.4999999832362,985.000003285706
27.899999986589,872.999997451901
27.4999999798834,796.999987527731
27.3000000201166,673.000012472269
27.3999999966472,644.000000972301
27.6,603.0
27.0000000067055,560.999997854233
27.099999986589,529.000004291534
27.1,507.000001475215
26.700000013411,585.999997351318
26.6999999899417,584.999999798834
26.3999999899417,579.00001357868
26.3000000100583,713.99998642132
26.1000000067055,812.999996680766
26.2,719.0
26.2000000067055,676.000001005828
26.299999986589,690.999997988344
26.3,749.999996043741
26.3999999966472,812.99999788776
26.4,887.000001106411
26.4000000301748,920.000002011656
26.6999999698252,939.999997988344
26.7,983.999998524785
26.5,1051.0
26.399999986589,1080.99999845773
26.2000000268221,1058.00000308454
26.2999999932945,1004.00000362098
26.3,949.000001844019
26.3000000067055,910.999996546656
26.5000000603497,807.999993864448
27.0999999396503,747.000006135552
27.1999999966472,714.000001106411
27.3,704.0
27.4999999664724,699.00000013411
27.0000000670552,700.999999731779
27.2999999798834,660.000002749264
27.3999999966472,634.000000871718
27.3999999966472,598.999998558313
27.2999999698252,555.999998793006
27.0000000301748,544.000001206994
26.9000000033528,572.999999027699
26.8,665.0
26.3999999798834,702.999995909632
26.1000000402331,642.000008180736
25.900000013411,630.000000804663
25.9999999966472,612.000000603497
25.7999999966472,583.999999597669
25.7,572.000002212822
25.7,593.999997787178
25.4000000100583,606.999999564141
25.3,656.0
25.300000013411,733.000012136993
25.4999999731779,913.999975726014
25.5999999932945,921.999999463558
25.6999999966472,1045.99999584258
25.8000000033528,1112.00000372157
25.8999999899417,1222.99999788776
25.8000000100583,1202.00000211224
25.6000000067055,1164.00000127405
25.4,1136.0
25.2999999798834,1108.99999906123
25.0000000402331,1095.00000187755
24.6000000268221,1094.00000006706
24.4000000067055,1043.00000170991
24.1999999932945,971.000001743436
23.9999999899417,1023.00000603497
23.9000000100583,1082.99999396503
23.8000000033528,1069.00000046939
23.7,1034.0
23.4999999932945,1016.99999228865
23.400000013411,902.000015422699
23.3000000067055,894.000000536442
22.1000000402331,830.000002145767
20.7999999195337,762.999995775521
18.3999999899417,636.999995976687
18.3000000100583,597.000004023313
18.3,589.000000268221
18.0,586.0
17.799999986589,592.000000335276
17.6000000268221,596.999999329448
17.5000000067055,604.999999463558
17.2000000100583,585.000000670552
17.1000000033528,595.999999731779
17.2000000100583,587.999999396503
17.2999999899417,582.000000603497
17.4999999932945,586.999999832362
17.4,596.0
17.499999986589,603.000000201166
17.3000000268221,605.999999597669
17.2000000067055,601.000000335276
16.9000000100583,589.000000402331
16.6999999899417,581.000000033528
16.3999999698252,581.999998189509
16.1000000301748,564.000001810491
15.9000000067055,562.000000067055
16.1,562.0
15.7999999798834,552.999998524785
15.5000000402331,531.000002950429
15.300000013411,525.000000402331
15.2000000033528,536.999999597669
15.2000000201166,523.000000201166
15.8000000301748,529.0
16.0999999698252,529.0
16.3999999899417,528.000000033528
16.7,525.0
16.9000000067055,531.000000536442
16.999999986589,538.999998927117
17.199999986589,528.000000737607
17.2,536.999999698251
17.1000000033528,550.999999698251
17.2000000201166,541.99999929592
17.3999999798834,535.00000070408
17.4,543.999999698251
17.5,551.0
17.4000000067055,541.000000335276
17.499999986589,545.999999329448
17.4000000067055,533.000000871718
17.1000000100583,528.000000167638
17.2000000033528,540.0
17.3000000402331,540.0
17.6999999597669,540.0
18.1999999832362,543.999999865889
18.1,553.0
18.2,531.000001408159
18.2,551.999997183681
18.1000000067055,539.000000871718
18.1999999966472,550.999999597669
19.0000000335276,597.000001709908
20.000000070408,648.000014081594
20.699999929592,787.999985918406
21.1999999832362,944.999994736164
21.6,888.0
22.000000013411,1086.99999570847
22.1999999731779,1023.00000858307
22.4999999798834,1018.00000033528
22.6999999932945,1098.99999728426
22.9,979.00000154227
22.9000000301748,1024.99999487028
23.1999999698252,974.000005129724
23.2999999966472,972.000000067055
23.4,969.0
23.400000013411,948.99999523908
23.5999999731779,878.00000952184
23.6999999932945,899.999998524785
23.5000000067055,821.000002648682
23.2999999966472,859.000005029142
23.2,1009.00000714138
23.2,1079.99999285862
23.2,1023.00000191107
23.1,1015.0
22.900000013411,988.999995641411
23.0999999731779,924.000008717177
23.0000000067055,939.999998927116
22.8000000067055,988.999998357147
22.8000000033528,1065.00000107288
22.9,1097.00000301748
22.9,1126.99999698252
22.9,1102.00000083819
22.9,1105.0
,
,
,
,
,
,
,
,
,
,
,
,
,
,
23.1,978.0
23.0000000067055,993.00000476092
23.099999986589,1063.99999047816
23.1999999899417,1017.00000472739
23.1000000033528,1016.00000003353
22.9999999966472,988.999999932945
22.8999999698252,987.000012170521
22.6000000402331,1107.99998377264
22.400000013411,1092.00000107288
22.7,1108.0
22.7000000067055,1130.99999926239
22.799999986589,1120.00000147521
22.7000000100583,1092.00000281632
22.8999999932945,1065.00000090525
22.8000000033528,1031.99999892712
22.9,999.999997384847
22.9,974.000003486871
22.9,1002.9999980554
22.8,1072.0
22.9999999932945,1029.99999839067
22.900000013411,1006.00000321865
22.8000000100583,993.000001307577
22.8999999966472,963.000001005828
22.8,1004.00000335276
22.8000000100583,1104.00000382215
22.899999986589,1141.9999949038
22.700000013411,1056.00000576675
22.8,1078.0
22.7,1027.99999926239
22.7,1017.00000147521
22.7999999899417,921.000009655953
22.6000000067055,937.999999430031
22.5000000033528,1130.00000184402
22.6,1184.99998994172
22.6,1085.00001341104
22.6,1075.00000067055
22.7,1030.0
22.4000000201166,1016.99999738485
22.6999999597669,978.000005230307
22.4000000301749,956.000002212823
22.5999999932945,1066.99999627843
22.5,1156.99999882653
22.5,1121.9999964796
22.5,1087.00000469386
22.4000000067055,996.000006102026
22.4,993.0
22.3999999932945,967.000001139939
22.300000013411,983.999997720123
22.3999999899417,1115.99998672306
22.4,1084.00000107288
22.4,1042.99999906123
22.4000000100583,1015.00000020117
22.499999986589,1016.99999973178
22.5,982.000002346933
22.4,1017.0
22.3,1066.99999691546
22.3,1021.00000616908
22.3,977.000004425645
22.3,972.000000167638
22.3,992.000004526228
22.2999999899417,1127.00000261515
22.200000013411,1152.99999651313
22.2999999932945,1116.00000248104
22.4,1088.0
22.3,1088.99999450147
22.3,1007.00001099705
22.3,985.000002212823
22.3,989.999999832362
21.8999999966472,1273.99998994172
21.8000000201166,974.00002534687
21.9999999731779,1225.99996620417
22.0,1181.00000301749
21.7,1201.0
21.5999999932945,1075.99999738485
21.500000013411,1037.00000523031
21.6999999798834,998.000003922731
21.7999999966472,977.00000070408
22.1000000033528,947.000002916902
22.2000000100583,1034.00001015886
22.299999986589,1134.99998645485
22.5999999798834,1130.00000033528
23.0,1094.0
23.1,1071.99999979883
23.1,1069.00000040233
22.7000000402331,1055.00000140816
22.5000000067055,1026.0000009723
22.4999999932945,981.999998625368
22.3000000301748,941.000001307577
22.5999999597669,953.999998256564
22.8999999798834,1127.99998833239
23.2,982.0
23.5000000268221,1062.99999852479
23.8999999463558,1041.00000295043
24.1999999698251,978.000006336719
24.599999986589,1059.99999725074
24.9000000100583,1109.99999601021
25.2000000301748,991.000002715736
25.4999999597669,1017.99999637902
25.7999999798834,1079.99999584258
26.0,1099.0
26.0999999932945,1014.99999523908
26.000000013411,944.00000952184
26.3999999597669,870.00000744313
25.8000000201166,810.000002011657
26.599999986589,819.000002883375
26.1999999798834,904.999992456289
26.0000000268221,830.000010058282
26.7999999463558,826.000000268221
26.9,852.0
25.6000000670552,896.999996043743
26.5999998658896,838.000007912515
27.1999999396503,862.999997485429
26.800000013411,928.999997787177
27.1000000033528,943.999998893589
27.1999998893589,911.000003822147
26.1000001475215,948.999994903804
27.1999999262392,983.999997653067
27.4,1006.0
27.2000000335276,976.99999845773
27.6999999329448,954.00000308454
26.5000001206994,820.000013478101
26.899999986589,836.99999943003
27.7999999731779,800.999999832362
27.0,796.000006336717
27.0,858.999991551043
27.0999999932945,899.999997250736
27.0,897.0
26.7999999798834,1004.00000301748
26.5000000402331,1048.99999396503
26.5999999899417,1088.99999597669
27.0999999832362,1076.00000043586
27.5000000067055,1075.99999557435
27.6999999899417,943.999992355706
27.600000013411,868.000010192392
27.9999999731779,861.000000469387
27.5,822.0
27.9999999262393,821.000004023313
26.9000001475215,880.999991953375
27.7999999094754,892.999998793006
26.6000000402331,958.999997787177
26.9999999530613,990.000004425645
25.6000000804663,1121.99998642132
26.3999998927117,987.000018104907
26.8999999664724,907.000005364418
27.0,960.0
26.5000000201166,1030.00000482798
26.7999999597669,1101.99999034405
27.1999999597669,1084.00000181049
27.2999999966472,958.000004224479
27.2999999932945,953.999998021871
27.0999999899417,895.000005230306
27.000000013411,946.999993026258
27.0999999932945,902.000003017485
27.1,873.0
27.099999986589,903.000008381901
26.9000000268221,1027.9999832362
26.8000000100583,1085.99999416619
26.400000013411,1138.99999822304
26.2999999832362,1203.00000063702
25.7999999698252,1221.99998974055
25.5000000402331,1120.00001367926
25.4000000067055,1054.00000442565
25.0,1080.0
24.8999999932945,1150.00000422448
24.800000013411,1212.99999155104
24.6000000201166,1172.0000041239
24.5000000033528,1167.00000016764
24.4000000033528,1087.00000033528
24.4999999899417,1097.00000925362
24.400000013411,1188.99998766184
24.4,1202.99999906123
24.2,1154.0
23.9999999798834,1106.99999839067
23.7000000402331,1083.00000321865
23.6000000100583,1058.00000251457
23.4000000067055,1050.00000026822
23.2999999899417,1139.99999973178
22.9999999698252,1132.00000010058
22.7000000402331,1132.99999986589
22.4000000201166,1120.00000087172
22.2,1076.0
21.999999986589,1035.99999926239
21.8000000268221,1025.00000147521
21.6000000201166,1035.99999889359
21.4000000067055,983.000001776964
21.1999999631196,962.000000402331
20.0999998491258,973.999989941718
18.6000002011656,874.000013411042
18.5000000067055,842.000002145767
18.0,860.0
17.4999999731779,861.999995909632
17.1000000536442,801.000008180736
16.9000000201166,862.999993763864
16.7000000067055,813.000001676381
16.3999999932945,849.000001341105
16.2000000100583,888.999993462117
16.299999986589,824.000008717177
16.100000013411,795.000001944602
15.8,804.0
15.8999999932945,788.000000938773
15.800000013411,801.999998122454
15.6000000201166,811.999998994172
15.6,780.000001072884
15.7,762.999999899417
15.7,760.000001106411
15.7,770.999998524785
15.500000013411,765.000000402331
15.5,756.0
15.3000000067055,755.00000167638
15.399999986589,779.999996647239
15.3000000100583,765.000001508743
15.2000000033528,774.999999664724
15.2000000033528,790.999999463558
15.3000000100583,774.999995674939
15.399999986589,732.000005766748
15.599999986589,731.000000067055
15.8,778.0
15.9000000067055,714.000000067055
15.999999986589,714.99999986589
15.9000000100583,726.999998793006
15.9999999966472,719.000000268221
16.1,701.999999966472
16.1000000502914,701.000006336717
16.5999999329448,763.999991551043
17.4999999396503,737.000001810491
17.9,769.0
17.900000013411,748.999996848405
18.0999999731779,702.00000630319
18.4999999597669,727.999997384846
18.5,725.000000100583
18.4,707.999999631196
18.3999999597669,697.000000502914
18.0000000536442,701.999999329448
18.199999986589,713.999999195337
18.3,732.0
18.1999999932945,712.999997787178
18.100000013411,680.000004425644
18.1999999899417,703.999997586012
18.6999999832362,705.999999932945
19.1000000033528,707.999999497086
19.2000000804663,692.999998893589
19.9999998927117,682.000001475215
20.9999999329448,608.000004962087
21.8,733.0
22.3000000268221,870.000003486871
22.6999999463558,921.999993026258
22.7999999899417,1025.99998953938
22.8999999966472,990.000001206994
23.0000000033528,997.999998893589
23.1,965.000014685091
23.1,1110.99998041988
23.1,972.000009320677
23.1,1130.0
23.1,1009.00000207871
23.1,1039.99999584258
22.9000000201166,990.000005029142
22.9,967.000000771135
22.9,948.999998658895
22.9,909.000000603497
22.9,914.999999195337
22.8000000067055,894.00000140816
22.7,1053.0
22.6,1193.99998075515
22.6,907.000038489691
22.6,1241.99996630475
22.5000000033528,1121.00000405684
22.4999999966472,984.000011567027
22.3999999899417,1328.99996851758
22.300000013411,1016.00004197656
22.3,1039.99999839067
22.3,1014.0
22.3000000067055,1080.99999604374
22.399999986589,1022.00000791252
22.3000000100583,979.000004325062
22.3999999966472,1289.99998957291
22.4,984.000005263836
22.4,1140.99998863414
22.4,1028.00001515448
22.3000000067055,1017.00000073761
22.3,1010.0
22.4000000067055,984.000006034969
22.499999986589,1073.99998793006
22.4000000100583,1329.99997425079
22.3000000033528,1004.00001093
22.3,993.999999798834
22.3000000201166,988.000001709908
22.4999999731779,1004.99999772012
22.4000000067055,1304.99997988343
22.5,1026.0
22.3999999932945,984.999997921288
22.300000013411,954.000004157423
22.3999999899417,998.999995473772
22.4,1118.99999597669
22.5,1042.99999906123
22.5000000100583,1015.00000050291
22.599999986589,1019.99999932945
22.6,1032.99999912828
22.6,982.0
22.6000000067055,982.000007174908
22.699999986589,1088.99998565018
22.6000000100583,1096.99999919534
22.6,1042.00000184402
22.6999999932945,971.000000670552
22.4999999497086,990.999996278436
22.0000000670552,954.000004962086
21.800000013411,966.999999128282
21.2,1203.0
20.899999986589,1084.99999530614
20.7000000268221,1015.00000938773
20.6000000100583,982.000003319234
20.999999986589,1036.99999815598
21.3000000067055,1192.99999057874
21.5000000100583,912.000017601993
21.599999986589,1086.99997653068
21.9999999731779,1212.99999155104
22.0,1004.0
22.2,965.000004023313
22.2,1024.99999195337
22.2999999899417,1090.99999336153
22.3,989.000003419817
22.2999999899417,948.000007208437
21.9999999597669,1162.99998722598
21.6000000536442,1036.00001703202
21.5000000067055,874.000010862947
21.3,883.0
21.1999999798834,853.99999510497
20.9000000402331,781.000009790061
20.8000000100583,730.000005129725
20.6000000067055,648.000002749264
20.4999999899417,615.999998860061
20.1999999798834,581.999996580184
20.0000000268221,548.000004559754
20.0,518.000002011657
19.9,504.0
19.8000000067055,490.999999195337
19.899999986589,479.000001609325
20.0999999798834,468.000001106411
19.8000000100583,445.000000771135
18.9999999798834,435.999999966472
18.3999998793006,434.999999698252
17.2000001609325,432.000000402331
16.4000000536442,419.000000871718
16.3,423.0
16.600000013411,425.99999986589
16.7999999731779,424.000000268221
16.7000000100583,416.000000804663
16.6000000033528,411.000000167638
16.6,420.000000100583
16.5999999698252,422.999998692423
16.3000000402331,410.000001743436
17.4999999195337,414.999999664724
18.5,409.0
19.1000000268221,402.999999329448
19.4999999463558,393.000001341104
19.7999999698251,393.0
19.8999999966472,379.000000469387
20.2000000033528,385.000000067055
20.3000000100583,386.999998994172
20.399999986589,377.000001341104
20.4,381.999999664724
20.4,383.0
20.2000000067055,381.000000067055
20.299999986589,381.99999986589
20.3,371.000001106411
20.2000000033528,380.999999664724
20.1999999966472,381.999999664724
20.1000000201166,371.999999899417
20.2999999731779,371.00000013411
20.2000000067055,372.99999986589
20.3,372.0
20.4000000067055,372.000001005828
20.499999986589,386.999997988344
21.199999929592,364.000002313405
21.9999999731779,366.999999899417
22.300000013411,367.000002983958
22.7000000201166,456.000010259447
22.8999999731779,557.999986320737
23.1999999798834,640.999994434416
23.4,771.0
23.6,837.000006102024
23.6,927.999987795951
23.5000000100583,981.999994568526
23.5999999966472,1028.9999984242
23.4000000067055,1053.99999926239
23.5999999899417,1032.00000653788
23.500000013411,1096.99999128282
23.300000013411,995.000006839633
23.2,1050.0
23.099999986589,1035.99999825656
22.9000000268221,1010.00000348687
22.9999999899417,1040.99999688193
23.0,1026.00000050291
23.2,1000.00000181049
23.1999999396503,1054.00000754371
22.6000000804663,1128.99998994172
22.400000013411,1126.00000020117
22.3,1065.0
22.2000000201166,1020.00000201166
22.4999999597669,1049.99999597669
22.6999999798834,1115.99999336153
22.5000000067055,1060.00000187755
22.7999999966472,1038.99999899417
22.7,1008.99999778718
22.7,987.000002950429
22.7999999932945,1069.99999443442
22.8,1085.0
22.8,1079.9999974519
22.8,1042.0000050962
22.7000000100583,1023.00000191107
22.7,1032.99999966472
22.4999999966472,1102.00000033528
22.3999999798834,1111.99999879301
22.2000000268221,1100.00000160933
22.2999999932945,1057.00000288337
22.1,1044.0
22.0,1009.00000657141
22.0,1106.99998685718
22.0,1069.00000382215
21.9000000033528,1077.99999969825
21.8999999966472,1064.99999936298
21.7999999899417,1046.00000090525
21.700000013411,1054.99999879301
21.6000000067055,1005.00000335276
21.5,1072.0
21.5000000067055,1096.99999932945
21.599999986589,1087.0000013411
21.5000000100583,1085.00000020117
21.5,1078.00000023469
21.4999999932945,1044.99999959767
21.3000000100583,1032.9999970831
21.399999986589,1004.0000038892
21.3000000067055,1106.99999309331
21.5,1054.0
21.5,1059.99999912828
21.5,1047.00000174344
21.3000000201166,1013.00000341982
21.3999999966472,989.000000804663
21.4,1006.00000147522
21.4000000100583,1049.99999527261
21.499999986589,1003.00000630319
21.300000013411,1020.99999879301
21.4,978.0
21.3,1020.00000241399
21.3,1055.99999517202
21.2000000100583,1023.00000331923
21.2999999966472,1006.00000056997
21.2,1035.99999845773
21.2,990.000004224478
21.2,1031.99999436736
21.2,1042.99999926239
21.2,1060.0
21.1,1016.0
21.1,1016.0
21.0000000100583,1010.0000006035
20.9000000033528,989.00000070408
20.8000000033528,1058.99999862537
20.900000070408,1018.00000140816
21.5999999061227,1031.99999812245
21.799999986589,1005.00000181049
22.1,983.0
22.2000000201166,973.999998860061
22.4999999597669,957.000002279877
22.0000000502914,920.000003721565
20.4000000536442,842.000002615154
18.8999999631196,676.999998323619
17.799999929592,626.999998491258
17.1000000938773,612.000002011656
16.7000000268221,615.999999731779
16.5,609.0
16.299999986589,610.000001005828
16.1000000268221,624.999997988344
16.0000000100583,626.999999798834
15.8000000067055,641.999999497086
15.6,634.999998927116
15.5999999798834,603.000000804662
15.4000000268221,610.999998927117
15.200000013411,594.000001139939
14.9,572.0
14.7999999932945,569.999997586012
14.700000013411,534.000004827975
14.5000000201166,530.000000402331
14.7999999899417,531.999999932945
15.1000000100583,515.0
15.4,515.000001911073
15.4,533.999997451902
15.9999999597669,511.00000154227
16.2,529.0
16.3000000201166,523.000001810491
16.5999999597669,549.999996379019
16.5000000100583,535.000001508743
16.4000000033528,539.999999832362
16.6,522.000000871718
16.6,547.999999094755
16.6,539.000001206994
16.5000000067055,543.999999664724
16.2,529.0
16.0999999798834,544.999998927117
15.8000000402331,529.000002145767
15.5000000301749,518.000001106411
15.3000000067055,518.0
15.8,505.99999916181
15.8000000100583,481.0
15.899999986589,481.0
16.1999999798834,468.000000871718
16.7,471.0
16.9000000402331,472.99999986589
17.4999999195337,471.000000268221
17.8999999597669,473.999999698251
18.0999999932945,468.000000201166
18.2000000033528,486.999999932945
18.2999999899417,484.999999396503
18.200000013411,479.000000804663
18.2,487.999999396503
18.2,495.0
18.1,494.999999463558
18.1,487.000001072883
18.1,508.999997787177
18.2999999932945,496.000000435859
19.4000000301749,485.000005096197
20.3000000603497,637.000009857116
20.8999999195337,734.999986857179
21.1999999798834,882.999990075826
21.6,1010.0
21.8000000067055,1068.99998974055
21.899999986589,916.000020518895
21.9999999899417,1145.99997686595
22.1999999932945,1155.99999966472
22.2000000033528,992.999999497086
22.3,978.000022530551
22.3,1201.99996995927
22.499999986589,1075.00000851601
22.6,1030.0
22.6,1013.9999986589
22.6,994.000002682208
22.6999999899417,973.00000211224
22.7,973.999999966472
22.7999999966472,1053.00000241399
22.7000000100583,1124.9999970831
22.799999986589,1096.0000038892
22.8,1080.00000107288
22.8,1040.0
22.8,1025.99999926239
22.8,1015.00000147521
22.8,1007.00000080466
22.8,954.000001776964
22.8,957.999999564141
22.8000000100583,944.99999678135
22.899999986589,913.000004291534
22.8000000067055,898.000001005828
22.9,893.0
23.0,955.000005163251
23.0,1031.9999896735
23.0,1035.99999959767
22.7000000100583,984.000001743436
22.4999999966472,960.999999497086
22.3999999899417,945.999995976687
22.300000013411,906.000005364417
21.8000000335276,883.00000154227
21.7,817.0
22.0000000067055,789.999994166197
22.099999986589,703.000011667607
22.1,701.000000201166
22.0000000033528,752.999998256564
22.0000000067055,695.000000536442
22.2000000100583,711.000016998496
22.299999986589,879.999977335339
22.2000000067055,846.000002279878
22.6,1073.0
22.4000000067055,799.000017568465
22.499999986589,1060.99996486307
22.6999999798834,971.000009052456
22.7999999966472,1058.99999704957
22.9000000033528,1087.99999926239
22.9999999899417,1065.99999949709
22.900000013411,1061.00000067055
22.9999999932945,1059.00000013411
23.1,1027.0
23.2000000067055,1025.99999899417
23.299999986589,1011.00000201166
23.2000000100583,1000.00000110641
23.2,1000.0
23.2999999932945,1008.9999996312
23.1000000301748,997.999996881933
23.3999999597669,967.000004157423
23.4,1016.99999664724
23.3,1086.0
23.3999999798834,1071.99999879301
23.1000000402331,1054.00000241399
22.9000000201166,1054.0
22.8000000033528,1054.99999996647
22.6999999932945,1037.99999979883
22.5,1031.99999517202
22.5,984.0000064373
22.5999999932945,998.999998994172
22.5,1014.0
22.3000000067055,993.00000462681
22.399999986589,1061.99999074638
22.4999999899417,1053.00000090525
22.7999999899417,1083.99999896064
22.8000000067055,1053.9999984242
23.0,1007.00000432506
23.0,1049.99999423325
23.0,1028.00000147522
23.0,995.0
23.100000013411,1005.99999993294
23.2999999731779,1005.00000013411
23.3,1045.9999958761
23.3,1060.99999949709
23.3000000033528,1057.99999882653
23.4,1022.99999919534
23.4,1015.00000107288
23.4,998.000001139939
23.5,1015.0
23.499999986589,983.000002816319
23.3000000268221,1024.99999436736
23.0000000301749,1070.99999537319
23.0,1020.00000170991
22.7000000033528,1027.99999889359
22.7999999798834,995.000001810491
22.6000000268221,1012.99999758601
22.5000000067055,963.000003352762
22.5,1003.0
22.6000000201166,1058.99999644607
22.8999999597669,1006.00000710785
22.9,1006.0
22.9999999966472,1027.99999926239
23.1,1002.0000009723
23.0999999899417,1031.00000160933
23.000000013411,1046.99999785423
22.9000000067055,1038.0000006035
22.9,1053.0
23.0000000067055,1019.99999966472
23.099999986589,1015.00000067055
23.1999999899417,968.000004727394
23.3999999932945,960.000000268221
23.5000000033528,1002.00000160933
23.6,1050.00000331923
23.6,1082.99999557436
23.6999999932945,1127.99999698251
23.9,1069.0
23.8000000067055,1070.99999899417
23.899999986589,1056.00000201166
23.9,1072.99999829009
23.7000000067055,1039.00000113994
23.4,963.00000013411
23.3999999899417,967.0
23.300000013411,967.0
23.2000000067055,1019.99999644607
23.1,1099.0
23.1,1153.00000113994
23.1,1169.99999772012
23.0000000100583,1159.00000110641
23.0,1156.00000010058
22.9,1137.9999990277
22.9000000201166,1108.9999993965
23.0999999731779,1103.00000080466
23.0000000067055,1073.00000201166
23.0,1065.0
23.1,1041.99999812245
23.1,1014.00000375509
23.1999999899417,1025.99999879301
23.2999999966472,1017.00000030175
23.3,989.999999463558
23.2999999698252,974.000002715736
23.0000000402331,1000.99999637902
22.7000000201166,1110.99999262392
22.6,1083.0
22.3999999731779,1075.99999798834
22.0000000536442,1046.00000402331
22.1999999798834,1047.99999979883
22.6999999832362,1015.00000110641
22.8000000033528,1041.9999986589
22.9000000201166,1002.00000201166
23.0999999731779,1021.99999731779
23.1,1020.00000013411
23.3,1021.0
23.3999999932945,1016.99999919534
23.300000013411,1005.00000160933
23.3,1074.9999929592
23.3,1069.00000020117
23.5999999966472,1036.99999916181
23.5000000201166,1012.00000794604
23.6999999731779,1090.99998940528
23.6000000067055,1095.99999966472
23.6,1045.0
23.3999999932945,1025.00000020117
23.300000013411,1027.99999959767
23.3,1071.99999557435
23.2000000033528,1082.9999996312
23.1999999899417,1080.99999896064
22.8999999899417,1049.99999818951
22.800000013411,1032.00000241399
22.8,1071.99999731779
22.6,1116.0
22.5999999932945,1091.99999906123
22.500000013411,1078.00000187755
22.5999999899417,1077.00000010058
22.6999999966472,1050.00000090525
22.3000000100583,1038.9999990277
22.5999999698252,1010.00000321865
22.3000000402331,1041.99999570847
22.3,1053.99999919534
22.4,1028.0
22.2000000067055,1014.99999926239
22.299999986589,1004.00000147521
22.3999999899417,1071.99999316037
22.6999999899417,1075.99999986589
22.7999999966472,1039.00000040233
22.7,1050.9999964796
22.7,1016.00000469386
22.7,1009.00000046939
22.5,1056.0
22.5000000067055,1045.99999731779
22.599999986589,1006.00000536442
22.5000000100583,1013.99999919534
22.4000000033528,1103.99999698251
22.2999999932945,1089.00000030175
22.0999999899417,1097.9999970831
22.000000013411,1069.0000038892
21.800000013411,1037.00000214577
21.7,1034.0
21.6,1020.00000140816
21.6,1040.99999718368
21.7999999798834,1025.00000160933
21.7000000033528,1017.00000026822
21.7000000033528,1063.99999966472
21.8,1053.99999989942
21.8,1053.00000013411
21.8,1021.00000214577
22.0,1023.0
21.8,1009.99999879301
21.8,992.000002413988
21.8,1061.9999929592
21.7000000033528,1023.00000130758
21.6,1033.99999862537
21.6,993.000003721564
21.6,1029.99999503791
21.6,1043.99999906123
21.7,1037.0
21.6000000067055,1062.99999671429
21.699999986589,1014.00000657141
22.399999929592,984.000003017485
23.0999999765307,999.999999463558
23.4000000067055,1019.99999919534
23.6000000201166,995.999998893589
23.7999999731779,985.000001475215
23.7000000067055,954.000002078712
23.5,944.0
23.2999999530614,939.999998725951
22.6000000938773,921.000002548098
21.7000000905246,934.99999859184
20.7000000335276,932.000000100583
19.7999999832362,946.000000234693
19.2999999597669,953.000000402331
18.9000000536442,956.999999463558
18.5000000268221,949.000000536442
18.0,956.0
17.8999999798834,984.999999664724
17.6000000402331,980.000000670552
17.3000000301749,973.00000070408
17.1000000067055,976.99999986589
16.7999999966472,958.000002011657
16.6999999899417,1017.99999436736
16.600000013411,962.000007510184
16.3000000201166,977.999998927116
16.2,908.0
16.0999999798834,860.999998256564
15.8000000402331,835.000003486871
15.6000000201166,796.000003922731
15.4000000067055,728.000002279878
15.6,708.99999859184
15.5999999899417,666.999998189509
15.500000013411,649.000002413988
15.699999986589,596.000003553927
16.0,598.0
15.9999999932945,615.999999932945
15.900000013411,615.00000013411
15.9999999899417,597.000001810491
16.0999999966472,597.0
16.0000000033528,633.999998927116
16.1,602.000002615153
16.1,627.999996513129
15.900000013411,583.000003017485
15.9,594.0
15.6999999932945,572.999998256565
15.600000013411,547.000003486871
15.3000000301749,549.999999698251
15.2000000033528,531.000000637025
15.3000000234693,524.999999631196
16.0000000502914,513.999999195338
16.4999999329448,506.000001072883
16.9999999664724,495.000000737608
18.2,495.0
18.6000000335276,503.000000067055
19.0999999329448,503.99999986589
19.0000000100583,514.999998893589
19.0,504.000000368804
19.1000000033528,506.999999899417
19.2000000100583,503.999999698252
19.299999986589,501.000000402331
19.100000013411,523.99999845773
19.2,528.0
19.0999999932945,529.000000335276
19.000000013411,533.999999329448
18.8000000201166,536.999999698251
18.8,537.0
18.7000000201166,540.000000368804
19.3000001206994,551.000011969355
20.4999998390675,669.99998404086
21.3999999396503,769.999993294477
21.8,848.0
22.2000000268221,907.000003889202
22.5999999463558,964.999992221595
22.6999999899417,970.999999396503
22.7999999966472,974.99999986589
22.8,979.000002715737
22.8000000100583,1060.00001166761
22.899999986589,1175.99998444319
22.9,1125.00000341982
22.8,1081.0
22.7000000067055,1060.99999993294
22.799999986589,1060.00000013411
22.8,1031.0000029169
22.8,1023.00000026822
22.6000000067055,1014.99999852478
22.8000000100583,971.000010561196
22.899999986589,1075.99998591841
22.700000013411,1054.00000147522
22.5,1001.0
22.5,1008.99999832362
22.5,984.000003352761
22.5999999899417,1035.99999476969
22.5000000033528,987.000001642853
22.6000000033528,955.999999463558
22.6999999899417,939.999997083098
22.600000013411,911.000003889202
22.6,880.000002078712
22.8,910.0
22.7000000067055,895.000006370245
22.799999986589,989.99998725951
22.8999999899417,1004.99999849126
22.8000000033528,1029.99999916181
22.8999999932945,1009.99999795482
22.7000000100583,948.999999195337
22.799999986589,941.000001072883
22.8,946.999999597669
22.8,918.0
22.7000000067055,822.000000871718
22.799999986589,834.999998256564
22.8,810.000002514571
22.9999999932945,758.000001743436
22.8999999932945,861.999995473772
22.6999999899417,727.000006940214
22.600000013411,795.999990746381
22.400000013411,865.999995306134
22.4,971.0
22.0999999597669,988.999989405277
21.5000000804663,831.000021189447
21.1000000402331,816.000001508743
20.2000000301749,842.999999094754
19.3,814.999998055398
19.3000000402331,756.999995071442
19.6999999463558,708.000006571411
19.7999999932945,635.000004895032
19.7,747.0
19.6000000201166,648.000004358589
19.8999999597669,712.999991282823
19.9999999899417,666.000004727394
20.1999999932945,689.999999195337
20.2000000033528,702.99999859184
20.3,660.999999396503
20.3,655.000000804662
20.2000000067055,830.99998819828
20.3,763.0
20.3999999932945,734.000000536442
20.300000013411,741.999998927117
20.3,672.000007040799
20.3,777.999996446073
20.2999999966472,887.000001341105
20.2,927.000009052453
20.2,1016.99998793006
20.000000013411,1007.00000067055
19.5,999.0
19.6000000067055,1003.99999926239
19.699999986589,993.000001475215
19.6000000100583,985.000000804663
19.6,1006.99999926239
19.4999999932945,1020.00000020117
19.3000000201166,1025.99999557436
19.4999999731779,982.000005900859
20.1999999530613,1069.99999409914
20.9,1160.0
21.5000000335276,1032.99999973178
21.9999999329448,1029.00000053644
22.1999999798834,1017.00000120699
22.2999999966472,1041.99999916181
22.7000000067055,994.999999195337
22.9000000201166,971.000002715736
23.0999999731779,997.999996379019
23.299999986589,1009.99999919534
23.4,1022.0
23.5000000067055,1047.99999758601
23.599999986589,1012.00000482798
23.6999999899417,1031.99999798834
23.7999999966472,1020.00000040233
23.8999999966472,999.999999966472
23.8000000100583,998.999998793006
23.899999986589,987.000001609325
23.700000013411,957.000002011657
23.5,969.0
23.2,971.000001139938
23.2,987.999997720123
23.1000000100583,1058.99999285862
23.0000000033528,1170.99999624491
22.9,1282.00000080466
22.9,1306.00000010058
22.9,1306.99999986589
22.8000000067055,1269.0000025481
22.8,1213.0
22.8,1212.99999892712
22.8,1197.00000214577
22.8,1193.00000040233
22.9999999932945,1172.00000070408
23.2000000033528,1140.99999862537
23.3000000100583,1099.99999929592
23.399999986589,1093.00000093877
23.4999999932945,1069.00000160933
23.5,1042.0
23.8,1036.99999812245
23.8,1009.00000375509
23.8999999899417,1005.00000040233
23.9,1005.99999996647
23.7999999899417,991.999999698251
23.4999999497086,983.000006537883
23.0000000670552,1047.99999128282
22.800000013411,1079.99999785423
22.8,1130.0
22.3999999932945,1099.99999906123
22.300000013411,1086.00000187755
22.3999999899417,1059.00000271574
22.4999999966472,1002.00000191107
22.7000000033528,1071.99999882653
22.8000000201166,1036.99999989942
22.9999999731779,1036.00000013411
23.2999999798834,991.000003017485
23.4,1158.0
24.0000000268221,1052.99999886006
24.3999999463558,1036.00000227988
24.5999999798834,1080.99999547377
24.8999999899417,1175.99999681488
25.100000013411,1113.99999862537
25.5000000100583,1072.99999557436
25.599999986589,1029.00000590086
25.6,1102.99999503791
25.7,1203.0
25.800000013411,1202.99999255687
25.9999999731779,1092.00001488626
26.3999999597669,1072.00000201166
26.5999999932945,1042.00000100583
26.3,1073.00000311807
26.3000000502914,1165.99999607727
26.7999999329448,1127.00000523031
26.8999999932945,1074.00000355393
26.6,1015.0
26.8000000201166,934.999997988344
27.0999999597669,905.000004023313
26.6000000502914,760.000014584512
26.7999999932945,706.000001810491
26.9000000033528,700.000001475215
26.9999999899417,744.000006940214
26.900000013411,812.999990746381
27.099999986589,798.000001005828
27.2,868.0
27.0,896.000001408159
27.0,916.999997183681
27.0,880.000003721565
27.2999999899417,889.999999664724
27.4000000100583,892.00000308454
27.6999999094755,984.000001709908
26.8000001206994,1000.99999772012
27.1999999731779,994.000000469387
25.9,1070.0
26.4999999664724,1045.00000502914
26.0000000670552,1119.99998994172
26.0,1007.00001136586
23.500000083819,777.000007711351
23.5000000100583,760.000003419817
23.7999999597669,862.000002212822
23.4000000536442,883.999997049571
23.4999999932945,949.999995574355
23.5,1076.0
23.8000000067055,1058.99999557436
23.899999986589,993.000008851288
23.4000000502914,995.999999698251
23.6999999899417,1107.99999624491
22.3999998826533,892.999988801777
18.9000000301748,558.999998893589
19.1999999597669,548.000001475215
19.1000000067055,524.000001609326
18.9,523.0
18.3999999396503,501.000000335276
17.5000001206994,505.999999329448
18.6999998793006,524.999998088926
21.7999998960644,618.999996848404
24.0000000402331,639.999999027699
25.2000000804663,611.000007040797
25.9999998927117,680.99999061227
26.3999999731779,756.999994903803
26.9,858.0
26.799999986589,795.999998725951
26.6000000268221,777.000002548098
26.2000000402331,795.999998088926
26.6999999832362,883.99999704957
26.7,821.99999775365
26.6999999899417,755.000002212822
26.600000013411,776.999997049571
26.400000013411,849.999995104968
26.3,842.0
26.0,753.00000140816
26.0,773.999997183681
26.1999999798834,747.000002715737
26.1000000033528,709.000001274049
25.8,679.000005029142
25.7999999798834,829.000001307577
25.6000000268221,841.999998256564
25.6,813.000001944602
25.6,835.0
25.3999999798834,946.000006169079
25.1000000402331,1037.99998766184
25.1,1088.99999487027
24.9000000067055,1070.00000063702
24.7999999932945,1050.99999916181
24.5999999698252,1026.00000010058
24.3000000402331,1026.99999986589
24.0000000201166,977.000003352762
23.9,998.0
23.8999997720123,972.999979749326
20.5000004559754,671.000040501348
19.7000000804663,644.000002715737
18.5000000402331,586.000001944602
18.4999999932945,573.999999228865
18.3,550.999998591841
18.3,537.000001877546
18.0000000201166,550.999999061227
17.9,553.0
17.999999986589,570.00000013411
17.8000000268221,571.999999731779
17.7000000100583,561.000001106411
17.6000000033528,558.000000100583
17.5999999966472,579.999999631196
17.4999999597669,568.999999497086
17.1000000536442,564.000000670552
17.0000000067055,566.999999798834
16.7,559.0
16.4000000067055,538.999999128282
16.499999986589,526.000001743435
16.4000000100583,507.000001911074
16.4,498.000000301749
16.1000000201166,493.000000335276
16.7000000301748,503.000000301748
16.9999999597669,505.999999597669
17.199999986589,504.000000134111
17.3,513.0
17.3000000067055,517.999999731779
17.399999986589,514.000000536442
17.3000000100583,514.999999899417
17.3999999966472,525.999999631196
17.3999999932945,528.999999899417
17.2,526.000000804662
17.2,533.999998927117
17.2,531.000000201166
17.2,534.0
16.9,525.000000938773
16.9,538.999998122454
16.9999999899417,533.000000603497
17.8999999698251,539.999999765307
18.5000000201166,534.999999597669
19.1000000100583,522.999998793006
19.199999986589,511.000001609325
19.1000000067055,514.999999731779
19.2,520.0
19.3000000201166,521.0
19.5999999597669,521.0
19.6,521.999999899417
19.6999999966472,529.999999731779
19.6999999966472,528.000000067055
19.6,529.999999899417
19.6,529.00000013411
19.6,542.999999061227
19.4,531.0
19.2999999932945,552.99999986589
19.200000013411,551.000000268221
19.2999999899417,539.000001206994
18.900000013411,559.99999929592
18.9999999932945,555.999999899417
18.7999999798834,552.999998994172
18.6000000268221,543.000001341104
18.5000000067055,539.000000268221
18.4,547.0
18.3,551.999999396503
18.3,543.000001206994
18.4999999798834,550.999999195337
18.4000000033528,548.000000100583
18.2999999966472,544.999999832362
18.2,540.000000201166
18.2,541.999999731779
18.2,544.999999798834
18.0,539.0
17.9000000067055,534.000000737607
17.999999986589,544.999998524785
18.0,542.000000301749
17.9000000033528,546.999999832362
17.9,531.000000335276
17.8999999899417,541.000000402331
17.800000013411,544.999999463558
17.8999999932945,537.000000536442
17.8,539.0
17.799999986589,537.000000536442
17.6000000268221,544.999998927117
17.9999999597669,517.00000281632
19.3999999530613,502.000000502914
20.8000000234693,491.999999932945
21.500000070408,489.999998088926
22.1999999061227,471.000002548098
22.6999999664724,468.000000201166
23.2,437.0
23.400000013411,451.000001341104
23.5999999731779,470.999997317792
23.8999999698251,514.999995574355
23.9999999966472,598.99999718368
24.1000000033528,706.000007409603
24.2000000100583,927.00000714138
24.299999986589,997.99999047816
24.499999986589,967.000002078712
24.4,995.0
24.4,1173.99999061227
24.4,1034.00001877546
24.3000000100583,973.000006135554
24.2000000033528,1044.99999758601
23.9999999966472,968.99999845773
23.8999999597669,922.999992255123
23.5000000536442,846.000010326503
23.0000000335276,771.000005029142
23.1,780.0
23.0999999932945,733.999998860061
23.000000013411,717.000002279877
22.8000000201166,817.999989841133
22.8,949.999995574355
22.8999999966472,932.000003386289
22.7999999899417,1032.99999919534
22.700000013411,1025.00000107288
22.7999999932945,999.000001743436
22.8,1012.0
23.0000000067055,1024.99999671429
23.099999986589,976.000006571411
23.2999999798834,971.000000502914
23.3999999966472,1051.99999728426
23.2000000033528,988.000002916903
23.2999999899417,1074.9999970831
23.200000013411,1046.0000038892
23.1000000067055,996.000003352762
23.0,947.0
22.899999986589,888.999996177853
22.7000000268221,832.000007644294
22.7,713.000011969358
22.5000000067055,699.000000469387
22.3,643.999998625368
22.2999999798834,602.999997083098
22.1000000268221,574.000003889202
22.1999999932945,626.999996446073
21.9,616.0
21.999999986589,612.999999195337
21.8000000268221,601.000001609325
21.7000000100583,620.999997988343
21.7,621.999999966472
21.7999999966472,596.999998491257
21.7,551.999998893589
21.7,541.000001475215
21.899999986589,698.999989405274
21.8,652.0
22.0999999798834,572.000001877546
21.8000000402331,599.999996244908
21.9999999798834,867.999973043798
22.1999999932945,802.000002212823
22.4,681.999998759478
22.4,645.00000321865
22.4,676.999995708466
22.4999999932945,603.000004962087
22.4,579.0
22.600000013411,547.999998725951
22.7999999731779,529.000002548098
23.1999999597669,632.999989539384
23.0000000067055,636.99999986589
23.1000000067055,831.000003486872
23.3000000100583,935.000002816319
23.399999986589,962.999996244908
23.4999999932945,947.000001072884
23.7,993.0
23.5999999932945,898.000001341104
23.500000013411,917.999997317792
23.3000000201166,932.999998491257
23.1000000067055,924.000000301749
22.9,836.999998658895
22.8999999798834,796.999994367362
22.7000000268221,741.000007510184
22.7999999932945,661.000005364418
22.9,657.0
23.0999999932945,645.999997720123
23.000000013411,612.000004559754
23.0999999899417,567.000004526228
23.1,550.000000569969
23.3000000033528,555.000000469387
23.4000000201166,569.000023838128
23.5999999731779,805.99996821583
23.6999999932945,902.999993495643
23.8,1097.0
23.3999999798834,938.999992758037
23.1000000402331,831.000014483926
22.8000000301749,831.0
22.8,772.000001978129
22.3000000033528,759.99999929592
22.4,739.000000603497
22.4,744.999999195337
22.599999986589,752.999999463558
22.8,846.0
22.9,923.00000797957
22.9,1041.99998404086
22.9999999899417,1108.99999326095
23.0,1094.00000050291
23.1000000033528,1065.00000070408
23.1999999899417,1085.99999829009
23.100000013411,1069.00000227988
23.1999999932945,1033.00000241399
23.1,998.0
23.100000013411,1002.00000013411
23.2999999731779,1003.99999973178
23.3999999899417,991.000001307577
23.4999999966472,949.00000140816
23.7000000067055,939.999999932945
23.9000000402331,938.000000201166
24.2999999463558,939.999999731779
24.9999999530613,1094.99998960644
25.6,1133.0
25.9000000067055,1101.99999584258
25.999999986589,1040.00000831485
26.2999999698251,1025.00000150874
26.3,984.000001374632
26.2,992.000001776964
26.2,1045.00000694021
26.2,1113.99999074638
26.1000000067055,1160.9999968484
26.1,1247.0
25.8,1138.99999979883
25.8,1136.00000040233
25.8,1119.00000170991
25.6000000067055,1061.0000019446
25.4999999966472,1025.00000077114
25.3999999798834,1048.00000050291
25.2000000268221,1052.99999932945
25.2999999932945,1062.99999932945
25.1,1049.0
24.9,1037.99999919534
24.9,1026.00000160933
25.0999999798834,991.0000035204
25.1999999966472,961.000001005828
25.3,948.000001508743
25.3000000100583,993.000005532055
25.399999986589,1047.99999262393
25.599999986589,1119.99999517202
25.7,1164.0
25.6999999932945,1248.99999570847
25.600000013411,1185.00000858307
25.4000000201166,1126.00000593439
25.799999986589,1080.00000154227
25.7,1006.99999852478
25.6999999899417,962.999999396503
25.600000013411,957.000000804663
25.799999986589,970.999999061227
26.0,950.0
25.5000000201166,922.99999832362
25.7999999597669,898.000003352761
25.8,896.000000201166
25.9999999932945,892.00000013411
25.8000000067055,871.000000201166
25.9999999798834,877.000006940214
25.8000000268221,945.999990746381
25.600000013411,1082.99999081343
25.8,990.0
25.7999999932945,965.000000938773
25.700000013411,978.999998122454
25.6000000100583,979.0
25.200000013411,935.000001475215
24.8999999932945,1010.00000409037
24.6999999698252,1132.00000201166
24.4000000402331,1151.99999731779
24.200000013411,1140.00000080466
24.1,1139.0
23.9999999932945,1102.99999966472
23.900000013411,1098.00000067055
23.8000000100583,1083.00000150874
23.7000000033528,1076.00000023469
23.6,1056.99999879301
23.5999999899417,1020.99999627844
23.500000013411,984.000004962086
23.4000000067055,1017.99999772012
23.3,1073.0
23.1999999932945,1084.99999825656
23.100000013411,1059.00000348687
23.0000000100583,1069.99999889359
22.8000000067055,1048.00000073761
22.799999986589,1051.99999976531
22.4,1044.99999507144
22.4,996.000006571411
22.200000013411,1042.9999968484
22.2,1046.0
22.4000000201166,1031.99999879301
22.6999999597669,1014.00000241399
22.5000000201166,1007.00000070408
22.3000000067055,984.000000771135
22.3000000234693,963.000000268221
22.9999999497086,970.999996479601
22.5000000670552,936.000004693865
22.5999999932945,934.00000013411
23.1,909.0
23.0999999664724,942.999997921288
22.6000000670552,912.000004157423
21.8000000804663,912.0
21.0000000268221,907.000000167638
20.4999999798834,934.999999530613
19.8999999597669,921.000000201166
19.5000000536442,922.999999731779
19.2000000201166,899.000001609325
19.1,966.0
18.999999986589,968.99999691546
18.8000000268221,923.000006169079
18.6000000201166,910.000001307577
18.200000013411,827.000002782792
17.9,770.999995976686
17.9000000100583,651.000004123895
17.999999986589,691.999994501473
18.0,675.000001139939
18.3,686.0
18.4000000067055,693.999999061227
18.499999986589,680.000001877546
18.4000000100583,683.999999597669
18.3000000033528,696.999999564141
18.1999999932945,680.999999027699
17.9999999698252,651.999997384847
17.7000000402331,626.000003486871
17.2000000335276,595.000002078712
17.0,558.0
16.899999986589,525.000000603497
16.7000000268221,533.999998793006
16.8999999798834,511.000002313405
17.1999999899417,511.0
17.3000000100583,509.000000637025
17.6,527.999998994172
17.6,518.000001341104
17.799999986589,523.999999597669
17.9,520.0
17.8,534.999999329448
17.8,525.000001341104
17.4000000402331,533.999999094754
17.3000000033528,510.000000804663
17.2999999966472,523.99999929592
17.2000000201166,502.999997183681
17.3999999731779,475.000003755092
17.200000013411,490.999998927116
17.5,489.0
17.9000000201166,495.999999262393
18.1999999597669,485.000001475215
18.2,494.999998994172
18.6999999832362,506.999999597669
18.8000000033528,508.000000335276
18.9000000201166,517.999998793006
19.0999999731779,506.000001609325
19.1,508.999999798834
19.1,515.0
19.0999999932945,517.000000201166
19.000000013411,519.999999597669
19.4999999497086,552.999996680766
20.4999999664724,635.999997217208
21.3000000167638,845.999995440244
21.8000000502914,710.000010259447
22.2999999329448,811.999986320737
22.6999999731779,709.000006906689
23.0,692.0
23.300000013411,798.000007309018
23.4999999731779,906.999985381964
23.8999999597669,1022.99998833239
23.9999999966472,1087.9999978207
24.2000000033528,1035.99999896064
24.2999999798834,1004.99999607727
24.1000000268221,966.000005230307
24.1999999932945,961.000000335276
24.4,970.0
24.3000000067055,1047.99999946356
24.399999986589,1040.00000107288
24.4,1091.99999476969
24.4,1134.99999855831
24.4,1093.00000016764
24.4000000100583,1097.99999839067
24.499999986589,1082.00000214577
24.5,1074.00000053644
24.5,1053.0
24.5999999932945,1047.99999973178
24.500000013411,1044.00000053644
24.5,1034.00000100583
24.5999999966472,1050.99999943003
24.6,1003.99999899417
24.6,973.999998793006
24.6,962.000001609325
24.6999999932945,957.000000335276
24.6,963.0
24.6000000067055,928.000002212822
24.699999986589,960.999995574356
24.7999999899417,1028.99999316037
24.6000000067055,1233.99999312684
24.5,1175.9999993965
24.4999999899417,1157.99999849126
24.400000013411,1143.00000201166
24.3000000067055,1114.0000019446
24.2,1168.0
24.2,1134.99999932945
24.2,1125.0000013411
24.2,1123.00000020117
24.2,1104.00000063702
24.2,1121.99999792129
24.1999999798834,1060.00000120699
24.0000000268221,1071.99999839068
23.9000000067055,1054.00000120699
24.0,1006.0
23.8,1001.00000100583
23.8,1015.99999798834
23.4000000402331,1004.00000120699
23.4999999966472,976.000000938773
23.3999999966472,989.000004258007
23.2999999798834,1115.99999285862
23.1000000268221,1045.00000952184
23.0000000067055,1031.00000093877
22.9,995.0
22.7999999932945,1010.99999691546
22.700000013411,965.000006169079
22.9999999698251,1074.99998893589
22.8000000067055,1043.00000107288
22.9999999966472,1022.00000003353
22.8999999899417,1022.99999778718
22.800000013411,1001.00000295043
22.7000000067055,993.000000536442
22.7,979.0
22.4000000201166,1107.99999564141
22.6999999597669,1043.00000871718
22.7,1018.00000251457
22.7,1015.00000010058
22.900000013411,989.99999916181
23.2999999899417,965.000000502914
23.200000013411,969.999999329448
23.5999999731779,921.000003285706
23.6,947.0
23.4999999932945,985.000008314846
23.400000013411,1108.99998337031
23.5999999798834,1256.99998511374
23.6,1337.99999728426
23.7000000033528,1330.00000080466
23.7999999698252,1354.00000321865
23.5000000402331,1385.99999570847
23.5999999932945,1322.00000429153
23.8,1318.0
23.6000000067055,1292.99999973178
23.699999986589,1289.00000053644
23.5000000201166,1257.00000321865
23.2000000100583,1214.00000144169
23.0,1254.99999812245
22.9999999899417,1198.99999859184
22.900000013411,1185.00000187755
22.9,1159.00000174344
23.0,1132.0
23.1000000067055,1108.99999899417
23.199999986589,1094.00000201166
23.3999999798834,1099.9999993965
23.4,1092.00000026822
23.5,1058.00000187755
23.4999999798834,1113.99999215454
23.3000000268221,1036.00001046061
23.3,1041.99999959767
22.9,1009.0
22.8000000067055,1057.9999949038
22.899999986589,982.000010192392
22.9999999899417,1033.99999476969
23.0999999966472,1030.00000013411
23.0,990.000000435859
22.9999999899417,1002.99999758601
22.900000013411,979.00000321865
22.8000000067055,934.000003017485
22.6,990.0
22.8000000201166,1050.00000167638
23.0999999597669,1074.99999664724
23.1,1110.99999637902
23.2999999932945,1088.00000077114
23.3999999932945,1052.99999953061
23.2000000100583,1038.99999376387
23.299999986589,977.000008314846
23.3,946.000002078712
23.5,971.0
23.4999999932945,908.99999691546
23.400000013411,863.000006169079
23.2000000201166,801.000006236136
23.0000000067055,779.000000737607
22.8,742.999998725951
22.8000000201166,704.999997787178
22.9999999731779,683.000002950429
23.2999999798834,662.00000140816
23.6,655.0
24.200000013411,782.000003352761
24.3999999731779,831.999993294479
24.5999999798834,884.999994669109
25.0999999832362,989.999996479601
25.700000013411,1045.00000214577
26.1000000201166,1109.00000372156
26.2999999731779,1145.99999503791
26.6999999731779,1100.00000308454
26.4,1007.0
26.4000000067055,1031.99999228865
26.499999986589,917.000015422699
26.7999999698251,841.000007644296
26.9999999932945,754.000002916903
26.9999999899417,690.999997921288
26.7000000100583,629.000012069938
26.799999986589,748.999983906749
27.0999999798834,678.000004760921
26.8,614.0
27.2999999932945,613.000001877546
27.200000013411,640.999996244908
27.1000000100583,752.999988734721
27.9999999698251,642.000003721565
27.499999986589,601.000001441687
27.1000000301748,644.000004526227
27.3999999597669,688.999993965031
26.8000000402331,641.000003218651
28.4,586.0
27.4000000536442,517.000002078712
28.1999998927117,547.999995842577
27.6000000603497,625.999992154538
28.0999999832362,594.000001072884
27.2000000435859,726.999998189509
28.4999999597669,673.000004123895
28.1000000536442,713.999994501473
26.9000000804663,658.000003755093
28.7,693.0
26.4000001408159,711.999997317792
28.4999997183681,672.000005364417
27.2000001307577,605.00000673905
28.3999999597669,605.0
28.1000000067055,594.000003386289
28.2999998994172,694.999998893589
27.3000001341104,684.000001475215
27.499999986589,709.999998256564
27.7,710.0
27.8000000067055,683.999999731779
27.899999986589,680.000000536442
27.8000000100583,701.999997787177
28.199999986589,811.999996311962
27.3000000301749,935.999999396503
28.1999998591841,918.000003520399
26.8000001877546,952.999995306135
27.6999999396503,894.000003956259
27.7,832.0
27.4000000335276,730.999999396503
27.8999999329448,722.000001206994
27.9,741.999997988343
27.0000000301749,728.000000469387
28.3999999832362,748.999996010214
27.8999999396503,629.999997586012
27.3000000804663,606.00000321865
28.3999999262392,580.000001743436
27.1,683.0
28.1999999061227,675.999996647239
26.8000001877546,626.000006705521
27.0999999698251,642.999998290092
26.8000000100583,698.999998122454
27.4999999966472,761.000002548099
27.3999999396503,837.000017099079
26.8000000804663,1006.99997720123
26.999999986589,1017.99999926239
27.4,918.0
26.9999999731779,800.999995842577
26.6000000536442,739.000008314846
26.9999999597669,722.000001709908
26.9000000033528,717.000000167638
26.5999999765307,707.999998357147
25.8999999899417,659.000009655951
25.800000013411,754.999987125399
25.7000000067055,892.999990746378
25.6,848.0
25.5000000067055,965.000005632638
25.599999986589,1048.99998873472
25.7999999798834,1105.99999426678
25.6000000067055,1105.00000003353
25.5,1107.99999879301
25.4999999798834,1072.0000006035
25.3000000268221,1077.99999919534
25.3,1055.00000154227
25.1,1050.0
24.9999999731779,1056.00000207871
24.6000000536442,1086.99999584258
24.4000000201166,1101.99999849126
24.3000000033528,1116.99999949709
23.9,1080.9999996312
23.8999999798834,1070.00000120699
23.7000000268221,1081.99999839067
23.500000013411,1065.00000113994
23.4,1059.0
23.1999999262393,1042.99999047816
22.1000001475215,901.00001904368
20.5000001609325,816.000008549542
19.7000000268221,744.000002413988
19.0999999798834,696.999998927116
18.4999999497086,664.999998692423
18.0000000670552,652.000001743435
18.0,650.00000013411
18.0,645.0
17.8,667.999999731779
17.8,664.000000536442
17.6000000201166,671.999999195337
17.5000000033528,674.999999899417
17.3999999932945,669.000000670552
17.1999999899417,688.999999899417
17.100000013411,688.00000013411
16.900000013411,678.000000670552
16.8,688.0
16.599999986589,683.000000469386
16.4000000268221,689.999999061227
16.1000000301749,673.000001709908
16.1999999966472,663.000000335276
16.4000000067055,667.000000100583
16.5999999899417,669.999997887761
16.500000013411,649.000002816319
16.4000000067055,644.000000335276
16.6,633.0
16.900000013411,641.000000268221
17.0999999731779,644.999999463558
16.9000000201166,651.99999929592
16.9,646.000000201166
17.0999999966472,643.999999530613
16.9999999899417,630.000001810491
16.900000013411,647.999997586012
16.8000000067055,649.99999986589
16.8,662.0
16.8,659.000000536442
16.8,666.999998927117
17.0999999698251,736.999992959201
17.499999986589,733.00000013411
17.6000000067055,717.000000435859
17.7999999899417,729.999999798834
17.700000013411,728.000000268221
17.7,734.999999530613
17.7,689.0
17.3999999932945,718.999996580184
17.300000013411,668.000006839632
17.4999999798834,687.999997988343
17.5,658.000001005828
17.8000000067055,679.000000603497
18.0,696.999997384847
18.0,671.000003486871
18.199999986589,689.999998725951
18.1,684.0
18.2,700.000000402331
18.2,705.999999195338
18.7999999396503,689.000001709908
19.8999999631196,655.000001139939
20.600000013411,862.999997016042
21.0000000201166,774.000023335214
21.1999999731779,1005.99996888638
21.399999986589,863.000009588898
21.5,865.0
21.700000013411,872.999998793006
21.8999999731779,855.000002413988
22.0999999798834,1143.99997093156
22.1999999966472,945.000006671995
22.2000000067055,998.000004392117
22.4,1128.99998823181
22.4,1012.00001569092
22.599999986589,976.000002413988
22.8,1225.0
22.8000000067055,1124.99999436736
22.899999986589,1041.00001126528
22.9,1027.00000140816
22.9,1007.00000067055
22.9999999966472,1001.00000056997
22.9000000201166,1018.00000271574
23.0999999731779,1044.99999637902
23.1,1032.00000087172
23.1,1047.0
23.0,1020.99999758601
23.0,985.000004827975
23.0999999899417,988.999999597669
23.1,966.000000771135
23.1,949.999999094754
23.1000000100583,922.999999094755
23.199999986589,914.000001206994
23.2,906.000000536442
23.3,895.0
23.3,1005.00000590086
23.3,1092.99998819828
23.3,1151.99999406561
23.3,1103.00000164285
23.1999999966472,1107.99999852478
23.0999999899417,1063.99999879301
23.000000013411,1052.00000160933
23.0,1042.00000067055
23.0,1017.0
23.099999986589,999.999999128282
22.9000000268221,987.000001743436
22.9,994.999999195337
22.9,974.00000070408
22.9000000067055,1006.00000295043
23.1,1093.99999507144
23.1,1045.00000657141
23.1,1055.99999926239
23.1,1056.0
23.2000000067055,1049.99999946356
23.299999986589,1042.00000107288
23.2000000100583,995.000004727394
23.2,997.999999899417
22.9999999899417,976.000000234693
22.7,982.999999597669
22.7,979.000000536442
22.500000013411,1063.99999430031
22.6,1105.0
22.6000000067055,1147.00000107288
22.699999986589,1162.99999785423
22.6000000100583,1163.99999989942
22.8999999899417,1119.00000150874
23.1,1123.99999875948
23.1000000201166,1086.99999597669
23.2999999731779,1047.00000536442
23.3999999932945,1058.99999919534
23.4,1015.0
23.3999999932945,1005.99999691546
23.300000013411,960.000006169079
23.0000000301749,997.999996177852
22.9000000033528,979.000000637025
22.7999999966472,962.000001944602
22.7000000100583,1020.00000854954
22.799999986589,1104.99998860061
22.600000013411,1053.00000348687
22.8,1075.0
22.8,1051.9999980554
22.8,1023.0000038892
22.8999999899417,1012.00000110641
22.8000000033528,987.00000083819
22.8,1001.00000010058
22.8000000100583,1003.99999738485
22.899999986589,978.000003486871
22.9999999932945,960.000001206994
23.0,960.0
23.2,1001.00000623613
23.2,1093.99998752773
23.3999999798834,1121.99999718368
23.4999999966472,1136.99999949709
23.5999999966472,1094.00000013411
23.4999999798834,1098.00000120699
23.3000000268221,1109.99999839068
23.3,1078.00000214577
23.0,1054.0
22.9999999932945,1031.99999906123
22.900000013411,1018.00000187755
22.9999999899417,995.000002313406
23.0,993.000000067055
23.0999999932945,979.000004962087
22.9,1126.99998591841
22.9,987.000018775459
22.9,1004.99999879301
22.8,1053.0
22.8999999932945,1003.99999886006
22.800000013411,987.000002279877
22.8,976.000001106411
22.6000000067055,1248.99999084696
22.8,1026.00000103936
22.8000000201166,1057.00000191107
22.9999999731779,1075.9999974519
22.9000000067055,1048.00000187755
22.8,1046.0
22.8,1042.99999926239
22.8,1032.00000147521
22.8,993.000003922731
22.8,1003.9999996312
22.8000000033528,987.000000771135
22.9000000201166,1010.00000834837
23.0999999731779,1092.99998886883
23.1,1054.00000261515
22.7,1043.0
22.7,1025.99999993294
22.7,1025.00000013411
22.4000000301749,1027.99999969825
22.1000000100583,998.000001005828
21.9,973.000001776964
21.9000000402331,1026.00000271574
22.2999999463558,1052.99999637902
22.6999999731779,1027.00000174344
23.0,1014.0
23.4000000268221,1081.0
23.7999999463558,1081.0
23.9999999798834,1048.00000331923
24.399999986589,1048.0
24.6000000067055,1021.0000029169
24.8000000301748,1107.99999366328
25.0999999597669,1045.00000844896
25.299999986589,1098.99999637902
25.5,1057.0
25.600000013411,1090.99999678135
25.7999999731779,1043.0000064373
25.6000000201166,1027.00000160933
25.7999999932945,993.000001139939
26.0000000033528,951.999998491257
26.1000000201166,906.999993864448
26.2999999731779,846.000008180736
25.7000000402331,793.000003553927
25.9,774.0
26.199999986589,793.999991081657
26.0000000268221,661.000017836686
25.9000000100583,655.000000603497
26.3999999832362,645.000000335276
26.1000000167638,743.999998625368
26.5999999396503,702.999999899417
26.0000000804663,702.00000013411
26.7999999463558,699.000000201166
26.3,700.0
26.8999999396503,661.000000938773
26.0000001206994,674.999998122454
26.7999999195337,676.999999798834
26.5000000100583,637.000001341105
26.9999999731779,632.000000804663
26.2000000905245,656.000003017484
27.0999998793006,685.999995976687
26.5000000402331,637.000003285706
27.1,646.0
26.0000000335276,759.999997049571
26.4999999329448,716.000005900859
25.7000000804663,876.999983806162
25.4000000100583,859.000000603497
25.5,913.000004123897
25.4999999497086,1035.99999145046
25.0000000670552,951.000011399386
24.9000000067055,972.999998524785
24.9,1001.0
24.9,964.999997586012
24.9,929.000004827975
24.9999999899417,915.00000140816
25.0,942.999999061227
25.0000000033528,1010.00000087172
25.0999999899417,1035.99998953939
25.000000013411,932.000013947484
24.9000000067055,991.999995976686
25.2,1041.0
25.3000000067055,1000.99999812245
25.399999986589,973.000003755092
25.5999999798834,896.000007744879
25.6999999966472,835.000002045184
25.9,857.000001944602
25.9000000100583,915.000004325061
25.999999986589,957.999994233252
25.7000000201166,912.000003084541
25.4,872.0
24.9999999932945,839.99999986589
24.900000013411,838.000000268221
24.6000000301749,813.000002514571
24.4000000067055,900.99999704957
24.1999999966472,936.000003017485
24.0999999899417,1025.99999758601
24.000000013411,1002.00000321865
23.7000000201166,946.000003755093
23.6,969.0
23.5,1029.99999973178
23.5,1026.00000053644
23.5,1025.00000010058
23.2000000100583,1002.00000077114
22.9999999932945,981.000000502914
22.7999999698252,996.000005733221
22.5000000402331,1052.99999235571
22.5,976.000005163253
22.1,979.0
21.9999999731779,1016.99999544025
21.6000000536442,949.000009119509
21.5000000100583,986.999996177852
21.3000000067055,1032.99999845773
21.2,964.999997854233
21.1999999597669,901.000005029141
20.8000000536442,950.999993294479
20.7000000067055,959.999999396503
20.4,993.0
20.299999986589,980.99999523908
20.1000000268221,910.00000952184
19.9000000201166,954.999995473772
19.7000000067055,949.000000201166
19.399999986589,990.99999704957
18.9999999195337,902.999988131228
18.2000001072883,785.00001582503
18.2,857.999995104968
18.2,812.0
17.9999999932945,774.000001341104
17.900000013411,793.999997317792
17.8000000100583,840.999995272606
17.8999999966472,824.00000056997
17.4999999966472,832.000000637025
17.3999999497086,850.9999935627
16.9000000670552,787.000008583067
16.5000000268221,739.000003218651
16.2,677.0
15.8999999932945,658.999997720123
15.800000013411,625.000004559754
15.6000000201166,605.000002011657
15.7999999932945,620.999999463558
16.0,625.999999530613
16.0000000100583,611.999999396503
16.099999986589,606.000000804662
16.1999999932945,619.999999061227
16.3,599.0
16.200000013411,604.999999463558
16.3999999731779,597.000001072883
16.5999999798834,599.999999698251
16.7999999932945,600.0
16.6999999932945,597.000000871718
16.5000000502914,622.999998290092
16.9999999329448,606.000002279877
16.9000000067055,606.999999932945
16.9,613.0
16.9,606.0
16.9,606.0
16.5000000402331,600.000000603497
16.2000000100583,600.0
16.0999999932945,585.999999765307
15.8999999899417,578.999999396503
15.800000013411,573.000000804663
15.3000000335276,545.000001877546
15.4,536.0
15.6000000536442,546.999998793006
16.3999998927117,529.000002413988
16.9999999396503,541.999998692423
17.5999999798834,539.000000100583
18.0000000067055,544.0
18.2000000100583,543.999999899417
18.299999986589,543.00000013411
18.3,540.000000201166
18.4,563.0
18.4,569.999999061227
18.4,556.000001877546
18.4999999899417,552.000000402331
18.3000000067055,565.999999530613
18.3,569.000000469387
18.2999999798834,582.999999899417
18.1000000268221,582.00000013411
17.900000013411,589.999999463558
17.9,574.0
17.9000000335276,573.00000013411
18.3999999329448,574.999999731779
19.1999999195337,591.999998290092
19.8999999765307,867.999990746378
20.4,743.000003352762
20.4000000100583,842.999995172025
20.499999986589,795.0000064373
20.699999986589,766.000001944602
20.9,761.0
21.0000000201166,719.000025749201
21.2999999597669,1102.9999485016
21.3999999899417,824.000028062614
21.4999999966472,1043.99999262392
21.7,1263.99998997524
21.7000000100583,965.000006135552
21.799999986589,1025.99999181926
21.8,1267.99998377263
21.7,1050.0
21.800000013411,1041.9999980554
21.9999999731779,1013.0000038892
21.9000000100583,1004.00000090525
21.9999999966472,1193.99999362975
22.0,1044.99999862537
22.0,1003.99999859184
22.0,990.000001877546
21.9000000067055,977.000000871718
22.0,999.0
22.1,1074.99999517202
22.1,1003.00000965595
22.2999999798834,985.000001810491
22.2000000033528,968.000000569969
22.3000000033528,929.999998927116
22.3999999899417,898.000003118067
22.300000013411,928.999995842577
22.3,894.000002346933
22.3,907.0
22.3999999932945,1015.00000549853
22.300000013411,1096.99998900295
22.3,1117.99999788776
22.3999999966472,1080.00000127405
22.4999999966472,1060.99999845773
22.4000000100583,1014.9999993965
22.499999986589,1009.00000080466
22.4000000067055,982.000001810491
22.6,1006.0
22.5999999932945,1054.00000127405
22.500000013411,1072.9999974519
22.5999999899417,1065.00000080466
22.6,1048.00000056997
22.7,1018.00000006706
22.6999999798834,1019.99999829009
22.5000000268221,1003.00000227988
22.5999999932945,973.000002011657
22.6,1000.0
22.6999999932945,1026.00000362098
22.600000013411,1079.99999275804
22.6,1048.00000321865
22.7999999932945,1050.99999989942
22.9000000033528,1026.99999932945
23.0,1006.99999829009
23.0,990.000002279877
23.0,982.000000536442
23.1,968.0
23.1999999932945,1023.00000207871
23.100000013411,1053.99999584258
23.0000000100583,1072.99999808893
22.9000000033528,1050.00000077114
22.6999999966472,1070.00000026822
22.6,1077.99999818951
22.6,1060.00000241399
22.6,1042.00000120699
22.5,1017.0
22.5,994.999999128282
22.5,982.000001743436
22.5999999899417,978.000000402331
22.6999999966472,968.000000335276
22.9000000033528,1015.00000271574
23.0000000201166,1096.00000372156
23.1999999731779,1132.99999503791
23.2,1148.99999892712
23.3,1124.0
23.099999986589,1081.00000429153
22.9000000268221,1144.99999141693
22.8000000100583,1075.0000070408
22.7000000033528,1066.00000030175
22.7,1044.99999906123
22.6999999899417,1017.00000110641
22.600000013411,1027.99999852479
22.6999999932945,994.000002279878
22.7,982.0
22.6999999932945,982.999998524785
22.600000013411,961.000002950429
22.6999999899417,978.999998189509
22.6000000033528,1052.99999751896
22.6000000100583,1111.00000341982
22.9000000100583,1212.99999929592
22.999999986589,1206.00000093877
23.0,1265.99999597669
23.1,1187.0
23.2000000067055,1212.99999899417
23.299999986589,1198.00000201166
23.3,1158.00000402331
23.2000000033528,1133.00000083819
22.7999999966472,1115.99999946356
22.6999999798834,1099.9999970831
22.5000000268221,1071.0000038892
22.4000000067055,1058.00000087172
22.3,1031.0
22.1,1055.99999872595
22.1,1037.0000025481
22.0000000100583,1027.00000100583
22.0999999966472,1020.00000023469
22.3000000033528,961.000000972301
22.4000000201166,990.000002313405
22.5999999731779,1012.99999691546
22.6,1026.99999906123
22.7,1036.0
22.7000000067055,1019.99999979883
22.799999986589,1017.00000040233
22.8,1004.00000130758
22.8,972.000001072884
22.9000000100583,996.000000637025
23.2000000100583,1015.00000211224
23.299999986589,1035.99999718368
22.9000000268221,1032.00000026822
22.4,1031.0
22.0999999932945,1016.99999845773
22.000000013411,994.00000308454
21.9000000100583,1031.99999617785
21.6000000100583,1031.00000003353
21.6000000100583,995.000001844019
21.9000000301748,1049.99999919534
22.1999999597669,1042.00000107288
22.2999999932945,1020.00000147522
22.3,987.0
22.5,1070.00000033528
22.5,1074.99999932945
22.5,1045.00000301749
22.5999999966472,1030.00000050291
22.7000000067055,1000.00000244752
22.9000000201166,1072.99999969825
23.0999999731779,1070.00000040233
23.299999986589,1042.00000187755
23.5,1017.0
23.5000000268221,1086.99999979883
23.8999999463558,1084.00000040233
23.9,1046.00000382215
24.299999986589,1037.00000030175
24.5000000067055,1155.99999812245
24.7000000301748,1099.99999476969
24.9999999597669,1048.00000697374
25.199999986589,1130.99999443442
25.7,1112.0
25.8999999798834,1052.99999798834
25.6000000402331,1023.00000402331
25.9999999597669,1058.99999637902
26.399999986589,1132.99999751896
25.5000000234693,896.999999262392
26.2000000402331,874.999999396503
26.5999999463558,869.000000804663
26.2000000268221,915.999996848404
26.7,918.0
25.8000000536442,824.999997384847
26.5999998927117,786.000005230306
24.8000001810491,734.000005230308
25.3999999798834,720.000000469387
25.7999999698251,725.000000100583
24.9000000402331,728.000002615153
25.2999999463558,753.999996513129
25.499999986589,820.9999955073
25.7,935.0
25.0000000268221,956.999998793006
25.3999999463558,939.000002413988
25.3000000100583,988.999994970858
25.4999999932945,956.000001106411
25.7,894.999999597669
25.6999999396503,883.000000603497
25.1000000804663,888.999999195338
25.4999999731779,792.000006504357
25.8,753.0
25.6000000067055,769.000004425644
25.699999986589,834.999991148712
25.7,858.999997586012
25.7,785.000002481043
25.5999999832362,741.999998055398
25.1000000502914,684.000000502914
25.5999999329448,688.999999329448
25.5000000067055,726.999997451901
25.1,680.0
25.499999986589,711.000004425644
25.3000000268221,776.999991148712
25.2000000100583,869.999990645795
25.2999999966472,851.000000637025
25.2000000033528,959.999998390674
25.2999999698252,911.999997686595
25.0000000402331,889.00000308454
25.0999999932945,851.000002548099
25.2,885.0
25.0999999932945,871.000001005828
25.000000013411,885.999997988344
24.8000000201166,978.999990645795
24.7000000033528,979.0
24.5999999966472,953.99999943003
24.4999999899417,936.999999798834
24.400000013411,935.000000268221
24.0000000268221,1084.99998994172
23.8,1036.0
23.699999986589,1011.99999919534
23.5000000268221,1000.00000160933
23.4000000100583,999.000000100583
23.2000000067055,983.000000536442
22.9999999966472,979.000000268221
22.8999999899417,986.999997284264
22.800000013411,960.000003620981
22.7000000067055,947.000000871718
22.6,942.0
22.399999986589,990.000001877546
22.2000000268221,1017.99999624491
22.1000000100583,990.00000281632
21.8000000100583,984.000000201166
21.5999999966472,986.999999698251
21.4999999698252,977.999999597669
21.2000000402331,974.000000536442
21.000000013411,997.999998390674
20.8,979.0
20.4,962.999999798834
20.4,960.000000402331
20.0000000402331,940.000002011657
19.600000013411,927.000000435859
19.0999999765307,894.999997485429
18.399999929592,819.999989137056
17.7000000938773,712.000014483926
17.2000000335276,687.000001676381
16.9,650.0
17.2,644.999999195337
17.2,633.000001609325
17.1000000100583,640.999999195337
17.0000000033528,647.999999765307
16.8999999832362,637.0
16.3999999497086,636.999998591841
15.9000000670552,623.000001877546
15.700000013411,589.000002279878
15.2,558.0
14.899999986589,538.999999262393
14.7000000268221,528.000001475215
14.7,528.0
14.7999999966472,517.000000368804
14.9000000100583,528.999999899417
15.2,526.00000070408
15.2,532.999999061227
14.7000000335276,523.000000670552
14.7,515.0
15.3999999932945,518.999999530614
15.300000013411,512.000000938773
15.0000000301749,509.000000301749
15.0,504.000000167638
14.7,498.999999530613
14.6999999899417,485.000001709908
14.600000013411,501.999997720123
14.6999999932945,508.999999530613
14.6,497.0
14.9999999932945,499.00000013411
14.900000013411,500.999999731779
14.9,499.000000201166
14.9999999966472,501.999999899417
15.2000000067055,503.999999765307
15.3999999798834,497.000000100583
15.2000000268221,497.99999986589
15.000000013411,501.999999731779
14.9,501.0
14.900000013411,503.999999798834
15.0999999731779,501.000000402331
15.9999999094754,498.000000301749
16.399999986589,495.000000100583
17.0000000167638,497.999999932945
17.5000000502914,496.000000804663
17.9999999329448,503.999998927117
18.5999999597669,507.999999731779
18.7,511.0
18.9000000067055,512.000000469386
18.999999986589,518.999999061227
19.0999999899417,519.999999899417
19.0000000033528,519.000000033528
18.8000000033528,507.000000972301
18.8999999899417,535.999999396503
18.800000013411,530.000000804662
18.8,528.00000013411
18.7,528.0
18.7000000268221,530.999999329448
19.0999999463558,521.000001341104
19.8999999195337,594.99999255687
20.7999999698251,880.999990411102
21.3000000067055,912.999996177852
21.5000000402331,799.000025849784
21.8999999463558,1055.99996553362
22.099999986589,1140.99999430031
22.3,999.0
22.400000013411,922.000013880429
22.5999999731779,1128.99997223914
22.6,1116.00000130758
22.6999999966472,1049.00000224635
22.8000000067055,1032.99999919534
23.0,1008.99999678135
23.0,977.000004291534
23.0999999932945,1008.99999785423
23.2,1113.0
23.1999999932945,1101.99999637902
23.100000013411,1048.00000724196
23.1,1023.00000251457
22.9000000067055,1017.00000020117
22.7999999966472,1019.99999932945
22.6999999798834,999.999997586012
22.5000000268221,976.00000321865
22.5999999932945,989.999999061227
22.7,979.0
22.5000000067055,989.000002078712
22.599999986589,1019.99999584258
22.5000000100583,1048.9999970831
22.6999999932945,1099.99999829009
22.6000000033528,1086.9999990277
22.7000000201166,1057.9999993965
22.8999999731779,1052.00000080466
22.9999999932945,1025.00000181049
23.1,1031.0
23.2000000067055,978.000001139939
23.299999986589,994.999997720123
23.2000000100583,908.000008750707
23.2,943.999998793006
23.0999999932945,907.000004325062
22.9,1036.00000140816
22.9,1049.99999812245
22.9999999932945,1140.99999389797
23.0,1217.0
23.0,1239.00000234693
23.0,1273.99999530614
23.0,1257.00000170991
23.0,1246.0000003688
23.0,1218.99999983236
23.0,1213.99999376387
23.0,1152.00000831485
23.0,1154.99999979883
23.2,1120.0
23.1,1126.99999818951
23.1,1100.00000362098
23.1,1072.00000281632
23.0000000033528,1065.00000023469
23.0000000033528,1049.99999936298
23.0999999899417,1030.99999798834
23.000000013411,1011.00000268221
23.0999999932945,985.000001743436
22.9,979.0
22.8999999932945,996.000001475215
22.800000013411,1017.99999704957
22.8999999899417,1046.9999970831
22.9,1072.99999912828
22.9,1083.00000073761
22.8999999899417,1104.99999919534
22.800000013411,1097.00000107288
22.999999986589,1082.00000100583
22.9,1059.0
22.9,1002.00000462681
22.9,1070.99999074638
22.9,998.000007342548
22.9,1017.99999932945
22.9000000033528,1043.00000375509
22.9999999899417,1154.99999145046
22.900000013411,1070.00001139939
22.9,1045.00000167638
22.9,1036.0
23.0,1024.99999617785
23.0,968.000007644294
23.0,1096.99998702481
23.0,1075.00000073761
22.9999999966472,1037.00000030175
22.9000000100583,1045.99999446795
22.999999986589,991.000007376073
23.0999999932945,999.999999396503
23.1,1032.0
23.1,1083.99999456853
23.1,1003.00001086294
23.2999999798834,982.00000211224
23.1000000067055,1052.99999761954
23.0999999966472,1090.99999584258
23.0000000100583,967.000002816319
23.099999986589,994.999996244908
23.1,1192.99998672306
23.1,1045.0
23.0999999932945,1011.00000368804
23.000000013411,1065.99999262393
23.0999999899417,1045.00000211224
23.1,989.000001877546
23.0000000033528,984.000000301749
23.1,993.000006638466
23.1,1058.99999114871
22.900000013411,1037.00000147522
23.1,1020.0
22.9999999932945,1146.99999088049
22.900000013411,1011.00001823902
23.0999999798834,1027.99999829009
23.1,1031.99999986589
23.0000000033528,1006.0000003688
23.1000000100583,1016.99999668077
23.199999986589,984.000004425644
23.1000000067055,974.000000670552
23.2,1017.0
23.2000000067055,1056.00000147521
23.299999986589,1077.99999704957
23.3999999899417,1082.99999949709
23.4999999966472,1065.0000006035
23.5000000033528,1056.99999912828
23.6,1030.99999949709
23.6,1026.00000067055
23.6,1025.00000006706
23.8,1014.0
23.7000000067055,1008.99999758601
23.799999986589,973.000004827975
23.8999999899417,1019.99999527261
23.500000013411,1071.99999825656
23.3999999932945,1027.00000003353
23.1999999899417,1027.99999979883
23.100000013411,1026.00000026822
22.900000013411,1009.00000113994
22.9,1009.0
22.9999999664724,979.00000308454
22.5000000670552,1024.99999383092
22.3000000201166,1074.99999497086
22.3,1076.99999993294
22.4000000033528,1049.99999973178
22.5000000301748,1041.9999958761
22.7999999597669,1001.00000549853
22.8999999932945,998.000000201166
23.3,1126.0
23.6000000335276,1127.00000026822
24.0999999329448,1130.99999946356
24.799999929592,1065.00000663847
25.199999986589,1032.00000110641
25.4000000033528,995.000001106411
25.4999999899417,1028.00000764429
25.400000013411,1103.99998980761
25.7999999731779,1185.99999450147
25.9,1103.0
24.8000000603497,972.0
25.6999998793006,972.0
25.9999999698251,845.000012774021
25.5000000167638,793.000001743436
26.3999999698251,750.000001106411
25.5000001005828,782.999996580184
26.4999998658896,749.000004559754
25.8000000469387,680.000004626811
26.3,774.0
26.299999986589,701.0000064373
26.1000000268221,796.999987125399
25.8000000301749,704.000009354205
26.0999999899417,754.999998290092
26.3999999832362,730.000001575798
25.9000000804663,776.999995473773
26.6999998927117,732.000006034969
25.8000000603497,731.000000067055
26.7,741.0
25.5000000871718,726.999998055399
26.7999998256565,698.000003889202
25.7000001106411,721.999997586012
26.8999999597669,711.000000368804
25.7000000402331,666.000000335276
26.8999999094755,676.000000100583
26.0000001206994,676.99999986589
27.1999999195337,670.000000469387
25.8,683.0
27.0999998994172,634.000001944601
25.6000002011656,662.999996110798
27.1999998390674,671.999999094754
25.9000000435859,635.000001240522
27.0999999396503,633.999998692423
25.3000001609325,594.999997988344
26.8999997854233,575.000002682209
26.1000000536442,619.999996982515
26.4,583.0
26.6999999396503,665.999996379019
25.8000001206994,612.000007241963
26.5999999195337,691.999991953373
25.9000000234693,639.000001776964
26.4999999832362,702.999999899417
26.0000000603497,700.000003017484
26.5999999195337,729.999995976687
25.7000000603497,656.000004962087
26.2,713.0
25.7000000201166,665.000003352761
25.9999999597669,714.999993294479
26.1999999798834,745.999996881932
25.5000000234693,801.999998122454
25.5000000033528,775.000001441687
25.5999999899417,818.000003822147
25.500000013411,855.999994903804
25.0000000335276,1022.99998880178
25.1,1085.0
24.9,1136.00000482798
24.9,1207.99999034405
24.7000000201166,1151.00000573322
24.7,1128.00000077114
24.5999999966472,1110.99999862537
24.5,1070.00000070408
24.5,1076.99999906123
24.300000013411,1040.00000248104
24.3,1020.0
24.1999999932945,1031.99999906123
24.100000013411,1018.00000187755
24.0000000100583,1012.0000006035
23.9000000033528,1010.00000006706
23.8999999932945,1067.00000013411
23.7,1071.00000090525
23.7,1079.99999879301
23.500000013411,1059.00000140816
23.3,1026.0
23.2,945.000004827975
23.2,1016.99999034405
22.9000000301749,1051.9999964796
22.9,1029.00000077114
22.7999999966472,1001.99999912828
22.6999999798834,975.999999497086
22.5000000268221,971.000000670552
22.5,951.000001341105
22.0,978.0
21.3999999530614,994.000000402331
20.7000000938773,999.999999195337
20.4000000301749,1000.99999989942
20.000000013411,1002.99999993294
19.7999999899417,991.00000013411
19.4999999798834,994.999999396503
19.3000000268221,989.000000804662
18.9000000268221,970.000001274049
18.6,919.0
18.2999999932945,885.999997049571
18.200000013411,842.000005900859
18.2999999899417,847.999999396503
18.3999999966472,810.000001274049
18.4,846.00000013411
18.4,849.99999748543
18.4,825.000003352761
18.599999986589,856.999997854233
18.6,855.0
18.3999999932945,857.000000871718
18.300000013411,869.999998256564
18.2000000100583,866.000000402331
18.0000000067055,842.000000804663
17.5999999899417,790.999997686595
17.3000000100583,721.999997083098
17.399999986589,693.000003889202
17.200000013411,671.000001475215
17.2,668.0
17.3,670.999999463558
17.3,663.000001072883
17.4999999798834,669.99999929592
17.5,650.000000670552
17.5999999966472,667.000000167638
17.5,672.0
17.5,672.0
17.300000013411,672.999999932945
17.2,646.0
16.6000000067055,629.999997451902
16.699999986589,592.000005096196
16.7,581.000001106411
16.8999999932945,562.000000637025
17.5000000100583,555.999999798834
17.8000000502914,550.000000100583
18.2999999329448,550.99999986589
18.6999999731779,563.999999128282
18.9,557.0
19.1,566.999999932945
19.1,566.00000013411
19.1999999899417,572.99999929592
19.2,572.000000033528
19.2,578.999999530613
19.1999999899417,565.000002212822
19.100000013411,586.999997049571
19.1,585.00000013411
19.2,586.0
19.7000000536442,575.000004157423
20.4999998927117,636.999991685154
21.2999999195337,864.999977067112
21.699999986589,866.999999932945
22.100000013411,861.000004660339
22.5000000100583,1000.00001649558
22.599999986589,1163.99997800589
22.8999999798834,977.000012539328
22.9,990.0
23.2,1216.99999785423
23.2,1185.00000429153
23.2999999899417,1065.00001206994
23.3,1048.50000055321
23.3999999966472,1031.99999932945
23.2999999899417,1011.99999909475
23.200000013411,1003.00000120699
23.1000000067055,973.000002011657
23.2,1010.0
23.0999999932945,1003.00000174344
23.000000013411,1028.99999651313
23.0999999899417,1097.99999305978
23.1,1075.00000077114
23.1,1075.99999989942
23.1,1072.99999969825
23.1,1070.00000040233
23.1,1037.00000221282
23.2,1032.0
23.1,1030.99999852479
23.1,1009.00000295043
23.2999999798834,971.000003822148
23.3,935.000001206994
23.2,930.000000167638
23.2,934.999995674939
23.2,892.000005766748
23.399999986589,900.999999396503
23.4,921.0
23.3999999932945,908.000005163251
23.300000013411,984.999989673497
23.4999999798834,1036.99999476969
23.4000000033528,1092.99999812245
23.5,1137.00000070408
23.5000000100583,1157.99999829009
23.599999986589,1141.00000227988
23.6,1139.00000013411
23.6,1096.0
23.5000000268221,1076.00000006706
23.8999999463558,1076.99999986589
23.7000000201166,1042.0000035204
23.7999999966472,1036.00000020117
23.7999999966472,1017.0
23.7000000100583,1016.99999849126
23.799999986589,1002.00000201166
23.2000000402331,978.000001609326
22.8,995.0
22.799999986589,1022.99999932945
22.6000000268221,1013.0000013411
22.5000000100583,979.000003419817
22.4000000033528,1057.99999735132
22.4999999966472,999.999999966472
22.3999999899417,998.999997887761
22.300000013411,978.000002816319
22.5999999798834,988.999999262392
22.4,993.0
22.799999986589,994.999998860061
22.6000000268221,978.000002279877
22.9999999597669,1044.99999326095
23.0,988.000001911074
23.2000000067055,1018.0000006035
23.4,1036.00000181049
23.4,1053.99999758601
23.4999999932945,1050.00000026822
23.4,1095.0
23.4999999798834,1064.00000073761
23.2000000402331,1074.99999852479
23.0000000201166,1053.00000221282
23.1999999932945,1043.00000033528
23.0999999966472,1022.99999976531
23.0,1015.99999688193
23.0,985.000004157423
22.800000013411,994.999999329448
22.9,1013.0
22.9999999932945,989.999998860061
22.900000013411,973.000002279877
22.8000000100583,1049.99999225512
22.8999999966472,1052.99999989942
22.8999999966472,1030.99999949709
22.7999999899417,1015.99999949709
22.700000013411,1011.00000067055
22.899999986589,990.00000140816
22.9,976.0
23.0,999.00000476092
23.0,1069.99999047816
23.0999999899417,1072.99999969825
23.1,1028.00000150874
22.9,1008.99999979883
22.9000000201166,1002.99999959767
23.0999999731779,999.000000536442
22.900000013411,984.000001005828
23.0,1042.0
22.9,1046.99999637902
22.9,993.000007241963
22.9,970.000002313405
22.9999999966472,1006.99999875948
23.0,1035.99999956414
22.9999999899417,1022.99999758601
22.900000013411,999.00000321865
23.099999986589,994.000000335276
23.0,982.0
22.9999999932945,1038.99999946356
22.900000013411,1031.00000107288
22.9,1004.00000271574
22.8000000033528,1001.00000010058
22.9000000033528,984.000000033528
22.9999999899417,985.000005431472
22.900000013411,1038.99999275804
22.9999999932945,995.00000295043
23.1,996.0
23.2,1018.00000328571
23.2,1066.99999342859
23.2,1032.0000035204
23.2999999966472,995.000001240522
23.2000000067055,1006.00000083819
23.3999999899417,1031.0000035204
23.300000013411,1065.99999530614
23.3,1049.00000113994
23.3,1009.0
23.4,999.999999128282
23.4,987.000001743436
23.3000000100583,1044.99999416619
23.3,1059.99999949709
23.3999999932945,1035.9999986589
23.1999999798834,995.999998290092
23.0000000268221,979.000002279877
23.199999986589,1027.99999671429
23.3,1091.0
23.5000000268221,1119.99999711663
23.8999999463558,1077.00000576675
24.0999999798834,1044.00000331923
23.8000000100583,1020.00000080466
23.7000000033528,1025.0
23.8,1025.00001015886
23.8,1125.99998645485
23.8999999932945,1191.99999557435
24.0,1183.0
24.2000000335276,1118.99999812245
24.6999999329448,1091.00000375509
25.2999999396503,1043.00000482798
25.2000000033528,913.00000435859
25.1000000234693,843.000002380461
25.7999999698252,914.000000201166
25.5000000402331,915.999999731779
25.8999999731779,742.00001166761
25.6,703.0
25.5000000201166,638.999999597669
25.7999999597669,633.000000804663
25.8,605.00000281632
25.8,681.999997418374
25.7000000201166,631.000004090369
26.2999999497086,752.999989338221
25.8000000670552,647.000014215705
25.7000000067055,697.999996580183
25.9,639.0
25.7000000201166,710.999996311963
25.9999999597669,656.000007376073
25.7000000301749,650.000000603497
26.099999986589,616.000001139939
25.7000000167638,656.999998524785
26.1999999597669,613.000003620981
25.8000000536442,648.999995172025
26.5999999463558,622.000001810491
26.1,634.0
26.5999999798834,647.999997787178
26.3000000402331,615.000004425644
26.2000000100583,567.000004827976
26.6999999832362,560.000000234693
26.0000000100583,585.999999899417
26.3000000402331,582.999999698252
26.6999999463558,580.000000402331
26.4000000201166,609.999997988343
27.0,587.0
26.0000000804663,626.00000013411
27.1999998390675,627.999999731779
25.3000001911074,617.000001106411
26.6999999530613,674.999998055398
25.8999999765307,627.000001508743
25.2000000100583,671.999996479601
25.299999986589,637.000004693865
25.100000013411,651.999998994172
25.1,605.0
24.7000000402331,525.000002279877
25.2999999195337,558.999995440246
24.9000000402331,572.99999859184
25.1999999899417,558.000000502914
25.399999986589,539.000001274049
25.0000000603497,577.000001206994
25.5999999195337,588.999998390675
25.2000000268221,612.999998390674
25.1,644.0
25.4999999597669,635.000002078712
24.9000000804663,665.999995842577
24.9999999899417,641.000002514571
25.0999999966472,631.000000335276
24.6000000100583,612.000007208437
24.8999999497086,826.999990545215
24.4000000670552,733.00001260638
24.4,719.000000938773
24.2,764.0
24.1999999932945,793.999999798834
24.100000013411,791.000000402331
24.1,858.999993160367
24.2999999932945,930.999997586012
24.2,959.000000335276
24.2,968.999996580184
24.2,935.000004559754
24.000000013411,879.000003755093
24.0,943.0
23.9,850.000000938773
23.9,863.999998122454
23.8000000100583,891.99999718368
23.5000000100583,846.00000154227
23.5,972.000000435859
23.4999999698252,984.999998189509
23.2000000402331,967.000002413988
23.000000013411,873.000006303192
22.7,956.0
22.6000000067055,947.999997921288
22.699999986589,917.000004157423
20.9000001810491,697.000022128226
20.2000000234693,564.000004459173
19.1999999798834,503.999999362975
18.5999999497086,484.999997686595
18.1000000670552,462.00000308454
17.5000000402331,472.999999262392
17.3,471.0
17.3,462.000000469387
17.3,468.999999061227
17.3,469.0
17.1000000067055,462.000000234693
17.1999999966472,475.999999899417
17.1,473.000000402331
17.1,476.999999463558
17.0000000067055,486.999999329448
16.8,485.0
16.999999986589,491.999999530614
16.8000000268221,485.000000938773
16.8,478.00000070408
16.8999999966472,483.999999798834
16.7000000033528,497.999999899417
16.8,494.999999597669
16.8,491.000000536442
16.7000000067055,490.000000067055
16.8,500.0
16.6999999932945,507.000000402331
16.600000013411,512.999999195337
16.6,500.000001307577
16.3000000100583,501.999999932945
16.2,482.000000905246
16.1999999899417,509.000000201166
16.100000013411,510.999999731779
16.299999986589,501.000000670552
16.5,512.0
16.4999999798834,516.999999798834
16.2000000402331,514.000000402331
16.1000000100583,508.000000603497
15.9000000067055,498.000000335276
15.8999999966472,504.000000469387
15.8,517.999998893589
15.8,507.000001475215
15.7000000067055,502.000000335276
15.8,501.0
16.4000000603497,514.999999061227
17.2999998793006,501.000001877546
17.8999999396503,508.999999195337
18.7999999698251,511.999999899417
19.200000013411,503.000000469387
19.6,516.999999396503
19.6,511.000000804663
19.9999999731779,509.00000013411
20.1,509.0
20.100000013411,525.000000268221
20.2999999731779,528.999999463558
20.2000000100583,532.999999597669
20.2999999966472,531.000000067055
20.2999999966472,526.000000167638
20.2,531.000000804663
20.2,538.999998927117
19.9000000201166,543.999999664724
19.9,545.0
20.5000000804663,548.000008717177
21.6999998390675,677.999982565645
22.399999929592,878.999979782848
22.799999986589,931.999998223036
23.3000000100583,842.999995741993
23.6000000301748,716.00002142414
23.8999999597669,928.99997143448
24.1999999798834,1035.99999282509
24.4,885.0
24.5000000067055,788.000008583067
24.599999986589,915.999982833866
24.5000000100583,1184.99997294322
24.7999999899417,1376.9999935627
24.6999999966472,1195.00000063702
24.5999999798834,1213.99998269976
24.4000000268221,1042.00002306699
24.4999999932945,993.000003285706
24.4,940.0
24.5,943.999997384847
24.5,905.000005230307
24.5,905.0
24.5,933.999999027699
24.5999999966472,1076.00000616908
24.4999999899417,1260.00000895187
24.400000013411,1348.99998806417
24.4999999932945,1283.00000442565
24.5,1127.0
24.5999999932945,1069.99999792129
24.500000013411,1039.00000415742
24.5999999899417,993.000004626811
24.4000000067055,971.000000737607
24.6000000033528,955.000000067055
24.6999999798834,956.999991148712
24.5000000268221,869.000011801717
24.5999999932945,865.000000268221
24.5,774.0
24.6,777.000006034969
24.6,866.999987930062
24.6999999899417,899.999996680766
24.7,873.000000905246
24.599999986589,699.000005297363
24.2,857.000001609325
24.2,872.999997854233
24.000000013411,824.000003285706
24.2,808.0
24.0,756.99999859184
24.0,736.000002816319
24.0999999899417,716.000002011657
24.0000000033528,689.000000905246
24.0000000067055,643.000000737608
24.1999999899417,665.000012673435
24.100000013411,790.999983102087
23.3000000536442,880.999993965029
23.3,926.0
23.2999999932945,878.999999061227
23.200000013411,865.000001877546
23.2,851.00000140816
23.2,855.999999832362
23.2,982.000002849847
23.2000000100583,1066.99999668077
23.299999986589,1034.00000442564
23.2000000067055,980.000003620982
23.0,965.0
23.2,1118.99999738485
23.2,1080.00000523031
23.0000000201166,1045.0000035204
23.0999999966472,1020.00000083819
22.9000000033528,1005.99999943003
22.9999999899417,988.999998793006
22.900000013411,977.000001609325
22.9,1054.99999476969
22.9,1150.0
22.9,1039.00000053644
22.9,1046.99999892712
22.9999999899417,1010.00000372157
22.9000000033528,995.000000502914
22.9,998.000003051013
22.9000000100583,1088.99999084696
22.999999986589,998.000012204049
22.800000013411,1022.99999832362
22.8,992.0
22.7999999932945,1021.00000227988
22.700000013411,1054.99999544025
22.6000000100583,1043.00000120699
22.6,1018.00000083819
22.5999999966472,1000.99999973178
22.4999999899417,993.000002715736
22.400000013411,1019.99999637902
22.4,998.000001475215
22.3,1009.0
22.2999999932945,1042.99999664724
22.200000013411,993.000006705521
22.1000000100583,1026.99999658018
22.1,977.000001676381
22.0999999966472,1034.00000050291
22.0000000201166,1048.99999396503
22.1999999731779,989.000008046625
22.1000000067055,1068.99999463558
22.1,1053.0
22.1999999932945,1004.99999879301
22.100000013411,987.000002413988
22.1,984.000000301749
21.9000000067055,1036.99999822304
22.0,1054.99999829009
22.0,1003.99999748543
22.0,979.000003352761
22.0999999932945,1151.99998839945
22.2,1021.0
22.2,1024.99999852479
22.2,1003.00000295043
22.2,976.000002715737
22.2999999966472,989.999999530613
22.3000000067055,1053.9999984242
22.4999999899417,1006.99999959767
22.400000013411,1003.00000053644
22.4999999932945,1015.99999912828
22.7,1006.0
22.8,1011.99999832362
22.8,987.000003352761
22.8,1016.99999698251
22.8999999966472,1107.99999694899
22.7999999966472,1042.99999976531
22.7,1035.99999919534
22.7,1028.00000107288
22.899999986589,998.000002011657
22.9,982.0
22.8999999932945,1042.00000569969
22.800000013411,1126.99998860061
22.8,1031.00000965595
22.8999999966472,1033.99999989942
22.5,1015.99999886006
22.4999999899417,982.000006638466
22.400000013411,1047.99999114871
22.3000000067055,1063.99999892712
22.4,1046.0
22.3000000201166,1035.9999986589
22.5999999597669,1016.00000268221
22.6,985.000003118068
22.8999999899417,1031.9999984242
23.4000000033528,1077.0
23.4999999899417,1076.99999899417
23.400000013411,1067.0000013411
23.4,1034.00000221282
23.5,1014.0
23.6000000201166,1014.00000429153
23.8999999597669,1077.99999141693
24.1999999698251,1124.99999527261
24.2999999966472,1108.00000056997
24.4000000067055,1096.99999909475
24.6000000100583,1069.99999446795
24.699999986589,1015.00000737607
24.7999999932945,971.00000295043
24.6,1043.0
24.9999999664724,976.999999597669
24.5000000670552,971.000000804663
25.0999999396503,890.00000814721
24.9000000067055,866.000000804663
25.2000000033528,814.000000536442
25.2999999497086,830.000008951871
24.8000000670552,918.999988064172
24.999999986589,854.00000435859
24.9,851.0
24.799999986589,843.999996714295
24.6000000268221,795.000006571411
24.6999999899417,837.999995674938
24.4000000100583,955.999996043741
24.4000000033528,984.000001139939
24.4999999798834,1017.9999970831
24.3000000268221,989.000003889202
24.100000013411,1075.99999416619
24.0,1138.0
23.9,1123.99999758601
23.9,1088.00000482798
23.9999999899417,1064.00000241399
24.0,1065.99999993294
24.0999999966472,1015.00000033528
24.0000000100583,1025.00000683963
24.099999986589,1092.99999088049
24.1,1126.99999772012
24.1,1100.0
24.3,1054.99999765307
24.3,1020.00000469386
24.2000000100583,1044.99999748543
24.3999999932945,1047.99999989942
24.3000000067055,1087.0000006035
24.4999999899417,1104.99999678135
24.400000013411,1073.00000429153
24.4,1055.00000120699
24.4,1028.0
24.199999986589,1038.00000596791
24.0000000268221,1126.99998806417
23.8000000201166,1129.99999969825
23.5000000100583,1115.00000050291
23.4999999932945,1085.99999909475
23.2999999899417,1058.99999909475
23.200000013411,1050.00000120699
23.1000000067055,1037.00000087172
23.0,1004.0
22.8999999932945,1021.00000160933
22.800000013411,1044.99999678135
22.8,1039.0000006035
22.7000000033528,1001.00000127405
22.5999999966472,1009.00000248104
22.4999999899417,1083.00000382215
22.400000013411,1120.9999949038
22.4,1089.00000214577
22.5,1078.0
22.3,1051.99999986589
22.3,1050.00000026822
21.9000000402331,1017.00000331923
21.8000000033528,990.000000905246
22.1,1007.00000160933
22.0999998994172,1054.99999114871
21.1000001341104,967.000011801717
21.0000000067055,923.00000295043
20.7,829.0
20.6999999798834,776.99998893589
20.4000000402331,612.00002212822
20.2000000201166,577.0000035204
19.6000000201166,548.000000972301
19.1000000368804,509.000000536442
20.2000000905245,525.000001508742
21.0999998793006,539.999997988344
21.5999999664724,532.000000536442
22.1,525.0
22.3000000067055,626.000009454785
22.399999986589,766.99998109043
22.6999999698251,781.999998491257
23.1999999832362,791.999999664724
23.5999999932945,782.0
23.3999999597669,781.999996177853
23.0000000536442,744.000005096196
23.0999999932945,687.000003822148
22.8,622.0
22.1999999932945,637.000003151595
22.100000013411,683.99999369681
21.5000000603497,694.999998893589
21.0000000167638,648.000001575798
19.3999999731779,583.999998021871
18.5999999195337,524.999995272608
17.8000001072883,478.00000630319
17.8,478.999999932945
17.3,458.0
17.7000000067055,473.000000536442
17.799999986589,480.999998927117
18.1999999597669,470.000001106411
18.2,484.999999497086
18.2,494.999999530613
18.1999999899417,481.000000301748
18.100000013411,483.999999597669
18.0000000067055,497.999999061227
17.2,490.0
17.0999999731779,481.999999798834
16.7000000536442,479.000000402331
16.5000000201166,471.000000804663
16.4000000033528,470.000000033528
16.9,471.00000013411
16.9,475.000001005828
16.9,484.999998658896
16.700000013411,487.999999798834
16.5,495.0
16.0999999932945,479.000000603497
16.000000013411,487.999998793006
15.9000000100583,477.000001106411
15.7000000067055,475.000000067055
15.3999999932945,482.000000167638
15.1999999597669,487.000001206994
14.8000000536442,498.999998390675
14.7000000067055,496.000000201166
14.1,495.0
14.7000001072883,476.000000603497
16.2999997854233,484.999998793006
17.4999998793006,475.000001005828
17.9999999832362,475.999999966472
18.9000000234693,476.00000083819
19.6000000402331,500.999998390675
19.9999999463558,485.000002145767
20.0999999932945,484.000000067055
20.4,497.0
20.400000013411,490.000000938773
20.5999999731779,503.999998122454
20.5000000100583,503.000000100583
20.5,517.999999497086
20.4999999966472,511.000000234693
20.4,517.999998994172
20.4,508.000001341104
20.3000000067055,516.999999396503
20.4,519.0
19.999999986589,535.999998793006
19.8000000268221,518.000002413988
19.8,532.999998491257
20.4999999765307,596.999997854233
21.5000000201166,748.000000603497
22.1000000502914,766.000008549539
22.5999999329448,850.999988600614
22.8999999798834,946.999993562698
23.1,907.0
23.300000013411,927.999994501473
23.4999999731779,846.000010997055
23.6999999798834,861.999998390675
23.7499999983236,885.499999212101
23.8,909.00000435859
23.8,1039.00000533089
23.8,1091.99999289215
23.8,1133.99999718368
23.8,1178.0
23.799999986589,1188.99999953061
23.6000000268221,1182.00000093877
23.6999999899417,1171.00000110641
23.6000000033528,1142.0000009723
23.6,1141.99999932945
23.6,1121.99999839068
23.6,1106.00000214577
23.5000000067055,1086.0000013411
23.5,1050.0
23.4000000067055,1060.99999792129
23.499999986589,1030.00000415742
23.5,1021.00000090525
23.5999999966472,993.000000938773
23.6000000033528,989.999999564141
23.7,977.000000301748
23.7,979.999999597669
23.500000013411,945.000002346933
23.5,932.0
23.5,965.000003688037
23.5,1019.99999262393
23.5999999899417,1012.00000080466
23.6,1047.99999879301
23.5999999966472,1058.99999909475
23.5,1032.00000201166
23.5,1051.99999731779
23.5999999932945,1027.00000167638
23.6,1016.0
23.6,1024.99999778718
23.6,992.000004425644
23.5000000100583,990.000000201166
23.5,969.00000070408
23.6,1001.00000103936
23.6,1032.00000382215
23.6,1069.9999949038
23.5000000067055,1053.00000113994
23.5,1052.0
23.5,1064.9999993965
23.5,1056.00000120699
23.5999999899417,1053.00000030175
23.6,1025.00000093877
23.6,998.0
23.6000000201166,997.99999859184
23.7999999731779,984.000001877546
23.8,982.00000013411
23.8,1025.0
23.6999999932945,1037.00000013411
23.600000013411,1038.99999973178
23.8999999698251,1034.00000050291
23.9,1012.00000073761
23.8000000033528,1021.99999929592
23.9000000100583,1000.99999818951
23.999999986589,983.000002413988
24.0,997.999998994172
24.0,1000.0
24.0,1011.99999812245
24.0,984.000003755092
23.9000000100583,992.999999094754
23.9999999966472,985.000000268221
23.8999999899417,1022.00000489503
23.5999999497086,1167.99999517202
23.1000000670552,1120.0000064373
22.900000013411,1124.99999966472
22.8,1089.0
22.7999999932945,1077.99999946356
22.700000013411,1070.00000107288
22.7999999899417,1049.00000211224
22.8,1016.00000110641
22.8999999932945,1017.9999993965
22.7,1000.00000110641
22.7,1010.99999852479
22.6000000067055,978.000002212823
22.4,1054.0
22.4,1085.99999778718
22.4,1053.00000442564
22.3000000100583,1020.00000331923
22.2000000033528,989.000001039356
22.1000000033528,977.000000871718
22.2,1002.99999808893
22.2,984.000002548098
22.000000013411,1048.99999564141
22.1,1059.0
22.0000000067055,1015.0
22.099999986589,1015.0
22.1,1030.99999839067
22.1,1011.00000067055
22.0999999966472,984.000002782792
22.0000000100583,1067.00000020117
22.099999986589,1068.99999973178
22.1999999932945,1061.00000053644
22.1,1053.0
22.1999999932945,1019.99999892712
22.100000013411,1004.00000214577
22.1999999899417,1014.99999889359
22.2,1001.00000046939
22.2000000033528,972.000003285706
22.2999999899417,1069.99999396503
22.200000013411,1010.00000804663
22.2999999932945,1044.99999765307
22.4,1003.0
22.2999999932945,988.999999530614
22.200000013411,982.000000938773
22.2999999899417,1025.99999557435
22.3,1042.99999943003
22.3999999966472,1039.99999862537
22.3000000301748,999.000001709908
22.5999999597669,1015.99999772012
22.6,999.000001139939
23.0,990.0
22.900000013411,987.00000167638
23.0999999731779,1011.99999664724
22.9000000201166,1150.99998601898
22.8000000033528,1075.0000025481
22.4999999966472,1055.99999919534
22.4000000201166,1031.99999798834
22.5999999731779,1012.00000268221
22.6999999932945,1000.00000080466
23.0,1039.0
23.2000000201166,1115.9999980554
23.4999999597669,1087.0000038892
23.8999999597669,1078.00000090525
24.1999999899417,1039.00000130758
24.4000000100583,1023.00000227988
24.7,1090.99999919534
24.7,1083.00000107288
24.9999999798834,1042.00000274926
24.8,994.0
24.8000000335276,923.999995507301
25.2999999329448,857.000008985398
24.8000000502914,742.000011567027
25.0999999899417,754.999999564141
25.100000013411,655.000001173466
25.5000000100583,689.999992959203
25.599999986589,620.00000938773
25.0000000402331,644.999998323619
25.9,661.0
25.1000000402331,618.999999061227
25.6999999195337,605.000001877546
25.6000000100583,629.999997485429
25.4000000067055,633.99999986589
26.0999999631196,602.000000938773
25.0000001307577,629.999999597669
26.2999998256565,626.000000536442
25.6000000469387,570.000003755093
25.8,548.0
26.0,550.000002548098
26.0,587.999994903804
25.9000000100583,591.999999597669
25.6000000100583,537.000001844019
26.4999999798834,566.999999463558
25.9000000502914,551.000001307577
26.3999999329448,563.999998256564
26.200000013411,580.999998860061
26.0,536.0
25.5000000871718,496.000000402331
26.7999998256565,501.999999195337
25.1000001709908,534.999996680766
26.5999999497086,507.000000938773
25.9000000167638,504.000001206994
26.3999999597669,540.000004123896
26.0000000536442,580.999994501473
26.0,616.999997586012
25.4,548.0
26.1999999195337,489.999999798834
25.0000001609325,487.000000402331
26.4999998491257,503.999998290092
25.4000000368804,533.999998994172
26.5999999396503,502.000000637025
24.8000001810491,521.000000201166
26.5999997586012,522.999999731779
25.3000000871718,596.999995037913
26.1,596.0
25.1000000804663,613.000002346932
26.2999998390675,647.999995306135
25.1000001206994,634.00000140816
26.1999999631196,594.000001341105
25.400000013411,591.99999986589
25.7999999698252,588.000006940214
25.5000000402331,656.999990746381
25.699999986589,612.000003017485
25.3,672.0
25.799999986589,673.000004224478
25.6000000268221,735.999991551043
25.6,671.000006537885
25.6,655.000000536442
25.7999999731779,635.000001508743
25.0000000804663,679.999997586012
25.7999998927117,656.00000321865
24.9000000603497,622.000002279878
25.8,583.0
24.7000000670552,550.999998927117
25.6999998658896,535.000002145767
24.7000001005828,594.999993965029
25.1999999832362,596.999999932945
24.9000000033528,681.0
25.0000000201166,681.000003520399
25.1999999731779,715.999995306135
24.2000000670552,856.999990545213
24.6,829.0
24.799999986589,834.999999597669
24.6000000268221,829.000000804663
24.6,824.000000502914
24.6999999966472,825.999999932945
24.6999999932945,918.000002782792
24.4999999899417,1001.00000663847
24.400000013411,1066.99999114871
24.4,1103.99999751896
24.3,1061.0
24.1,1063.99999852479
24.1,1042.00000295043
23.9000000201166,1041.00000010058
23.8000000033528,1036.00000016764
23.5999999966472,1012.9999993965
23.4999999899417,995.0
23.400000013411,995.0
21.8000001072884,876.000007979572
19.5,652.0
18.6999999731779,586.999998256564
18.3000000536442,561.000003486871
17.5000000804663,530.000003118068
17.100000013411,509.00000070408
16.9999999932945,508.999999932945
16.7999999899417,507.0
16.700000013411,507.0
16.6000000067055,506.000000067055
16.6,514.0
16.6999999932945,513.000000335276
16.600000013411,517.999999329448
16.5000000100583,518.0
16.4000000033528,528.999999631196
16.4999999966472,528.000000067055
16.3999999899417,529.999999497086
16.300000013411,525.000000670552
16.0000000201166,540.999998927116
15.6,542.0
15.4000000201166,533.999999396503
15.6999999597669,525.000001206994
15.8999999798834,522.000000301749
15.9,522.999999966472
16.1,525.000000268221
16.1000000301748,533.000000100583
16.3999999597669,533.99999986589
16.4,536.999999798834
16.4,534.0
16.4,540.000000670552
16.4,549.999998658896
16.3000000100583,545.000000502914
16.3999999966472,560.999999463558
16.2999999966472,558.999999430031
16.2,542.000001609325
16.2,557.999997854233
16.2,561.999999731779
16.4,564.0
17.2000000603497,558.000001743436
18.0999998793006,583.999996513129
18.3999999698251,568.000001609326
18.6999999899417,570.999999899417
19.0000000033528,573.999999597669
19.1000000100583,562.00000321865
19.199999986589,593.999995708466
19.2999999932945,584.000000670552
19.1,581.0
19.2,574.999999932945
19.2,574.00000013411
19.0000000201166,582.999999094754
19.0999999966472,572.000000368804
18.9,596.000000033528
18.8999999798834,596.999999497086
18.7000000268221,592.000000670552
18.7999999932945,599.999999463558
18.7,600.0
18.6999999932945,605.999999597669
18.600000013411,600.000000804663
19.0999999497086,611.999998793006
19.9999999698251,666.999998155981
20.700000013411,858.99999634549
21.1000000201166,750.000013478097
21.2999999731779,883.999982029203
21.5999999798834,843.000002749264
21.7,857.0
21.9000000201166,1180.99999275804
22.1999999597669,1073.00001448393
22.3999999798834,957.00001166761
22.4999999966472,1003.49999844097
22.6000000033528,1050.00000425801
22.7000000100583,1176.99998984114
22.799999986589,1076.00001354515
22.999999986589,1023.00000355393
22.9,1018.0
22.799999986589,1011.99999986589
22.6000000268221,1010.00000026822
22.6999999899417,985.000002514571
22.6000000033528,968.000000569969
22.5999999966472,969.000002447516
22.5,1042.00001327693
22.5,1173.99998229742
22.4000000067055,1144.00000201166
22.4,1096.0
22.300000013411,1111.99999946356
22.4999999731779,1104.00000107288
22.4000000100583,1066.00000382215
22.4999999966472,1056.00000033528
22.4000000033528,1041.99999936298
22.5,1022.99999778718
22.5,1001.00000295043
22.699999986589,1005.99999966472
22.5,983.0
22.6000000067055,988.999998994172
22.699999986589,974.000002011656
22.7,979.999999396503
22.7999999966472,1033.99999818951
22.7,1140.99999973178
22.7,1132.99999929592
22.7,1126.00000093877
22.7999999932945,1107.00000127405
22.7,1113.0
22.7000000067055,1094.99999852479
22.799999986589,1073.00000295043
22.8,1042.00000311807
22.8999999966472,1015.00000090525
22.9,1020.99999959767
22.9,1008.99999688193
22.9,978.000004157423
22.8000000067055,992.999998994172
23.0,1001.0
23.0999999932945,1025.99999798834
23.000000013411,996.000004023313
23.0,1005.99999899417
23.0,979.000000905246
22.9000000067055,990.000001274049
23.0999999497086,1028.00000372156
22.6000000670552,1064.99999503791
22.5000000067055,1032.00000221282
22.4,1022.0
22.3,1004.00000093877
22.3,1017.99999812245
22.1000000201166,994.000002413988
22.0000000033528,987.000000234693
22.0000000033528,1046.99999835715
22.0999999899417,997.999999698251
22.000000013411,995.000000402331
22.0999999932945,979.000001072884
22.0,1018.0
22.1000000067055,1014.99999845773
22.199999986589,992.00000308454
22.3999999798834,1022.99999688193
22.5999999932945,995.000000938773
22.6000000033528,938.000002212823
22.7000000100583,1004.00000251457
22.799999986589,1028.99999664724
22.8,1000.0000019446
23.0,983.0
22.599999986589,948.999998256564
22.4000000268221,923.000003486871
22.3000000100583,877.000004626811
22.3,848.000000972301
22.5000000033528,825.999999564141
22.5999999899417,813.000004928558
22.500000013411,861.999993428589
22.5,844.000001206994
22.3,1020.0
22.5,992.999999262393
22.5,982.000001475215
22.5,1146.99998340383
22.3000000067055,1006.00000472739
22.3000000033528,1019.99999936298
22.3999999899417,1000.99999718368
22.300000013411,973.000003755092
22.3,982.999999329448
22.4,1086.0
22.3,1055.99999845773
22.3,1033.00000308454
22.3,1020.00000130758
22.3,1015.00000016764
22.5000000033528,1000.99999969825
22.5999999899417,991.999999798834
22.500000013411,990.000000268221
22.699999986589,1112.99999175221
22.7,1091.0
22.6,1064.0000006035
22.6,1072.99999879301
22.5000000100583,1056.00000170991
22.4000000033528,1025.00000103936
22.2000000033528,1013.9999993965
22.3,995.99999748543
22.3,971.000003352761
22.3999999932945,1005.99999765307
22.4,1107.0
22.200000013411,1021.00000187755
22.3999999731779,1048.99999624491
22.4999999899417,1033.00000160933
22.4000000033528,1004.0000009723
22.6,996.000000368804
22.5999999899417,1007.00000533089
22.500000013411,1059.99999289215
22.699999986589,1064.99999966472
22.6,1028.0
22.599999986589,1022.99999892712
22.4000000268221,1007.00000214577
22.3000000100583,995.000001206994
22.3,1027.99999889359
22.1999999899417,1073.99999872595
21.8999999899417,1035.99999567494
21.800000013411,993.000005766748
21.999999986589,985.000000536442
22.2,1106.0
22.200000013411,1125.9999955073
22.3999999731779,1059.0000089854
22.6999999698251,1062.99999959767
23.099999986589,960.000003453344
23.2000000067055,1003.99999875948
23.4000000301748,967.000008147208
23.6999999597669,1047.99998913706
24.0999999731779,1092.99999698251
23.9,1146.0
23.999999986589,1127.99999678135
23.8000000268221,1080.0000064373
23.6000000201166,1067.00000130758
23.5000000033528,1071.99999983236
23.6000000067055,1007.00000227988
23.8000000402331,1075.00000744313
24.1999999463558,1148.99999007583
24.4999999798834,1179.99999792129
24.6,1145.0
24.2999999932945,1114.99999919534
24.200000013411,1103.00000160933
24.2,1072.00000311807
24.2999999966472,1045.00000090525
24.7999999932945,999.999999362975
24.6000000100583,981.000007946043
24.699999986589,1059.99998940528
25.0999999731779,1074.99999899417
24.6,1052.0
25.0000000067055,1074.99999617785
25.099999986589,1018.00000764429
25.0000000100583,970.000004827977
24.600000013411,876.000003151596
24.9000000033528,880.000000603497
25.0,898.000001106411
25.0,908.999998524785
24.9000000067055,863.000003084541
24.9,788.0
25.3999999664724,744.000007040797
24.9000000670552,848.999985918406
25.0999999798834,745.000010460616
25.499999986589,713.000001072884
25.0000000167638,671.999998725951
25.4999999798834,633.999999396503
25.3000000268221,628.000000804663
25.100000013411,672.999996982515
25.3,689.0
25.0000000067055,804.000001475215
25.099999986589,825.999997049571
25.3999999698251,742.000008448959
25.000000013411,721.00000070408
25.2999999798834,812.000001307577
24.7000000502914,851.000001106411
25.1999999329448,861.999998524785
25.2999999932945,839.00000154227
24.8,711.0
25.1999999597669,722.000008650122
24.6000000804663,850.999982699755
24.7999999798834,868.999998189509
24.9999999932945,869.999999966472
24.4000000234693,926.999998122454
25.0999999597669,870.999990846964
24.7000000536442,780.000012204049
24.899999986589,743.000002481043
24.5,793.0
24.7000000067055,751.999998725951
24.799999986589,733.000002548098
24.8,763.999996881932
24.7000000033528,975.999992892146
24.6999999966472,1050.99999973178
24.6000000100583,1042.99999899417
24.699999986589,1033.0000013411
24.6000000067055,1015.00000120699
24.5,1018.0
24.400000013411,1020.00000033528
24.5999999731779,1024.99999932945
24.6999999899417,1022.00000030175
24.2000000167638,919.000003453344
24.8999999832362,919.00000140816
24.4000000201166,960.999998793006
24.5999999731779,949.000001609325
24.5000000067055,914.000002346933
24.5,935.0
24.3,1005.00000744313
24.3,1115.99998511374
24.2000000100583,1200.99999145046
24.2,1190.0000003688
24.1999999932945,1148.99999879301
24.0000000201166,1113.00000040233
24.1999999731779,1116.99999946356
24.1000000067055,1097.0000013411
24.1,1057.0
24.0,1052.99999932945
24.0,1043.0000013411
23.9000000100583,1034.00000090525
23.7000000067055,1025.00000030175
23.5999999932945,996.0
23.3999999798834,995.999997083098
23.2000000268221,967.000003889202
20.900000154227,725.000016227366
18.7,593.0
18.4999999932945,560.999999329448
18.400000013411,551.000001341104
18.4999999899417,555.999999497086
18.5,561.999999798834
18.4,552.000000033528
18.3999999899417,553.000001106411
18.300000013411,563.999998524785
18.2000000067055,572.999999396503
18.3,575.0
18.2999999932945,569.000001005828
18.200000013411,583.999997988344
18.2999999899417,596.999998692423
18.1000000067055,584.000000435859
18.1999999966472,598.999999865889
18.0999999698252,594.999998390675
17.8000000402331,579.000002145767
17.2000000402331,575.000000268221
16.6,553.0
16.1999999664724,529.999998658896
15.7000000670552,510.000002682208
15.5000000201166,501.000000905246
16.0999999798834,503.999999899417
16.3000000033528,500.000000469387
16.4000000402331,514.000000402331
16.7999999463558,517.999999463558
16.8999999932945,524.999999530613
16.9,531.0
16.9,525.999999798834
16.9,523.000000402331
16.8000000100583,528.999999396503
16.8999999966472,524.000000167638
16.2999999832362,516.999999832362
15.7999999798834,511.999999698252
15.6000000268221,509.000000402331
15.6999999932945,507.00000013411
16.0,513.0
16.4000000536442,506.999998189509
17.1999998927117,480.000003620981
17.5999999597669,497.999998189509
17.999999986589,500.999999899417
18.6000000067055,496.99999986589
18.8000000301748,493.000001307577
19.0999999597669,505.999998256564
19.299999986589,504.000000134111
19.4,506.0
19.3000000201166,504.000000737607
19.5999999597669,514.999998524785
19.3000000301749,513.000000201166
19.0000000100583,528.999999463558
18.9999999932945,499.000000502914
18.7999999899417,514.000001005828
18.700000013411,523.999998658896
18.7999999932945,524.999999932945
18.9,525.0
19.0000000067055,510.000001274049
19.099999986589,528.999997451902
19.3999999698251,560.999996781349
20.3999999664724,722.999994568526
21.2000000167638,807.99999929592
21.7000000402331,787.000018507238
22.0999999463558,970.999975323682
22.4999999731779,1104.9999910146
22.7,965.0
22.9000000067055,976.999992623927
22.999999986589,867.000014752147
23.0999999899417,841.000002615154
23.1999999966472,952.999996244907
23.3000000033528,1064.99999413267
23.4,889.999990243467
23.4,793.000013008711
23.4,798.999999597669
23.3,780.0
23.5000000067055,708.999999597669
23.599999986589,703.000000804663
23.4000000201166,834.999986723065
23.4,868.999998860061
23.5000000033528,945.000006671995
23.5999999899417,1144.00000754371
23.500000013411,1218.99998994172
23.5999999932945,1283.99999564141
23.5,1178.0
23.5000000067055,1091.99999738485
23.599999986589,1053.00000523031
23.6,1029.00000241399
23.6,1011.0000006035
23.7,981.999999564141
23.7000000100583,968.999994467945
23.799999986589,914.000007376073
23.8999999932945,933.999998658895
23.7,934.0
23.9,946.000005632638
23.9,1029.99998873472
24.0999999798834,1190.99998380616
24.0000000033528,1404.99999282509
23.9000000033528,1249.99999715015
24.0,1164.99998662249
24.0,1032.00001783669
24.0,965.0000044927
24.0,974.0
24.1999999932945,959.999996647239
24.100000013411,910.000006705521
24.1,882.00000281632
24.1,941.999997988343
24.1,1192.9999990277
24.1,1163.99997837469
24.1,949.000028833741
23.7000000268221,907.00000281632
23.0,806.0
22.900000013411,872.000001274049
23.0999999731779,890.999997451902
23.0000000100583,884.00000070408
23.2999999899417,871.000000435859
23.2000000033528,862.000001844019
23.3,917.000006638466
23.3,982.999991148712
23.3,1055.99999510497
23.3,1040.0
23.3,1036.99999852479
23.3,1015.00000295043
23.3,985.000003017485
23.3,985.0
23.3,1003.00000261515
23.3,1081.00000160933
23.3,1096.99999785423
23.3,1097.0
23.2,1078.0
23.3,1040.0000019446
23.3,1068.9999961108
23.2000000100583,1027.00000422448
23.2,987.000001341105
22.9999999899417,997.999999564141
22.6999999899417,985.000006537883
22.600000013411,1049.99999128282
22.6,1027.00000154227
22.4,1018.0
22.2999999932945,987.000001609325
22.200000013411,1010.99999678135
22.2999999899417,1075.99999346212
22.1000000067055,1039.00000124052
22.0999999966472,1016.99999936298
22.0,997.999999597669
22.0,994.000000536442
22.0999999932945,979.000001005828
22.0,1076.0
22.1,1019.9999993965
22.1,1011.00000120699
22.1999999899417,982.000002916902
22.1000000033528,999.999999396503
22.0999999966472,1074.99999943003
22.0000000100583,1057.99999889359
22.099999986589,1047.00000147521
22.1,1018.0000019446
22.2,996.0
22.3,998.000001072883
22.3,1013.99999785423
22.3,985.000002916902
22.3,1002.9999993965
22.4000000033528,1068.99999751896
22.5,995.000000905245
22.5,1003.99999879301
22.5999999932945,985.000001274049
22.3,1010.0
22.599999986589,1080.9999955073
22.4000000268221,1014.0000089854
22.6999999698251,1020.99999929592
22.4000000100583,994.000000905246
22.4999999932945,994.999999530613
22.3,981.000005632638
22.3,1036.99999248982
22.5999999798834,1028.0000006035
22.6,1005.0
22.5,983.999999798834
22.5,981.000000402331
22.5999999899417,991.999998893589
22.4000000067055,1080.99999701604
22.4000000033528,1012.99999966472
22.5,1002.99999849126
22.5,988.000002011656
22.5999999932945,1024.99999751896
22.7,1025.0
22.6999999932945,1024.99999758601
22.600000013411,989.000004827975
22.5000000100583,985.000000402331
22.5,1059.99999748543
22.3000000067055,1025.99999986589
22.5000000100583,1021.99999949709
22.599999986589,1017.00000067055
22.6999999932945,987.000002011657
22.7,982.0
22.7999999932945,1104.99999818951
22.700000013411,1078.00000362098
22.7,1026.00000523031
22.7,1040.99999949709
22.7,1005.99999986589
22.6999999899417,1001.99999929592
22.600000013411,995.000000938773
22.400000013411,960.000002346933
22.4,1043.0
22.7000000067055,1080.99999892712
22.799999986589,1065.00000214577
22.7000000100583,1052.00000130758
22.7999999966472,1037.00000050291
23.0000000100583,1011.99999909475
23.2999999899417,984.999998793006
23.200000013411,973.000001609325
23.399999986589,1017.99999698251
23.4,1054.0
23.7000000201166,1138.00000281632
23.9999999597669,1179.99999436736
24.1999999798834,1149.00000311807
24.599999986589,1097.00000174344
24.4000000067055,1043.99999815598
24.6000000301748,988.999999798834
24.8999999597669,987.000000268221
25.1999999798834,911.000005096197
24.5,895.0
24.9000000335276,874.000001139939
25.3999999329448,890.999997720123
24.8000000603497,847.000004425645
24.8,714.000004459173
24.6000000234693,804.999998223036
25.3000000100583,752.000002816319
25.399999986589,779.999996244908
24.9000000335276,767.000000871718
25.1,790.0
25.2999999597669,818.000003620981
24.7000000804663,871.999992758037
24.9999999698251,846.000002615154
24.8000000067055,854.999999698251
24.9,832.999998491257
24.8999999597669,788.000015489754
24.5000000536442,941.999979346995
24.4000000067055,865.000005163253
24.6,836.0
24.5999999798834,905.000000335276
24.3000000402331,909.999999329448
24.2000000100583,850.000006034971
24.2,887.999998725951
24.3,929.000000536442
24.2999999798834,944.999993965031
24.1000000268221,885.000008046625
24.1999999932945,936.999996513128
24.2,1009.0
24.2000000067055,1078.0000006035
24.299999986589,1086.99999879301
24.1000000201166,1049.00000382215
24.1,1011.00000127405
24.2,988.000000905246
24.2,1015.00000834837
24.2,1097.99998886883
24.000000013411,1124.99999818951
23.8,1105.0
23.6000000067055,1057.99999879301
23.699999986589,1040.00000241399
23.5000000201166,1026.00000140816
23.3000000067055,1023.00000010058
23.1999999966472,1029.00000144169
23.1,1071.99999818951
23.1,1054.00000241399
22.900000013411,1042.00000080466
22.9,1036.0
22.9999999932945,1012.99999886006
22.900000013411,996.000002279877
22.9,999.999999597669
22.9,1053.99999818951
23.0,1054.99999983236
22.9999999899417,1049.99999446795
22.900000013411,995.000007376073
22.8000000067055,1005.99999926239
22.9,1089.0
23.0,1128.99999731779
23.0,1089.00000536442
22.9000000100583,1082.00000070408
22.8000000033528,1075.00000023469
22.8999999966472,1052.99999926239
22.7999999899417,1030.99999969825
22.700000013411,1028.00000040233
22.7999999932945,1042.99999899417
22.6,1000.0
22.599999986589,1006.99999959767
22.4000000268221,1001.00000080466
22.1000000301749,993.000000804663
22.3999999899417,983.000000335276
22.6,990.999999195337
22.6,966.999999497086
22.6,962.000000670552
22.2000000268221,950.000000804663
21.6,987.0
21.0999999731779,967.000001408159
20.7000000536442,987.999997183681
20.4000000301749,984.000000402331
20.000000013411,966.000000603497
19.6999999798834,962.999997820705
19.0999999798834,897.999993361534
18.9000000268221,832.000008851288
18.700000013411,785.000003151596
18.3,726.0
18.300000013411,713.999995574356
18.4999999731779,648.000008851288
18.5,704.999994266778
18.5999999966472,709.999999832362
18.5000000033528,698.99999775365
18.6000000100583,632.000007443129
18.699999986589,705.999990075829
18.6000000067055,704.00000013411
18.7,634.0
18.8,640.999999932945
18.8,640.00000013411
18.5000000301749,609.000003118068
18.3000000067055,587.000000737608
18.1,576.999999798834
18.1,570.999997988344
18.1,551.000002682208
18.1,539.000000804663
18.0,541.0
17.8999999932945,517.999999597669
17.800000013411,512.000000804663
17.7000000100583,522.999998893589
17.7,513.000000335276
17.5,509.000000100583
17.4999999698252,512.000000201166
17.2000000402331,513.999999731779
17.2,504.000000670552
17.2,509.0
17.700000013411,514.000000201166
17.8999999731779,516.999999597669
18.0999999798834,510.00000070408
18.1999999966472,511.999999932945
18.5000000033528,518.999999966472
18.6000000301748,518.00000070408
18.8999999597669,524.999999061227
18.8000000067055,527.999999798834
18.8,534.0
18.8,518.000001274049
18.8,536.999997451902
18.7000000100583,580.999995574355
18.7,544.000001240522
18.6,539.000000100583
18.5999999396503,541.999998793006
18.0000000804663,530.000001609325
17.5000000335276,529.000000067055
17.2,513.0
17.2000000402331,510.999997988344
17.7999999195337,481.000004023313
18.9999998793006,484.999999597669
20.3999999530613,495.999999631196
21.3000000167638,526.000004626811
21.8000000603497,663.999997384847
22.3999999195337,638.000003486871
22.7999999731779,655.999998793006
23.3,744.0
23.500000013411,922.000008583067
23.6999999731779,1049.99998283387
23.7999999899417,1072.99999768659
23.8999999966472,1022.00000170991
23.9999999966472,970.999999731779
23.9,963.000001609325
23.9,978.999997854233
23.9,1084.99999289215
23.7,1092.0
23.8,1088.99999872595
23.8,1070.0000025481
23.7000000100583,1073.99999959767
23.7,1071.00000010058
23.6,1044.99999916181
23.6,1019.99999748543
23.6,995.000003352761
23.5000000067055,994.000000067055
23.6,1074.0
23.5,978.000000268221
23.5,981.999999463558
23.4000000100583,971.000001106411
23.4,945.000000871718
23.4000000033528,942.999999664724
23.4999999899417,932.999995876104
23.400000013411,892.000005498527
23.4999999932945,884.000000536442
23.6,880.0
23.7,941.000005900859
23.7,1028.99998819828
23.7999999899417,1077.99999507144
23.8,1130.99999822304
23.8000000033528,1119.99999875948
23.9000000100583,1082.99999808893
23.999999986589,1064.0000025481
24.0,1071.99999946356
24.1,1051.0
24.0000000067055,1048.0000006035
24.099999986589,1056.99999879301
24.0000000100583,1047.00000100583
24.1999999932945,992.000001844019
24.1999999966472,970.999997854233
24.1000000100583,906.999995172025
24.199999986589,859.0000064373
22.9000000871718,797.000004157424
22.9,741.0
22.7999999932945,723.999999731779
22.700000013411,720.000000536442
22.7,866.999985214322
22.8999999932945,956.999996982515
23.0,1031.99999875948
22.9999999899417,994.99999678135
22.900000013411,963.000004291534
23.099999986589,1005.99999711663
23.2,1080.0
23.1,1081.99999778718
23.1,1049.00000442564
23.1,1026.00000231341
23.1,1005.00000070408
23.1999999966472,974.000000502914
23.1,989.000002916902
23.1,1017.9999961108
23.1,1037.9999986589
23.1,1015.0
23.1,1006.99999792129
23.1,976.000004157423
23.1,1000.99999748543
23.1,1111.99999627843
23.1,1108.99999852478
23.1,1064.99999688193
23.1,1034.00000415742
23.1,1032.00000013411
23.1,1003.0
23.1999999932945,994.000001072883
23.100000013411,1009.99999785423
23.0000000100583,1009.00000010058
23.0999999966472,1019.9999996312
22.9000000067055,1020.99999899417
23.0999999899417,990.999996982516
23.000000013411,961.000004023313
23.0,1000.99999731779
23.1,1102.0
23.0,1123.99999664724
23.0,1074.00000670552
23.0,1043.00000311807
22.9000000033528,1023.00000067055
22.6999999932945,1031.9999990277
22.5000000100583,1002.99999839067
22.599999986589,987.000002145767
22.5000000067055,1057.99999523908
22.4,1043.0
22.3999999932945,1027.99999758601
22.300000013411,992.000004827975
22.3,995.999999597669
22.1000000067055,997.999999932945
22.0999999966472,995.000001072884
22.0000000100583,1026.9999970831
22.099999986589,998.000003889202
22.1999999932945,987.000000737607
22.2,1000.0
22.2999999932945,1080.99999704957
22.200000013411,1037.00000590086
22.1000000100583,999.000003822148
22.1999999966472,992.000000234693
22.2000000033528,1004.0000013411
22.3,1044.00000080466
22.3,1051.99999892712
22.3,1025.00000181049
22.3,1022.0
22.6000000067055,996.0
22.699999986589,996.0
22.7,987.000000905246
22.7999999966472,999.999999564141
22.8000000033528,1114.00000087172
22.9,1139.99999124929
22.9,1053.00001166761
22.9,1043.00000067055
22.7,1014.0
22.6,1016.99999979883
22.6,1014.00000040233
22.5000000100583,987.000002715737
22.5,1038.99999825656
22.5,988.00000154227
22.5000000201166,1034.0000006035
22.6999999731779,1039.99999919534
22.7,996.00000295043
22.5,977.0
22.5,1026.00000402331
22.5,1085.99999195337
22.4000000100583,1086.0
22.4999999966472,1046.0000013411
22.4000000067055,1037.99999979883
22.6000000301748,1031.99999627844
22.8999999597669,995.000004962086
23.099999986589,998.999999731779
23.4,998.0
23.4,1054.00000127405
23.4,1072.9999974519
23.4,1069.00000040233
23.4,1034.00000117347
23.7,1009.00000003353
23.7000000100583,1010.00000221282
23.799999986589,1031.99999704957
23.8999999932945,1098.9999955073
24.1,1120.0
24.3,1078.00000013411
24.3,1079.99999973178
24.2000000100583,1028.00000523031
24.2999999966472,1001.00000090525
24.2000000067055,1016.00000043586
24.4,1029.00000402331
24.4,1068.99999463558
24.599999986589,1104.99999758601
24.6,1120.0
24.7,1093.99999557436
24.7,1028.00000885129
24.7,957.000007141382
24.7,872.000002849847
24.7000000033528,933.999998793006
24.8000000301748,897.999998189509
25.0999999597669,880.000002413988
25.0000000067055,876.000000268221
24.8,824.0
24.999999986589,836.000001341104
24.8000000268221,855.999997317792
24.7000000100583,912.999994266778
24.8999999932945,989.999997418374
24.8999999932945,1039.99999932945
24.7,1019.99999426678
24.7,963.000007644294
24.7,920.000002883375
24.6,871.0
24.6,760.999999798834
24.6,758.000000402331
24.8999999698251,890.999986622482
24.7000000067055,895.999999832362
24.6000000067055,946.99999986589
24.7999999899417,943.000005330889
24.700000013411,995.999992892148
24.6000000067055,994.00000013411
24.6,951.0
24.899999986589,893.999993629755
24.7000000268221,799.00001274049
24.7999999899417,790.000000905246
24.8999999966472,803.999999530613
24.6,818.000001743436
24.6000000301748,870.000003620981
24.8999999597669,905.999995172025
25.099999986589,934.999998055398
24.6,1056.0
24.9,952.99999845773
24.9,930.00000308454
24.9,910.000002011657
24.8000000033528,883.000000905246
25.1999999899417,891.000001106411
24.8999999798834,923.999987225982
24.7000000268221,797.000017032024
24.899999986589,818.999998524785
24.9,791.0
24.9,836.999995037914
24.9,763.000009924171
24.5000000402331,840.999992154538
24.6999999932945,884.999998524785
24.6999999966472,904.00000013411
24.6,907.999998390675
24.6,892.000002145767
24.6,939.999996781349
24.4,1042.0
24.4000000067055,1140.99999725074
24.499999986589,1100.00000549853
24.5,1091.00000090525
24.100000013411,1000.00000305101
24.1000000033528,1006.9999984242
24.1999999899417,959.999999396503
24.100000013411,954.000000804663
24.0000000067055,930.000001609326
23.9,945.0
23.8999999932945,922.000003822147
23.800000013411,978.999992355706
23.7000000100583,1049.99999285862
23.7,1052.99999989942
23.5999999966472,1036.00000010058
23.5000000201166,1038.99999808893
23.6999999731779,1020.0000025481
21.8000001274049,780.000016093255
19.7,555.0
18.8999999329448,495.999999195337
17.9000001341104,484.000001609325
17.9,475.000000905246
17.9999999966472,486.999999597669
18.3000000067055,475.000000603497
18.5000000100583,492.999999899417
18.599999986589,492.00000013411
18.5000000067055,494.999999798834
18.1,499.0
17.5999999597669,487.000000536442
17.0000000804663,494.999998927117
17.0,486.000000905246
16.9000000033528,476.000000335276
16.9999999966472,489.999999061227
16.9,462.000002212822
16.9,483.999997049571
16.9,473.000000737608
16.9,482.0
16.8999999932945,485.00000013411
16.800000013411,486.999999731779
16.7000000100583,498.999998793006
16.6000000033528,489.000000335276
16.4999999966472,480.000000201166
16.3999999698252,486.00000070408
16.1000000402331,492.999999061227
16.0000000067055,490.000000201166
15.6,485.0
15.6000000067055,474.000000335276
15.699999986589,478.999999329448
15.4000000301749,481.999999698251
15.4999999966472,477.000000167638
15.3999999932945,469.999999798834
15.2,464.00000070408
15.2,470.999999061227
15.2999999932945,483.999999128282
15.6,462.0
16.3000000871718,472.999999061227
17.5999998256565,459.000001877546
18.299999929592,463.999999497086
18.4999999932945,460.00000013411
19.0000000067055,474.999999832362
19.2000000502914,470.000000905245
19.6999999329448,478.999998793006
19.9999999798834,484.999999597669
20.1,482.0
20.2000000067055,471.000001408159
20.299999986589,491.999997183681
20.2000000100583,488.000000402331
20.2,495.999999731779
20.1999999932945,498.000000301749
20.0,506.999999899417
20.0,506.00000013411
19.9000000067055,510.999999664724
19.6,509.0
19.3999999932945,501.000000335276
19.300000013411,505.999999329448
19.999999929592,484.000002212823
20.7999999731779,536.999998223037
21.300000013411,493.000000469387
21.7000000201166,506.999999497086
21.8999999731779,502.000000670552
22.3999999664724,531.999997988343
22.5,782.0
22.700000013411,738.999994166197
22.8999999731779,652.000011667607
23.0999999798834,855.9999794811
23.2499999949709,880.499999178573
23.3999999966472,904.999996647239
23.3000000301748,805.000003620981
23.5999999597669,840.999995172025
23.5000000067055,860.999998658895
23.5,956.0
23.5,1061.00000482798
23.5,1132.99999034405
23.5,1191.99999406561
23.5,1210.99999936298
23.5,1238.9999990277
23.4999999899417,1210.00000120699
23.400000013411,1221.99999839067
23.4999999932945,1200.00000147522
23.4,1154.0
23.4000000067055,1185.99999637902
23.499999986589,1132.00000724196
23.5,1109.00000231341
23.3000000067055,1110.99999993294
23.5,1070.00000056997
23.4999999899417,1086.99999607727
23.400000013411,1048.00000523031
23.4999999932945,1055.99999946356
23.5,1040.0
23.6,1031.9999986589
23.6,1012.00000268221
23.7999999798834,1014.99999969825
23.8,1015.0
23.8,999.999999195337
23.8000000100583,976.000001408159
23.899999986589,989.999998122454
23.9,997.999999463558
23.9,1031.0
24.0,1055.00000100583
24.0,1069.99999798834
24.0,1056.00000140816
24.1999999932945,1043.00000043586
24.2999999966472,1015.99999886006
24.1999999798834,982.000000804662
24.0000000268221,989.999998927117
23.4000000402331,950.000002682209
23.3,949.0
23.2,942.999997317792
23.2,903.000005364417
23.1000000100583,908.999999396503
23.1,1052.99999517202
23.0999999966472,1083.99999912828
23.0000000100583,1057.99999476969
23.099999986589,1006.00000697374
23.1,1006.99999993294
22.9,987.0
22.9999999932945,1096.99999979883
22.900000013411,1094.00000040233
22.9,1028.00000663847
22.9,1015.00000043586
22.9999999966472,1032.99999792129
22.9,971.000001810491
22.9,988.999997586012
22.9,1022.99999772012
22.9,1122.0
23.0000000067055,1076.99999711663
23.099999986589,1034.00000576675
23.1999999899417,1022.00000120699
23.2,1009.00000043586
23.1000000033528,988.999999362975
23.1999999899417,970.000001307577
23.100000013411,982.999998256564
23.1,1103.99999188632
23.1,1141.0
23.1999999932945,1059.99999792129
23.100000013411,1029.00000415742
23.1,1040.99999879301
23.1,1030.0000003688
23.1999999966472,1004.0000003688
23.1,1014.99999778718
23.1,993.000002950429
22.900000013411,1011.99999872595
22.9,1021.0
22.7999999932945,976.000002212822
22.700000013411,1008.99999557436
22.6000000100583,1166.99998410791
22.6999999966472,1072.00000318512
22.5,1042.99999966472
22.4999999798834,1032.99999979883
22.3000000268221,1031.00000026822
22.3999999932945,998.000002212823
22.4,982.0
22.3999999932945,1017.99999818951
22.300000013411,991.000003620981
22.3,965.000002615154
22.3999999966472,1090.99999577552
22.4,1060.99999872595
22.3999999899417,1022.99999829009
22.300000013411,1006.00000227988
22.3999999932945,995.000000737607
22.4,985.0
22.3000000067055,1050.99999718368
22.399999986589,1009.00000563264
22.4999999899417,1007.00000020117
22.4000000033528,978.000000972301
22.5,1120.99999772012
22.4999999899417,1052.9999958761
22.400000013411,1012.00000549853
22.4,1021.99999932945
22.3,985.0
22.4,1008.99999926239
22.4,998.000001475215
22.4,969.000002916903
22.4,1051.99999721721
22.4000000033528,1021.99999855831
22.4999999899417,979.000008650122
22.400000013411,1064.9999884665
22.4,1013.00000348687
22.4,1037.0
22.2000000067055,1016.99999959767
22.299999986589,1011.00000080466
22.3999999899417,1025.99999849126
22.3000000033528,1021.00000016764
22.4,987.000002413988
22.4000000100583,1058.99999748543
22.499999986589,1034.00000335276
22.5999999932945,1020.00000093877
22.6,1018.0
22.6,1016.99999785423
22.6,985.000004291534
22.5000000100583,995.999998893589
22.3000000067055,1036.99999862537
22.2000000033528,998.999999731779
22.2999999899417,991.000002916902
22.200000013411,1019.9999961108
22.2,1076.99999617785
22.2,1043.0
22.2000000067055,1036.0
22.299999986589,1036.0
22.4999999798834,1030.0000006035
22.3000000067055,1000.00000100583
22.5999999966472,1037.00000147522
22.5000000100583,1081.00000261515
22.599999986589,1106.99999651313
22.6,1072.00000234693
22.6,1072.0
22.8,1055.99999879301
22.8,1038.00000241399
22.7000000100583,1026.00000120699
22.8999999932945,1012.00000046939
22.7000000067055,1007.00000355393
22.9000000201166,1113.00000492856
23.0999999731779,1161.99999342859
23.1999999932945,1144.00000120699
23.3,1129.0
23.3000000067055,1114.99999899417
23.399999986589,1100.00000201166
23.3000000100583,1048.00000523031
23.3999999966472,1062.99999949709
23.4000000100583,1038.99999899417
23.7,1008.9999964796
23.7,974.000004693865
23.899999986589,1008.99999765307
24.1,1075.0
24.200000013411,1109.00000274926
24.3999999731779,1149.99999450147
24.4999999899417,1111.00000392273
24.5999999966472,1087.00000080466
24.6000000100583,1080.99999872595
24.9,1042.99999859184
24.9,1029.00000187755
24.8000000067055,1058.99999798834
24.7,1108.0
24.4999999932945,1127.00000221282
24.400000013411,1159.99999557436
24.4,1162.99999969825
24.4,1139.00000080466
24.3999999966472,1124.99999906123
24.3000000301748,1096.99999879301
24.5999999597669,1085.00000160933
24.799999986589,1054.00000207871
24.4,937.0
24.6000000201166,927.999999195337
24.8999999597669,916.000001609325
24.7000000201166,934.999998088926
24.9999999899417,945.999999631196
25.1,928.999997787177
25.1,862.999994568528
25.1,809.000007241963
24.900000013411,714.000006370247
25.0,705.0
24.7,790.99999986589
24.7,789.000000268221
24.8999999798834,803.999998491257
24.9,788.000000536442
24.6,726.000000201166
24.6,732.000010862944
24.6,839.999985516074
24.400000013411,895.999996244907
24.5,901.0
24.5,858.999999195338
24.5,847.000001609325
24.4000000100583,850.999999597669
24.3000000033528,801.000001676381
24.3999999932945,826.99999718368
24.2,743.000004224478
24.2,784.999994367362
24.1000000067055,880.999993562698
24.0,990.0
24.100000013411,1097.00000663847
24.2999999731779,1195.99998672307
24.3,1130.00000663847
24.2000000033528,1087.00000144169
24.1,1037.9999996312
24.0999999899417,1027.00000010058
24.000000013411,1027.99999986589
23.9000000067055,996.000002145767
23.9,995.0
23.7999999932945,975.99999832362
23.700000013411,951.000003352761
23.6000000100583,926.000002514571
23.4000000067055,967.99999859184
23.4999999966472,941.999999664724
23.4,932.000000301748
23.4,934.999999597669
22.8000000402331,944.999999329448
22.3,948.0
21.6999999664724,941.999998793006
21.2000000670552,924.000002413988
19.9000001307577,830.000009454787
18.8000000368804,678.000005096197
18.1999999832362,596.99999916181
17.7,571.999996379019
17.7,536.000004827975
18.0999999731779,546.999999262393
18.2,558.0
18.399999986589,555.00000154227
18.2000000268221,577.99999691546
18.2999999899417,578.0
18.2000000033528,567.000000368804
18.0999999932945,563.999998893589
17.8999999597669,530.999999094755
17.5000000536442,522.000001206994
17.5,529.999999463558
17.4,535.0
17.0000000067055,522.999999463558
17.099999986589,515.000001072883
17.1,515.0
17.0000000033528,514.000000033528
16.7,519.000000201166
16.6999999698252,524.999997586012
16.4000000402331,501.00000321865
16.599999986589,508.999999463558
16.2,496.0
16.299999986589,513.999998927117
16.1000000268221,498.000002145767
16.1999999899417,492.000000603497
16.2999999966472,505.999999530613
16.0999999932945,512.000000067055
15.8999999899417,513.999999195338
15.800000013411,506.000001072883
15.8,523.999998793006
15.8,512.0
16.8000000469386,520.999999396503
17.4999999061227,512.000001206994
18.0999999396503,513.999999798834
18.5999999832362,512.000000067055
19.4000000100583,498.000000502914
19.700000070408,512.999999798834
20.3999999061227,511.000000268221
20.4999999932945,509.00000013411
20.6,519.0
20.7000000067055,525.000000067055
20.799999986589,525.99999986589
20.8,514.000001206994
20.8,541.999999061227
20.7,536.0
20.7,536.000001408159
20.7,549.999998122454
20.500000013411,541.000000603497
20.4,558.0
20.2000000335276,548.000001274049
20.6999999329448,566.999997451902
21.399999929592,601.9999964796
21.9999999798834,578.000000804663
22.3,570.999999195337
22.3000000201166,546.999998994172
22.4999999731779,537.000001341104
22.8999999731779,507.000002011657
23.2,501.0
23.300000013411,509.000004962086
23.4999999731779,582.999990075829
23.5,735.999984610825
23.5499999983236,856.499995959922
23.5999999966472,976.999995172024
23.5,833.000009756533
23.5,929.999986991289
23.5,992.999995775521
23.6,1083.0
23.6,1064.00000261515
23.6,1102.99999476969
23.6,1113.99999889359
23.6,1096.0000006035
23.5999999966472,1107.99999956414
23.5000000201166,1094.99999698252
23.6999999731779,1065.00000402331
23.7,1052.00000087172
23.6,1045.0
23.7,1025.99999906123
23.7,1012.00000187755
23.6000000100583,968.000004425645
23.6999999966472,975.999999731779
23.6,962.999999798834
23.6,956.999995775522
23.6,915.000005632638
23.6999999932945,913.00000013411
23.6,923.0
23.7,929.000003352761
23.7,978.999993294479
23.6000000100583,1019.9999958761
23.6999999966472,1065.99999845773
23.7999999966472,1124.00000090525
23.6999999899417,1151.0000023134
23.600000013411,1173.99999691546
23.6999999932945,1162.00000080466
23.7,1163.0
23.8,1134.99999825656
23.8,1109.00000348687
23.8,1121.99999869242
23.8,1118.00000013411
23.8,1085.99999909475
23.8000000100583,1059.00000010058
23.899999986589,1059.99999986589
23.1000000536442,1037.00000154227
23.0,1033.0
22.899999986589,1038.99999852479
22.7000000268221,1017.00000295043
22.7,990.000002715737
22.7999999966472,1006.99999943003
22.7999999932945,1011.99999879301
22.6,976.00000392273
22.6,1014.99999476969
22.400000013411,1025.99999926239
22.4,1007.0
22.2999999932945,982.000003352761
22.200000013411,1031.99999329448
22.2999999899417,981.000005129725
22.3,1065.99999715015
22.0999999966472,1048.99999892712
22.0000000100583,1016.99999778718
22.099999986589,995.000002950429
22.1,1009.99999899417
22.2,1010.0
22.2,974.000005766748
22.2,1059.9999884665
22.2,1091.99999678135
22.2,1050.00000140816
22.2,1040.99999808893
22.1999999798834,984.000000100583
22.0000000268221,984.99999986589
22.199999986589,971.000000938773
22.0,1091.0
22.0,1049.9999980554
22.0,1021.0000038892
22.0999999899417,1011.00000100583
22.1999999966472,982.000000972301
22.1000000033528,1058.9999980554
22.2000000201166,1000.99999899417
22.3999999731779,991.000001341104
22.200000013411,1016.99999825656
22.3,1017.0
22.1000000268221,980.000002481043
22.4999999463558,1016.99999503791
22.5999999899417,1006.00000110641
22.6,1011.99999979883
22.8000000033528,1020.00000073761
22.9000000100583,1041.99999949709
22.999999986589,1037.00000067055
23.0,996.000002749264
23.2,988.0
22.799999986589,976.999999195337
22.6000000268221,965.000001609325
22.5000000100583,971.99999929592
22.6999999932945,927.000001508743
22.3000000033528,988.999999262393
22.3999999899417,967.000002615153
22.300000013411,992.999996513129
22.3999999932945,978.000001005828
22.4,1041.0
22.2999999932945,994.999998860061
22.200000013411,978.000002279877
22.2999999899417,991.99999859184
22.2000000033528,1161.99999430031
22.3,1044.00000033528
22.3,1053.9999993965
22.3,1048.00000080466
22.3999999932945,1025.00000154227
22.4,1015.0
22.4000000201166,1017.99999812245
22.6999999597669,990.000003755092
22.7,1126.99998622015
22.6000000033528,1007.00000402331
22.4999999932945,1009.99999879301
22.3,974.000001307577
22.3,986.999998256564
22.499999986589,1102.99999222159
22.5,1020.0
22.5000000067055,1011.99999986589
22.599999986589,1010.00000026822
22.6,990.000002011657
22.6,1025.99999879301
22.7,1011.99999959767
22.7,999.999999195338
22.7,992.000001072883
22.7,1051.99999597669
22.8,1043.0
22.8999999932945,1024.99999852479
22.800000013411,1003.00000295043
22.8,1010.99999919534
22.8999999966472,962.000001642853
22.9,1034.00000073761
22.8999999899417,1055.99999527261
22.800000013411,1009.00000630319
22.8,1002.00000046939
22.6,1065.0
22.699999986589,1105.00000040233
22.5000000268221,1110.99999919534
22.4000000100583,1043.00000683963
22.6999999899417,1033.00000033528
23.2000000033528,996.000001475215
23.3000000301748,1040.00000070408
23.5999999597669,1046.99999906123
24.0999999664724,1021.00000174344
24.7,1030.0
25.3000000201166,1137.99999731779
25.5999999597669,1098.00000536442
25.7999999798834,1065.00000331923
26.0999999899417,981.00000281632
25.5000000067055,968.000000737607
25.6999999597669,989.999993763865
25.3000000536442,928.000008314846
25.6999999731779,906.000001475215
25.6,753.0
25.6000000268221,732.999998189509
25.9999999463558,706.000003620981
25.2000000804663,758.999994669109
25.7999999798834,738.00000070408
25.5000000033528,723.00000140816
25.6,765.000005029141
25.6,814.999993294479
25.8999999798834,904.999993965029
25.8,884.0
25.6999999932945,763.000000402331
25.600000013411,768.999999195337
24.7000000905246,779.999998893589
24.8999999932945,763.00000056997
24.6,700.999999396503
24.6,683.000009153036
24.6,773.999987795951
24.5000000067055,876.999993093311
24.8,841.0
24.8999999798834,764.999999530614
24.6000000402331,758.000000938773
24.9999999597669,853.999990344047
24.600000013411,894.999998625368
24.4999999966472,829.000002782792
24.3999999899417,911.999997284264
24.300000013411,885.000003620981
24.100000013411,913.999998055398
24.3,967.0
24.1000000067055,901.000005029141
24.199999986589,975.999989941718
24.2999999899417,963.000001307577
24.2000000033528,957.000000201166
24.1,1037.99999889359
24.1,1005.00000100583
24.1,1014.9999986589
24.1999999932945,996.000001274049
24.2,985.0
24.199999986589,943.000008650122
24.0000000268221,1071.99998269976
24.0,1045.00000271574
24.1999999932945,1015.00000100583
24.1999999966472,995.999998893589
24.0999999698252,963.000009253619
23.8000000402331,1054.99998766184
23.8,1014.00000274926
23.6,977.0
23.499999986589,994.999999463558
23.3000000268221,987.000001072883
23.1000000201166,1009.99999768659
22.9000000067055,974.000001206994
22.8999999899417,987.999999664724
22.6,978.000000905245
22.6,986.999998793006
22.6,948.000002615154
22.3,989.0
22.199999986589,956.999999396503
22.0000000268221,948.000001206994
21.6000000402331,948.999999899417
21.3000000100583,943.000000201166
20.9999999798834,944.999998088926
20.3999999698252,887.999989941718
20.1000000402331,788.000013411042
19.7000000268221,786.00000013411
19.3,708.0
18.999999986589,678.999998256565
18.8000000268221,653.000003486871
18.5000000301749,618.000003520399
17.9000000201166,588.000001005828
17.6999999932945,559.999999932945
17.4999999698252,557.999998189509
17.2000000402331,540.000002413988
17.2,540.999999932945
17.1,524.0
17.099999986589,528.999999195337
16.9000000268221,517.000001609325
16.7000000201166,513.000000402331
16.4000000100583,518.999999798834
16.3999999932945,517.999999765307
16.1999999899417,510.999999597669
16.100000013411,507.000000536442
15.8000000201166,498.000000603497
15.4,504.0
15.399999986589,491.000000469386
15.2000000268221,497.999999061227
15.0000000201166,487.000001106411
14.8000000067055,487.0
14.8000000067055,491.999999597669
15.0000000502914,479.999999497086
15.4999999329448,475.000000670552
15.9999999664724,497.99999845773
16.4,484.0
16.2000000268221,492.000000402331
16.5999999463558,497.999999195337
16.7999999798834,496.000000201166
16.8999999966472,484.000000402331
16.7000000033528,491.999999966472
16.7999999798834,491.0
16.6000000268221,491.0
16.799999986589,496.999999597669
16.7,501.0
16.5,488.000000536442
16.5,495.999998927117
16.5,484.000001206994
16.5,488.999999832362
16.0999999966472,489.999999564141
16.0000000201166,476.999999899417
16.1999999731779,476.00000013411
16.2,501.999998256564
16.9,481.0
17.7000000268221,484.999999798834
18.0999999463558,482.000000402331
17.9000000201166,484.999999698251
18.4999999798834,481.00000013411
18.8000000167638,475.000000670552
19.3000000201166,495.0
19.4999999731779,495.0
19.5999999932945,492.000000201166
19.6,515.0
19.8,506.000000603497
19.8,514.999998793006
19.7000000100583,500.000001508743
19.7,508.999999698251
19.5,507.000000335276
19.4999999597669,517.000000804662
19.1000000536442,524.999998927117
18.6000000335276,500.000001676381
18.1,509.0
18.5000000603497,508.999999262393
19.3999998793006,498.000001475215
20.2999999094754,491.00000070408
21.0999999731779,577.999997083098
21.7000000100583,541.999999228865
22.0000000402331,519.000002615153
22.3999999463558,544.999996513129
22.599999986589,683.999990679323
23.2,802.0
23.300000013411,865.000010997055
23.4999999731779,1028.99997800589
23.5,845.000018507243
23.5,932.499997066334
23.5000000033528,1019.99999926239
23.6,998.000002715736
23.6,1024.99999637902
23.6,1015.00000067055
23.5,1032.0
23.4000000067055,1020.99999812245
23.499999986589,993.000003755092
23.4000000100583,1024.99999678135
23.4,1010.00000050291
23.3,965.000002581626
23.3,1042.00000985712
23.3,1139.99998685718
23.3,1107.00000221282
23.3,1049.0
23.1000000067055,1041.99999926239
23.199999986589,1031.00000147521
23.3999999798834,1000.00000311807
23.3000000033528,996.00000013411
23.2000000033528,979.999999228865
23.3,957.000000301749
23.3,959.999999597669
23.3,935.000001676381
23.2,946.0
23.3999999932945,984.999999932945
23.300000013411,984.00000013411
23.3999999899417,1043.99999396503
23.3000000033528,1076.99999889359
23.4,1131.9999993965
23.3999999899417,1113.99999839068
23.300000013411,1098.00000214577
23.3,1124.99999818951
23.4,1098.0
23.4999999932945,1087.99999792129
23.400000013411,1057.00000415742
23.4999999899417,1038.00000191107
23.5999999966472,1041.99999986589
23.7000000033528,1025.99999886006
23.8000000100583,991.99999929592
23.899999986589,985.000000938773
23.5000000268221,1045.99999590963
23.4,1017.0
23.3,981.999999798834
23.3,979.000000402331
23.1000000201166,1130.99998471141
23.1999999966472,1129.00000006706
23.3,1079.9999984242
23.2999999899417,1033.00000160933
23.200000013411,1048.99999785423
23.1000000067055,1021.00000187755
23.1,1020.0
23.0000000067055,999.999999396503
23.099999986589,991.000001206994
23.0000000100583,997.99999929592
22.9000000033528,981.00000056997
22.9,1080.00000442565
22.8999999899417,1211.99998813123
22.800000013411,1094.00001582503
22.7000000067055,1070.00000160933
22.6,1061.0
22.4999999932945,1047.99999986589
22.400000013411,1046.00000026822
22.3000000100583,1034.00000120699
22.3999999966472,1006.00000093877
22.1,982.000002481044
22.1,1055.9999958761
22.1,1015.00000549853
22.1,1012.00000020117
22.0,984.0
21.9,1000.00000187755
21.9,1027.99999624491
21.8000000100583,985.000004325062
21.8,968.000000569969
21.8,1096.99999788776
21.8,1033.99999808893
21.8,1015.0000025481
21.8,1016.99999986589
21.9,990.0
21.900000013411,945.000008314846
22.0999999731779,1068.99998337031
22.2999999798834,1121.99999466911
22.3,1028.0000031516
22.4,1036.00000010058
22.4000000201166,1038.99999557436
22.5999999731779,995.000005900859
22.6,1010.99999892712
22.7,1010.0
22.8,991.999999664724
22.8,987.000000670552
22.8,978.000000905246
22.8999999966472,1044.99999775365
22.9999999966472,1148.99999731779
22.8999999698252,1068.99999979883
22.6000000402331,1067.00000026822
22.400000013411,1053.00000093877
22.3,1037.0
22.2999999798834,1037.00000040233
22.0000000402331,1042.99999919534
22.2999999698251,1006.00000372157
22.1000000067055,1025.99999932945
22.0999999966472,977.000000536442
21.9999999899417,993.000001609325
21.900000013411,1008.99999785423
21.9999999932945,978.000002078712
22.1,1005.0
22.300000013411,1149.99999202043
22.4999999731779,1031.00001595914
22.5,1033.99999969825
22.5,1026.00000026822
22.5000000033528,1011.99999896064
22.6,980.999998994172
22.6,971.000001341104
22.6,1004.99999772012
22.6,1138.0
22.7000000067055,1108.0000013411
22.799999986589,1127.99999731779
22.8999999899417,1105.00000231341
22.8000000033528,1100.00000016764
22.6,1088.9999996312
22.5999999698252,1077.99999969825
22.3000000402331,1075.00000040233
21.9000000268221,1032.00000288337
21.9,1021.0
22.0000000268221,1006.00000020117
22.3999999463558,1008.99999959767
22.6999999698251,1113.9999894388
22.9999999899417,1093.00000070408
23.200000013411,1046.99999875948
23.6000000301748,1010.0
23.8999999597669,1010.0
24.1999999798834,1063.99999637902
24.5,1105.0
24.9,1131.99999637902
24.9,1078.00000724196
24.9,1028.00000502914
25.0999999932945,984.000001475215
25.099999986589,986.999996177852
24.7000000402331,872.999993059786
25.0999999463558,804.000009253619
25.1999999932945,738.000004425645
25.1,700.0
24.9000000268221,701.000001743436
25.2999999463558,726.999996513129
24.7000000603497,760.999996580183
25.4999999731779,812.999998256564
25.2,705.000003051013
25.2000000301748,795.999995272608
25.4999999597669,749.00000630319
25.1000000268221,774.999998256564
25.8,739.0
25.1000000402331,710.999999664724
25.6999999195337,706.000000670552
25.3000000402331,710.999999497086
25.3999999966472,708.000000100583
25.6999999932945,771.99999788776
25.4999999899417,708.999998994172
25.400000013411,699.000001341104
25.4,677.000001475215
25.5,724.0
25.9999999597669,665.999998658896
25.4000000804663,646.000002682208
25.7999999597669,658.999998692423
25.400000013411,676.999999396503
25.8999999932945,675.999999027699
25.6999999597669,647.000001206994
25.3000000536442,658.999998390675
25.9999999530613,648.000000737607
25.3,653.0
25.8999999664724,619.000001206994
25.4000000670552,636.999997586012
25.7999999597669,643.99999929592
25.3000000167638,689.99999845773
25.8,688.999996982515
25.7999999396503,599.000000402331
25.2000000804663,602.999999463558
25.6999999664724,615.999999128282
25.6,596.0
25.3000000335276,707.9999935627
25.7999999329448,612.000012874601
25.2000000603497,641.999996982515
25.7999999798834,599.000001441687
25.300000013411,661.000000536442
25.7,676.999995574356
25.7,633.000005900859
25.2000000335276,683.999996580183
25.8,625.0
25.1000000469387,598.999998390675
25.7999999061227,575.00000321865
25.2000000603497,662.99999114871
25.4999999899417,656.000000234693
25.499999986589,711.000000067055
25.1000000100583,712.999993663283
25.199999986589,650.000008448957
25.4999999798834,635.000001005828
24.9,625.0
24.8000000268221,600.000000737607
25.1999999463558,610.999998524785
24.8000000402331,762.999984711408
24.7000000033528,719.000001475215
24.9999999899417,712.000005129725
24.7,864.999992456289
24.7,790.000010058282
24.899999986589,763.000001810491
24.4,741.0
24.6,776.999999664724
24.6,772.000000670552
24.5000000100583,781.999998994172
24.5,856.999997485429
24.4999999932945,968.000004056841
24.3,1089.00000563264
24.3,1144.99999248982
24.2000000067055,1105.00000268221
24.1,1087.0
23.899999986589,1092.99999973178
23.7000000268221,1089.00000053644
23.7,1074.00000150874
23.4000000100583,1059.00000050291
23.3999999932945,1052.00000026822
23.1999998088926,1059.99997233973
21.3000002548098,785.000036880366
19.3000001341105,617.000011265279
18.6,573.0
18.500000013411,544.000000469386
18.6999999731779,550.999999061227
18.7,555.999999497086
18.6000000033528,561.999999798834
18.699999986589,564.000000536442
18.2999999899417,579.999998893589
18.200000013411,569.000001475215
18.2,567.00000013411
17.9,566.0
17.1999999798834,552.999999664724
16.9000000402331,548.000000670552
16.9,559.999998793006
16.4000000167638,551.000000301749
16.0999999899417,527.999999463558
15.8000000100583,511.999999698252
15.899999986589,509.000000402331
15.8000000067055,513.999999664724
15.9,506.0
16.0,507.0
16.0,507.0
16.0,507.0
15.8000000067055,501.000000201166
15.9,501.0
15.9,501.000000804663
15.9,508.999998927117
15.8000000067055,516.999999463558
15.6,501.0
15.5999999932945,517.999998994172
15.500000013411,503.000002011656
15.5,501.000000201166
15.5,513.999999564141
15.4000000033528,509.000000067055
15.5,510.999999798834
15.5,509.000000268221
15.5999999932945,511.999999798834
16.1,491.0
16.8000000201166,514.999999798834
17.0999999597669,512.000000402331
17.3999999698251,513.999999798834
17.6999999899417,511.000000100583
18.1000000067055,502.999999631196
18.3000000201166,492.000001508742
18.4999999731779,506.999997988344
18.5999999932945,506.000000067055
18.7,524.0
18.8,517.000000469387
18.8,523.999999061227
18.7000000100583,520.000000402331
18.7,533.999999530613
18.5,540.000000033528
18.4999999899417,540.999999798834
18.400000013411,539.000000268221
17.9000000335276,539.999999932945
17.3,525.0
17.5000000469386,524.999999463558
18.1999999061227,517.000001072883
19.2999998893589,507.000001005828
20.1999999698251,552.99999845773
20.7000000167638,557.999999798834
21.2000000301748,551.999998893589
21.4999999597669,541.000001475215
21.699999986589,657.999992154538
22.2,776.0
22.4000000067055,858.000009253619
22.499999986589,995.999981492762
22.6999999798834,1042.99999527261
22.7999999966472,1078.49999880977
22.9000000033528,1113.99999899417
22.9999999899417,1083.99999316037
22.900000013411,1016.00000911951
22.9,1014.00000013411
22.8,993.0
22.7,993.000004425644
22.7,1058.99999114871
22.7,1044.00000150874
22.6000000033528,1003.00000137463
22.5,998.000000804663
22.4999999798834,1021.99999808893
22.3000000268221,1003.0000025481
22.2000000067055,917.00000576675
22.2,1012.0
22.3,1110.99999537319
22.3,1042.00000925362
22.2000000100583,1013.0000029169
22.2,1017.99999983236
22.1000000033528,946.000000033528
22.2,947.00000321865
22.2,978.999995708466
22.1000000067055,915.000004291535
22.1,958.0
22.1,989.000006906687
22.1,1091.99998618663
22.1,1064.00000281632
22.1,1066.99999989942
22.1,1038.99999936298
22.1,1020.00000030175
22.1,1022.99999959767
22.1,974.000003285706
22.1,993.0
22.0999999932945,1016.00000154227
22.000000013411,1038.99999691546
22.0999999899417,1042.99999959767
22.1,1073.99999896064
22.1,1055.99999989942
22.1000000100583,1053.00000160933
22.199999986589,1068.99999785423
22.000000013411,1013.00000375509
22.1,1001.0
22.1000000067055,989.0
22.199999986589,989.0
22.2,971.000001810491
22.2,956.000000502914
22.2,1145.00000080466
22.2,1169.00000170991
22.2,1185.99999772012
22.2,1163.00000154227
22.2,1162.0
22.2000000067055,1144.99999946356
22.299999986589,1137.00000107288
22.3,1122.00000150874
22.3,1108.00000046939
22.3000000067055,1084.99999936298
22.4999999899417,1065.99999869242
22.400000013411,1053.00000174344
22.4,1038.00000100583
22.5,1015.0
22.5999999932945,956.000001005828
22.500000013411,970.999997988344
22.5999999899417,982.999998793006
22.6999999966472,995.999999564141
22.6,1025.0000019446
22.6000000100583,1083.00000221282
22.699999986589,1104.99999704957
22.6000000067055,1110.99999959767
22.6,1083.0
22.6000000067055,1054.00000033528
22.699999986589,1058.99999932945
22.6000000100583,1058.00000010058
22.5000000033528,1015.00000144169
22.5000000067055,980.999998122454
22.6999999798834,925.000006839632
22.5000000268221,992.999990880491
22.5,1014.99999852478
22.4,1052.0
22.300000013411,1091.99999959767
22.4999999731779,1086.00000080466
22.4000000100583,1065.00000211224
22.4999999966472,1069.99999983236
22.4,1025.00000030175
22.4000000100583,1033.99999829009
22.499999986589,1017.00000227988
22.5,998.000001274049
22.4,1001.0
22.5000000067055,1003.9999986589
22.599999986589,984.000002682208
22.6,1019.99999637902
22.6,1079.99999798834
22.5999999966472,1077.99999912828
22.5000000100583,1052.00000170991
22.599999986589,1068.99999772012
22.6,1050.00000127405
22.5,1026.0
22.6999999932945,996.00000140816
22.600000013411,1016.99999718368
22.6999999899417,990.000002715737
22.6000000033528,995.999999798834
22.5000000067055,1000.00000056997
22.6999999899417,1016.99999989942
22.600000013411,1016.00000013411
22.6,1044.9999980554
22.6,1020.0
22.6,982.999996244908
22.6,927.000007510184
22.5000000100583,1048.99998772889
22.5999999966472,1039.00000033528
22.5000000033528,1063.99999966472
22.5999999798834,1054.00000020117
22.4000000268221,1055.99999973178
22.4,1045.00000073761
22.4,1022.0
22.400000013411,1000.99999926239
22.5999999731779,990.000001475215
22.6,1004.99999849126
22.4000000067055,1054.99999832362
22.2999999966472,938.000002011657
22.1999999698252,998.000001508742
21.9000000402331,1012.99999798834
21.4000000335276,1001.00000080466
21.6,1007.0
21.800000013411,1042.00000046939
21.9999999731779,1048.99999906123
22.1999999798834,1016.00000331923
22.3999999932945,1007.00000030175
22.7000000067055,1084.9999990277
22.9000000100583,1055.99999758601
22.999999986589,1032.00000321865
23.2999999798834,1018.00000093877
23.6,1142.0
23.9000000067055,1079.99999570847
23.999999986589,1016.00000858307
24.2999999698251,1019.99999959767
24.3999999966472,1020.99999996647
24.7000000100583,1163.00000227988
25.0000000201166,1230.99998893589
25.1999999731779,1121.00001475215
25.2,1072.00000328571
25.0,974.0
25.1000000268221,985.000005297362
25.4999999463558,1063.99998940528
24.9000000603497,843.000022228809
25.6999999731779,818.00000083819
24.9000000268221,824.999998793006
25.6999999396503,789.000000301749
25.1000000804663,791.999999597669
25.5999999664724,796.999999664724
25.1,841.0
26.0999999329448,812.999993294479
25.1000001341104,713.000013411042
25.799999929592,692.00000211224
25.2000000201166,754.99999788776
26.1999999631196,782.999997418374
25.1000000905245,706.000001307577
25.9999998793006,718.999998256564
25.2000000536442,733.999998994172
26.1,699.0
25.0000000603497,640.999996379019
25.8999998793006,587.000007241963
25.200000070408,594.999999195337
25.8999999765307,599.999999832362
25.500000013411,674.999999228865
25.8999999899417,652.000007040797
25.800000013411,721.99999061227
25.3000000335276,677.000003017485
25.9,682.0
25.6000000335276,663.000003822147
26.0999999329448,719.999992355706
24.6000001508743,695.000002514571
25.7999999597669,714.999999329448
25.7999999899417,711.000000469387
25.5000000301748,725.000003319233
25.7999999597669,757.999995574356
25.3000000335276,725.000002212823
26.1,695.0
25.1000000536442,743.999996848405
25.8999998927117,697.00000630319
25.7000000201166,695.000000201166
25.7,656.000001307577
25.5999999966472,707.999998658895
25.5000000301748,668.000002715736
25.7999999597669,694.999996379019
25.0000000536442,656.000002615154
25.5,736.0
25.4,765.999999463558
25.4,758.000001072883
25.8999999497086,782.999997485429
24.9000000335276,708.000002514571
25.7999999765307,748.999998826534
25.100000070408,714.000007644294
25.7999999061227,789.999989807608
24.7000000737608,753.000002481044
25.7,789.0
24.8000000469386,739.000004962086
25.4999999061227,812.999990075829
25.0000000502914,722.000009153039
25.0,695.000000905246
24.8999999932945,853.999995775521
24.7000000100583,728.000000301748
24.799999986589,730.999999597669
24.8999999932945,693.000002548099
24.9,692.0
24.7,701.000003620981
24.7,754.999992758037
24.5000000201166,793.999996077269
24.3000000067055,821.999999061227
24.2999999932945,971.000003889203
24.1,1087.00001247227
24.1,1210.99998337031
23.900000013411,1218.99999946356
23.8,1208.0
23.7,1180.99999899417
23.7,1166.00000201166
23.4000000301749,1154.00000120699
23.3000000033528,1124.00000100583
23.1999999128282,1126.99998829886
20.5999998692423,777.999989137056
19.3000001743435,670.000014483926
18.2000000737608,583.000005833805
18.3,563.0
18.4000000067055,571.999999597669
18.499999986589,566.000000804662
18.4000000100583,583.999998189509
18.4999999966472,596.999999564141
18.3999999966472,589.000000435859
18.2999999798834,601.999999396503
18.1000000268221,596.000000804663
18.299999986589,599.999999731779
17.7,582.0
16.9999999932945,578.999999932945
16.900000013411,578.00000013411
16.5000000402331,572.000000603497
16.100000013411,556.000000536442
15.9,542.000000100583
15.9000000100583,544.999998893589
15.999999986589,534.000001475215
16.0,549.999998927116
16.1,537.0
15.9000000067055,541.99999986589
15.999999986589,540.000000268221
15.6000000402331,532.000000804663
15.6,538.999999765307
15.3000000067055,522.000000469387
15.5000000100583,535.999999195338
15.599999986589,528.000001072883
15.6,521.000000469387
15.5,520.0
15.5,533.000000067055
15.5,533.99999986589
15.5,546.999998692423
15.3000000067055,543.00000013411
15.3999999932945,528.000000067055
15.2000000100583,530.000000905245
15.299999986589,538.999998793006
15.7999999664724,536.000000201166
16.0,528.0
16.4000000268221,531.000000536442
16.7999999463558,538.999998927117
17.3999999396503,530.000000905246
17.4999999966472,543.999999530613
18.2000000100583,525.000000268221
18.5,533.000002011656
18.5,552.999997317792
18.5999999932945,550.000000201166
18.8,545.0
18.8999999932945,560.999998793006
18.800000013411,543.000002413988
18.8,552.999998994172
18.7000000033528,567.999999497086
18.6,561.000000368804
18.5999999798834,571.999999698252
18.4000000268221,569.000000402331
17.5000000603497,580.999999195337
17.2,561.0
17.8000000804663,567.999998793006
18.9999998390675,550.000002413988
19.699999929592,536.00000140816
20.2999999798834,640.9999964796
20.8000000067055,631.999999597669
21.0000000502914,620.000001408159
21.4999999329448,633.999998122454
21.7999999798834,777.999990344047
22.0,908.0
22.3000000067055,1042.00000154227
22.399999986589,1064.99999691546
22.4999999899417,967.000009857119
22.5499999983236,1027.99999795482
22.6000000033528,1088.9999993965
22.7000000100583,1070.99999497086
22.799999986589,1021.00000670552
22.7000000067055,1042.99999852479
22.8,1013.0
22.5999999932945,1010.00000020117
22.500000013411,1012.99999959767
22.4000000100583,1028.99999839067
22.3000000033528,1049.99999929592
22.3999999966472,1071.99999859184
22.3,1030.00000040233
22.3,1033.99999946356
22.3,1012.00000147522
22.2,1004.0
22.0999999932945,932.00000308454
22.000000013411,977.999993830921
22.0,965.000001307577
22.0999999966472,890.000002514571
22.0,883.99999916181
22.0,858.999999195338
22.0,851.000001072883
22.0,836.000001005828
21.9,839.0
21.9000000067055,859.000012807545
21.999999986589,1049.99997438491
22.0999999899417,1155.99998933822
22.2999999932945,1139.00000056997
22.3000000067055,1142.9999993965
22.5000000100583,1124.99999829009
22.599999986589,1108.00000227988
22.6999999932945,1080.00000187755
22.7,1091.0
22.699999986589,1069.99999932945
22.5000000268221,1060.0000013411
22.1000000402331,1055.00000050291
22.1,1056.99999993294
21.9999999932945,1024.99999899417
21.7999999899417,995.000001810491
21.700000013411,1012.99999758601
21.7,922.000006102026
21.7,991.0
21.9000000067055,1017.0000019446
21.999999986589,1045.9999961108
22.1999999798834,1068.99999768659
22.3999999932945,1055.00000046939
22.3000000033528,1031.99999949709
22.3999999899417,1016.99999849126
22.300000013411,1002.00000201166
22.499999986589,990.000000804663
22.5,985.0
22.5999999932945,943.00000321865
22.500000013411,990.9999935627
22.5999999899417,991.0
22.4000000067055,1005.99999949709
22.0999999932945,1015.00000046939
21.8999999899417,1029.00000080466
21.800000013411,1036.99999892712
21.8,1031.00000040233
21.9,992.0
22.000000013411,997.999993763865
22.1999999731779,905.000012472269
22.2999999899417,980.999992355704
22.3999999966472,1068.99999704957
22.4,1078.00000080466
22.4000000201166,1102.00000040233
22.5999999731779,1105.99999946356
22.5000000067055,1102.00000026822
22.5,1078.0
22.499999986589,1052.0000006035
22.3000000268221,1060.99999879301
22.2000000100583,1033.00000281632
22.2,1036.99999986589
22.0,1038.99999778718
22.0000000100583,973.000000905245
22.099999986589,981.999998793006
22.1999999932945,1003.99999852479
22.3,1094.0
22.4,1105.0000013411
22.4,1124.99999731779
22.4999999899417,1108.00000170991
22.4000000033528,1077.00000103936
22.4000000033528,1086.99999872595
22.4999999899417,1048.9999993965
22.400000013411,1043.00000080466
22.4999999932945,1023.0000013411
22.4,1015.0
22.4999999932945,989.999998927117
22.400000013411,974.000002145767
22.4999999899417,994.99999788776
22.3000000067055,979.000000536442
22.3999999966472,1071.00000331923
22.2999999899417,1169.99999849126
22.200000013411,1155.00000201166
22.399999986589,1111.00000295043
22.3,1113.0
22.3999999932945,1104.99999912828
22.300000013411,1092.00000174344
22.4999999798834,1051.0000041239
22.5999999966472,1046.00000016764
22.8000000033528,1023.00000043586
22.9,1035.99999839068
22.9,1020.00000214577
22.6000000201166,1002.00000120699
22.5,984.0
22.3999999932945,974.000003151595
22.300000013411,1020.99999369681
22.3,1168.99998511374
22.3,1201.99999889359
22.2999999966472,1180.99999852479
22.2,1136.99999929592
22.2,1130.00000093877
22.000000013411,1114.00000107288
22.1,1110.0
22.0,1116.99999658018
22.0,1066.00000683963
22.0,1052.00000140816
22.0,1039.00000043586
22.1,1010.99999896064
22.1,980.000001005828
22.1,989.999998658896
21.8000000201166,1011.99999852478
21.6,1062.0
21.3999999932945,1060.00000020117
21.300000013411,1062.99999959767
21.1000000201166,1045.00000181049
20.8000000100583,1028.00000056997
20.7000000167638,1019.99999896064
21.2000000301748,989.000003822147
21.4999999597669,1026.9999949038
21.699999986589,1042.99999892712
21.8,1004.0
21.9000000067055,1069.99999738485
21.999999986589,1031.00000523031
22.0999999899417,1030.00000010058
22.1,957.000002447516
22.1,1062.00000137463
22.1000000100583,1102.99999889359
22.199999986589,1092.00000147521
22.2999999932945,1042.00000335276
22.3,1038.0
22.299999986589,1018.00000469386
22.1000000268221,1087.99999061227
22.2999999798834,1097.99999899417
22.1000000067055,1045.00000177696
22.1999999966472,1027.99999976531
22.1,1021.00000402331
22.1,1060.99999463558
22.1,1091.99999792129
22.0,1056.0
22.0000000067055,1071.99999912828
22.099999986589,1059.00000174344
21.9000000201166,1007.00000523031
22.0999999932945,1101.99999681488
22.3,1118.99999909475
22.2999999899417,1091.99999748543
22.200000013411,1067.00000335276
22.2999999932945,1037.00000201166
22.2,1064.0
22.1000000067055,1099.99999604374
22.199999986589,1041.00000791252
22.2,1029.00000120699
22.2,1004.00000083819
22.1000000033528,1091.00000120699
22.2,1126.99999758601
22.2,1103.00000321865
22.2,1059.00000295043
22.1,1056.0
22.0999999932945,1031.9999986589
22.000000013411,1012.00000268221
22.0,1052.9999958761
22.0999999966472,1144.99999691546
22.0000000067055,1091.99999949709
22.2,1076.99999658018
22.2,1043.00000455975
22.2999999932945,1034.0000006035
22.1,990.0
22.1000000067055,1050.0000070408
22.199999986589,1154.99998591841
22.2,1089.00000663847
22.2999999966472,1095.99999976531
22.2,1055.99999889359
22.1999999899417,1022.99999879301
22.100000013411,1011.00000160933
22.1,1053.99999711663
22.1,1112.0
22.0999999932945,1069.99999892712
22.000000013411,1054.00000214577
21.9000000100583,1028.00000261515
21.9,1014.00000046939
21.8999999966472,1023.0000015758
21.8000000100583,1069.99999949709
21.899999986589,1065.00000067055
21.8000000067055,1059.00000040233
21.7,1021.0
21.7999999932945,1022.99999959767
21.700000013411,1017.00000080466
21.6000000100583,1030.99999859184
21.6,1026.00000016764
21.4999999966472,1014.00000003353
21.3999999899417,1015.00000382215
21.300000013411,1052.9999949038
21.3,1034.00000127405
21.2,1005.0
21.199999986589,1038.99999926239
21.0000000268221,1028.00000147521
21.1999999798834,1028.0
21.1000000033528,1004.00000080466
21.0000000033528,970.000002045184
21.0999999899417,1031.00000694021
21.000000013411,1099.99999074638
21.0,1081.00000127405
21.0,1058.0
20.999999986589,1060.99999785423
20.8000000268221,1029.00000429153
21.0999999698251,1026.00000030175
21.3999999899417,1015.0000003688
21.4999999966472,1000.99999926239
21.3999999094755,979.000002313405
20.5000001206994,1001.99999691546
19.7000000536442,998.000000268221
19.1,1011.0
18.1999999731779,1019.99999778718
17.8000000536442,987.000004425644
17.5000000301749,970.000001709908
16.9000000201166,938.000001072884
16.6999999899417,894.999999396503
16.3999999798834,876.999991048129
16.2000000268221,788.000011935828
16.000000013411,768.000001341105
15.8,786.0
15.399999986589,719.999998793006
15.2000000268221,702.000002413988
14.9000000301749,677.000002514571
14.9,672.000000167638
14.7999999899417,658.999999530613
14.4999999798834,644.999999597669
14.3000000268221,641.000000536442
14.3999999932945,636.000000335276
14.3,633.0
14.3,633.999999731779
14.3,630.000000536442
14.3,623.00000070408
14.2000000033528,616.000000234693
14.1000000067055,610.999999899417
14.2999999899417,607.999999798834
14.200000013411,606.000000268221
14.2,593.000000871718
14.2,594.0
14.2,587.999997921288
14.2,557.000004157423
14.2,574.999998189509
14.2999999966472,568.000000234693
14.3000000033528,589.999999564141
14.400000070408,576.999998189509
15.0999999061227,559.000002413988
16.1999999262392,560.99999986589
16.5,561.0
16.700000013411,566.999998860061
16.8999999731779,550.000002279877
17.3999999497086,557.999999195337
17.799999986589,555.000000100583
18.1000000067055,561.999999798834
18.2999999899417,556.000001911074
18.200000013411,574.999997451902
18.2999999932945,575.999999932945
18.2,586.0
18.2,569.000001810491
18.2,595.999996379019
18.1000000100583,587.000000905246
18.1,587.0
18.0999999966472,586.000000201166
17.9999999698252,591.999999597669
17.7000000402331,588.000000536442
17.4000000201166,579.000000603497
17.5,601.0
18.3000000670552,584.999998524785
19.2999998658896,563.000002950429
20.0999999195337,595.999996680766
20.5999999832362,611.999999463558
21.0000000167638,616.000003889203
21.5000000201166,732.000005934386
21.6999999731779,790.999992087485
21.7999999932945,928.999990746378
22.1,1069.0
22.3,1000.00000415742
22.3,1061.99999168515
22.4999999798834,1059.00000030175
22.4500000016764,1053.5000001844
22.4000000033528,1047.99999808893
22.5000000201166,991.0
22.6999999731779,991.0
22.6000000067055,1003.99999912828
22.7,980.0
22.599999986589,1016.00000301748
22.4000000268221,1060.99999396503
22.1000000301749,1084.99999758601
22.0000000033528,1096.99999959767
21.8,1084.00000026822
21.7999999899417,1091.99999668077
21.700000013411,1059.00000442564
21.7999999932945,1054.00000033528
21.8,990.0
21.9000000067055,951.000002145767
21.999999986589,982.999995708466
22.0,901.000008247793
22.2999999899417,880.00000070408
22.2,886.999998692423
22.2000000100583,847.999998290092
22.299999986589,831.000002279877
22.3,826.000000335276
22.4,876.0
22.4000000067055,1023.00000409037
22.499999986589,1083.99999181926
22.4000000100583,1076.00000080466
22.5999999932945,1063.00000043586
22.4000000033528,1028.00000020117
22.4999999798834,1033.99999668077
22.3000000268221,1001.00000442564
22.3,927.000004962087
22.4,971.0
22.3,943.000002816319
22.3,984.999994367362
22.3999999899417,1093.99998903647
22.5999999932945,1072.00000073761
22.5,1080.99999859184
22.4999999899417,1038.99999949709
22.400000013411,1034.00000067055
22.1000000201166,1034.0
22.2,1034.0
22.1999999932945,1002.99999389798
22.100000013411,912.000012204048
22.2999999798834,1028.99998823181
22.3999999966472,1111.99999721721
22.4000000033528,1087.99999922886
22.5,1064.99999688193
22.5,1034.00000415742
22.5,1037.99999973178
22.6,1007.0
22.5,1002.00000187755
22.5,1029.99999624491
22.3000000201166,994.000003620982
22.1000000067055,994.999999966472
21.9999999932945,979.000001743436
21.8,1031.00000020117
21.8,1032.99999973178
21.999999986589,1009.00000160933
22.0,982.0
22.399999986589,1032.00000227988
22.2000000268221,1065.99999544025
22.4999999698251,951.000011567027
22.2000000100583,920.000001039356
22.0999999966472,977.999999362975
21.9999999899417,958.999993763865
21.900000013411,897.000008314846
22.099999986589,868.000001944602
22.2,947.0
22.4,1026.00000201166
22.4,1055.99999597669
22.4999999899417,1079.99999758601
22.5,1078.00000006706
22.6,1069.99999943003
22.6,1052.99999748543
22.6,1028.00000335276
22.6,1020.00000053644
22.1,922.0
22.1,1028.00000610202
22.1,1118.99998779595
21.8000000301749,1092.00000271574
21.8,1065.00000090525
21.8,1071.99999862537
21.7999999899417,1030.99999889359
21.700000013411,1020.00000147521
21.899999986589,995.000001676381
22.2,977.0
22.4,919.000002950429
22.4,962.999994099141
22.1000000301749,1055.9999906458
22.1,1048.00000026822
21.8,1043.99999886006
21.8000000201166,1009.99999215454
21.9999999731779,932.000010460613
22.199999986589,959.999998122454
22.2,973.0
22.4,1010.00000207871
22.4,1040.99999584258
22.4999999899417,1121.99999185279
22.4000000033528,1147.99999912828
22.3,1122.00000067055
22.3,1141.99999869242
22.3,1129.00000174344
22.3999999932945,1084.00000301749
22.5,1055.0
22.5,1043.99999792129
22.5,1013.00000415742
22.5,1017.99999949709
22.5,987.000001039356
22.5,984.999999329448
22.4999999698252,965.000005029141
22.2000000402331,1014.99999329448
22.000000013411,1106.99999383092
21.8,1117.0
21.8,1135.99999778718
21.8,1103.00000442564
22.0999999698251,1067.00000362098
22.5999999832362,1037.00000100583
22.2999999798834,1030.99999926239
21.6999999798834,1009.00000020117
21.5000000268221,1010.99999973178
21.300000013411,1004.00000046939
21.2,1059.0
20.999999986589,1097.99999195337
20.8000000268221,978.000016093251
21.1999999597669,1012.9999964796
21.8999999765307,995.000000603497
22.6000000067055,1033.00000083819
22.8000000201166,1057.99999698252
22.9999999731779,1028.00000402331
23.2999999798834,1090.99999577552
23.6,984.0
23.900000013411,1053.00000053644
24.0999999731779,1060.99999892712
24.4999999597669,1068.99999919534
24.6999999932945,1034.00000117347
24.9,1097.9999993965
24.9000000100583,1079.9999964796
24.999999986589,1045.00000469386
25.0,1088.99999704957
25.0,1033.0
25.1,1077.99999047816
25.1,936.00001904368
25.1999999899417,909.000002715737
25.3999999932945,995.999997083097
24.8000000234693,848.000001844019
25.5,902.999995775522
25.5,861.000005632638
25.300000013411,883.99999845773
25.3,909.0
25.4999999731779,859.999999128282
25.1000000536442,847.000001743435
25.799999929592,858.999998793006
25.2000000201166,783.000002548099
25.799999986589,788.000003822148
25.4000000402331,901.999991551043
25.7999999463558,818.000011265275
25.600000013411,941.999991685152
25.3,868.0
25.9999999329448,805.999997250736
25.0000001341104,765.000005498527
25.8999999094754,763.000000201166
25.9999999966472,805.999998558313
25.6999999966472,877.999997150153
25.5999999899417,793.000003620981
25.500000013411,828.999995172025
26.1999999530613,819.000000670552
24.8,812.0
25.7000000201166,813.000000871718
25.9999999597669,825.999998256564
25.2000000804663,845.999997988343
25.8999999765307,843.000000100583
25.899999986589,857.000000536442
25.5000000603497,873.000000804662
26.0999999195337,880.999998927117
25.3000000536442,923.999997116625
25.8,867.0
25.2000000335276,814.999998055399
25.6999999329448,786.000003889202
25.7,778.000000804663
25.6000000033528,800.999999228865
25.4000000067055,818.000002782792
25.5999999899417,900.999998893589
25.500000013411,890.000001475215
25.7999999798834,934.999996982515
25.1,885.0
25.2000000201166,887.000000268221
25.4999999597669,890.999999463558
25.5,896.999999396503
25.2000000100583,1038.99999523908
25.3000000100583,1075.00000020117
25.5999999597669,1080.99998410792
25.2000000536442,923.000021189447
25.000000013411,898.000001676381
25.1,951.0
25.0999999932945,970.000005565582
25.000000013411,1052.99998886884
25.0,1029.00000241399
24.9000000033528,1026.00000010058
24.6999999932945,1053.00000241399
24.4999999899417,1125.00000331923
24.400000013411,1157.99999557436
24.1000000201166,1161.99999973178
23.9,1153.0
23.799999986589,1134.99999912828
23.6000000268221,1122.00000174344
23.4000000201166,1102.00000201166
23.2000000067055,1078.00000080466
22.8999999966472,1069.99999892712
22.7999999698252,1037.99999879301
22.5000000402331,1026.00000160933
22.4000000067055,1028.99999979883
22.2,1059.0
21.999999986589,1066.00000026822
21.8000000268221,1069.99999946356
21.6000000201166,1054.00000160933
21.4000000067055,1050.00000013411
21.0999999597669,1005.99999704957
19.8999998491258,917.999984711412
18.4000002011656,766.000020384784
17.6000000536442,722.00000295043
17.1,715.0
16.8999999932945,691.000002279877
16.800000013411,724.999995440246
16.6000000201166,716.000000905246
16.3000000100583,703.000000435859
16.2000000033528,702.999998793006
16.3000000100583,666.999995775522
16.399999986589,625.000005632638
15.9000000335276,625.999999932945
15.6,628.0
15.3999999798834,629.999999731779
15.1000000402331,626.000000536442
14.5000000603497,616.000001005828
14.4000000033528,597.000000637025
14.3000000033528,589.999999966472
14.4000000201166,588.999998994172
14.5999999731779,579.000001341104
14.9999999731779,562.000001139939
14.9,546.0
15.3000000067055,549.99999986589
15.399999986589,548.000000268221
15.7999999597669,545.000000301749
16.199999986589,545.0
16.4,568.000000033528
16.4000000201166,568.999998491258
16.5999999731779,554.000002011656
16.6,563.999999329448
16.6,546.0
16.5999999798834,563.999999262393
16.3000000402331,553.000001475215
15.5000000804663,553.0
15.4000000033528,536.00000056997
15.1999999966472,538.999999362975
15.1000000804663,520.000000301748
15.8999998927117,522.999999597669
16.2999999731779,520.000000201166
16.7,512.0
17.2000000268221,510.000000871718
17.5999999463558,522.999998256564
17.9999999597669,517.000000603497
18.1999999932945,521.999999832362
18.6000000033528,522.99999986589
18.6999999899417,519.00000070408
18.600000013411,525.999999061227
18.6,525.000000067055
18.6,553.0
18.4999999932945,531.000000737607
18.400000013411,541.999998524785
18.3000000100583,544.999999698251
18.3,529.000000536442
18.2999999966472,547.000000201166
18.1999999798834,553.000000804662
18.0000000268221,560.999998927117
17.9000000067055,553.000000536442
17.9,550.0
18.1000000737607,564.000003755092
19.1999998524785,619.999992489816
19.899999929592,696.999992255121
20.1999999899417,656.000001374632
20.500000013411,624.000001005828
20.9000000301748,654.000014182177
21.1999999597669,794.99998109043
21.4999999798834,956.999989137053
21.6,846.0
21.8000000067055,1090.99999590963
21.899999986589,1030.00000818074
21.9999999899417,998.000003218651
22.0,1018.99999929592
22.0000000033528,1039.99999926239
22.1,1017.99999829009
22.1,1001.00000227988
22.0000000067055,984.000001139939
22.1,998.0
22.1000000067055,978.000001877546
22.199999986589,1005.99999624491
22.1000000100583,1031.99999738485
22.1,1043.99999959767
22.1000000033528,1035.99999983236
22.1999999798834,1031.00000030175
22.0000000268221,1033.99999959767
22.0,1009.00000167638
21.9,1003.0
22.0,1001.99999751896
22.0,965.000004962086
22.0,967.999999698251
21.8000000067055,940.000000938773
21.8,865.0
21.8000000100583,864.999997787178
21.899999986589,843.000002950429
21.9,827.000001072884
21.8,946.0
21.8,1085.99999959767
21.8,1080.00000080466
21.8,990.000009052456
21.6000000067055,1016.99999909475
21.7,1035.9999986589
21.7,996.000006135552
21.7,1056.99999181926
21.7,994.000004224479
21.8,984.0
21.7999999798834,1146.99999309331
21.5000000402331,1044.00001381337
21.6999999798834,993.000005129725
21.5000000067055,980.000000435859
21.7000000033528,1041.0000009723
21.7999999899417,1069.99999386445
21.700000013411,1009.00000818074
21.7,984.000001676381
21.6,983.0
21.6999999932945,1081.00000113994
21.600000013411,1097.99999772012
21.5000000100583,1021.00000774488
21.5999999966472,1010.0000003688
21.5000000067055,1024.99999882653
21.7,990.000003118067
21.7,1020.99999584258
21.6000000067055,1035.99999899417
21.5,979.0
21.6000000067055,1025.00000710785
21.699999986589,1130.9999857843
21.4000000301749,1010.00001217052
21.5999999932945,1020.9999996312
21.5,993.000000033528
21.5000000100583,994.000011164693
21.599999986589,1104.99998511374
21.6,1039.00000442565
21.4,1007.0
21.5000000067055,1113.99999242276
21.599999986589,1001.00001515448
21.5000000100583,1024.99999758601
21.4000000033528,1104.99999731779
21.4,991.000003118068
21.3999999899417,1084.00000683963
21.300000013411,1151.99999088049
21.3,1012.00000938773
21.4,1009.0
21.4,1102.99999188632
21.4,982.000016227361
21.4999999899417,1081.99998994172
21.5,1240.99999466911
21.4999999932945,1021.99999976531
21.3000000100583,1015.00000080466
21.399999986589,1022.99999892712
21.3000000067055,999.000001609326
21.5,1000.0
21.4000000067055,1135.99998893589
21.499999986589,971.00002212822
21.3000000201166,1166.99998028576
21.3,1010.00000526384
21.5,996.000000368804
21.5,1007.00000181049
21.5,1024.99999758601
21.5,1223.99998665601
21.5,985.0
21.5,1213.99998538196
21.5,996.000029236072
21.5,950.000004626811
21.5,995.99999845773
21.4000000033528,987.000004258007
21.4999999899417,1113.99998803064
21.400000013411,995.00001595914
21.4999999932945,1031.99999751896
21.5,1021.0
21.5999999932945,998.000001206994
21.500000013411,1015.99999758601
21.5,1025.99999899417
21.5999999966472,995.000001039356
21.4000000033528,1107.99999651313
21.5,1004.00000251457
21.5,1028.99999664724
21.5,1003.00000174344
21.5,984.0
21.5,1187.99998679012
21.5,991.000026419753
21.5999999899417,1038.99999517202
21.5000000033528,993.00000154227
21.5999999966472,989.000003151596
21.5,1082.9999877289
21.5,961.000016361471
21.5,1146.99998752773
21.5,1007.0
21.6000000067055,1101.99999564141
21.699999986589,1037.00000871718
21.6000000100583,1023.00000140816
21.6999999966472,992.000001039356
21.7999999966472,996.000002548099
21.6999999798834,1071.99999305979
21.5000000268221,1003.00000925362
21.2000000201166,996.000000469387
21.1,1070.0
20.7000000067055,1107.99999845773
20.799999986589,1085.00000308454
20.6000000201166,1067.00000181049
21.0999999832362,1049.0000006035
21.9000000100583,1033.99999872595
22.2000000402331,996.000005431472
22.5999999463558,1049.99999275804
22.8999999798834,1048.00000013411
23.2,1033.0
23.500000013411,1068.99999691546
23.6999999731779,1023.00000616908
23.9999999698251,1055.99999668077
23.9000000033528,1056.0
24.1000000033528,1070.00000033528
24.2000000201166,1080.00000150874
24.3999999731779,1094.99999798834
24.4,1054.00000274926
24.7,1122.0
24.700000013411,1086.99999926239
24.8999999731779,1076.00000147521
25.0999999798834,1141.99999336153
25.1999999966472,1069.00000244752
25.2000000067055,1097.00000140816
25.4,1138.99998883531
25.4,1028.00001488626
25.3000000067055,1128.99999322742
25.4,1053.0
25.4999999932945,976.99999034405
25.400000013411,833.000019311901
25.4,923.999990846961
25.4999999966472,881.000001441687
25.6,1005.99999829009
25.6000000201166,954.999987628313
25.7999999731779,832.000016495582
25.5000000201166,791.000002749264
25.3,857.0
25.6999999664724,851.000003151595
25.2000000670552,897.99999369681
25.6999999497086,818.000008046628
25.5000000067055,742.000002548099
25.0000000100583,778.000001810491
25.3000000402331,832.000007946043
25.6999999463558,910.999989405277
25.6000000067055,911.999999932945
25.4,876.0
25.7999999932945,889.000001206994
25.700000013411,906.999997586012
25.7,905.000000201166
25.5000000067055,927.999999228865
25.4999999966472,902.000003587455
25.4,1009.00000734255
25.4,1081.99999020994
25.1000000201166,1032.00000335276
24.8,1028.0
24.4999999798834,984.000008918343
24.2000000402331,1116.99998216331
24.0000000201166,1140.99999758601
24.2999999899417,1152.99999959767
24.7999999966472,1099.99999949709
24.6999999899417,1084.9999976866
24.600000013411,1062.00000308454
24.6999999932945,1043.00000127405
25.1,1017.0
25.2999999396503,1007.00000616908
24.4000001206994,1098.99998766184
25.099999929592,1015.00000844896
24.9000000067055,1082.99999772012
24.6999999932945,1111.00000067055
24.4999999798834,1130.99999627844
24.3000000268221,1094.00000496209
24.0000000201166,1085.0000006035
23.9,1057.0
23.599999986589,1099.00000207871
23.4000000268221,1129.99999584258
23.3000000100583,1108.00000221282
23.0000000100583,1095.00000043586
22.899999986589,1053.99999909475
22.4999999698252,1027.00000482798
22.2000000402331,1074.9999935627
21.9000000201166,1045.00000201166
21.6,1016.0
21.1999999932945,1096.99999946356
21.100000013411,1089.00000107288
21.1,1059.00000301749
21.0000000033528,1052.00000023469
20.8,1033.99999936298
20.7999999698252,1014.99999909475
20.5000000402331,1006.00000120699
20.4000000067055,1058.99999644607
20.3,1087.0
20.0999999932945,1066.99999818951
20.000000013411,1040.00000362098
19.9000000100583,1004.00000362098
19.6000000100583,1019.99999946356
19.499999986589,985.00000083819
19.0999998793006,1009.99999527261
17.9000001609325,963.00000630319
17.5000000268221,955.000000536442
17.1,970.0
16.5999999798834,966.999999932945
16.3000000402331,966.00000013411
15.8000000502914,935.000003118068
15.0000000268221,881.000001810491
14.9999999899417,839.999997988343
14.6999999798834,779.999991852792
14.5000000268221,699.000010862944
14.300000013411,756.999996110797
14.1,666.0
13.9000000067055,701.999998927117
13.999999986589,686.000002145767
13.8000000201166,692.99999929592
13.8999999966472,603.000003017485
14.100000013411,593.999999899417
14.5000000603497,590.99999748543
15.0999999195337,566.000003352761
15.3999999798834,577.999999195337
15.6,573.0
16.100000013411,562.99999986589
16.2999999731779,561.000000268221
16.3,571.999998893589
16.699999986589,574.999999899417
16.7,575.000000469387
16.7,588.999999698252
16.7,586.000000402331
16.7999999932945,583.000000201166
16.6,584.0
16.4999999798834,588.99999859184
16.2000000402331,568.000002816319
15.6000000603497,564.000000402331
15.3000000100583,566.999999899417
15.2,544.999999899417
15.2000000301748,542.000000100583
15.4999999597669,542.99999986589
16.2999999463558,530.000000871718
16.9,534.0
17.2000000335276,538.999999798834
17.6999999329448,536.000000402331
18.0999999597669,533.000000301749
18.1999999966472,530.000000100583
18.3000000067055,530.000000435859
18.5,542.999999597669
18.5,539.000000536442
18.4000000067055,549.999999262393
18.5,553.0
18.3,559.999999195338
18.3,548.000001609325
18.2000000100583,560.999998692423
18.2,568.999999731779
18.1999999966472,561.000000201166
18.1,567.000001810491
18.1,584.999997586012
18.0000000067055,579.000000402331
18.0,565.0
18.3000000670552,567.000005431472
19.2999998658896,647.999989137056
20.0999999195337,701.999994568526
20.3999999899417,858.999994736164
20.7000000067055,832.999999530613
20.9000000301748,819.000016596165
21.1999999597669,983.99997787178
21.399999986589,852.00000885129
21.8,1098.0
21.9000000067055,979.000002145767
21.999999986589,1010.99999570847
22.0999999899417,1012.99999979883
22.1999999966472,1093.49999730103
22.3,1173.99999631196
22.3000000100583,1063.99999627844
22.399999986589,1027.00000496209
22.4,1020.00000046939
22.6,1022.0
22.7000000067055,993.999998658896
22.799999986589,974.000002682208
22.8,1026.99999466911
22.6000000067055,987.000001341105
22.3999999932945,1029.99999956414
22.1999999798834,1017.00000010058
22.0000000268221,1017.99999986589
22.0,990.000001877546
21.8,985.0
21.799999986589,962.999999463558
21.6000000268221,955.000001072883
21.6,934.00000211224
21.6,916.000000603497
21.8000000033528,897.999999195337
21.9000000100583,873.999993260951
21.999999986589,807.000008985398
22.0999999932945,801.000000402331
22.4,935.0
22.6,1013.00000677258
22.6,1113.99998645485
22.6999999899417,1076.00000382215
22.6000000033528,1020.00000187755
22.7000000033528,1025.99999906123
22.7999999798834,997.999998088926
22.6000000268221,979.000002548098
22.3000000201166,987.999999396503
22.1,1000.0
21.8999999932945,1046.00000127405
21.800000013411,1064.9999974519
21.7000000100583,1077.99999869242
21.6000000033528,1082.99999983236
21.5,1058.99999926239
21.5000000100583,1036.99999849126
21.599999986589,1022.00000201166
21.400000013411,1011.00000073761
21.6,988.0
21.8,1056.99999443442
21.8,974.000011131165
21.8,1024.99999487028
21.9999999932945,1038.99999953061
22.0000000033528,1037.00000006706
22.1000000100583,1038.99999919534
22.199999986589,1031.00000107288
22.2999999932945,1016.00000100583
22.2,978.0
22.3,1004.00000382215
22.3,1060.99999235571
22.3,1020.0000041239
22.3999999966472,1030.9999996312
22.3,962.000000771135
22.3,985.000011868772
22.3,1102.99998417497
22.100000013411,1128.99999825656
22.1,1074.0
22.2000000067055,1053.99999845773
22.299999986589,1031.00000308454
22.3999999899417,1058.99999718368
22.4999999966472,1010.00000164285
22.5,991.99999916181
22.5000000201166,967.000000603497
22.6999999731779,972.999999195337
22.7,1096.99999168515
22.7,1175.0
22.6999999932945,1084.99999497086
22.600000013411,1010.00001005828
22.4000000201166,1017.99999919534
22.3000000033528,1000.0000006035
22.0999999966472,968.000001106411
22.0,1000.99999728426
22.0,974.000003620981
21.9000000067055,1000.99999818951
22.0,1093.0
21.9000000067055,1110.99999731779
21.999999986589,1071.00000536442
22.0,1063.00000080466
22.0999999966472,1043.00000067055
22.1000000100583,997.999999564141
22.4000000201166,984.999999396503
22.5999999731779,979.000000804663
22.6,980.99999986589
22.8,1078.0
22.800000013411,1118.99999389798
22.9999999731779,1028.00001220405
22.7000000301749,1031.99999959767
22.6000000033528,1072.99999862537
22.5999999966472,1026.99999926239
22.5,1004.99999979883
22.5,1003.00000026822
22.4000000067055,973.000002011657
22.4,955.0
22.3999999932945,953.000002816319
22.300000013411,994.999994367362
22.3,1085.99999084696
22.1000000067055,1190.9999964796
22.2999999966472,1196.99999926239
22.2,1174.99999778718
22.2,1153.00000295043
22.2,1133.0000013411
22.1,1110.0
22.2,1120.99999818951
22.2,1094.00000362098
22.1000000100583,1056.00000382215
22.1,1090.99999882653
22.2000000033528,1058.99999926239
22.3,1036.99999778718
22.3,1015.00000295043
22.3,989.000001743436
22.3,989.0
22.2000000067055,995.00000167638
22.299999986589,1019.99999664724
22.3999999899417,1053.99999658018
22.4,1090.99999875948
22.4000000033528,1123.00000023469
22.5000000100583,1129.99999829009
22.599999986589,1113.00000227988
22.6,1094.00000127405
22.2,1084.0
21.9999999932945,1037.00000080466
21.900000013411,1048.99999839067
21.8000000100583,1026.00000231341
21.3000000167638,1020.00000020117
21.0999999932945,993.000001944602
20.9000000301748,1050.99999949709
21.1999999597669,1046.00000067055
21.5999999731779,1046.99999993294
22.0,1023.0
22.3999999932945,1023.00000348687
22.300000013411,1074.99999302626
22.4999999798834,1050.00000251457
22.5,1043.00000023469
22.7,1009.99999986589
22.7000000100583,1006.00000804663
22.799999986589,1085.99998927117
22.8999999932945,1072.00000093877
22.9,1053.0
22.700000013411,1028.0000013411
22.8999999731779,1047.99999731779
22.7000000201166,1110.99999366328
22.7,1096.00000050291
22.7999999966472,1064.99999839067
22.7,1016.9999993965
22.7,1011.00000080466
22.6000000067055,1122.99999248981
22.6,1102.0
22.699999986589,1076.99999738485
22.5000000268221,1038.00000523031
22.3000000201166,1009.0000029169
22.2000000033528,1052.99999852479
22.3000000033528,1085.99999852478
22.4000000201166,1041.99999859184
22.5999999731779,1028.00000187755
22.6999999932945,1033.99999959767
23.2,1042.0
23.300000013411,1035.99999906123
23.4999999731779,1022.00000187755
23.5999999899417,1092.99999285862
23.5000000033528,1142.99999832362
23.6999999966472,1096.99999845773
23.6,1050.99999949709
23.6,1046.00000067055
23.6,1113.99999544024
23.6,1189.0
23.5000000067055,1115.99999892712
23.599999986589,1100.00000214577
23.6999999899417,1042.00000583381
23.7,1076.99999882653
23.3999999899417,1180.99999926239
23.1000000301748,1158.99999386445
23.3999999597669,1098.00000818074
23.4999999932945,1050.00000321865
23.5,1022.0
23.6999999932945,1055.0000019446
23.600000013411,1083.9999961108
23.3000000301749,1036.00000482798
23.1000000067055,1082.9999984242
22.9999999932945,1160.99999946356
22.7999999899417,1144.99999748543
22.700000013411,1120.00000335276
22.500000013411,1062.0000038892
22.3,1033.0
22.0999999798834,1037.99999899417
21.8000000402331,1023.00000201166
21.8,1018.00000050291
21.8,1086.99999768659
21.7999999966472,1078.00000016764
21.6999999899417,1082.99999668077
21.600000013411,1050.00000442564
21.5000000067055,1029.00000140816
21.5,1012.0
21.499999986589,1006.00000543147
21.3000000268221,1086.99998913706
21.2000000100583,1084.00000030175
21.2,1046.00000127405
21.3999999932945,1035.99999852479
21.2000000100583,992.000005330889
21.299999986589,1044.99999289215
21.2000000067055,1006.00000261515
21.1,983.0
21.1999999932945,1048.00000107288
21.100000013411,1063.99999785423
21.0000000100583,1037.00000271574
20.9000000033528,1029.00000026822
20.7999999932945,1002.00000033528
20.5999999798834,1011.9999993965
20.4000000268221,1006.00000080466
20.4,1039.99999772012
20.4,1050.0
20.2,1026.99999751896
20.2,990.000004962086
20.2,984.000000603497
20.7999999798834,950.000001139939
20.5999999564141,983.99999718368
19.2999998893589,899.999985817823
18.2000001475215,759.00001890957
16.9000000871718,620.000009320677
16.1,600.0
15.8999999798834,615.999999396503
15.6000000402331,607.000001206994
15.3000000301749,661.999994467944
15.2000000033528,613.000001642853
14.6999999899417,605.000000167638
14.3999999698252,610.000002514571
14.1000000402331,634.999996647239
14.299999986589,557.000005230308
14.0,566.0
13.8,564.000000268221
13.8,567.999999463558
13.8999999899417,542.000002615154
13.9,542.0
14.0000000100583,541.999999966472
14.3000000301748,540.999999497086
14.5999999597669,536.000000670552
14.6,536.999999932945
14.6,518.0
14.699999986589,559.999997451902
14.5000000268221,522.000005096196
14.6999999798834,536.999998491257
14.6000000033528,526.000000368804
14.5999999932945,530.999999530613
14.3999999899417,517.0
14.300000013411,517.0
14.100000013411,500.000001139939
14.0,496.0
13.899999986589,490.999999329448
13.7000000268221,481.000001341104
13.3000000402331,479.000000201166
13.1000000067055,464.000000502914
13.6000000469387,456.000000234693
15.0000001106411,462.999999396503
16.0999998524785,457.000000804663
17.4999999061227,467.999999262392
18.8,463.0
19.400000013411,476.999999731779
19.5999999731779,473.000000536442
19.8999999698251,466.00000070408
19.9999999966472,469.999999865889
20.1,475.000000201166
20.0999999798834,481.000000100583
19.9000000268221,481.99999986589
19.9,478.000000268221
19.8,501.0
19.699999986589,497.999999262393
19.5000000268221,487.000001475215
19.4000000100583,485.000000201166
19.2000000067055,503.999999362975
19.0999999966472,497.000000335276
18.9999999899417,507.000001005828
18.900000013411,516.999998658896
18.8000000067055,524.999999463558
19.2,569.0
20.0000000536442,619.00001428276
20.7999998927117,831.99997143448
21.1999999597669,783.000004928559
21.4999999899417,931.999995004385
21.6000000033528,905.99999986589
21.7000000301748,902.00001498684
21.9999999597669,1050.99998001755
22.0,974.000005163253
22.0,991.0
22.100000013411,970.999998927117
22.2999999731779,955.000002145767
22.1000000201166,883.000007241965
22.1,867.000000536442
22.1000000033528,919.000005163253
22.1999999798834,1072.99998581782
22.0000000268221,932.00001890957
22.199999986589,943.999999195337
22.2,973.0
22.2999999798834,921.000000335276
22.0000000402331,925.999999329448
22.0999999899417,929.999999597669
22.0000000033528,922.000000268221
22.1000000033528,1015.00000301749
22.1999999899417,1104.9999958761
22.100000013411,1064.00000549853
22.299999986589,1065.99999986589
22.2,1059.0
22.299999986589,1047.99999765307
22.1000000268221,1013.00000469386
22.0000000100583,1010.00000030175
22.0999999966472,980.000001005828
22.1999999932945,950.999997720122
22.0000000100583,882.999998189509
22.099999986589,865.000002413988
22.1,844.00000140816
22.1,926.0
22.0999999932945,982.000002145767
22.000000013411,1013.99999570847
22.0,1062.99999507144
22.0,1084.99999926239
22.1000000033528,1091.99999896064
22.2000000100583,1060.99999808893
22.299999986589,1042.0000025481
22.3,1042.0
22.3,1021.0
22.3000000067055,1005.99999711663
22.399999986589,963.000005766748
22.4,1044.99999175221
22.4,1157.99999621138
22.4,1065.99999772012
22.4,997.999998692423
22.4,985.000001743435
22.3000000067055,976.000000603497
22.3,1065.0
22.2000000067055,1003.99999912828
22.299999986589,991.000001743436
22.1000000201166,984.00000070408
22.1,974.000000335276
22.0999999966472,992.000001877546
22.0,1047.99999959767
22.0,1044.00000053644
21.9000000067055,1012.00000214577
21.9,993.0
21.8999999932945,959.000004962086
21.800000013411,1032.99999007583
21.8,1091.99999406561
21.8,1006.00000288337
21.8,978.00000211224
21.7999999899417,1041.00000613555
21.700000013411,1101.99999181926
21.7999999932945,1009.00000623614
21.8,1040.0
21.7,1086.99999148399
21.7,960.000017032024
21.7,1006.99999527261
21.7,1172.99999443442
21.6999999966472,978.000001072884
21.6000000201166,1010.00002273172
21.7999999731779,1235.99996969104
21.600000013411,1067.00001133233
21.6,1020.0
21.6999999932945,995.999999463558
21.600000013411,988.000001072883
21.7999999798834,997.999998994172
21.8,1099.99999658018
21.8000000033528,1004.99999993294
21.9,1003.00000512972
21.9,1053.99999316037
21.9,1146.99999376386
21.9,1021.0
22.0,1000.99999959767
22.0,995.000000804663
22.0999999899417,959.000003620982
22.1,1009.99999829009
22.1000000033528,1077.99999812245
22.2,1021.99999547377
22.2,977.000006034969
22.1000000067055,967.000000670552
22.1,1163.0
22.2999999932945,1145.99999282509
22.200000013411,1039.00001434982
22.2999999899417,981.000005833805
22.2000000033528,966.000000502914
22.1000000033528,1076.00000395626
22.2000000100583,1193.99998591841
22.299999986589,1054.00001877546
22.2000000067055,1018.00000241399
22.3,994.0
22.4,975.999998793006
22.4,958.000002413988
22.3000000100583,1091.9999865219
22.3999999966472,1136.99999849126
22.4999999966472,1063.99999808893
22.4,1006.99999859184
22.4,993.000001877546
22.3000000067055,957.000002413988
22.5,1050.0
22.4999999932945,1128.99999772012
22.400000013411,1095.00000455975
22.5999999798834,1054.0000041239
22.4000000067055,1032.00000073761
22.5999999966472,1003.99999896064
22.4999999899417,972.999997787178
22.400000013411,951.000002950429
22.200000013411,967.999998860061
22.2,1018.0
22.1,1180.99999926239
22.1,1170.00000147521
21.9000000201166,1180.99999889359
21.9,1222.99999859184
21.9000000067055,1107.00000174344
22.1000000100583,1158.99999446795
22.199999986589,1104.00000737607
22.2,1023.00000543147
22.3,1050.0
22.3,984.000002413988
22.3,1019.99999517202
22.3,950.000007040799
22.3999999966472,945.000000167638
22.6,1025.00000147522
22.6000000100583,1068.99999487028
22.699999986589,1018.00000683963
22.7,993.000001676381
22.7,1006.0
22.399999986589,967.999999396503
22.2000000268221,959.000001206994
21.9000000301749,937.000002212823
21.8000000033528,1002.99999778718
21.8,1014.00000090525
21.7999999899417,1040.99999688193
21.700000013411,1010.00000415742
21.7999999932945,948.000004157424
22.0,919.0
21.8999999731779,982.000006370245
21.5000000536442,1076.99998725951
21.2000000301749,1077.99999989942
21.3999999932945,1036.00000140816
21.0999999932945,1027.99999909475
20.8999999597669,1000.99999899417
20.5000000536442,991.000001341104
20.7999999798834,1075.99999430031
21.7,1048.0
21.8000000268221,1025.99999993294
22.1999999463558,1025.00000013411
22.3999999798834,1025.99999989942
22.4,1003.00000077114
22.4,1028.00000030175
22.3999999899417,1036.99999658018
22.300000013411,1003.00000455975
22.2000000067055,1005.99999979883
22.1,1044.0
22.0000000067055,1001.99999993294
22.099999986589,1001.00000013411
22.1999999899417,1037.99999627843
22.2999999966472,1049.99999959767
22.2999999966472,1011.99999973178
22.1999999798834,1004.00000392273
22.0000000268221,1042.99999476969
21.800000013411,1108.99999557435
21.7,1048.0
21.4000000067055,1043.99999798834
21.499999986589,1014.00000402331
21.5,1019.9999993965
21.4000000033528,1106.9999970831
21.2999999966472,1091.99999922886
21.2000000100583,1068.99999778718
21.299999986589,1047.00000295043
21.3,1015.00000214577
21.2,1037.0
21.2000000067055,1077.99999778718
21.299999986589,1045.00000442564
21.2000000100583,1023.00000221282
21.1000000033528,1021.00000006706
21.0999999966472,1010.00000160933
20.9999999899417,1057.99999949709
20.900000013411,1053.00000067055
20.8000000067055,1036.00000113994
20.8,1029.0
20.8,1006.0000038892
20.8,1063.9999922216
20.6000000201166,1066.99999969825
20.6999999966472,1014.00000177696
20.5,1076.0000013411
20.4999999899417,1115.99999336153
20.400000013411,1050.00000885129
20.4999999932945,1036.00000093877
20.4,1051.0
20.5,1073.99999658018
20.5,1023.00000683963
20.5999999899417,1075.99999466911
20.6999999966472,1081.99999979883
20.7000000033528,1049.99999882653
20.8000000201166,1015.00000221282
20.9999999731779,1036.99999704957
21.0999999932945,1081.99999698251
21.2,1048.0
21.2,1032.99999792129
21.2,1002.00000415742
21.1000000100583,1044.99999567494
20.9000000067055,1023.00000073761
21.0999999932945,1019.99999859184
20.8999999899417,978.000008247791
20.800000013411,1059.99998900295
21.4999999530613,1031.0000019446
22.0,1012.0
22.300000013411,1014.99999577552
22.4999999731779,952.000008448957
22.5999999899417,978.999997284263
22.6999999966472,935.000001475215
21.799999929592,883.999993462115
19.6999998390675,688.999991148712
18.1000002145767,601.000011801717
16.9000000804663,550.000003419817
16.2,546.0
15.8999999798834,529.000000737607
15.6000000402331,539.999998524785
15.7999999798834,541.999999798834
15.6000000067055,550.999999698251
15.3,552.000000201166
15.2999999899417,557.999998793006
15.200000013411,546.000001609325
14.9000000201166,552.999999530613
14.7,541.0
14.3999999932945,544.999999798834
14.300000013411,542.000000402331
14.0000000301749,525.000001709908
14.0,542.999999396503
14.2,528.999999530613
14.2000000301748,515.000003520399
14.4999999597669,549.999995306135
14.7999999798834,539.000000737607
14.8,523.0
14.8,528.999999798834
14.8,526.000000402331
14.8999999899417,534.999999094754
14.8000000033528,526.000000301749
14.8000000033528,542.999999396503
14.8999999899417,525.000000100583
14.800000013411,525.99999986589
14.8999999932945,536.999999262392
14.7,539.0
14.7999999932945,526.000000938773
14.700000013411,539.999998122454
14.6000000100583,541.999999798834
14.6999999966472,532.000000335276
14.6000000067055,528.000000100583
14.8000001206994,530.999998591841
15.9999998390675,517.000001877546
16.4999999664724,527.999999262392
17.1,518.0
17.300000013411,520.0
17.4999999731779,520.0
17.5999999899417,524.999999497086
17.7999999932945,520.000000167638
17.8000000033528,524.999999899417
17.9,522.00000070408
17.9,528.999999061227
17.700000013411,521.000000536442
17.8,528.0
17.599999986589,526.000000335276
17.4000000268221,530.999999329448
17.4,532.999999798834
17.1000000100583,535.999999899417
17.0000000067055,526.000000435859
17.2,538.999998088926
17.2,520.000002548098
17.5999999731779,520.0
18.5,658.0
19.4000000469386,730.000005230307
20.0999999061227,807.999989539387
20.6999999396503,905.999990142881
21.099999986589,1043.99999537319
21.4000000100583,952.000001609326
21.7000000402331,1000.00000372156
22.0999999463558,1036.99999503791
22.1,1036.00000006706
22.1,1021.0
22.3,1017.00000033528
22.3,1021.99999932945
22.3999999899417,1085.9999935627
22.4,1056.00000100583
22.4,1026.00000137463
22.4000000201166,1066.99999597669
22.5999999731779,1027.00000536442
22.6,1009.00000120699
22.6,985.0
22.499999986589,1008.99999718368
22.3000000268221,967.000005632638
22.2000000100583,1031.99999346212
22.2,1108.99999741837
22.0,1131.99999909475
22.0,1104.99999909475
22.0,1096.00000120699
21.9000000067055,1063.00000221282
21.9,1049.0
21.799999986589,1020.99999899417
21.6000000268221,1006.00000201166
21.5000000100583,968.000003822148
21.4000000033528,1028.99999795482
21.3999999966472,909.00000083819
21.2999999899417,933.999999899417
21.200000013411,933.00000013411
21.2999999932945,889.00000295043
21.3,896.0
21.2000000067055,918.000007040797
21.299999986589,1022.99998591841
21.3,1155.99998662248
21.5999999899417,1029.00000425801
21.7,1059.99999912828
21.7000000100583,1033.99999577552
21.799999986589,992.000005632638
21.8999999932945,985.000000469387
21.9,998.0
21.9999999932945,990.000001072883
21.900000013411,1005.99999785423
21.8000000100583,1027.99999778718
21.8,981.000001575798
21.8999999966472,995.999999061227
21.8,968.000002011656
21.8,987.999997317792
21.8999999932945,1026.99999738485
21.8,1073.0
21.8999999932945,1054.99999785423
21.800000013411,1023.00000429153
21.8,1009.00000140816
21.8,990.000000637025
21.7999999966472,955.000003688038
21.7000000201166,1065.00000492856
21.8999999731779,1113.99999342859
21.8000000067055,1070.00000295043
21.8,1036.0
21.700000013411,1011.99999932945
21.8999999731779,1002.0000013411
21.8000000100583,993.000000905246
21.9999999932945,987.000000201166
21.9999999966472,1070.00000368804
21.9000000201166,1179.99999124929
22.0999999731779,1093.00001166761
22.1,1051.00000281632
22.3,1031.0
22.2,1008.99999738485
22.2,970.000005230307
22.2999999899417,1036.99999326095
22.3999999966472,1163.99999574199
22.4,1063.99999896064
22.4,1032.99999698252
22.4,1003.00000402331
22.4999999932945,915.00000590086
22.5,989.0
22.6,1084.00000214577
22.6,1115.99999570847
22.5000000100583,1031.00000854954
22.5,943.00000295043
22.2999999966472,966.000000167638
22.1999999798834,970.999996278436
22.0000000268221,934.000004962086
21.9000000067055,1063.99999128282
21.8,1141.0
21.800000013411,1199.99999483675
21.9999999731779,1123.0000103265
22.0999999899417,1097.00000261515
22.2999999932945,1095.00000006706
22.4,1082.99999929592
22.4,1061.99999859184
22.4,1048.00000187755
22.4,1028.0000013411
22.6,1016.0
22.6000000067055,934.000006102024
22.699999986589,1024.99998779595
22.5000000201166,974.000005129725
22.4000000033528,946.000000938773
22.2999999966472,1000.00000241399
22.2,1072.00000975653
22.2,1168.99998699129
22.2,1177.9999993965
22.1,1127.0
21.9999999932945,1088.00000006706
21.900000013411,1088.99999986589
21.9,1065.00000241399
21.9,1054.0000003688
21.9000000100583,1022.99999872595
22.2000000100583,984.999998290092
22.299999986589,968.000002279877
22.3,986.999998725951
22.3,1033.0
22.2999999932945,1015.00000067055
22.200000013411,1024.9999986589
22.2999999899417,1013.00000120699
22.4999999932945,983.000001005828
22.3000000033528,974.00000154227
22.3999999899417,1019.99999979883
22.300000013411,1018.00000026822
22.3999999932945,1001.00000113994
22.2,988.0
22.4,1001.99999959767
22.4,996.000000804662
22.4,1040.99999547377
22.4,1007.00000113994
22.5,1019.99999919534
22.5,996.000001005828
22.5,1005.9999986589
22.5999999932945,980.000001743436
22.8,1006.0
22.699999986589,1083.00000093877
22.5000000268221,1096.99999812245
22.0000000502914,1061.00000362098
21.8000000067055,1030.00000103936
21.8999999932945,1003.0000006035
21.6999999798834,1021.00000271574
21.5000000268221,1047.99999637902
21.2000000201166,1025.00000154227
21.4,983.0
21.7000000067055,1050.00000107288
21.799999986589,1065.99999785423
22.0999999698251,1033.00000331923
22.2999999932945,1026.00000023469
22.4000000067055,938.000003855676
22.6000000100583,1053.00000331923
22.699999986589,1085.99999557436
22.899999986589,1063.00000154227
22.9,1072.0
23.0999999932945,1037.00000087172
23.000000013411,1049.99999825656
23.1999999798834,1023.00000271574
23.2,1033.9999996312
23.3,1130.99999815598
23.2999999899417,1075.99999738485
23.200000013411,1050.00000348687
23.2,1026.00000160933
23.3,1040.0
23.3000000067055,1128.99999751896
23.399999986589,1092.00000496209
23.4,1056.00000362098
23.4,1064.99999969825
23.5000000033528,1037.99999959767
23.5999999899417,1026.00000885129
23.500000013411,1113.99998819828
23.5999999932945,1111.00000020117
23.7,1104.0
23.599999986589,1101.99999725074
23.4000000268221,1061.00000549853
23.5999999798834,1036.00000251457
23.6999999966472,1124.99999701604
23.8000000100583,1113.99999986589
24.1,1109.99999305979
24.1,1041.00000925362
24.299999986589,1013.00000187755
24.7,1042.0
24.9000000067055,1092.00000207871
24.999999986589,1122.99999584258
25.0999999899417,1166.99999557435
25.1,1141.00000087172
24.9999999832362,1127.99999989942
24.5,1124.99999778718
24.5,1103.00000295043
24.4000000067055,1077.00000174344
24.6,1102.0
24.4,1170.00000147521
24.4,1191.99999704957
24.3000000100583,1147.00000452623
24.2000000033528,1113.00000113994
24.2000000067055,1077.9999996312
24.3999999899417,1066.99999899417
24.300000013411,1057.0000013411
24.100000013411,1110.99999637902
24.0,1122.0
24.0,1143.00000020117
24.0,1145.99999959767
23.9000000100583,1115.00000311807
23.8000000033528,1074.00000137463
23.5999999932945,1037.00000056997
23.3999999899417,1054.00000402331
23.300000013411,1093.99999463558
23.100000013411,1158.99999564141
22.8,1113.0
22.699999986589,1122.99999678135
22.5000000268221,1075.0000064373
22.5999999899417,1055.00000201166
22.5000000033528,1044.0000003688
22.6999999966472,1033.99999909475
22.5999999899417,1007.00000040233
22.500000013411,1010.99999946356
22.5999999932945,1117.99999282509
22.4,1093.0
22.399999986589,1086.99999825656
22.2000000268221,1061.00000348687
22.2,1042.00000191107
22.0000000067055,1020.00000073761
21.8,1024.99999959767
21.7999999899417,1013.00000362098
21.700000013411,1048.99999517202
21.500000013411,1031.00000120699
21.5,1027.0
21.3,1000.00000033528
21.3,1004.99999932945
21.5999999698251,985.000002011657
21.8999999899417,969.000000536442
21.0999999497086,933.999995406717
19.5999998893589,796.999985214326
18.5000001475215,650.000019714232
17.2000000871718,594.000003755093
16.5,608.0
16.4999999932945,595.000000804662
16.400000013411,606.999998390675
16.3000000100583,605.000000201166
16.3,604.000000033528
15.8999999932945,599.999999597669
15.6999999597669,587.999999798834
15.3000000536442,586.000000268221
15.0000000201166,584.00000013411
14.8,582.0
14.5999999798834,556.000000536442
14.3000000402331,563.999998927117
14.2000000100583,561.000000301749
13.800000013411,556.000000167638
13.8,541.999999932945
13.7999999899417,540.00000070408
13.700000013411,546.999999061227
13.7999999932945,528.000001274049
13.7,523.0
13.7000000067055,509.000000402331
13.799999986589,514.999999195338
13.6000000201166,522.999999195337
13.999999986589,514.000000301749
14.0000000033528,518.000000067055
14.0999999798834,519.999999698252
13.9000000268221,517.000000402331
13.8000000067055,495.000001475215
13.9,501.0
13.9,500.000000536442
13.9,507.999998927117
13.8000000100583,512.999999497086
13.9999999932945,506.000000234693
14.1000000167638,504.000000167638
14.6000001206994,508.999998793006
15.7999998390675,497.000001609325
16.5999999463558,485.000000804663
17.2,477.0
17.7000000402331,482.000000536442
18.2999999195337,489.999998927117
18.4999999798834,481.000000905246
18.5999999966472,492.999999597669
18.9000000234693,493.000001341105
19.6000001005828,533.000015992668
20.5999998658896,691.999978676443
21.4999999396503,812.999991886317
22.1,843.0
22.4000000268221,835.000004023313
22.7999999463558,894.999991953375
23.0999999698251,1049.99998440966
23.2999999932945,1066.99999943003
23.3,1066.99999932945
23.2999999798834,1046.99999678135
23.1000000268221,1015.00000429153
23.1,1016.99999986589
23.0,998.0
22.9999999932945,976.0
22.900000013411,976.0
22.9,1121.9999853149
22.8000000033528,1138.99999943003
22.8,1127.00000020117
22.7999999798834,1132.99999466911
22.6000000268221,1080.00000710785
22.5000000067055,1080.0
22.4,1080.0
22.3999999932945,1043.99999892712
22.300000013411,1028.00000214577
22.1000000201166,1020.00000080466
22.0500000016764,1022.99999989942
22.0000000033528,1025.99999882653
22.1,990.999998893589
22.1,980.000001475215
22.1,995.999998927116
21.9,1053.0
22.099999986589,1065.99999932945
21.9000000268221,1056.0000013411
21.9,1036.00000201166
21.8000000033528,1074.99999869242
21.8999999932945,1040.99999949709
21.7,1025.99999839068
21.7,1010.00000214577
21.7999999932945,991.000001274049
21.7,966.0
21.6999999932945,966.999998927117
21.600000013411,951.000002145767
21.6999999899417,958.999999195337
21.5000000067055,926.000001106411
21.7999999932945,867.999999798834
21.6,862.000003419816
21.6,895.999995440246
21.6999999932945,884.000000804663
21.8,874.0
21.8,897.00000321865
21.8,944.9999935627
21.8999999899417,1036.99999074638
21.9,1121.99999715015
21.9000000033528,1200.99999886006
22.0000000100583,1167.00000110641
22.099999986589,1177.99999852479
22.0000000067055,1147.00000207871
22.1,1130.0
22.1,1113.99999953061
22.1,1107.00000093877
22.1,1092.00000150874
22.1999999966472,1058.00000113994
22.2000000033528,1041.99999839067
22.3,994.000000603497
22.3,999.999999195337
22.3,1003.99999973178
22.4,972.0
22.600000013411,1070.00000818074
22.7999999731779,1191.99998363853
22.8,1109.00000834838
22.8,1062.0000015758
22.8999999899417,1015.00000026822
22.6,1022.99999748543
22.6,998.000003352761
22.400000013411,966.000002145767
22.3,967.0
22.399999986589,951.000004291534
22.2000000268221,1014.99999141693
22.1000000100583,1068.99999456853
22.1,1122.99999818951
22.1,1215.99999879301
22.0999999899417,1179.99999949709
22.000000013411,1175.00000067055
22.0,1149.00000174344
22.0,1119.0
21.9999999932945,1124.99999671429
21.900000013411,1076.00000657141
21.9999999899417,1070.0000006035
22.0,1049.00000070408
22.0999999966472,1026.99999979883
22.0000000201166,1020.99999849126
22.1999999731779,1006.00000201166
22.2999999932945,988.000001206994
22.4,977.0
22.400000013411,1025.00000784546
22.5999999731779,1141.99998430908
22.7999999798834,1108.00000341982
22.8999999966472,1053.00000184402
22.9999999932945,1047.9999980554
22.7999999798834,989.999999899417
22.6000000268221,989.00000013411
22.400000013411,982.000000469387
22.2,979.0
22.3,988.000004291534
22.3,1051.99999141693
22.2000000100583,1146.99999044463
22.1000000033528,1168.99999926239
22.1,1169.99999829009
22.1,1118.99999839067
22.1,1103.00000214577
22.1999999932945,1070.00000221282
22.1,1073.0
22.1999999932945,1070.99999785423
22.100000013411,1039.00000429153
22.0000000100583,1012.00000271574
22.0,995.00000056997
22.0999999966472,997.999998826533
22.0,963.000003118067
22.0,993.999995842577
22.0999999932945,1036.99999711663
22.2,1095.0
22.2000000067055,1058.99999852479
22.299999986589,1037.00000295043
22.3999999899417,1014.00000231341
22.6999999899417,1001.00000043586
22.7000000033528,997.999998994172
22.8,967.999998793006
22.8,956.000001609325
22.600000013411,927.000001944602
22.4,1004.0
22.3999999932945,1109.00000623613
22.300000013411,1201.99998752773
22.3,1186.00000160933
22.2000000033528,1138.00000160933
22.2999999932945,1132.99999889359
22.1,1099.99999889359
22.1,1089.00000147521
22.1,1086.00000020117
22.0,1053.0
22.0000000067055,1031.99999932945
22.099999986589,1022.0000013411
22.1,984.000003822148
22.1,984.999999966472
22.2000000033528,906.000004056841
22.3000000100583,1027.00002373754
22.399999986589,1262.99996834994
22.4999999932945,1150.00000757724
22.6,1137.0
22.7000000201166,1092.99999912828
22.9999999597669,1080.00000174344
22.9000000100583,1070.00000100583
23.0999999932945,1054.00000053644
22.599999986589,1074.99999922886
22.2000000100583,1051.99999788776
22.299999986589,1031.00000281632
22.3,963.000004559756
22.0,1005.0
22.4000000067055,1006.99999919534
22.499999986589,995.000001609325
22.6999999798834,1000.9999993965
22.9999999899417,1033.99999889359
23.2,1023.00000016764
23.2000000100583,1027.99999698252
23.299999986589,998.000004023313
23.3999999932945,1032.99999765307
23.5,1076.0
23.400000013411,1026.99999892712
23.5999999731779,1011.00000214577
23.3000000301749,1030.99999798834
23.3,1104.99999751896
23.2999999966472,1064.99999896064
23.2,1033.99999778718
23.2,1012.00000295043
23.2,1063.99999651313
23.1,1074.0
22.9999999932945,1051.99999879301
22.900000013411,1034.00000241399
22.8000000100583,1023.00000110641
22.7000000033528,1040.9999993965
22.5000000033528,1101.99999929592
22.6000000100583,1080.99999678135
22.699999986589,1049.00000429153
22.7,1036.00000087172
22.8,1013.0
22.7999999932945,1043.00000348687
22.700000013411,1094.99999302626
22.7,1067.00000281632
22.7,1052.00000050291
22.8000000100583,1025.99999896064
23.1000000100583,995.000004123896
23.199999986589,1035.99999450147
23.4999999798834,1097.99999584258
23.5,1077.0
23.5,1041.99999899417
23.5,1027.00000201166
23.5,1127.99998984113
23.4000000033528,1122.00000020117
23.2999999966472,1081.9999990277
23.2,1052.99999829009
23.2,1036.00000227988
23.2,1028.00000053644
23.1,1136.0
23.1,1144.99999624491
23.1,1089.00000751018
23.1,1067.00000221282
23.1,1053.00000046939
23.0999999932945,1025.00000113994
22.8999999899417,1059.00000271574
22.800000013411,1085.99999637902
22.8,1091.99999959767
22.7,1084.0
22.699999986589,1031.99999973178
22.5000000268221,1028.00000053644
22.5,1003.00000251457
22.5,1073.99999761954
22.5999999966472,1094.99999993294
22.5,1092.99999929592
22.5,1086.00000093877
22.300000013411,1038.00000321865
22.2,1028.0
22.3,1028.00000073761
22.3,1038.99999852479
22.1000000201166,1020.00000191107
22.1,1030.9999996312
22.0999999932945,1046.99999875948
21.9,1009.99999989942
21.9,1009.00000013411
21.8000000067055,1047.99999738485
21.8,1089.0
21.8,1088.99999765307
21.8,1054.00000469386
21.7000000100583,1047.00000070408
21.7,1047.99999996647
21.5000000033528,1030.9999990277
21.5999999899417,1001.99999959767
21.500000013411,998.000000536442
21.5,1098.99999322742
21.8,1075.0
22.0,1058.0
22.0,1058.0
22.0,1037.00000211224
22.399999986589,1027.00000033528
21.4999999564141,979.999994669109
20.1999998893589,820.999990645798
19.1000001475215,728.000012472269
18.6000000335276,728.0
17.9,708.0
17.499999986589,734.999998927117
17.3000000268221,719.000002145767
17.2000000100583,713.000000603497
17.0000000067055,719.999999765307
16.7999999932945,725.000002380461
16.5999999899417,795.999993965031
16.500000013411,736.000008046625
16.300000013411,749.999999061227
16.4,775.0
16.199999986589,716.000001072883
16.0000000268221,731.999997854233
16.0,795.999993562698
15.9000000033528,736.000002011657
15.8999999966472,802.99999775365
15.7999999899417,736.00000321865
15.700000013411,767.999995708466
15.6000000067055,735.000002212823
15.7,799.0
15.500000013411,723.000005565583
15.6999999731779,805.999988868835
15.7999999899417,783.000002313406
15.7000000033528,792.999999664724
15.5999999899417,796.999999329448
15.2999999798834,776.999991752209
15.1000000268221,695.000010997055
14.900000013411,743.999996714294
14.4,666.0
14.2000000067055,626.999998658896
14.299999986589,607.000002682208
14.7999999497086,570.000003721565
16.6999999362975,547.000000771135
17.9000000301749,527.999999564141
18.8000000804663,515.000001911073
19.5999998927117,533.999997451902
20.3999999463558,636.999993093311
20.8,880.0
21.2000000268221,778.000007107852
21.5999999463558,883.999985784295
21.9999999597669,964.99999185279
22.0999999966472,1009.99999849126
22.3000000100583,965.000003486872
22.6000000100583,1068.99999758601
22.699999986589,1045.00000321865
22.7999999932945,998.000003151596
22.8,1041.0
22.9,979.0
22.9,979.0
22.8000000100583,992.99999859184
22.7000000033528,1063.99999761954
22.5999999966472,1077.00000067055
22.4999999899417,1097.00000050291
22.400000013411,1101.99999932945
22.3000000067055,1076.00000174344
22.2,1069.0
22.0999999932945,1051.9999986589
22.000000013411,1032.00000268221
21.8000000201166,1012.00000201166
21.8,1019.99999973178
21.6999999966472,988.999999664724
21.6,979.000000502914
21.6,983.999999329448
21.6,1030.9999968484
21.5,1119.0
21.5,1112.99999798834
21.5,1083.00000402331
21.5,1054.0000029169
21.6499999949709,1044.00000033528
21.8000000067055,1033.99999922886
22.0000000100583,1010.99999899417
22.099999986589,1001.0000013411
22.1999999932945,984.000001139939
22.2,995.0
22.2999999932945,1103.00000087172
22.200000013411,1115.99999825656
22.2999999899417,1067.00000492856
22.3,1042.00000083819
22.3000000033528,1025.99999849126
22.3999999798834,981.000001408159
22.2000000268221,994.999998122454
22.2999999932945,1011.99999886006
22.5,982.0
22.3,976.000000469386
22.3,982.999999061227
22.3,972.000001106411
22.3,943.000000972301
22.3,934.999999228865
22.3,911.999998189509
22.3,894.000002413988
22.2000000067055,902.999999396503
22.2,929.0
22.1999999932945,1001.00000610202
22.100000013411,1091.99998779595
22.2999999798834,1037.00000553206
22.2000000033528,1016.00000070408
22.0000000033528,1012.99999966472
22.0999999798834,1003.00000040233
21.9000000268221,1006.99999946356
21.9999999932945,973.000002279878
22.0,1010.0
22.0,1024.99999845773
22.0,1002.00000308454
22.0999999899417,1001.00000010058
22.1,994.000000234693
22.0999999966472,1027.00000311807
22.0,1119.99999466911
22.0,1067.00000710785
22.0,1027.00000268221
22.1,1031.0
22.0,1019.99999899417
22.0,1005.00000201166
22.0,987.000001810491
21.9000000033528,984.000000100583
21.9,1148.99999560788
21.9,1018.00000050291
21.9,1022.99999932945
21.9,1013.00000067055
22.0,987.0
22.0000000067055,974.00000140816
22.099999986589,994.999997183681
22.1,1127.99998662248
22.1,1065.00000211224
22.2000000033528,1022.99999956414
22.3000000100583,1010.00000050291
22.399999986589,1014.99999932945
22.4,990.000001676381
22.4,1041.0
22.4000000067055,1155.99999336153
22.499999986589,1057.00001327693
22.5,1050.00000070408
22.5,1015.00000117347
22.5999999966472,1006.99999919534
22.5000000100583,983.000005129724
22.599999986589,1033.99999316037
22.400000013411,1012.00000147522
22.3,979.0
22.1999999932945,996.000001139939
22.100000013411,1012.99999772012
22.0000000100583,1079.99999326095
22.0,1078.00000006706
22.0999999932945,1047.99999979883
21.9000000201166,1041.9999958761
22.0999999731779,1001.00000549853
22.1,1013.99999912828
22.2,991.0
22.3000000067055,960.000001810491
22.399999986589,986.999996379019
22.4999999899417,1090.99998953938
22.4000000033528,1102.99999959767
22.5000000033528,1070.0
22.5999999899417,1069.99999859184
22.500000013411,1056.00000187755
22.699999986589,1017.00000261515
22.6,1006.0
22.4999999932945,995.99999832362
22.400000013411,971.000003352761
22.3000000100583,977.99999929592
22.2000000033528,1006.9999990277
22.2999999932945,1121.00000093877
22.0999999899417,1148.99999949709
22.000000013411,1144.00000067055
22.0,1092.00000348687
21.9,1064.0
22.0000000067055,1038.00000100583
22.099999986589,1052.99999798834
22.1,1028.00000251457
22.1999999966472,1013.00000050291
22.3000000067055,979.000001039356
22.5000000100583,1010.00000321865
22.599999986589,1041.99999570847
22.6999999932945,1088.9999968484
22.7,1016.0
22.7,991.999999061227
22.7,978.000001877546
22.3000000402331,967.000001106411
22.4999999932945,988.999999262393
22.3999999966472,1059.00000238046
22.2999999899417,1130.00000512972
22.200000013411,1180.99999316037
22.2,1131.00000335276
22.2,1119.0
22.1000000067055,1107.99999798834
22.199999986589,1078.00000402331
22.2,1078.0
22.2,1041.00000124052
22.1,1027.99999993294
22.1000000100583,1025.99999668077
22.199999986589,993.000004425644
22.2999999932945,980.000000871718
22.3,988.0
22.599999986589,1181.99999517202
22.4000000268221,1110.00000965595
22.0000000402331,1088.00000221282
21.7000000100583,1064.00000080466
21.5999999932945,1033.99999973178
21.4000000502914,1025.9999964796
21.8999999329448,991.000004693865
22.1999999798834,1060.99999530613
22.5,1042.0
22.600000013411,1015.99999973178
22.7999999731779,1012.00000053644
23.3999999396503,1079.99999316037
23.9999999798834,1031.00000164285
24.4000000033528,1009.00000204518
24.4999999798834,1069.99999597669
24.3000000268221,1030.00000536442
24.2000000067055,1045.99999892712
24.0,1113.0
23.8999999932945,1086.99999825656
23.800000013411,1061.00000348687
23.8999999899417,1045.00000160933
23.7000000067055,1014.00000103936
23.6000000067055,1050.00000378862
23.7999999798834,1162.9999935627
23.6000000268221,1099.00000858307
23.6999999932945,1072.00000181049
23.5,1059.0
23.5000000067055,1035.99999926239
23.599999986589,1025.00000147521
23.5000000100583,1097.99999265745
23.3000000067055,1115.9999993965
23.3,1021.0000003688
23.3,1032.00000985712
23.3,1129.99998685718
23.3,1108.00000147522
23.2,1089.0
23.1000000067055,1058.99999684841
23.199999986589,1012.00000630319
23.1000000100583,1040.9999970831
23.1999999966472,1134.9999968484
23.3000000033528,1163.9999990277
23.4000000100583,1134.99999476969
23.499999986589,1083.00000697374
23.4000000067055,1060.00000154227
23.4,1053.0
23.4000000067055,1015.00000181049
23.499999986589,1041.99999637902
23.5,1061.99999798834
23.5,1183.99999590963
23.5,1205.99999859184
23.5000000201166,1163.99999808893
23.6999999731779,1145.0000025481
23.7999999932945,1083.00000415742
23.7,1060.0
23.7,1037.99999892712
23.7,1022.00000214577
23.7,1027.9999993965
23.7999999966472,1163.99999544024
23.9,1245.99999815598
23.9,1190.99999617785
23.9,1153.0000050962
23.8000000067055,1124.0000019446
23.8,1094.0
23.600000013411,1054.00000087172
23.7999999731779,1066.99999825656
23.8,1053.00000140816
23.7000000033528,1055.99999989942
23.6,1126.00000147522
23.6,1169.99999376387
23.6,1108.00000831485
23.5000000067055,1088.0000013411
23.4,1081.0
23.4000000067055,1049.99999785423
23.499999986589,1018.00000429153
23.4000000100583,998.000002011657
23.2000000067055,1088.99999694899
22.9999999966472,1135.99999996647
22.9000000100583,1134.99999698252
22.999999986589,1105.00000402331
22.9000000067055,1091.00000093877
22.7,1073.0
22.5,1055.99999825656
22.5,1030.00000348687
22.3000000201166,1009.00000211224
22.3,1025.99999943003
22.0999999966472,1080.00000016764
21.9999999899417,1084.99999879301
21.900000013411,1073.00000160933
21.8000000067055,1039.00000227988
21.7,1050.0
21.5,1014.00000154227
21.5,1036.99999691546
21.1000000402331,1000.00000372157
20.6000000167638,1020.99999929592
19.5999999798834,1008.99999829009
18.9999999396503,958.000002313405
18.4000000804663,980.99999691546
18.200000013411,962.000001274049
17.8,968.0
17.599999986589,971.000000402331
17.4000000268221,976.999999195337
17.1000000301749,958.000001911074
16.9000000067055,967.999999664724
16.6999999966472,968.000000268221
16.5999999899417,976.00000070408
16.500000013411,982.999999061227
16.300000013411,989.999999530613
16.3,958.0
16.1999999932945,971.999999195338
16.100000013411,960.000001609325
16.1,935.000002514571
16.1,935.999999966472
16.2,927.000000637025
16.2,945.999999899417
16.2,945.00000013411
16.2,921.000001609326
16.3,918.0
16.2999999932945,921.000000536442
16.200000013411,928.999998927117
16.1000000100583,913.000001609326
16.0000000033528,931.999999362975
15.799999986589,920.999999061227
15.3999999798834,892.999993059786
15.2000000268221,824.000009253619
14.7000000335276,777.000003151596
14.6,752.0
14.499999986589,726.999998725951
14.3000000268221,708.000002548098
14.3,697.000001106411
14.3999999966472,646.000001709908
14.4000000335276,646.000001341105
15.4000001206994,686.00000140816
16.5999998390675,699.999998122454
18.2999998860061,694.000000402331
19.6,677.0
20.6000000469387,774.000008650122
21.2999999061227,902.999982699755
21.8999999396503,1000.99999014288
22.3999999832362,987.000000469387
22.7000000067055,984.000001575798
22.9000000402331,1031.00000221282
23.2999999463558,1052.99999704957
23.3,1048.00000033528
23.4,1011.0
23.3999999798834,1002.99999953061
23.1000000402331,996.000000938773
23.0000000100583,1005.99999899417
22.9000000033528,1014.99999969825
22.7999999966472,1064.99999922886
22.7,1041.99999879301
22.7,1030.00000160933
22.6000000067055,1016.00000093877
22.7,994.0
22.4,977.000001475215
22.4,998.999997049571
22.3000000100583,990.000000905246
22.1000000067055,1033.99999852479
22.0999999899417,1028.99999869242
21.8000000100583,989.999999899417
21.899999986589,989.00000013411
21.6000000201166,974.000001005828
21.7,994.0
21.5999999932945,1070.00000241399
21.500000013411,1105.99999517202
21.5,1065.0000041239
21.4500000016764,1052.00000043586
21.3999999966472,1039.00000020117
21.2999999899417,1044.99999637902
21.200000013411,1009.00000482798
21.2,1017.9999993965
21.1,1007.0
20.9999999932945,988.999997451902
20.900000013411,951.000005096196
20.9,1063.99998863414
20.9,1012.00000174344
20.9000000033528,1032.99999993294
21.0000000100583,1030.99999788776
21.099999986589,1010.00000281632
21.299999986589,992.000001206994
21.4,989.0
21.400000013411,986.999998725951
21.5999999731779,968.000002548098
21.6999999899417,951.000001709908
21.7,916.000001173467
21.8000000033528,891.999999966472
21.9000000100583,890.999998189509
21.999999986589,873.000002413988
22.0,880.999999463558
21.9,963.0
22.0,989.000002749264
22.0,1029.99999450147
22.0,1069.99999597669
22.0,1045.00000083819
22.0000000033528,1048.00000006706
22.0999999899417,1049.99999808893
22.000000013411,1031.0000025481
22.0999999932945,996.000002346933
22.0,1027.0
22.0,988.000000469387
22.0,994.999999061227
21.9000000100583,1006.99999879301
21.9999999966472,1051.99999849126
21.9999999966472,999.999999329448
21.9,980.000007342546
21.9,1052.99999020994
21.9,1025.00000187755
21.9,992.0
21.9000000067055,985.000003486871
21.999999986589,1036.99999302626
21.9000000100583,987.000005029142
21.9,1013.99999909475
21.9000000033528,1110.99999731779
21.9999999798834,1030.99999899417
21.8000000268221,1021.0000013411
21.8,1021.0
21.8,1015.0
21.8,996.000002413988
21.8,1031.99999517202
21.8,1063.99999678135
21.8,1039.00000083819
21.6000000067055,1008.99999932945
21.8,988.999997887761
21.8,968.000002816319
21.7000000067055,1109.99999047816
21.6,1081.0
21.7000000067055,1017.00000026822
21.799999986589,1020.99999946356
21.7000000100583,1013.00000080466
21.7,993.000000670552
21.7000000033528,980.000003118068
21.7999999899417,1073.00000462681
21.700000013411,1118.99999383092
21.7,1018.00000677258
21.8,996.0
21.8,1027.99999785423
21.8,996.000004291534
21.8,968.00000281632
21.8999999966472,1066.99999668077
21.8000000033528,1127.99999641255
21.8999999899417,1021.00000100583
21.800000013411,1030.9999986589
21.999999986589,1003.00000187755
21.9,990.0
22.0000000067055,977.000007711349
22.099999986589,1091.9999845773
22.0000000100583,1111.99999798834
22.0999999966472,1007.0000035204
22.1,1013.99999969825
22.1,1004.99999879301
22.1,993.000001609325
22.1,1044.99999651313
22.3,1013.0
22.3,958.000007107852
22.3,1063.9999857843
22.3,1144.99999185279
22.3,1060.00000284985
22.3,1050.99999899417
22.3000000100583,1020.99999698252
22.399999986589,991.000004023313
22.3000000067055,949.00000281632
22.4,1032.0
22.4,1114.99999342859
22.4,1017.00001314282
22.4999999899417,984.000003319234
22.4000000033528,971.000000435859
22.5,1101.99999872595
22.5000000100583,1063.99999265745
22.599999986589,991.000009790061
22.6,988.000000201166
22.6,984.0
22.6999999932945,1021.00000409037
22.600000013411,1081.99999181926
22.6999999899417,1000.00000824779
22.7,1005.99999979883
22.6000000067055,1008.99999889359
22.7999999899417,976.000000301748
22.700000013411,978.999999597669
22.7999999932945,1069.99999389797
22.9,1095.0
22.8,1014.99999872595
22.8,996.000002548098
22.8,980.000001609326
22.9999999932945,1024.99999849126
22.9,1063.99999829009
22.9,1012.99999818951
22.9,995.000002413988
22.9,1022.99999812245
23.0,1028.0
23.1,998.999998860061
23.1,982.000002279877
23.2999999798834,1064.99999165162
23.3,1069.99999983236
23.1999999932945,1025.99999889359
22.9999999497086,993.000003520399
22.5000000670552,1027.99999530614
22.5,1000.00000187755
22.8,983.0
22.8999999798834,1027.00000476092
22.6000000402331,1097.99999047816
22.7999999798834,1045.00000533089
23.199999986589,1026.00000063702
23.6000000067055,1016.99999869242
23.8000000100583,978.000003721564
23.899999986589,1014.99999503791
23.9,1053.99999738485
23.9,1011.0
23.8,1014.99999966472
23.8,1010.00000067055
23.8,1040.99999688193
23.7000000033528,1033.00000026822
23.6,1002.99999973178
23.5999999798834,995.000005934386
23.4000000268221,1053.99999208749
23.4,1085.99999785423
23.3,1061.0
23.2,1053.99999785423
23.2,1022.00000429153
23.1000000100583,992.000003017485
23.1999999966472,1024.99999889359
23.1999999966472,1090.99999936298
23.1,1071.99999557436
23.1,1028.00000590086
23.0000000067055,998.000002011657
22.9,1065.0
22.700000013411,1099.99999872595
22.8999999731779,1081.0000025481
22.6000000301749,1072.00000090525
22.8999999899417,1021.00000170991
22.8,1072.99999916181
22.7999999899417,1047.9999993965
22.700000013411,1042.00000080466
22.7999999932945,1042.99999993294
22.7,1013.0
22.6,1056.0
22.6,1056.0
22.6,1038.00000181049
22.6999999966472,1037.00000003353
22.5,1013.00000251457
22.4999999899417,1087.99999949709
22.400000013411,1083.00000067055
22.4,1053.00000201166
22.5,1029.0
22.4,1016.0
22.4,1016.0
22.3000000100583,1079.9999935627
22.3,1084.99999983236
22.3999999966472,1024.9999986589
22.3,985.000005532055
22.3,1039.99999262393
22.3,1037.00000020117
22.2,1017.0
22.2000000067055,1009.00000107288
22.299999986589,1024.99999785423
22.3,1027.99999969825
22.3,1026.00000006706
22.2999999966472,1005.00000003353
22.2000000100583,1006.00000040233
22.299999986589,1009.99999946356
22.3,990.000001341105
22.3,1055.0
22.2000000067055,1071.99999839068
22.299999986589,1048.00000321865
22.2000000100583,1031.00000170991
22.1000000033528,1018.00000043586
22.0999999966472,1017.00000003353
22.0000000201166,1017.99999959767
22.1999999731779,1014.00000053644
22.000000013411,982.000002145767
21.9,1037.0
22.0,1057.99999879301
22.0,1040.00000241399
22.0,1013.00000271574
21.9000000033528,993.000000670552
21.7999999966472,995.000000871718
21.6999999798834,1021.00000633672
21.5000000268221,1083.99999155104
21.5,1071.00000087172
21.9,1059.0
22.3000000201166,1039.99999886006
22.5999999597669,1023.00000227988
22.6,1031.99999909475
22.3000000100583,1013.00000063702
21.2999999798834,999.000000737607
20.6999999195337,1020.99999859184
19.9000001072883,1007.00000187755
19.1000000536442,1010.99999973178
18.8,1028.0
18.3999999731779,1022.99999959767
18.0000000536442,1017.00000080466
17.8000000201166,1041.99999748543
17.8,1010.00000107288
17.5999999966472,1026.00000020117
17.4999999899417,1031.9999976866
17.400000013411,1009.00000308454
17.4999999932945,1007.00000013411
17.5,1023.0
17.399999986589,1032.99999879301
17.2000000268221,1015.00000241399
17.2,1024.99999899417
17.1000000033528,1025.99999996647
17.0999999966472,992.999999597669
16.9999999899417,981.000000100583
16.900000013411,981.99999986589
16.6000000201166,902.000005364418
16.1,882.0
15.8999999731779,829.99999845773
15.5000000536442,807.00000308454
15.6999999798834,791.000001609326
15.6000000033528,791.0
15.8,773.999998524785
15.8,730.000007946043
15.8,808.999989405277
15.8,786.00000154227
15.8,789.0
15.8000000201166,779.999999396503
16.0999999597669,771.000001206994
17.1999998893589,687.000008448959
17.8999999765307,645.00000140816
18.400000013411,622.999999262393
18.8000000402331,601.000002313405
19.1999999463558,623.99999691546
19.5999999731779,583.000002749264
19.9,566.0
20.2000000201166,856.999986857179
20.4999999597669,661.000026285643
20.6999999798834,867.999979179351
20.8999999932945,1112.99999178573
21.2,823.000009287149
21.2000000201166,1100.00000784546
21.3999999731779,1177.99998953939
21.6999999798834,952.000015154482
21.7,1121.0
21.8,1335.99998337031
21.8,1088.00003325939
21.9999999798834,1028.00000603497
22.0999999966472,1015.00000043586
22.1000000033528,993.000001274049
22.1999999899417,1031.00001247227
22.100000013411,1154.99998337031
22.3999999798834,1045.00000737608
22.7,1020.0
22.5000000067055,989.999999061227
22.599999986589,976.000001877546
22.6999999899417,1000.99999748543
22.7,1138.99999537319
22.7000000067055,1217.99999644607
22.8999999899417,1111.99999426678
22.800000013411,1055.00000764429
22.8,1032.00000154227
22.9,1020.0
23.0,997.999999463558
23.0,990.000001072883
23.0999999899417,978.000001206994
23.1,1057.99999731779
23.1000000033528,1137.99999688193
23.1999999698252,1044.99999446795
22.9000000402331,990.000007376073
22.8000000067055,1021.99999785423
22.7,1036.0
22.5,1031.99999899417
22.5,1017.00000201166
22.5999999899417,1017.0
22.4000000067055,1000.00000056997
22.4,992.000000603497
22.4000000100583,1009.99999607727
22.499999986589,971.000005230306
22.5999999932945,1017.9999968484
22.7,1190.0
22.7000000067055,1248.99999148399
22.799999986589,1122.00001703202
22.8,1061.00000613555
22.8999999966472,1061.0
23.0,1024.99999929592
23.0000000100583,1003.99999889359
23.099999986589,993.000001475215
23.1,989.000000268221
23.0,967.0
22.9999999932945,979.999998658896
22.900000013411,960.000002682208
22.7000000201166,972.999998692423
22.6000000033528,1017.99999849126
22.5000000033528,1089.00000268221
22.5999999899417,1169.00000261515
22.500000013411,1194.99999651313
22.5999999932945,1181.00000093877
22.5,1184.0
22.7000000201166,1170.0
22.9999999597669,1170.0
23.0,1168.00000020117
23.0,1139.0000009723
23.2,1119.99999879301
23.1999999899417,1083.99999869242
23.100000013411,1071.00000174344
23.1999999932945,1049.00000147522
23.1,1026.0
22.999999986589,1012.99999886006
22.8000000268221,996.000002279877
22.8,998.999999698251
22.8,1010.99999959767
22.6999999966472,1044.99999909475
22.6,1017.9999993965
22.6,1012.00000080466
22.400000013411,1007.00000033528
22.5,1010.0
22.4999999932945,986.999999463558
22.400000013411,979.000001072883
22.3000000100583,1010.99999678135
22.3999999966472,1011.0
22.6000000033528,1017.00000073761
22.7000000201166,1039.00000040233
22.8999999731779,1042.99999946356
22.9,1011.00000214577
23.1,1002.0
23.2,997.999998725951
23.2,979.000002548098
23.2999999899417,988.999998994172
23.2000000033528,980.000000301749
22.9,1014.00000046939
22.8999999698252,1028.00000523031
22.6000000402331,1079.99999302626
22.6999999932945,1107.99999812245
22.4,1108.0
22.4999999932945,1081.99999932945
22.400000013411,1072.0000013411
22.4,1042.00000301749
22.3000000033528,1036.00000020117
22.3,1019.99999953061
22.3000000100583,1006.00000040233
22.399999986589,1009.99999946356
22.4,988.000001475215
22.7,974.0
22.600000013411,1028.00000932067
22.7999999731779,1166.99998135865
22.8999999899417,1176.99999899417
22.9,1041.00000455976
23.0999999932945,1022.00000013411
22.9000000100583,1025.99999909475
22.999999986589,1017.00000120699
23.0,990.000001810491
22.8,960.0
22.900000013411,977.000000536442
23.0999999731779,984.999998927117
23.0000000100583,1122.99998611957
23.0,1119.00000013411
23.0999999899417,1043.99999936298
22.7999999899417,1025.00000130758
22.700000013411,1037.99999825656
22.500000013411,1026.00000080466
22.4,1016.0
22.300000013411,1017.99999946356
22.4999999731779,1010.00000107288
22.2000000301749,982.00000281632
22.2,982.0
22.4,1077.99999875948
22.4,1040.99999567494
22.4,998.000005766748
22.4,999.99999986589
22.6,998.0
22.5000000067055,981.000005699693
22.599999986589,1065.99998860061
22.6999999899417,1125.99999396503
22.7,1037.00000298396
22.8,993.000000234693
22.8,999.99999678135
22.8,968.000004291534
22.8,1042.99999497086
22.8,1120.0
22.8000000067055,1064.99999590963
22.899999986589,1004.00000818074
22.9,976.00000281632
22.9999999966472,1028.99999822304
22.9000000033528,1130.9999968484
22.9999999899417,1036.99999859184
22.900000013411,1023.00000187755
22.9999999932945,981.00000281632
23.0,1000.0
23.1,1073.9999941662
23.1,987.000011667607
23.1,967.000002011657
22.9000000067055,970.99999986589
22.8999999932945,1007.00000231341
22.7,1076.00000623613
22.7,1137.99999168515
22.3000000268221,1182.99999698251
22.0,1167.0
21.8999999932945,1152.99999859184
21.800000013411,1132.00000281632
21.5000000301749,1127.00000050291
21.5999999966472,1086.00000137463
21.6000000067055,1085.99999886006
21.8000000100583,1051.99999517202
21.899999986589,1004.0000064373
22.099999986589,1003.00000006706
22.1,993.0
22.2000000067055,1014.00000442564
22.299999986589,1079.99999114871
22.3,1061.00000191107
22.2000000033528,1056.00000016764
22.3,1020.00000033528
22.3000000100583,1029.99999879301
22.399999986589,1018.00000160933
22.4999999932945,1019.99999986589
22.3,1064.0
22.5,1079.99999839067
22.5,1056.00000321865
22.4000000100583,1030.00000261515
22.3000000033528,1035.99999979883
22.0999999966472,1080.00000010058
22.0,1082.99999728426
22.0,1056.00000362098
22.0999999932945,1026.00000201166
22.2,1025.0
22.4,1010.00000529736
22.4,1088.99998940528
22.4,1076.00000130758
22.4,1065.0000003688
22.3999999932945,1020.99999986589
22.2,1017.00000533089
22.2,1069.99999289215
22.1000000067055,1082.99999912828
22.4,1045.0
22.3999999932945,1022.99999886006
22.300000013411,1006.00000227988
22.2000000100583,1037.99999678135
22.2999999966472,1088.99999829009
22.3000000067055,1082.99999936298
22.5,1063.99999829009
22.5,1047.00000227988
22.5999999932945,1028.00000127405
22.5,1011.0
22.500000013411,1061.00000073761
22.6999999731779,1071.99999852479
22.6000000100583,1061.00000110641
22.5000000033528,1037.00000080466
22.3999999966472,1044.99999922886
22.3,1022.0000006035
22.3,1027.99999919534
22.499999986589,1060.99999778718
22.4,1037.0
22.3000000067055,1035.99999798834
22.399999986589,1006.00000402331
22.3000000100583,1028.99999768659
22.3,1077.99999835715
22.2000000033528,1038.99999993294
22.3,1037.0000006035
22.3,1042.99999919534
22.3,988.000003688038
22.3,1036.0
22.3,1058.99999845773
22.3,1036.00000308454
22.2000000100583,1011.00000251457
22.2999999966472,998.000000435859
22.3,995.000002212823
22.3,1060.99999979883
22.3,1059.00000026822
22.2000000067055,1010.00000328571
22.3,1000.0
22.1,1027.99999544025
22.1,960.000009119509
22.1,1017.9999941662
22.0000000033528,1069.99999825656
22.2000000067055,1052.99999943003
22.3999999899417,1035.99999899417
22.300000013411,1026.0000013411
21.8000000335276,985.000002749264
21.8,990.0
22.3,970.999999731779
22.3,967.000000536442
22.1000000201166,940.000002715737
22.1,962.999999228865
21.3999999731779,955.999999664724
20.5999999195337,946.00000070408
19.8000001072883,952.999999061227
19.1000000469387,962.999999329448
18.6,939.0
18.1,954.00000013411
18.1,955.999999731779
17.7000000402331,951.000000502914
17.6000000033528,945.000000201166
17.4999999899417,939.000000033528
17.2,940.000000603497
,
,
,
,
,
,
,
,
,
,
,
,
,
,
,
,
,
,
,
15.5000000059605,786.000000648201
15.4,780.0
15.6000000871718,762.999998189509
16.8999998256565,736.000003620981
17.9999998893589,633.000010360033
18.7999999731779,724.999996915459
19.3000000167638,691.999996881932
19.8000000402331,598.999998994172
20.1999999463558,589.000001341104
20.5999999731779,583.000000402331
21.0,569.0
21.2000000268221,852.999989405277
21.5999999463558,695.000021189447
21.7999999798834,921.999977167694
21.8,1080.99999466911
22.1000000033528,960.999997619539
22.2000000100583,890.000019311901
22.299999986589,1081.9999742508
22.3999999932945,1050.00000214577
22.4,1000.0
22.6000000067055,962.000009790061
22.699999986589,1107.99998041988
22.7,1173.99999336153
22.8999999932945,1088.00000288337
23.0,1058.99999855831
23.0,1015.99999929592
23.0,1009.00000093877
23.0999999932945,987.000001475215
23.1,1001.0
23.1,1049.99999564141
23.1,985.000008717177
22.8000000301749,1006.99999778718
22.7000000033528,1006.00000003353
22.6,1041.99999993294
22.5999999899417,1040.00000130758
22.500000013411,1052.99999825656
22.699999986589,1071.99999872595
22.5,1036.0
22.400000013411,1027.99999892712
22.5999999731779,1012.00000214577
22.6999999899417,1010.00000020117
22.8999999932945,999.50000035204
23.0999999966472,989.0
23.0000000100583,989.000002112239
23.099999986589,1009.99999718368
23.1,1031.99999852479
23.2,1018.0
23.0999999932945,941.999999128282
23.000000013411,929.000001743436
22.8000000201166,1005.99999225512
22.6000000067055,1013.99999973178
22.4999999966472,1120.00000006706
22.3999999899417,1122.00000211224
22.300000013411,1142.99999718368
22.3,1199.99999617785
22.4,1206.0
22.400000013411,1184.99999839068
22.5999999731779,1161.00000321865
22.6999999899417,1163.99999969825
22.8999999932945,1136.00000093877
23.0000000033528,1087.00000087172
23.1,1112.99999577552
23.1,1071.00000563264
23.0000000067055,1059.00000080466
23.0,1040.0
22.9,1043.99999738485
22.9,1005.00000523031
22.8000000100583,987.000001810491
22.7000000033528,968.000000637025
22.8,971.000000771135
22.7999999899417,994.000000905245
22.700000013411,1002.99999879301
22.7999999932945,1006.99999973178
22.9,1098.0
22.900000013411,1164.99999986589
23.0999999731779,1163.00000026822
23.0000000100583,1134.0000029169
23.1999999932945,1121.00000043586
23.1000000033528,1107.99999862537
23.1999999798834,1067.0000006035
23.0000000268221,1072.99999919534
22.9000000067055,1051.00000147522
22.8,1023.0
22.899999986589,1026.99999792129
22.7000000268221,996.000004157423
22.7,971.000002514571
22.6000000033528,967.00000013411
22.5999999932945,982.000000335276
22.4000000100583,992.000008348374
22.499999986589,1074.99998886883
22.5,1094.9999986589
22.6,1115.0
22.7000000067055,1107.99999839067
22.799999986589,1084.00000321865
22.8999999899417,1072.00000120699
22.9999999966472,1061.0000003688
23.0000000033528,1045.99999946356
23.1000000100583,1029.99999818951
23.199999986589,1012.00000241399
23.2999999932945,1002.00000067055
23.2,987.0
22.9999999932945,937.999999262393
22.900000013411,927.000001475215
22.7000000201166,978.999994769692
22.8999999932945,1033.99999815598
22.6,1076.00000170991
22.6,1127.00000512972
22.6,1177.99999316037
22.6999999932945,1145.00000221282
22.6,1138.0
22.6,1128.9999986589
22.6,1109.00000268221
22.6999999899417,1084.00000251457
22.8999999932945,1034.00000167638
22.9000000067055,1068.99999896064
23.1000000100583,1037.99999829009
23.199999986589,1021.00000227988
23.2,989.000002145767
23.2,970.0
23.1999999932945,954.0
23.100000013411,954.0
22.8000000301749,990.999996278435
22.8999999966472,1041.99999829009
22.8,1111.00000137463
22.7999999899417,1152.00000331923
22.700000013411,1184.99999557436
22.6000000067055,1138.0000031516
22.7,1133.0
22.7,1098.99999839068
22.7,1075.00000321865
22.7,1065.00000100583
22.7,1034.00000103936
22.8,1021.00000016764
22.7999999899417,1025.99999798834
22.700000013411,1006.00000268221
22.7,983.00000154227
22.7,965.0
22.7999999932945,982.00000308454
22.700000013411,1027.99999383092
22.8999999798834,1127.99998994172
22.9,1115.00000043586
23.2,1127.00000073761
23.2000000201166,1148.99999718368
23.3999999731779,1121.00000375509
23.4,1126.99999959767
23.5,1077.0
23.6000000067055,1070.99999899417
23.699999986589,1056.00000201166
23.7999999899417,1056.0
23.5000000100583,1016.0000013411
23.3999999966472,1001.99999922886
23.2999999899417,978.999999899417
23.200000013411,978.00000013411
23.1000000067055,1017.99999731779
23.1,1041.0
23.1999999932945,1067.00000053644
23.100000013411,1074.99999892712
23.1,1117.99999567494
23.1,1081.00000124052
23.1000000033528,1070.9999986589
23.2000000201166,1030.99999979883
23.3999999731779,1029.00000026822
23.4999999932945,1009.0000013411
23.6,1011.0
23.8000000067055,976.999999932945
23.899999986589,976.00000013411
23.8000000100583,1019.99999557435
23.7000000033528,973.000001575798
23.5999999966472,1036.00000020117
23.5,1042.0
23.5,1042.0
23.4000000067055,1080.99999738485
23.4,1072.0
22.899999986589,1061.99999886006
22.7000000268221,1045.00000227988
22.6000000100583,1048.99999959767
22.1000000167638,1026.00000077114
21.6999999899417,1008.99999889359
21.3999999698252,976.000009756533
21.1000000402331,1072.99998699129
21.1999999932945,1056.00000113994
21.2,1029.0
21.300000013411,1014.99999832362
21.4999999731779,990.000003352761
21.4000000100583,1004.99999849126
21.4,1047.99999855831
21.5000000033528,1041.9999990277
21.6000000100583,1012.99999859184
21.699999986589,999.000001877546
21.7999999932945,1036.9999974519
22.0,995.0
22.1000000067055,993.000007309018
22.199999986589,1101.99998538196
22.2,1065.00000372157
22.3999999932945,1088.99999919534
22.4,1060.99999845773
22.4000000100583,1014.99999949709
22.499999986589,1010.00000067055
22.5999999932945,1048.99999738485
22.5,1103.0
22.5,1069.99999959767
22.5,1064.00000080466
22.5999999899417,1042.00000221282
22.4000000067055,1026.00000053644
22.6,1009.00000251457
22.5999999899417,1083.99999929592
22.500000013411,1077.00000093877
22.5,1052.00000167638
22.5,1039.0
22.5,1000.0000038892
22.5,1057.9999922216
22.5,1095.99999617785
22.5999999966472,1076.00000067055
22.4999999932945,1055.99999896064
22.3,1024.99999919534
22.3,1017.00000107288
22.3,1025.9999993965
22.3,1010.0
22.3999999932945,1005.00000804663
22.300000013411,1124.99998390675
22.3,1108.00000170991
22.3,1098.00000033528
22.2000000033528,1072.99999892712
22.3,1040.99999688193
22.3,1010.00000415742
22.3,982.000001877546
22.4,1059.0
22.3000000067055,1061.99999798834
22.399999986589,1032.00000402331
22.2000000201166,1016.00000160933
22.2,1016.0
22.2000000067055,1060.99999932945
22.3999999899417,1040.99999969825
22.300000013411,1038.00000040233
22.3,1020.00000120699
22.3,995.0
22.3,1021.00000476092
22.3,1091.99999047816
22.3,1077.00000150874
22.3,1079.99999989942
22.2000000033528,1057.99999919534
22.2999999899417,1033.99999879301
22.200000013411,1022.00000160933
22.2999999932945,991.000002078712
22.4,1042.0
22.3999999932945,1041.99999906123
22.300000013411,1028.00000187755
22.3,1025.00000030175
22.3,1025.0
22.1,984.000001911074
22.1000000100583,1040.99999989942
22.199999986589,1040.00000013411
22.5999999731779,1016.00000160933
22.9,1010.0
23.2000000067055,1003.99999912828
23.299999986589,991.000001743436
23.2000000100583,956.0000035204
22.9000000100583,948.000000268221
21.8999999832362,988.999999497086
21.3999999094755,974.000001911074
20.5000001206994,992.999997451902
19.8000000469387,976.000001139939
19.3,981.0
18.999999986589,974.000000402331
18.8000000268221,979.999999195337
18.5000000301749,1003.99999758601
18.2000000100583,983.00000070408
17.8999999966472,995.0
17.7999999698252,994.999998994172
17.5000000402331,985.000001341104
17.4000000067055,1000.99999892712
17.1,985.0
16.999999986589,978.000002145767
16.8000000268221,1009.99999570847
16.6000000201166,1007.00000030175
16.5000000033528,959.000001609326
16.3999999966472,971.999998860061
16.3,937.999996379019
16.3,902.000004827975
16.8999999597669,893.000000603497
18.1,854.0
18.8000000268221,823.999999731779
19.1999999463558,820.000000536442
19.7999999396503,790.000003017485
20.199999986589,854.999997820705
20.6000000100583,1072.99999423325
20.9000000201166,901.000018708404
21.0999999731779,1086.99997505546
21.299999986589,1155.99999537319
21.5,1040.0
21.7000000201166,967.999999061227
21.9999999597669,954.000001877546
22.1999999798834,1160.99997917935
22.2999999966472,1223.99999788776
22.4000000067055,1118.9999984242
22.6000000201166,1071.99999597669
22.7999999731779,1032.00000536442
22.8,1030.00000013411
22.9,1003.0
23.0000000067055,997.999997921288
23.099999986589,967.000004157423
23.1,1004.99999617785
23.1,1179.99999413267
23.2,1287.99999731779
23.2000000100583,1207.99999084696
23.299999986589,1117.00001220405
23.3,1081.00000241399
23.3,1044.0
23.3999999932945,1036.99999798834
23.300000013411,1007.00000402331
23.3999999899417,992.000001508743
23.4999999966472,979.000000435859
23.5999999966472,974.000001743436
23.5,1026.00001166761
23.5,1141.99998444319
23.4000000067055,1145.99999973178
23.2,1089.0
23.0999999932945,1045.0
23.000000013411,1045.0
22.9000000100583,1055.99999889359
23.0999999932945,1048.00000026822
23.2000000033528,1046.99999886006
23.3,1013.00000181049
23.3,1030.99999758601
23.3999999932945,985.00000308454
23.4,984.0
23.5,1018.00000657141
23.5,1115.99998685718
23.5999999899417,1156.9999958761
23.5000000033528,1173.99999943003
23.4999999966472,1144.99999738485
23.3999999899417,1066.9999970831
23.300000013411,1038.0000038892
23.2000000067055,1050.99999912828
23.1,1000.0
23.0999999932945,1011.99999919534
23.000000013411,1000.00000160933
23.0,1000.99999989942
23.0999999966472,987.000000469387
23.2,1010.99999892712
23.2000000100583,979.000000603497
23.299999986589,984.999999195337
23.3999999932945,1069.99999430031
23.4,1153.0
23.5,1213.9999949038
23.5,1138.00001019239
23.5999999899417,1093.00000452623
23.6,1063.00000100583
23.5999999966472,1046.99999929592
23.4999999798834,1025.99999698252
23.3000000268221,996.000004023313
23.2000000067055,1000.99999966472
23.1,996.0
23.1,978.000000067055
23.1,978.99999986589
23.0000000100583,1020.99999577552
23.0,1063.99999855831
23.2000000033528,1075.00000174344
23.2999999899417,1126.99999567494
23.200000013411,1084.00000576675
23.399999986589,1054.00000201166
23.5,1052.0
23.400000013411,1024.99999986589
23.5999999731779,1023.00000026822
23.6,1026.99999959767
23.7999999932945,979.000001609326
23.4999999932945,968.000000469387
23.2999999899417,982.000001408159
23.200000013411,995.999998122454
23.2,1042.9999968484
23.1,1089.0
23.0999999932945,1136.00000013411
23.000000013411,1137.99999973178
23.0,1142.99999949709
23.0,1099.00000147522
23.1,1108.99999983236
23.1000000100583,1103.99999959767
23.199999986589,1100.00000053644
23.2999999932945,1070.00000201166
23.3,1069.0
23.4999999932945,1006.99999892712
23.400000013411,991.000002145767
23.5999999798834,991.999999899417
23.5000000033528,961.000001039356
23.5,1000.00000056997
23.4999999798834,1017.00000543147
23.3000000268221,1070.99999275804
23.3,1020.00000341982
23.2,1047.0
23.1,1065.0
23.1,1065.0
23.1999999899417,1065.99999989942
23.1000000033528,1055.0000003688
23.3000000033528,1031.99999996647
23.4,1030.99999919534
23.4,1023.00000107288
23.4999999932945,998.000001676381
23.6,957.0
23.4000000201166,978.000003352761
23.6999999597669,1027.99999329448
23.6000000100583,1075.99999517202
23.6,1067.00000030175
23.7999999932945,1044.00000083819
23.5999999899417,1068.99999829009
23.500000013411,1052.00000227988
23.5,1063.99999919534
23.6,1055.0
23.5,1022.99999946356
23.5,1015.00000107288
23.4000000100583,1010.00000050291
23.4,989.00000070408
23.3999999966472,993.000000234693
23.2999999899417,1000.0000029169
23.200000013411,1028.9999961108
23.2999999932945,1047.99999872595
23.3,1061.0
23.2,1055.99999912828
23.2,1043.00000174344
23.1000000100583,1049.99999929592
23.1,1043.00000023469
23.1,1005.99999976531
23.1,998.999996580184
23.1,965.000004559754
23.0000000067055,977.999999128282
23.0,998.0
23.1,1027.0000025481
23.1,1064.9999949038
23.1,1124.99999396503
23.1,1115.00000033528
23.3000000033528,1096.99999936298
23.4000000100583,1077.99999748543
23.499999986589,1053.00000335276
23.5,1060.99999946356
23.6,1039.0
23.500000013411,1006.99999986589
23.6999999731779,1005.00000026822
23.5000000201166,992.000001307577
23.5999999966472,991.000000033528
23.4,960.000000167638
23.3999999899417,965.000006739049
23.300000013411,1031.9999910146
23.3,1090.99999604374
23.2,1144.0
23.2999999932945,1168.99999845773
23.200000013411,1146.00000308454
23.2,1124.00000221282
23.2,1111.00000043586
23.1,1080.99999936298
23.0999999899417,1062.00000010058
23.000000013411,1062.99999986589
23.199999986589,1033.00000201166
23.3,1034.0
23.5,995.999999195338
23.5,984.000001609325
23.6999999798834,1008.99999748543
23.7,976.000001106411
23.9,977.99999986589
23.9,974.000000804663
23.9,981.999998927117
23.4000000335276,1103.99999181926
22.9,1283.0
22.899999986589,1277.00000140816
22.7000000268221,1297.99999718368
22.4000000301749,1271.00000271574
22.4,1209.00000207871
22.3999999966472,1196.9999990277
22.3000000201166,1167.9999970831
22.4999999731779,1139.0000038892
22.4000000067055,1089.00000335276
22.6,1109.0
22.5000000067055,1063.99999892712
22.599999986589,1048.00000214577
22.6,1009.00000392273
22.6,1028.99999932945
22.6,1120.99999892712
22.6000000100583,1088.99999748543
22.699999986589,1064.00000335276
22.7999999932945,1042.00000147522
22.8,1011.0
22.7000000067055,1038.00000502914
22.799999986589,1112.99998994172
22.8,1100.00000130758
22.8,1059.00000137463
22.7999999932945,1029.00000083819
22.5999999899417,1054.00000764429
22.500000013411,1129.99998980761
22.7999999798834,1115.00000100583
22.9,1094.0
22.8999999932945,1049.99999872595
22.800000013411,1031.0000025481
22.8999999899417,1010.00000211224
22.9,1038.9999990277
22.9,1093.99999966472
22.8999999899417,1084.00000050291
22.800000013411,1088.99999932945
22.7000000067055,1031.0000038892
22.6,1042.0
22.799999986589,1026.99999812245
22.6000000268221,999.000003755092
22.5000000100583,1014.99999839067
22.5,1126.99999624491
22.4999999966472,1104.9999990277
22.4,1075.9999993965
22.4,1070.00000080466
22.3000000067055,1048.00000147522
22.3,1034.0
22.3,1022.99999919534
22.3,1011.00000160933
22.3,984.000002715737
22.3,1006.99999922886
22.2,1075.99999969825
22.2000000100583,1066.99999808893
22.299999986589,1048.0000025481
22.3,1022.00000174344
22.3,1032.0
22.2,994.99999986589
22.2,993.000000268221
22.2,1088.99999034405
22.2999999966472,1067.00000073761
22.2999999966472,1048.99999943003
22.2,1031.9999976866
22.2,1009.00000308454
22.2,1000.0000006035
22.3,1018.0
22.3,1087.00000006706
22.3,1087.99999986589
22.2000000100583,1054.00000341982
22.2,1058.99999983236
22.3,1038.00000006706
22.3,1039.99999527261
22.3,993.00000630319
22.3,1013.99999859184
22.2,1080.0
22.399999986589,1066.99999765307
22.2000000268221,1032.00000469386
22.0000000201166,1021.00000110641
22.0999999966472,992.000000972301
21.8999999932945,1017.00000224635
21.6999999798834,1083.99999678135
21.5000000268221,1052.00000429153
21.300000013411,1023.0000019446
21.2,1010.0
21.2000000268221,1010.99999678135
21.5999999463558,963.0000064373
21.9999999597669,991.999997083098
21.7000000100583,1020.9999990277
20.6999999430031,927.999992020428
18.9999998994172,689.999996580184
18.0000001341104,656.000004559754
17.5000000335276,652.000000268221
17.3,655.0
17.099999986589,716.999996043743
16.9000000268221,658.000007912515
16.8000000100583,666.999999094754
16.400000013411,727.999997954816
16.4,660.000002212823
16.3999999698252,725.999999597669
16.1000000402331,722.000000536442
16.1,736.999998994172
16.1,668.0
16.1000000067055,754.999998793006
16.199999986589,737.000002413988
16.7999999396503,710.000002715737
17.8999999631196,714.999999832362
18.6000000167638,919.999999262393
19.1000000301748,898.000012874601
19.3999999597669,1025.99998283387
19.599999986589,931.000006370247
19.9,1222.0
20.1000000201166,957.00002058595
20.3999999597669,1263.9999588281
20.4,1054.0000211224
20.6999999899417,995.000001978129
20.8000000100583,1118.9999980554
21.1000000100583,1060.99999537319
21.199999986589,1015.00000616908
21.2999999932945,991.000001609326
21.4,979.0
21.500000013411,1161.99999047816
21.6999999731779,1020.00001904368
21.7999999899417,991.000002916903
21.8,1328.99998866767
21.8,1036.99999822304
21.8000000100583,983.999999497086
21.899999986589,979.000000670552
21.8000000067055,1161.99998772889
21.9,993.0
21.9,1001.99999959767
21.9,996.000000804662
21.9999999899417,1052.99999426678
22.0,992.000002045185
22.1,990.00000070408
22.1,1011.00000895187
22.1,1099.99998806417
22.299999986589,1115.99999892712
22.4,1065.0
22.4,1027.99999899417
22.4,1013.00000201166
22.4,1000.00000130758
22.4,971.000000972301
22.5000000033528,960.000002682209
22.5999999798834,1040.0000099577
22.4000000268221,1138.99998672307
22.4999999932945,1125.00000093877
22.4,1040.0
22.4,1003.99999959767
22.4,998.000000804663
22.4,969.000002916903
22.4,1080.99999624491
22.3999999966472,1168.9999996312
22.3,1157.99999255687
22.3,1084.00000992417
22.2000000067055,1058.00000174344
22.3,1048.0
22.3,1028.00000006706
22.3,1028.99999986589
22.2000000100583,977.000005230308
22.2,1027.99999829009
22.3,1031.99999969825
22.3,1022.99999678135
22.3,991.000004291534
22.2000000067055,989.00000013411
22.3,1059.0
22.3,1202.99999282509
22.3,1096.00001434982
22.3,1030.00000663847
22.3,1046.99999943003
22.4000000033528,1025.99999889359
22.4999999899417,992.999999698251
22.400000013411,990.000000402331
22.4,1047.9999961108
22.5,1015.0
22.4,970.999999061227
22.4,957.000001877546
22.3000000100583,944.000001307577
22.3,933.000000368804
22.3000000033528,909.999998625368
22.3999999899417,869.000000502914
22.300000013411,873.999999329448
22.3999999932945,879.999999597669
22.3,852.0
22.4,971.000012874601
22.4,1162.9999742508
22.5999999798834,1226.9999935627
22.6,1114.00000378862
22.6000000033528,1058.99999896064
22.7,1027.99999728426
22.7,1001.00000362098
22.7,1000.00000006706
22.7,980.0
22.9999999932945,1010.00000603497
22.900000013411,1099.99998793006
22.9,1150.99999487028
22.9,1133.0000006035
22.9000000033528,1070.99999956414
23.0,1057.99999627844
23.0,1021.00000496209
23.0,993.000001877546
23.1,973.0
23.000000013411,1012.00000181049
23.1999999731779,1038.99999637902
23.1000000100583,1139.99998984113
23.1999999966472,1097.00000144169
23.1000000033528,1060.99999926239
23.1999999798834,1038.99999607727
23.0000000268221,1000.00000523031
23.2999999798834,978.000001475215
23.1,976.0
23.2000000067055,1002.00000435859
23.299999986589,1066.99999128282
23.3,1175.99998903647
23.3,1130.00000154227
23.3,1079.9999990277
23.3000000100583,1050.99999818951
23.399999986589,1033.00000241399
23.3000000067055,1010.00000154227
23.3,995.0
23.4,989.0
23.4,989.0
23.4,1045.99999426678
23.4,1098.99999822304
23.4000000033528,1052.99999882653
23.5,1017.99999929592
23.5,1011.00000093877
23.4000000067055,994.000001139939
23.5,988.0
23.3,983.000002883374
23.3,1025.99999423325
23.3999999899417,1020.0000006035
23.2000000067055,984.000001206994
23.3,992.000000100583
23.3000000100583,995.000002212822
23.399999986589,1016.99999704957
23.3000000067055,1012.00000033528
23.4,992.0
23.300000013411,969.000002011656
23.4999999731779,998.999995976687
23.3000000201166,1049.99999487027
23.3,1142.99999688193
23.4000000033528,1174.99999761954
23.4999999899417,1103.99999597669
23.400000013411,1064.00000536442
23.4999999932945,1042.00000147522
23.5,1016.0
23.499999986589,1012.99999872595
23.3000000268221,994.000002548098
23.3999999899417,993.000000100583
23.3000000033528,982.000000368804
23.3999999966472,1023.00000113994
23.3000000201166,1057.00000020117
23.4999999731779,1058.99999973178
23.5,1022.00000248104
23.5,983.0
23.5,971.000001072883
23.5,986.999997854233
23.4000000100583,1066.99999195337
23.4,1086.99999932945
23.4,1068.99999932945
23.3999999899417,1049.0000035204
23.300000013411,1083.99999530614
23.3,1044.00000268221
23.4,1031.0
23.4,1036.99999825656
23.4,1011.00000348687
23.4,996.000001508743
23.5999999932945,984.000000402331
23.6,962.000000502914
23.5999999899417,977.000004827975
23.500000013411,1024.9999935627
23.300000013411,951.000004962087
23.2,1037.0
23.1000000067055,1092.00000409037
23.199999986589,1152.99999181926
23.1000000100583,1180.99999718368
23.1,1190.99999966472
23.1000000033528,1144.00000010058
23.2000000100583,1146.9999970831
23.299999986589,1118.0000038892
23.3999999932945,1115.00000020117
23.3,1109.0
23.5,1082.00000080466
23.5,1093.99999839068
23.6999999798834,1104.99999889359
23.7,1064.00000137463
23.7,1074.99999892712
23.6999999597669,1042.99999607727
23.3000000536442,1004.00000523031
23.3999999932945,965.000002615154
23.4,927.0
23.3,963.000001005828
23.3,977.999997988344
23.3,1048.99999285862
23.2000000033528,1140.99999691546
23.4,1149.00000063702
23.3999999698252,1168.00000030175
23.1000000402331,1170.99999959767
22.900000013411,1147.00000160933
22.7,1136.0
22.4999999664724,1126.99999912828
22.0000000670552,1114.00000174344
21.9000000100583,1072.00000422448
21.6000000100583,1054.0000006035
21.6,1049.99999966472
21.5999999899417,1039.99999849126
21.500000013411,1025.00000201166
21.5,996.000001944602
21.5,1003.0
21.7000000067055,1043.99999966472
21.799999986589,1039.00000067055
21.7000000100583,1023.00000160933
21.7,1045.99999922886
21.6,1035.99999916181
21.6000000402331,1011.00000502914
21.9999999463558,1060.99999329448
22.199999986589,1101.99999725074
22.2,1095.0
22.2000000067055,1045.99999953061
22.299999986589,1039.00000093877
22.3,1031.00000080466
22.3999999966472,1011.00000067055
22.6000000033528,1009.00000217929
22.7,1073.9999964796
22.7,1039.00000469386
22.7999999932945,1007.00000214577
22.8,1018.0
22.9000000067055,1072.99999919534
22.999999986589,1061.00000160933
22.9000000100583,1050.00000110641
22.8000000033528,1029.00000070408
22.7999999966472,1016.00000345334
22.6999999899417,1119.00000010058
22.600000013411,1119.99999986589
22.6,1088.00000214577
22.5,1082.0
22.4999999932945,1064.99999792129
22.400000013411,1034.00000415742
22.4,1021.00000130758
22.4,1035.99999949709
22.2999999966472,1038.9999990277
22.1999999798834,1010.00000512972
22.0000000268221,1060.99999316037
21.9000000067055,1039.00000147522
22.0,1020.0
22.0000000067055,1015.99999825656
22.099999986589,990.000003486871
22.1,1049.99999396503
22.1,1036.00000046939
22.0,1030.9999996312
22.0,1019.99999778718
22.0,998.000002950429
22.0999999932945,1051.99999637902
22.0,1043.0
22.0999999932945,1041.99999892712
22.000000013411,1026.00000214577
22.0999999899417,996.000003017485
22.1,1005.99999966472
22.1,1013.99999983236
22.1000000100583,1008.99999969825
22.199999986589,1006.00000040233
22.2999999932945,978.000001877546
22.3,1080.0
22.399999986589,1063.99999986589
22.2000000268221,1062.00000026822
22.3999999798834,1039.00000231341
22.4,1032.00000023469
22.3,1017.00000016764
22.3,1021.99999597669
22.3,982.000005364417
22.3,1044.99999577552
22.3,1025.0
22.2999999932945,1020.99999792129
22.200000013411,990.000004157423
22.1000000100583,1001.99999879301
22.1,1025.99999919534
22.1999999966472,1009.99999936298
22.1,991.000002212822
22.1,1012.99999704957
22.0000000067055,1064.99999651313
21.9,1028.0
21.9999999932945,1027.9999980554
21.900000013411,999.000003889202
21.9,1003.99999949709
21.9,1020.99999943003
21.8,1014.99999896064
21.7999999899417,984.000004827975
21.700000013411,1031.9999935627
21.7999999932945,1062.99999792129
21.7,1056.0
21.8,1049.99999906123
21.8,1036.00000187755
22.5999999195337,1028.00000080466
22.7999999932945,1021.00000023469
23.0000000033528,1005.99999943003
23.1,988.99999537319
23.1,943.000006169079
23.1,953.999999262392
23.2,1025.0
23.3,1070.00000536442
23.3,1149.99998927117
23.3,1205.99999436736
23.3999999966472,1238.99999889359
23.4,1240.99999862537
23.4,1199.99999738485
23.4,1174.00000348687
23.4,1168.00000040233
23.5,1194.0
23.4000000067055,1144.99999879301
23.499999986589,1127.00000241399
23.5,1086.0000041239
23.5999999966472,1090.99999983236
23.5000000067055,1046.00000023469
23.6999999899417,1052.99999919534
23.600000013411,1045.00000107288
23.6,1039.00000040233
23.5,1016.0
23.7,1001.99999839067
23.7,978.00000321865
23.6000000100583,987.999998994172
23.6,1030.99999855831
23.6,1087.99999912828
23.6,1062.00000221282
23.6,1083.99999704957
23.6,1054.00000201166
23.5,1023.0
23.499999986589,1049.99999879301
23.3000000268221,1032.00000241399
23.4999999798834,1044.99999869242
23.4000000033528,1087.99999855831
23.4000000033528,1021.99999949709
23.5,1007.00000160933
23.5,1022.99999785423
23.4000000067055,1048.99999825656
23.5,1041.0
23.200000013411,983.000003956258
23.3999999731779,1041.99999208749
23.3000000100583,1015.00000271574
23.3999999966472,968.000001575798
23.4,971.000001676381
23.4,1020.99999688193
23.4,990.000004157423
23.4,1121.99999114871
23.3,1066.0
23.4,1055.99999852479
23.4,1034.00000295043
23.4999999899417,1052.99999808893
23.5,1016.00000124052
23.6,984.000000737608
23.6000000100583,1005.99999979883
23.699999986589,1004.00000026822
23.7999999932945,983.00000140816
23.8,1002.0
23.8,1041.99999872595
23.8,1023.0000025481
23.8,1071.99999507144
23.8,1032.0000013411
23.8,1033.00000013411
23.8,1036.99999748543
23.8,1012.00000335276
23.7000000067055,1001.00000073761
23.8,966.0
23.8,1008.99999926239
23.8,998.000001475215
23.7000000100583,1011.99999859184
23.8999999932945,990.000000737608
23.8999999966472,961.999999027699
23.8000000100583,932.999997887761
23.899999986589,912.000002816319
23.9,897.000001005828
23.9,914.0
24.0,948.000002615153
24.0,986.999994769694
23.9000000100583,999.999998692423
23.8000000033528,1048.99999835715
23.9999999966472,1042.00000010058
23.9000000100583,1045.00000241399
23.999999986589,1068.99999678135
24.0,1058.00000073761
24.0,1048.0
24.0000000067055,1059.99999886006
24.099999986589,1043.00000227988
24.0000000100583,998.000004526228
24.0,1004.99999976531
24.1000000033528,987.000000771135
24.2,1009.99999678135
24.2,978.000004291534
24.2999999932945,979.99999986589
24.4,980.0
24.2000000067055,1044.99999993294
24.299999986589,1044.00000013411
24.1000000201166,1069.99999738485
24.1999999966472,1094.99999916181
24.1,1081.0
24.0999999899417,1080.99999798834
24.000000013411,1061.00000268221
24.0999999932945,1071.99999926239
24.1,1051.0
24.099999986589,1032.99999785423
23.9000000268221,1001.00000429153
24.0999999798834,1008.99999919534
24.0000000033528,992.00000056997
23.9999999966472,977.000001743436
23.8999999899417,1028.9999976866
23.800000013411,1006.00000308454
23.999999986589,1000.00000040233
24.0,1045.0
23.900000013411,996.00000013411
24.0999999731779,997.999999731779
23.9000000201166,987.000001106411
23.9999999966472,981.000000201166
24.1,1000.00000100583
24.1000000100583,1030.00000150874
24.199999986589,1044.99999798834
23.9000000201166,1021.00000160933
23.8,988.0
23.7,985.000000536442
23.7,992.999998927117
23.7,989.000000402331
23.7,1017.9999990277
23.8,1050.9999993965
23.8000000100583,1032.99999818951
23.899999986589,1015.00000241399
23.9,1017.99999979883
23.9,1006.0
23.9999999932945,985.000001005828
23.900000013411,999.999997988344
23.9999999899417,1003.99999959767
24.0,1004.0
23.9,1017.00000013411
23.9000000100583,1021.00000241399
23.999999986589,1044.99999678135
24.0999999932945,1020.00000167638
24.0,1003.0
24.0999999932945,990.999999396503
24.000000013411,982.000001206994
23.9000000100583,963.000001911074
23.8000000033528,988.999999128282
23.7,995.0
23.7,995.000007443129
23.7,1068.99999007583
23.7,1051.00000120699
23.6,1071.0
23.8000000067055,1053.99999818951
23.899999986589,1027.00000362098
23.9,1048.99999778718
23.8000000033528,1006.00000144169
23.9000000033528,1003.99999973178
23.9999999899417,995.999998088927
23.900000013411,977.000002548098
23.9,1017.99999725074
23.7,1001.0
23.6999999932945,1024.99999818951
23.600000013411,998.000003620981
23.4000000201166,1016.99999808893
23.4999999966472,1021.99999983236
23.6000000067055,1009.99999872595
23.7999999899417,972.000008046625
23.700000013411,1051.99998927117
23.7999999932945,1038.00000093877
23.9,1052.0
23.8000000067055,1028.00000006706
23.899999986589,1028.99999986589
23.9,1004.00000251457
23.9,1004.0
23.8,1002.9999996312
23.7999999899417,992.0
23.700000013411,992.0
23.899999986589,1022.99999792129
23.8,1032.0
23.9,1042.99999906123
23.9,1029.00000187755
23.9,1028.00000010058
23.8000000033528,1009.00000063702
23.9,992.999998994172
23.9,963.0000064373
23.9,1026.99999141693
23.9999999932945,999.000001877546
24.0,1031.0
23.999999986589,1039.00000087172
23.8000000268221,1051.99999825656
23.8999999899417,1070.99999808893
23.8000000033528,1037.00000113994
23.9,1019.99999993294
23.9000000100583,1017.99999668077
23.999999986589,985.000004425644
23.9000000067055,1031.9999968484
23.6,1043.0
23.6999999664724,1053.99999637902
23.2000000670552,1000.00000724196
22.8000000402331,1003.99999959767
22.6000000067055,999.000000167638
22.3999999966472,1059.00000204518
22.2999999899417,1119.99999557436
22.200000013411,1076.00000590086
22.1000000067055,1056.0000013411
22.0,1037.0
22.0000000067055,1021.99999953061
22.099999986589,1015.00000093877
22.1999999899417,1036.99999778718
22.1000000033528,1047.9999996312
22.0,1036.99999869242
22.0000000201166,998.0
22.1999999731779,998.0
22.2999999932945,1003.99999959767
22.4,1005.0
22.3,1066.99999765307
22.3,1032.00000469386
22.2000000100583,1001.00000311807
22.3999999932945,982.000000637025
22.2999999966472,1028.00000046939
22.2000000100583,1042.00000120699
22.299999986589,1053.99999839068
22.100000013411,1027.00000181049
22.1,1015.0
22.1,1002.00000529736
22.1,1080.99998940528
22.2999999798834,1044.00000372157
22.3,1027.00000056997
22.5000000033528,1022.9999996312
22.6000000100583,1012.00000110641
22.699999986589,1022.99999852479
22.7,1061.99999738485
22.8,1050.0
22.8000000067055,1027.99999906123
22.899999986589,1014.00000187755
22.7000000201166,1025.99999879301
22.7999999966472,1064.99999869242
22.8,1060.99999916181
22.7999999899417,1035.99999949709
22.700000013411,1031.00000067055
22.6000000067055,1001.00000201166
22.7,989.0
23.000000013411,1054.0000006035
23.1999999731779,1062.99999879301
23.3999999798834,1050.00000130758
23.2000000067055,1021.0000009723
23.3,1065.00000117347
23.2999999899417,1099.99999637902
23.200000013411,1064.00000482798
23.2,1037.00000181049
23.2,1025.0
23.0999999932945,1032.00000033528
23.000000013411,1036.99999932945
22.9000000100583,1032.00000050291
23.0999999932945,1004.00000093877
22.9,1045.00000120699
22.9,1080.99999839068
22.9,1065.00000214577
22.9999999932945,1036.0000019446
22.9,1022.0
22.9,1001.00000187755
22.9,1028.99999624491
22.8000000100583,1006.00000231341
22.7000000033528,1077.99999758601
22.7999999966472,1126.99999862537
22.7000000100583,1085.99999889359
22.799999986589,1075.00000147521
22.8,1062.00000087172
22.7,1045.0
22.7,1053.99999892712
22.7,1038.00000214577
22.7,1021.00000170991
22.6000000033528,1027.99999976531
22.6000000033528,1071.99999879301
22.7,1036.00000120699
22.7,1047.99999839068
22.6000000067055,1063.99999892712
22.7,1031.0
22.6999999932945,1003.00000187755
22.600000013411,1030.99999624491
22.6,1091.99999386445
22.6,1104.99999956414
22.5000000033528,1070.00000020117
22.6,1075.99999658018
22.6,1042.00000455975
22.6,1026.00000107288
22.5,1030.0
20.2999999396503,718.999991416933
19.4000001206994,591.000017166134
20.2999999094754,610.999997988343
21.8999999463558,743.999995540827
22.5000000201166,665.99999943003
23.1000000301748,648.999995674939
23.3999999597669,606.000005766748
23.4999999932945,558.000003218651
23.6,531.0
23.5000000067055,502.000000067055
23.599999986589,502.99999986589
23.4000000201166,466.000003721565
23.4,460.000000201166
23.3000000167638,445.999999798834
23.8000000201166,439.999999195337
23.9999999731779,432.000001072883
24.2999999798834,441.999999329448
24.3,597.0
24.5,752.999998860061
24.5,736.000002279877
24.6999999798834,719.000001709908
24.7,961.99999185279
24.8999999966472,1152.99999547377
24.7999999396503,1017.9999812916
24.2000000804663,832.000024944539
23.8000000268221,871.999997317791
23.4,891.0
23.7,770.999997653068
23.7,736.000004693865
23.8999999798834,725.000001106411
23.8000000033528,759.999998826534
23.8,953.000002045184
23.7999999899417,1013.99999839067
23.700000013411,998.000002145767
23.7999999932945,999.99999986589
23.9,995.0
23.8000000067055,956.000004023313
23.899999986589,1015.99999195337
23.9999999899417,1048.99999668077
23.9000000033528,1048.00000003353
24.0,992.999999664724
24.0,983.00000070408
24.0,989.999999061227
24.0,1080.99999389797
24.1,1174.0
24.1,1083.99999872595
24.1,1065.0000025481
24.1999999899417,1051.00000140816
24.1000000033528,1041.00000033528
24.3,1014.99999949709
24.3,999.999999195338
24.3,992.000001072883
24.3,987.000000335276
24.3,1040.0
24.3000000067055,1101.99999590963
24.399999986589,1041.00000818074
24.3000000100583,1014.00000271574
24.3,998.000000536442
24.3000000033528,1005.99999936298
24.3999999899417,986.99999678135
24.300000013411,955.000004291534
24.3,1001.9999968484
24.3,1087.0
24.1000000067055,1137.99999704957
24.199999986589,1094.00000590086
24.2999999899417,1099.9999993965
24.1000000067055,1064.00000120699
24.2,1055.99999983236
24.2000000100583,1050.99999989942
24.299999986589,1050.00000013411
24.2000000067055,1020.00000201166
24.3,1004.0
24.3,1006.99999959767
24.3,1001.00000080466
24.3999999899417,973.00000281632
24.3000000033528,955.000000603497
24.4,966.999997619539
24.4000000100583,896.000003017484
24.499999986589,925.999995976687
24.5999999932945,913.000000871718
24.5,910.0
24.500000013411,935.000008784233
24.6999999731779,1065.99998243153
24.6000000100583,1124.99999406561
24.6,1134.99999966472
24.6,1106.99999849126
24.6,1061.99999959767
24.6,1058.00000053644
24.6,1027.00000207871
24.6,1037.0
24.5,1011.0
24.5,1011.0
24.5,982.000002916902
24.5,980.000000067055
24.5,1014.00000127405
24.5,1051.99999869242
24.5,1039.00000174344
24.2000000201166,1011.00000187755
24.1,982.0
24.0999999932945,1006.99999973178
24.000000013411,1003.00000053644
24.1999999798834,959.000004425645
24.0000000067055,962.99999986589
23.7999999966472,1010.00000365451
23.7,1118.99999899417
23.7,1109.0000013411
23.7,1083.00000174344
23.6,1097.0
23.599999986589,1082.99999812245
23.4000000268221,1055.00000375509
23.4,1028.00000271574
23.4999999966472,1029.99999993294
23.4,1008.99999909475
23.4000000201166,982.000001307577
23.5999999731779,994.999998256564
23.5000000067055,966.000001944602
23.6,963.0
23.8,1000.00000040233
23.8,1005.99999919534
23.7000000100583,1040.9999964796
23.7999999966472,1106.99999778718
23.8,1183.9999996312
23.8,1172.99999859184
23.8,1159.00000187755
23.8999999932945,1156.00000020117
23.9,1117.0
24.0,1128.99999718368
24.0,1087.00000563264
24.0,1077.00000100583
24.0,1062.00000050291
24.0,1060.9999993965
24.0000000100583,1042.99999658018
24.099999986589,1009.00000455975
24.0000000067055,1007.00000013411
24.1,971.0
24.0,956.000000268221
24.0,959.999999463558
24.0999999899417,954.000000603497
24.1,1021.99999772012
24.1999999932945,1073.0000031516
23.9999999899417,1167.0000093542
23.900000013411,1259.99998752773
23.9,1298.99999738485
23.9,1282.0
23.799999986589,1296.99999792129
23.6000000268221,1266.00000415742
23.6,1277.99999879301
23.6,1241.00000124052
23.7000000033528,1224.99999969825
23.7999999899417,1215.99999426678
23.700000013411,1159.00000764429
23.899999986589,1138.00000140816
23.9,1102.0
24.0,1095.00000020117
24.0,1097.99999959767
24.0,1089.00000090525
24.0,1061.00000093877
24.0,1035.99999989942
24.0000000100583,1032.9999970831
24.099999986589,1004.0000038892
23.900000013411,989.000001005828
23.9,987.0
24.0000000067055,986.999998994172
24.099999986589,972.000002011656
24.1999999899417,957.000001508743
24.2,966.999999664724
23.9999999932945,1023.00000368804
23.7999999798834,1133.00001830607
23.6000000268221,1314.9999755919
23.5000000067055,1419.9999929592
23.5,1362.0
23.500000013411,1290.99999979883
23.6999999731779,1288.00000040233
23.7,1230.00000583381
23.7999999966472,1218.00000040233
23.9,1201.99999909475
23.9,1174.99999818951
23.9,1157.00000241399
23.9999999932945,1140.00000113994
24.0,1127.0
24.100000013411,1103.99999953061
24.2999999731779,1097.00000093877
24.3999999899417,1076.00000211224
24.4,1049.00000090525
24.6000000067055,1053.99999912828
24.8000000100583,1027.99999788776
24.899999986589,1007.00000281632
24.9,1013.99999953061
24.6,1028.0
24.699999986589,999.000001944601
24.5000000268221,1027.9999961108
24.2000000301749,1049.99999778718
24.2,1020.00000100583
24.3,1017.99999973178
24.3000000201166,1010.00000452623
24.4999999731779,1054.99999396503
24.7999999798834,1103.99999671429
24.8,1043.0
24.8000000201166,1060.9999980554
25.0999999597669,1032.0000038892
25.3999999698251,1043.99999879301
25.5999999932945,1127.99999718368
25.8000000067055,1199.99999755248
26.0000000301748,1126.99999668077
26.2999999597669,1094.00000442564
26.3999999932945,1048.00000308454
25.9,1021.0
26.1000000268221,1026.00000516325
26.4999999463558,1102.9999896735
26.4000000100583,1094.00000090525
26.4,1130.99999875948
26.5000000067055,1062.99999956414
26.7000000100583,1049.99999487028
26.799999986589,999.000006839632
26.5000000201166,981.000001206994
26.5,1011.0
26.7999999798834,1092.00000174344
26.5000000402331,1117.99999651313
26.5999999899417,1076.00000422448
26.7999999932945,1033.00000144169
26.5999999932945,998.000001206994
26.4000000402331,1034.00000482798
26.7999999463558,1081.9999935627
26.5000000201166,1042.00000268221
26.6,1096.0
26.4,1084.99999932945
26.4,1075.0000013411
26.8999999497086,1034.0000041239
26.8000000033528,1000.00000113994
26.6999999966472,1043.00000204518
26.6000000301748,1103.99999547377
26.8999999597669,1059.00000603497
26.8000000067055,1095.99999751896
27.0,1039.0
27.0,989.999997451902
27.0,952.000005096196
26.8000000201166,913.000003922731
26.8999999966472,956.999998524785
26.4999999798834,1064.00000043586
25.8999999798834,1076.99999949709
25.7000000268221,1072.00000067055
25.6000000067055,1026.00000308454
24.7,963.0
24.700000013411,1016.99999738485
24.8999999731779,978.000005230307
24.9999999899417,965.000001307577
25.0,940.00000083819
25.199999986589,946.000002749264
24.7999999798834,1028.00000191107
24.6000000268221,1046.9999974519
24.400000013411,974.000004895032
24.1,887.0
23.899999986589,813.999996714295
23.7000000268221,765.000006571411
23.5000000201166,711.000005431474
23.3000000067055,792.999997250736
23.0999999932945,788.000000670552
22.8999999899417,807.999993361534
22.800000013411,742.000008851288
22.7000000067055,730.000000804663
22.6,809.0
22.8,822.999995440246
22.8,755.000009119509
22.8999999899417,818.999993562698
22.9,711.000003620982
23.1000000067055,727.999999530613
23.3,713.999998591841
23.3,700.000001877546
23.3,873.99998833239
23.4,940.0
23.2,1041.00000113994
23.2,1057.99999772012
23.9999999195337,1025.00000331923
24.399999986589,1007.0000006035
24.5999999966472,982.000001709908
24.5000000301748,1032.99999818951
24.7999999597669,1015.00000241399
24.8,1070.99999624491
24.9,1119.0
24.7000000067055,1027.0000006035
24.799999986589,1035.99999879301
24.8999999899417,1020.00000160933
24.8000000033528,992.000000938773
24.7,1012.00000080466
24.7000000100583,1035.99999678135
24.799999986589,1004.00000429153
24.8,981.00000154227
24.8,989.0
24.600000013411,1016.00000033528
24.7999999731779,1020.99999932945
24.8999999899417,1047.99999728426
24.7000000067055,1036.00000040233
24.7999999932945,1015.00000053644
24.6,1030.99999678135
24.6,999.000004291534
24.6999999932945,989.000000670552
24.7,980.0
24.6,984.000003352761
24.6,1033.99999329448
24.6999999899417,1128.99999044463
24.6000000033528,1064.0000021793
24.5000000033528,1080.99999959767
24.5999999899417,1068.99999959767
24.500000013411,1065.00000053644
24.5,1034.00000207871
24.5,998.0
24.4,993.000000067055
24.4,993.99999986589
24.3000000100583,987.00000070408
24.3,1019.99999889359
24.1999999966472,1017.00000093877
24.1000000100583,1044.99999969825
24.199999986589,1042.00000040233
24.1000000067055,1007.00000234693
23.9,1006.0
23.9,959.000005967914
23.9,1047.99998806417
23.9,1050.99999969825
23.8000000033528,1068.9999993965
23.6999999966472,1020.99999929592
23.6,1000.00000422448
23.6,1041.99999436736
23.5000000067055,1018.00000160933
23.4,989.0
23.3000000067055,1008.9999961108
23.399999986589,951.000007778405
23.3000000100583,1045.99999044463
23.3,1068.99999922886
23.2,1043.99999956414
23.2,1030.99999969825
23.2,1028.00000040233
23.2,990.000002548099
23.2,1001.0
23.1,995.000001274049
23.1,1013.9999974519
23.0000000100583,1000.00000140816
23.0,1106.99999641255
22.9000000033528,993.000000469387
22.9999999899417,1007.00001015886
22.900000013411,1107.99998645485
22.9999999932945,988.000008046628
22.9,1007.0
22.9999999932945,1020.99999899417
22.900000013411,1006.00000201166
22.9999999899417,985.00000211224
22.9000000033528,1037.99999822304
23.0000000033528,1090.99999651313
23.1000000100583,987.000007342546
23.199999986589,1059.99999020994
22.9000000201166,1101.99999718368
23.1,1028.0
23.1,1016.99999966472
23.1,1012.00000067055
23.1,995.000001709908
23.1,1026.99999892712
23.1000000033528,1047.99999812245
23.1999999899417,991.999998793006
23.100000013411,980.000001609325
23.1,1041.99999584258
23.2,989.0
23.3,997.999998390675
23.3,974.00000321865
23.4999999798834,987.99999859184
23.5999999966472,1001.99999953061
23.7000000033528,999.99999788776
23.8000000100583,937.000001408159
23.899999986589,950.999998122454
23.9,964.999999061227
23.9,924.0
24.1000000067055,957.000006102024
24.199999986589,1047.99998779595
24.2999999899417,1141.99999054521
24.1000000067055,1144.99999989942
23.9,1086.99999896064
23.8999999899417,1056.00000160933
23.800000013411,1071.99999785423
23.7000000067055,1082.99999926239
23.8,1064.0
23.6,1047.9999986589
23.6,1028.00000268221
23.5000000100583,1044.99999829009
23.5,1023.00000073761
23.5,994.999999430031
23.4999999798834,978.000005833803
23.3000000268221,1035.9999922216
23.499999986589,1074.99999738485
23.7,1112.0
23.800000013411,1097.00000073761
23.9999999731779,1107.99999852479
24.0,1114.99999929592
24.0999999966472,1075.0000013411
24.0999999966472,1069.99999946356
24.0,1054.00000110641
24.0,1064.99999852479
23.9000000067055,1036.0000019446
23.9,1018.0
23.8,1008.99999912828
23.8,996.000001743436
23.8,979.000001709908
23.7000000033528,1000.99999926239
23.6999999966472,1025.00000093877
23.6000000100583,1053.0000041239
23.699999986589,1093.99999450147
23.7,1096.99999979883
23.9,1078.0
24.1,1091.99999852479
24.1,1070.00000295043
24.1999999899417,1053.00000170991
24.2,1034.00000063702
24.0999999932945,1027.99999906123
23.9,999.999998893589
23.9,989.000001475215
23.8000000067055,985.000000268221
23.6,989.0
23.5,1012.0000031516
23.5,1058.99999369681
23.4000000100583,1071.99999869242
23.4,1075.99999986589
23.4,1048.99999943003
23.4000000201166,1031.99999698252
23.5999999731779,1002.00000402331
23.799999986589,1017.99999892712
23.9,1027.0
24.000000013411,990.999999396503
24.1999999731779,982.000001206994
24.2,994.999998692423
24.3999999932945,1102.99999637902
24.2999999966472,1071.9999980554
24.1999999798834,1014.00000090525
24.0000000268221,1022.99999879301
24.0,1051.9999980554
24.0,1065.0
23.8,1045.99999906123
23.8,1032.00000187755
23.7000000100583,1025.00000070408
23.8999999932945,1017.00000026822
23.8,989.000000033528
23.7999999899417,989.999999396503
23.700000013411,984.000000804662
23.6000000067055,994.999999262393
23.6,1047.0
23.6000000067055,1077.99999886006
23.699999986589,1061.00000227988
23.6000000100583,1058.00000030175
23.6999999966472,1050.00000026822
23.7000000033528,1064.00000016764
23.7999999798834,1068.99999627844
23.6000000268221,1032.00000496209
23.6,1003.0000019446
23.5,1000.0
23.5000000067055,981.999998994172
23.599999986589,967.000002011656
23.6999999899417,982.999998390674
23.5000000067055,1036.99999818951
23.8000000033528,1312.99999731779
23.9,1232.9999941662
23.9,1175.0000077784
24.099999986589,1181.99999953061
24.1,1169.0
24.2000000067055,1152.99999919534
24.299999986589,1141.00000160933
24.0000000301749,1114.00000271574
24.0,1094.00000067055
23.9999999966472,1061.99999983236
23.8999999899417,1056.99999718368
23.800000013411,1029.00000375509
23.8999999932945,1035.99999953061
23.9,1033.0
24.0,1017.99999979883
24.0,1015.00000040233
24.0,998.000001709908
24.1999999932945,970.000000938773
24.1999999932945,988.00000070408
23.9999999899417,1009.00001005828
23.900000013411,1108.99998658896
23.8000000067055,1145.99999751896
23.7,1104.0
23.7999999798834,1099.99999872595
23.5000000402331,1081.0000025481
23.4000000100583,1075.0000006035
23.4,1061.00000046939
23.4,1023.00000120699
23.4000000301748,1059.00000573322
23.6999999597669,1115.99999235571
23.7999999932945,1074.00000281632
23.8,1059.0
23.900000013411,1043.99999912828
24.0999999731779,1031.00000174344
24.1999999899417,1042.99999879301
24.2,1082.9999986589
24.2000000033528,1077.99999949709
24.3,1062.99999577552
24.3,1021.00000563264
24.3,1021.0
24.2,1111.0
23.9000000067055,1130.99999758601
23.999999986589,1095.00000482798
24.0,1070.00000251457
23.9000000033528,1069.00000003353
23.8000000033528,1053.00000020117
23.9,1059.00000120699
23.9,1070.99999839068
23.9,1080.99999932945
23.7,1048.0
23.8,1036.00000073761
23.8,1046.99999852479
23.7000000100583,1099.99999466911
23.6000000033528,1078.00000073761
23.7,1064.99999929592
23.7,1043.99999658018
23.7,1010.00000455975
23.7,1038.9999980554
23.7,1119.0
23.6,1069.00000093877
23.6,1082.99999812245
23.6,1073.00000100583
23.6,1046.00000090525
23.6000000033528,1021.00000137463
23.7,1062.00000140816
23.7,1075.99999812245
23.6000000067055,1065.00000073761
23.7,1025.0
23.6999999932945,1034.00000113994
23.600000013411,1050.99999772012
23.5000000100583,1110.99999396503
23.4000000033528,1075.00000120699
23.2999999932945,1086.99999943003
23.0999999798834,1069.99999788776
22.9000000268221,1049.00000281632
22.8000000067055,1039.00000067055
22.8,1015.0
22.500000013411,1012.00000536442
22.6999999731779,1091.99998927117
22.4000000301749,1065.00000271574
22.3000000033528,1054.0000003688
22.2999999966472,1027.99999983236
22.2000000201166,1022.99999527261
22.3999999731779,976.00000630319
22.599999986589,1054.99999470264
22.6,1116.0
22.599999986589,1097.99999899417
22.4000000268221,1083.00000201166
22.4999999899417,1052.00000311807
22.3000000067055,1016.00000120699
22.5000000033528,1026.00000026822
22.5999999899417,1034.00000110641
22.500000013411,1044.99999852479
22.5999999932945,1022.00000154227
22.7,1049.0
22.8000000067055,1030.99999966472
22.899999986589,1026.00000067055
22.8000000100583,1027.99999979883
22.8,1014.00000046939
22.8000000167638,1047.0000006035
23.300000070408,1064.99999557436
23.9999999061227,1021.00000590086
24.2999999798834,1027.99999953061
24.5,1004.0
24.8,1008.9999986589
24.8,989.000002682208
24.8,991.999999698251
24.8999999966472,1049.9999980554
24.9,1069.99999989942
24.9,1066.99999829009
24.9,1050.00000227988
24.9,1036.00000093877
24.9,1011.0
24.899999986589,999.999998256564
24.7000000268221,974.000003486871
24.7,970.000000402331
24.7,999.999998994172
24.5999999966472,967.000001072884
24.5,998.999996982515
24.5,969.000004023313
24.4000000067055,979.999999262393
24.4,1009.0
24.2999999932945,1092.00000046939
24.200000013411,1098.99999906123
24.1000000100583,1052.00000472739
24.1999999966472,1058.99999976531
24.0999999966472,1038.99999926239
24.0000000100583,1016.99999788776
24.099999986589,996.000002816319
23.8000000201166,985.000000737607
23.9,985.0
23.9999999932945,1020.00000382215
23.900000013411,1076.99999235571
23.9,1152.9999923557
23.9,1151.00000006706
23.8000000033528,1129.99999919534
23.9000000100583,1105.99999748543
23.999999986589,1081.00000335276
23.9000000067055,1076.00000033528
24.0,1038.0
24.0,1035.99999859184
24.0,1015.00000281632
23.9000000100583,1007.00000080466
23.9999999966472,1000.00000023469
24.1,1030.99999815598
24.1,976.000005833803
24.1,1033.9999922216
24.1,1034.0
24.0,1022.0
24.1,1010.99999765307
24.1,976.000004693865
24.0000000100583,976.999999899417
23.8000000067055,1047.99999761954
23.9,1018.00000053644
23.9000000100583,1034.00000201166
23.999999986589,1053.99999731779
24.0,1060.99999953061
24.0,1023.0
23.9999999932945,1011.9999986589
23.900000013411,992.000002682208
23.9,995.999999597669
23.9,981.000000502914
23.7999999966472,1088.99999832362
23.7,1039.00000170991
23.7,1055.99999772012
23.7,1034.00000147522
23.6,1032.0
23.5999999932945,985.000000402331
23.500000013411,990.999999195338
23.5,989.000000201166
23.4000000033528,1101.99999621138
23.4000000033528,1005.0000006035
23.5000000100583,1022.99999949709
23.599999986589,1018.00000067055
23.5000000067055,1000.00000120699
23.5,996.0
23.3999999932945,913.000009924171
23.300000013411,1060.99998015166
23.3,1129.99999305978
23.3999999966472,1032.00000328571
23.4999999966472,998.000001508743
23.4000000100583,1043.00000191107
23.499999986589,1061.9999974519
23.5,970.000006169081
23.6,1058.0
23.6000000067055,1143.99999403209
23.699999986589,1055.00001193583
23.6000000100583,1026.0000029169
23.6999999966472,1049.99999919534
23.6000000067055,1003.99999875948
23.8,967.000007040797
23.8,1036.99999061227
23.8,1049.99999912828
23.8,1022.0
23.8999999932945,988.999999530614
23.800000013411,982.000000938773
23.7000000100583,967.000001508743
23.7999999966472,999.999998893589
23.8000000033528,991.99999916181
23.9,966.999996479601
23.9,932.000004693865
23.9,917.000001005828
23.9,945.0
24.0,1037.9999974519
24.0,1000.0000050962
24.0,985.000001508743
24.0999999966472,1035.99999829009
24.0000000033528,1052.99999969825
24.1,1043.99999919534
24.1,1036.00000107288
24.1,1018.00000120699
24.2,1006.0
24.1999999932945,1011.99999859184
24.100000013411,991.000002816319
24.1999999899417,994.999999597669
24.2,988.000000234693
24.3,1004.00000077114
24.3000000100583,1026.99999748543
24.399999986589,1002.00000335276
24.3000000067055,1004.99999979883
24.3,1007.0
24.3,998.999998256564
24.3,973.000003486871
24.3,1041.99999305978
23.900000013411,1060.99999936298
23.8,1025.99999966472
23.8,1015.99999597669
23.8,976.000005364417
23.600000013411,1009.99999772012
23.9,998.0
23.8999999798834,996.000000871718
23.6000000402331,1008.99999825656
23.7999999798834,1009.0
23.8,971.000001274049
24.0000000067055,973.000000905246
24.2,1000.00000120699
24.2,1011.99999839067
24.4999999798834,1006.00000040233
24.4,982.0
24.2999999932945,989.00000630319
24.200000013411,1082.99998739362
24.1000000100583,1085.99999969825
24.1,1121.99999879301
23.8999999966472,1080.9999996312
23.7999999798834,1070.0
23.6000000268221,1070.0
23.5000000067055,1042.00000187755
23.5,1020.0
23.600000013411,998.999998591841
23.7999999731779,978.000002816319
23.8999999899417,986.999999094754
23.9,1036.99999832362
23.9000000033528,1025.00000046939
24.0,1039.00000301748
24.0,1068.99999597669
24.0999999932945,1028.00000274926
24.1,1021.0
24.200000013411,1003.99999906123
24.3999999731779,990.000001877546
24.3000000100583,991.999999798834
24.2000000033528,966.000000871718
24.1999999899417,1056.00000067055
23.8999999899417,1075.99999929592
23.800000013411,1069.00000093877
23.8,1080.99999919534
23.6,1037.0
23.7000000067055,1035.99999986589
23.799999986589,1034.00000026822
23.5000000301749,1005.0000029169
23.7999999899417,985.000000670552
23.8,986.999999899417
23.7999999899417,984.000001106411
23.700000013411,994.999998524785
23.7,1020.99999825656
23.7,956.0
23.9000000067055,981.000001139939
23.999999986589,997.999997720123
24.1999999798834,960.000003822148
24.2999999966472,1046.9999970831
24.4,1173.9999980554
24.4,1115.99999728426
24.4,1089.00000362098
24.4,1117.9999980554
24.2,1091.0
24.1999999932945,1085.9999980554
24.100000013411,1057.0000038892
24.0000000100583,1076.99999798834
23.9000000033528,1029.00000160933
23.8999999966472,1025.99999946356
23.8,1009.99999899417
23.8,1000.0000013411
23.8,990.000000670552
23.8,1009.0
23.8000000067055,1027.99999839067
23.899999986589,1004.00000321865
23.9999999899417,1006.99999969825
24.0999999966472,990.00000056997
24.3999999966472,1040.00000010058
24.3000000100583,1042.99999989942
24.399999986589,1042.00000013411
24.4999999932945,999.000002883375
24.3,1003.0
24.199999986589,990.00000630319
24.0000000268221,1083.99998739362
23.9000000100583,1135.99999476969
23.7000000067055,1055.00000271574
23.7999999899417,1036.99999966472
23.4999999899417,1026.99999829009
23.400000013411,1010.00000227988
23.200000013411,1012.99999979883
23.2,1015.0
23.0999999798834,987.000003755092
22.8000000402331,1042.99999248982
23.0999999698251,1064.99999778718
23.2999999932945,1056.00000030175
23.2000000033528,1026.0
23.3,1026.00000030175
23.3,1028.99999959767
23.3999999932945,1021.00000053644
23.4,1041.0
23.4999999932945,1052.99999832362
23.400000013411,1028.00000335276
23.4999999899417,1044.99999829009
23.5999999966472,1036.00000030175
23.7,1015.9999990277
23.7000000100583,987.000000301748
23.799999986589,989.999999597669
23.8,1033.99999704957
23.7,1060.0
23.9,1059.99999959767
23.9,1054.00000080466
23.9999999899417,1009.00000452623
24.399999986589,1019.9999996312
24.3,1065.99999979883
24.3,1059.99999678135
24.3,1028.00000429153
24.3999999932945,1015.00000087172
24.3,990.0
24.5,996.000004358589
24.5,1060.99999128282
24.4000000100583,1061.0
24.2000000067055,1073.99999956414
24.1999999932945,1054.99999899417
24.0000000100583,1024.99999849126
24.099999986589,1010.00000201166
24.0000000067055,1043.99999772012
24.0,1010.0
23.800000013411,999.000003486871
23.9999999731779,1050.99999302626
23.9000000100583,1106.99999436736
23.8000000033528,1046.00000204518
23.7999999932945,1062.99999922886
23.6000000201166,1039.9999976866
23.7999999731779,1017.00000308454
23.8,1020.99999973178
23.9,1058.0
23.9,1086.99999644607
23.9,1034.00000710785
23.9999999899417,1040.99999929592
24.0999999966472,1025.00000053644
24.1000000033528,1001.00000067055
24.2000000301748,1021.00000482798
24.4999999597669,1068.9999935627
24.5999999932945,1065.00000026822
24.6,1042.0
24.4,1031.99999919534
24.4,1020.00000160933
24.4,995.000002514571
24.4,1060.99999778718
24.3,1089.00000137463
24.3,1129.99999738485
24.3,1104.00000348687
24.3,1093.00000073761
24.3,1080.0
24.3,1043.99999919534
24.3,1032.00000160933
24.3,1033.99999979883
24.0000000100583,979.000001844019
23.8000000033528,987.000002782792
23.9,1070.00000221282
23.9,1091.99999704957
23.9999999932945,1074.00000120699
24.0,1055.0
24.0,1049.9999993965
24.0,1041.00000120699
24.0,1017.00000241399
24.0,999.000000603497
24.2000000067055,1012.00000053644
24.4000000402331,1027.9999976866
24.7999999463558,1005.00000308454
25.2999999664724,994.000000737607
25.3,965.0
25.6000000067055,995.000008381901
25.699999986589,1119.9999832362
25.7999999899417,1120.99999989942
25.8,1085.00000120699
25.7999999966472,1068.99999788776
25.7000000100583,1005.9999964796
25.799999986589,971.000004693865
25.7000000067055,927.00000295043
25.6,870.0
25.6,798.999997988344
25.6,769.000004023313
25.6999999899417,708.000006135554
25.6000000033528,670.000001274049
25.7,681.000002648682
25.6999999899417,760.000000905245
25.600000013411,768.999998793006
25.6,952.999987661838
25.6,906.0
25.5000000067055,915.999997854233
25.599999986589,884.000004291534
25.6,868.000001609326
25.5000000033528,814.000001810491
25.5,790.999999262393
25.5000000100583,769.00000392273
25.599999986589,807.999994769694
25.400000013411,844.999997518956
25.6,910.0
25.6,904.999997183681
25.6,863.000005632638
25.6999999899417,854.000000905246
25.7,901.999998390674
25.8,1007.00000083819
25.7999999899417,1031.99999406561
25.700000013411,973.000007912515
25.7,924.000003285706
25.8,884.0
25.6999999932945,873.99999664724
25.600000013411,824.000006705521
25.6999999899417,791.000003319234
25.7,698.000003118068
25.6,684.000003453344
25.6,787.00000321865
25.6,818.999995708466
25.6,847.999998055398
25.7,827.0
25.5999999932945,811.999998860061
25.500000013411,795.000002279877
25.5999999899417,840.999995373189
25.6,961.999995943159
25.6999999966472,992.999997653067
25.5999999899417,922.999997083098
25.500000013411,894.000003889202
25.5999999932945,906.999999128282
25.3,824.0
25.3000000067055,907.000001139939
25.399999986589,923.999997720123
25.4,950.999997284263
25.2000000067055,1017.99999775365
25.1999999966472,1036.99999983236
25.1000000201166,1031.99999527261
25.2999999731779,985.00000630319
25.2000000067055,1000.99999892712
25.2,1015.0
25.2999999932945,1011.99999798834
25.200000013411,982.000004023313
25.2,999.999998189509
25.2,1040.99999862537
25.2999999966472,1023.00000030175
25.2000000100583,1031.99999688193
25.299999986589,1001.00000415742
25.2000000067055,1001.0
25.3,1018.0
25.2,1014.99999832362
25.2,990.000003352761
25.2,978.000001206994
25.2,1086.49999636225
25.2000000033528,1194.99999577552
25.3000000201166,1068.99999627844
25.4999999731779,1032.00000496209
25.4000000067055,1029.00000020117
25.5,1013.0
25.5,1018.00000013411
25.5,1019.99999973178
25.5,1024.99999949709
25.5999999966472,978.000001575798
25.6999999966472,1009.99999943003
25.5999999899417,992.999998088926
25.500000013411,974.000002548098
25.4000000067055,1041.99999544024
25.6,1033.0
25.4000000067055,952.000000201166
25.499999986589,954.999999597669
25.5,929.000002615154
25.5999999966472,913.000000536442
25.6,879.999998759478
25.5999999899417,842.999999698252
25.500000013411,840.000000402331
25.5,804.000002413988
25.4,874.0
25.5999999932945,1018.00000341982
25.500000013411,1068.99999316037
25.5999999899417,989.000008046628
25.6,937.000001743436
25.6,936.999999664724
25.6000000100583,926.999996982515
25.699999986589,897.000004023313
25.6000000067055,911.999998994172
25.7,1016.0
25.6,1036.99999463558
25.6,957.000010728834
25.6,889.000006839633
25.4000000067055,860.000000972301
25.5999999966472,852.999999094754
25.5000000100583,825.999998692423
25.599999986589,813.000001743436
25.0000000402331,780.000002212823
25.0,836.0
24.9999999798834,973.999994702638
24.7000000402331,895.000010594723
24.7,909.999998491257
24.7999999966472,1030.99999594316
24.4999999966472,1051.99999936298
24.3999999899417,1032.99999728426
24.300000013411,1006.00000362098
24.100000013411,978.000001877546
24.1,1017.0
24.0,1058.99999798834
24.0,1029.00000402331
23.9000000100583,1001.00000281632
23.9,978.000000771135
24.0,992.999999530613
23.9999999899417,979.000006336718
23.900000013411,1041.99999155104
23.9999999932945,1108.9999955073
23.9,1071.0
24.0999999932945,1028.99999973178
24.000000013411,1025.00000053644
24.0999999899417,1002.00000231341
23.9000000067055,1001.00000003353
24.0,1005.99999973178
24.0,998.000003822147
24.0,1035.9999949038
23.9000000067055,1047.99999919534
24.0,1007.0
23.8000000067055,990.999999329448
23.899999986589,981.000001341104
23.7000000201166,951.000003017485
23.6000000033528,1036.99999711663
23.6000000033528,994.000000335276
23.6999999798834,1004.00000020117
23.5000000268221,1005.99999973178
23.5,1030.99999832362
23.5,1027.0
23.6,1012.99999859184
23.6,992.000002816319
23.6999999899417,1008.99999829009
23.7,1088.99999731779
23.6999999966472,1031.99999889359
23.6000000201166,999.000000603497
23.7999999731779,1004.99999919534
23.8999999932945,1001.00000026822
23.8,978.0
23.8000000067055,1021.00000221282
23.899999986589,1053.99999557436
23.9999999899417,1034.00000201166
24.0999999966472,1022.00000040233
24.1999999966472,1019.99999966472
24.1,1009.99999969825
24.1,1007.00000040233
24.1,989.000001206994
24.0,1013.0
24.0000000067055,1012.9999993965
24.099999986589,1004.00000120699
23.9000000201166,993.000001106411
23.9,1022.99999899417
24.0,1103.99999711663
24.0,1017.9999976866
24.0,995.00000308454
24.0999999932945,1015.99999859184
24.2,1015.0
24.1000000067055,989.999998927117
24.199999986589,974.000002145767
24.2,992.999998088926
24.1000000033528,1091.99999668077
24.0,1136.99999822304
23.9999999798834,1083.99999607727
23.8000000268221,1045.00000523031
23.8,1044.00000006706
23.6,1032.0
23.4999999731779,1006.00000006706
23.1000000536442,1006.99999986589
22.9000000201166,989.000001810491
22.9999999966472,1010.99999926239
23.0000000067055,1085.99999946356
23.2,1069.99999728426
23.2,1043.00000362098
23.2,1028.00000100583
23.1,1042.0
23.1,1038.00000100583
23.1,1052.99999798834
23.0000000100583,1001.00000523031
23.0999999966472,1087.9999970831
23.1000000033528,1060.00000003353
23.1999999899417,1060.99999668077
23.100000013411,1028.00000442564
23.1999999932945,1011.00000113994
23.5,1034.0
23.8000000201166,1025.99999966472
24.0999999597669,1021.00000067055
24.1,1015.0000006035
24.2999999932945,1069.99999815598
24.6000000033528,1064.99999932945
24.7000000100583,1044.99999778718
24.799999986589,1023.00000295043
24.999999986589,1015.00000053644
25.2,1097.0
25.4000000201166,1115.99999664724
25.6999999597669,1066.00000670552
25.7,1066.0
25.9999999899417,1038.00000093877
25.9999999932945,1009.00000023469
25.7999999798834,1016.00000895187
25.6000000268221,1104.99998806417
25.400000013411,1052.00000355393
25.5,1047.0
25.5,1031.99999859184
25.5,1011.00000281632
25.4000000100583,998.000001307577
25.4,1016.99999936298
25.5,1058.00000073761
25.4999999899417,1079.99999577552
25.400000013411,1038.00000563264
25.4999999932945,1022.00000107288
25.4,993.0
25.700000013411,1016.00000429153
25.8999999731779,1079.99999141693
26.1999999698251,1161.99999175221
26.2,1147.00000050291
26.2999999932945,1071.99999792129
26.1,1009.99999577552
26.1,968.000005632638
26.1,945.00000154227
26.2,943.0
26.0999999932945,973.000006102024
26.000000013411,1063.99998779595
26.0,1116.99999466911
26.0,1185.99999768659
25.8999999966472,1157.9999984242
25.8,1110.99999909475
25.8,1102.00000120699
25.8,1082.0000013411
25.8,1023.0
25.7,1014.99999872595
25.7,996.000002548098
25.7,967.000002916903
25.5000000067055,1019.99999822304
25.4000000033528,1137.99999845773
25.5000000201166,1091.99999808893
25.6999999731779,1073.0000025481
25.899999986589,1070.00000020117
26.0,1022.0
25.8000000067055,988.000000335276
25.899999986589,992.999999329448
25.9999999899417,1063.99999285862
25.8000000067055,1061.00000010058
25.6999999966472,1022.99999973178
25.6,1014.99999698252
25.6,985.000004023313
25.2000000268221,994.999999329448
25.2,977.0
25.1,1044.0000058338
25.1,1130.99998833239
24.9000000201166,1111.00000201166
24.9999999966472,1098.00000043586
24.7999999966472,1087.99999875948
24.6999999899417,1050.99999859184
24.600000013411,1037.00000187755
24.3000000201166,1037.0
24.1,1033.0
23.8999999932945,1003.99999872595
23.800000013411,985.000002548098
23.6000000201166,1049.99999346212
23.5000000033528,1055.99999979883
23.8000000201166,1023.00000046939
24.4000000301748,1036.99999919534
24.6999999597669,1029.00000107288
25.1999999664724,1001.00000187755
25.1,977.0
25.5,992.000007443128
25.5,1102.99998511374
25.7999999698251,1037.00000663847
25.8999999966472,1006.00000103936
25.9000000033528,990.000002145767
25.9999999798834,1053.99999517202
25.8000000268221,1006.0000064373
25.8,939.0000044927
25.7,956.0
25.6,886.999997787178
25.6,854.000004425644
25.6,828.000002615154
25.5000000033528,807.00000070408
25.5,764.999999564141
25.5,752.000006638466
25.5,817.999991148712
25.5999999932945,853.999997586012
25.5,814.0
25.5,912.000008381901
25.5,1036.9999832362
25.5,1068.99999678135
25.4000000033528,1037.00000107288
25.4000000033528,1042.99999949709
25.4999999698252,1027.99999436736
25.2000000402331,972.000007510184
25.4999999798834,957.000001005828
25.3,1064.0
25.2999999932945,1082.99999812245
25.200000013411,1055.00000375509
25.3999999798834,1034.00000211224
25.3000000033528,1031.00000010058
25.3000000033528,997.99999943003
25.4,981.000000301748
25.4,983.999999597669
25.4999999932945,1058.99999497086
25.5,1064.0
25.6,1031.99999825656
25.6,1006.00000348687
25.6999999899417,982.000002413988
25.4000000100583,956.000000871718
25.2999999966472,1080.00000321865
25.2,1175.99999567494
25.2,1133.00000576675
25.1000000067055,1109.00000160933
25.1,1086.0
25.0000000067055,1045.00000067055
25.099999986589,1054.9999986589
25.0000000100583,1017.00000382215
24.9000000033528,1002.00000050291
24.8000000033528,971.000001709908
24.9,1022.00000603497
24.9,1081.99999195337
24.8000000067055,1022.00000402331
24.6,1004.0
24.6,986.99999986589
24.6,985.000000268221
24.4000000201166,1365.99996167794
24.4,1031.00001123175
24.3999999966472,1043.99999839067
24.2999999899417,995.999997988344
24.200000013411,976.000002682208
24.2,965.000000737607
24.1,1072.0
24.1999999932945,1173.99999470264
24.100000013411,1095.00001059472
24.0000000100583,1061.00000341982
24.0,1042.00000063702
23.9,1007.00000023469
23.8999999899417,1013.99999869242
23.800000013411,1001.00000174344
23.8,1036.99999758601
23.8,1015.0
23.8,993.999998927117
23.8,978.000002145767
23.8,1080.99998963997
23.8999999966472,1003.00000261515
23.8999999966472,1012.99999879301
23.8000000100583,977.00000784546
23.899999986589,1054.99998953939
23.9999999932945,1217.99998907
23.9,981.0
23.9,1002.00000214577
23.9,1033.99999570847
23.9,984.000005029142
23.8000000033528,984.0
23.8999999966472,1166.99999359623
23.8,976.000003620981
23.8,1011.99999517202
23.600000013411,1003.0000006035
23.5,1004.0
23.5,972.999994836749
23.5,896.000010326503
23.5999999899417,966.999992858618
23.5000000033528,853.000003822148
23.5,948.99999929592
23.5000000100583,927.999998793006
23.599999986589,916.000001609325
23.5000000067055,878.000002548099
23.5,937.0
23.5000000067055,1069.9999941662
23.599999986589,983.000011667607
23.6,1141.99998400733
23.6,1063.00000264868
23.6,1013.00000023469
23.5999999899417,1019.99999798834
23.500000013411,1000.00000268221
23.5999999932945,990.000000670552
23.5,1004.0
23.4000000067055,1064.00000013411
23.499999986589,1065.99999973178
23.4000000100583,1036.00000301749
23.4999999966472,1025.0000003688
23.4000000033528,1012.99999969825
23.5,1003.99999718368
23.5,976.000003755092
23.5,1086.99999255687
23.7,1083.0
23.8,1027.99999778718
23.8,995.000004425644
23.8999999899417,1014.99999798834
23.9,996.000000637025
23.8000000067055,982.000001810491
24.0,1035.9999958761
24.0,995.000005498527
23.800000013411,990.000000335276
23.7,983.0
23.7999999932945,1086.99999818951
23.700000013411,1060.00000362098
23.8999999798834,1011.00000492856
23.8000000033528,1011.0
23.8000000033528,994.000000368804
23.9000000100583,1005.00000311807
23.999999986589,1035.99999584258
23.9000000067055,1025.00000073761
24.0,971.0
23.999999986589,980.999999664724
23.8000000268221,976.000000670552
23.8,1352.99996208027
23.6000000067055,1086.00000895187
23.6999999966472,1031.9999990277
23.6,1002.99999949709
23.6,998.000000670552
23.6999999932945,1006.9999993965
23.7,970.0
23.7999999932945,1072.00000529736
23.700000013411,1150.99998940528
23.7,1057.00000945479
23.7,1032.00000083819
23.6000000033528,1014.9999996312
23.6999999899417,1004.0
23.600000013411,1004.0
23.6999999932945,978.000001743436
23.6,1011.0
23.6999999932945,1104.99999342859
23.600000013411,1007.00001314282
23.6999999899417,1004.00000030175
23.6000000033528,995.000000301749
23.6,999.999999631196
23.6,989.000003118067
23.6,1019.99999584258
23.5000000067055,1055.99999758601
23.5,988.0
23.5000000067055,994.0
23.599999986589,994.0
23.6,1142.99998501316
23.5000000033528,1048.00000318512
23.5999999932945,1034.00000023469
23.4000000100583,1040.99999637902
23.499999986589,1005.00000482798
23.5,995.000000670552
23.5,982.0
23.7,1077.99999812245
23.7,1050.00000375509
23.6000000100583,1028.00000221282
23.6999999966472,1011.00000056997
23.6999999966472,994.999999731779
23.6000000100583,987.000010561196
23.699999986589,1091.99998591841
23.7,1000.00000616908
23.6,1006.0
23.500000013411,1003.99999966472
23.6999999731779,999.000000670552
23.6000000100583,976.000002313406
23.7999999932945,1094.99999601021
23.8000000033528,1094.99999631196
23.8999999899417,985.000002715736
23.800000013411,1011.99999637902
23.600000013411,1019.99999946356
23.4,1029.0
22.8999999664724,998.000000402331
22.4000000670552,1003.99999919534
22.3000000100583,1038.9999964796
22.1000000067055,1037.00000006706
22.0999999966472,1020.99999916181
22.0,996.000003822147
22.0,1033.9999949038
22.0999999932945,1007.00000181049
22.1,1032.0
22.3000000067055,1045.00000033528
22.399999986589,1049.99999932945
22.5999999798834,1012.00000382215
23.0999999832362,1071.99999798834
23.3,1044.99999989942
23.2999999899417,1041.99999889359
23.200000013411,1031.00000147521
22.9000000201166,1036.99999959767
22.7,1094.0
22.6999999932945,1077.99999919534
22.600000013411,1066.00000160933
22.6999999899417,1044.00000221282
22.8999999932945,1009.00000117347
23.400000013411,1065.00000070408
23.8000000301748,1085.99999909475
24.0999999597669,1077.00000120699
23.900000013411,1074.00000020117
24.2,1105.0
24.4000000201166,1068.99999839068
24.6999999597669,1045.00000321865
25.0999999597669,1094.99999497086
25.3999999899417,1097.99999989942
25.6000000033528,1044.99999949709
25.7000000201166,1030.0000064373
25.8999999731779,1093.99999141693
26.1999999798834,1126.99999778718
26.6,1099.0
26.6000000067055,1047.0000019446
26.699999986589,1075.9999961108
26.7,1091.99999839067
26.8999999932945,1061.00000103936
26.8999999832362,982.999996580183
26.4000000201166,880.999994769694
26.5999999731779,829.000006973742
26.2000000268221,714.000007711351
26.7,714.0
26.200000013411,651.999998793006
26.3999999731779,634.000002413988
26.4999999899417,650.999998290092
26.4000000033528,686.999998793006
26.4999999899417,699.000001039356
26.1999999597669,730.000025246287
25.8000000536442,980.999966338284
25.7000000067055,1073.99999376386
25.6,978.0
26.0000000201166,942.999999061227
26.2999999597669,929.000001877546
26.2000000100583,917.000001206994
26.3999999932945,950.999998860061
26.5999999932945,1023.00000107288
26.4000000100583,1055.00001740083
26.499999986589,1227.9999767989
26.5999999932945,1256.9999980554
26.7,1266.0
26.499999986589,1178.99999624491
26.3000000268221,1123.00000751018
26.4999999798834,1109.00000140816
26.5999999966472,1078.00000103936
26.7000000033528,1060.99999909475
26.7999999899417,1033.99999658018
26.700000013411,1000.00000455975
26.6000000067055,935.00000435859
26.3,901.0
26.1000000067055,894.999997988344
26.199999986589,865.000004023313
26.2999999899417,836.000002916903
26.3999999966472,828.000000268221
26.1,817.99999916181
26.0999999798834,792.999997284264
25.9000000268221,766.000003620981
25.700000013411,781.999998927116
25.4,796.0
25.1,892.000004425644
25.1,957.999991148712
24.9000000201166,926.000003218651
24.9,1024.99999668077
24.7999999966472,1132.99999845773
24.7,1086.99999869242
24.7,1074.00000174344
24.4000000201166,1070.00000026822
24.3,1023.0
24.0999999932945,1020.00000046939
24.000000013411,1026.99999906123
23.9000000100583,990.000003721565
23.8000000033528,1069.99999731779
23.7000000201166,1066.99999976531
24.3000000100583,1059.99999778718
24.399999986589,1038.00000295043
24.6999999798834,1026.00000080466
24.9,1004.0
24.8000000067055,1002.00000154227
24.899999986589,1024.99999691546
24.8000000100583,1060.99999637902
24.8,1042.00000063702
24.7,1039.99999919534
24.7,1015.9999993965
24.7,1010.00000080466
24.7,994.000001072884
24.6,1007.0
24.5,1055.00000335276
24.5,1104.99999329448
24.5,1043.00000623614
24.5,1010.00000110641
24.3000000033528,1011.99999966472
24.4,1001.99999909475
24.4,993.000001206994
24.3000000067055,1025.99999778718
24.2,1122.0
24.2,1072.99999684841
24.2,1026.00000630319
24.2,976.000005029142
24.1000000033528,1011.99999879301
24.2,1030.00000026822
24.2,1037.99999829009
24.2,1021.00000227988
24.1000000067055,989.000002145767
24.1,962.0
24.0999999932945,1017.00000435859
24.000000013411,1081.99999128282
24.0999999899417,1040.00000422448
24.1,1030.00000033528
24.0999999966472,1013.99999909475
24.0000000100583,987.000000603497
24.099999986589,992.999999195337
24.0000000067055,973.000001341105
23.9,982.0
23.9000000067055,1042.00000911951
23.999999986589,1177.99998176098
23.9000000100583,1167.00000110641
23.9999999966472,1160.00000023469
23.9,1134.99999916181
23.9,1109.9999976866
23.9,1087.00000308454
23.9,1067.0000013411
24.0,1061.0
23.8000000067055,1040.99999979883
23.899999986589,1038.00000040233
23.8000000100583,1021.00000170991
23.6000000067055,1001.00000067055
23.7,993.000000804663
23.6999999899417,1017.00000573322
23.600000013411,1073.99999235571
23.6999999932945,1053.00000140816
23.6,1053.0
23.5999999932945,1030.99999792129
23.500000013411,1000.00000415742
23.5,1006.99999929592
23.5,982.00000083819
23.4999999966472,1023.00000050291
23.4,1038.0
23.4,1038.0
23.4999999932945,1010.00000187755
23.4,1007.0
23.3999999932945,1004.99999919534
23.300000013411,993.000001609325
23.3,992.000000100583
23.2000000033528,1026.99999882653
23.3,1049.0
23.2999999899417,1048.99999738485
23.200000013411,1023.00000348687
23.2,1004.00000127405
23.3,982.0
23.2,978.000001475215
23.2,999.999997049571
23.2,1073.99999255687
23.2,1049.50000082143
23.2000000033528,1025.00000130758
23.3,1063.99999668077
23.3,1031.00000442564
23.2000000067055,1015.00000107288
23.3,1000.0
23.200000013411,1002.00000154227
23.3999999731779,1024.99999691546
23.2000000201166,1038.99999859184
23.2999999966472,1094.99999812245
23.4,1068.99999916181
23.4,1043.9999976866
23.4,1021.00000308454
23.4,996.000001676381
23.5,994.0
23.5,1060.99999818951
23.5,1034.00000362098
23.5999999899417,1030.00000040233
23.6,1003.00000090525
23.6,1006.99999798834
23.6000000100583,947.000002112239
23.699999986589,967.999997183681
23.7,916.000003486872
23.8,951.0
23.8,996.000006906687
23.8,1098.99998618663
23.8,1177.99999205396
23.8,1145.00000110641
23.9000000033528,1117.9999986589
23.9999999899417,1077.99999808893
23.900000013411,1059.0000025481
23.9999999932945,1042.00000113994
23.9,1039.0
23.700000013411,995.000000804662
23.8999999731779,1006.99999839067
23.9,998.000000905246
23.9,1000.99999989942
23.9,1015.00000026822
23.9000000100583,1022.99999366328
23.999999986589,960.000008448957
24.0,980.99999859184
24.0,1033.0
23.9999999932945,1083.00000147521
23.900000013411,1104.99999704957
23.9999999899417,1102.00000030175
24.0,1058.00000147522
23.9999999966472,1060.99999916181
23.9,1035.99999808893
23.9,1017.0000025481
23.9,989.000001877546
23.8,995.0
23.7000000067055,1025.00000046939
23.799999986589,1031.99999906123
23.7000000100583,1049.99999818951
23.7,1009.00000137463
23.6,1038.99999959767
23.6000000100583,1026.99999557436
23.699999986589,983.000005900859
23.7,997.999998994172
23.8,1066.0
23.9999999932945,1061.00000053644
23.900000013411,1068.99999892712
24.0999999798834,1062.00000070408
24.0000000033528,1027.00000117347
24.0999999966472,1007.00000026822
24.0,1014.99999829009
24.0,998.000002279877
24.0,1046.99999671429
23.9,1042.0
23.8999999932945,1027.99999859184
23.800000013411,1007.00000281632
23.8,989.000001810491
23.8,1014.99999912828
23.8000000033528,1051.00000274926
23.8999999899417,1133.00000150874
23.800000013411,1147.99999798834
23.8,1075.00000489503
23.8,1048.0
23.9,1025.00000227988
23.9,1058.99999544025
23.9999999899417,1014.00000452623
24.0,1010.00000013411
24.0000000033528,1053.99999916181
24.1,1028.99999688193
24.1,998.000004157423
24.0000000067055,1019.99999852478
24.2,993.0
23.9999999932945,974.000002078712
23.900000013411,1004.99999584258
23.9,1016.99999879301
23.9,1048.99999892712
23.8000000033528,1090.99999862537
23.8999999899417,1049.99999678135
23.800000013411,1018.00000429153
23.8999999932945,989.000001944602
23.9,971.0
23.9999999932945,1081.00000154227
23.900000013411,1103.99999691546
23.9999999899417,1110.99999929592
24.0,1048.00000211224
24.0,1060.99999872595
23.9999999899417,1022.99999758601
23.900000013411,999.00000321865
23.9999999932945,990.000000603497
23.9,987.0
24.0999999932945,1004.00000543147
24.000000013411,1084.99998913706
23.9000000100583,1055.00000301749
23.9999999966472,1030.00000083819
23.9999999966472,1017.99999953061
23.9,1003.99999829009
23.9,987.000002279877
23.8000000067055,1019.99999778718
24.0,1043.0
23.9999999932945,1020.99999798834
23.900000013411,991.000004023313
23.9,1031.9999958761
23.9,1125.9999968484
23.9000000033528,1112.99999875948
23.9999999899417,1075.99999517202
23.900000013411,1028.0000064373
23.9,1006.00000147522
24.0,1007.0
23.8999999597669,1069.99999738485
23.3000000804663,1031.00000523031
23.1000000201166,1006.00000251457
22.8000000100583,1081.9999974519
22.7999999966472,1061.99999882653
22.7000000201166,1027.00000090525
22.8999999731779,1035.99999879301
22.8000000067055,1000.00000241399
22.9,1081.0
23.0,1071.99999698252
23.0,1027.00000603497
23.0999999899417,1018.00000090525
23.1999999966472,1021.99999986589
23.0999999932945,1031.00000127405
22.9000000100583,1068.99999979883
22.999999986589,1067.00000026822
22.9000000067055,1065.00000013411
22.9,1021.0
22.9999999932945,1020.00000107288
22.900000013411,1035.99999785423
22.9,1059.99999758601
22.9999999966472,1049.0000003688
23.1,1027.99999929592
23.1,1007.00000321865
23.1,1038.99999570847
23.1999999932945,1038.00000006706
23.2,1010.0
23.4000000067055,1048.00000362098
23.499999986589,1101.99999275804
23.6999999798834,1045.00000573322
23.7999999966472,1046.99999993294
23.8,1044.99999936298
23.8,1025.99999517202
23.8,978.0000064373
23.7000000067055,1063.99999423325
23.6,1070.0
23.5999999932945,1046.9999993965
23.500000013411,1038.00000120699
23.5,1018.00000201166
23.5999999966472,992.000000871718
23.5,1021.00000271574
23.4999999899417,1101.99999869242
23.400000013411,1089.00000174344
23.4999999932945,1069.0000013411
23.3,1039.0
23.4,1012.99999979883
23.4,1010.00000040233
23.3000000100583,1096.99999124929
23.1000000067055,1087.00000033528
23.1000000033528,1075.0
23.1999999899417,1074.9999958761
23.100000013411,1034.00000549853
23.1999999932945,1010.00000160933
23.1,1065.0
22.899999986589,1087.00000073761
22.7000000268221,1097.99999852479
22.5000000201166,1086.00000120699
22.3000000067055,1053.00000110641
22.3999999966472,1050.00000003353
22.3000000100583,1050.99999889359
22.399999986589,1040.00000147521
22.3000000067055,1014.00000174344
22.4,1051.0
22.3000000067055,1050.99999738485
22.399999986589,1012.00000523031
22.4,1016.99999949709
22.4,1025.99999969825
22.2999999966472,1047.00000030175
22.2000000201166,1055.99999446795
22.3999999731779,1001.00000737607
22.3000000067055,1024.99999839067
22.4,1022.0
22.400000013411,1015.00000160933
22.5999999731779,1038.99999678135
23.3999999195337,1017.00000221282
23.9999999798834,1024.99999973178
24.3000000067055,1015.00000020117
24.5000000100583,1020.9999976866
24.599999986589,998.00000308454
24.799999986589,1013.99999892712
24.9,1034.0
24.9,1021.99999818951
24.9,995.000003620981
24.9,1001.99999929592
24.9,1064.99999788776
25.0,1032.99999929592
25.0000000100583,1011.99999979883
25.099999986589,1010.00000026822
25.0000000067055,1000.00000067055
25.0,1026.0
24.9000000067055,1015.99999852479
24.999999986589,994.000002950429
25.0,995.999999798834
24.8000000067055,1027.99999892712
24.6999999966472,1019.99999936298
24.6000000100583,1000.99999829009
24.699999986589,984.000002279877
24.6000000067055,1045.99999584258
24.4,1056.0
24.4,998.999998994172
24.4,984.000002011656
24.2000000201166,1005.99999778718
24.2,1048.99999855831
24.2000000033528,1051.99999845773
24.2999999899417,1005.99999738485
24.200000013411,980.000003486871
24.2,983.999999731779
24.1,1049.0
24.2,1146.99999986589
24.2,1145.00000026822
24.2999999899417,1099.00000462681
24.2000000033528,1072.00000090525
24.2,1058.99999822304
24.1999999798834,1006.00000251457
24.0000000268221,1030.99999664724
24.0999999932945,993.000002548099
24.0,979.0
24.0000000067055,995.000000804662
24.099999986589,1006.99999839067
24.1,1031.99999748543
24.1,1063.99999892712
24.2,1063.99999845773
24.1999999798834,1018.00000050291
24.0000000268221,1022.99999932945
24.0999999932945,1014.0000006035
24.1,956.0
24.000000013411,1002.99999973178
24.1999999731779,999.000000536442
24.2,1060.99999376386
24.1000000033528,1054.00000023469
24.0999999966472,1059.9999990277
23.9999999899417,1030.99999678135
23.900000013411,999.000004291534
23.9,1000.99999986589
24.0,985.0
23.9000000067055,1031.00000221282
23.999999986589,1063.99999557436
23.9000000100583,1061.00000030175
23.9999999966472,1047.00000046939
23.9,1069.99999892712
23.9,1037.99999929592
23.9,1031.00000093877
23.9999999932945,1031.0
24.1,993.0
24.1000000067055,987.000001139938
24.199999986589,1003.99999772012
24.2,1024.99999788776
24.2,1042.9999993965
24.3,1012.99999825656
24.3000000100583,961.000002313405
24.399999986589,983.99999691546
24.4,1062.99999470264
24.4,1105.0
24.5,1104.99999892712
24.5,1089.00000214577
24.5,1072.00000170991
24.5,1043.0000009723
24.5,1025.99999983236
24.5,1020.99999969825
24.5,1018.00000040233
24.5,985.000002212823
24.6,1037.0
24.5999999932945,996.000000603497
24.500000013411,1004.99999879301
24.5999999899417,1001.00000040233
24.6999999966472,1002.99999993294
24.5000000067055,996.000000603497
24.6999999899417,1013.99999839067
24.600000013411,998.000002145767
24.6999999932945,1029.99999785423
24.7,1010.0
24.7,1002.00000087172
24.7,1014.99999825656
24.7,1004.00000110641
24.7,1002.00000006706
24.7000000033528,1001.99999953061
24.8,988.000001206994
24.8,999.999998390675
24.8,1000.0
24.8,1014.0
24.7999999932945,1017.99999812245
24.700000013411,990.000003755092
24.7,980.000001005828
24.6000000033528,965.000000502914
24.5999999966472,988.99999859184
24.5000000100583,947.000002615153
24.599999986589,972.999996513129
24.5000000067055,949.000001609326
24.5,933.0
24.4,1006.99999872595
24.4,988.000002548098
24.4999999899417,1047.99999396503
24.4000000033528,1104.99999808893
24.4999999966472,1097.99999798834
24.4,1038.00000050291
24.4,1042.99999932945
24.4,1012.00000207871
24.4,990.0
24.5,976.000003151595
24.5,1022.99999369681
24.5,1012.00000110641
24.4000000033528,1055.99999852479
24.4000000033528,1030.99999926239
24.5,1009.00000160933
24.5,1024.99999785423
24.1000000268221,1000.00000167638
23.8,1012.0
23.6999999932945,995.00000321865
23.600000013411,1042.9999935627
23.5000000100583,999.000004425645
23.5,995.000000134111
23.5999999966472,983.000001039356
23.4999999899417,1014.0000064373
23.400000013411,1077.99999141693
23.7999999731779,1071.00000046939
23.8,1042.0
24.0000000067055,1021.9999980554
24.099999986589,993.000003889202
24.1,999.99999929592
24.1999999966472,984.000000536442
24.2000000067055,971.000002011657
24.3999999899417,1030.99999728426
24.300000013411,1004.00000362098
24.2000000067055,1020.99999886006
23.9,1010.0
24.0999999932945,1006.00000107288
24.000000013411,1021.99999785423
23.9000000100583,984.000003822148
23.7000000067055,984.0
23.7999999966472,1072.99999912828
23.6999999899417,1046.99999869242
23.600000013411,1034.00000174344
23.6,1028.00000040233
23.6,1010.0
23.8,1014.99999825656
23.8,989.000003486871
23.8999999899417,976.000001307577
23.9999999966472,1031.99999812245
24.2000000067055,1032.00000070408
24.3999999899417,1053.00000020117
24.300000013411,1054.99999973178
24.3999999932945,1031.00000160933
24.3,1015.0
23.9999999932945,1025.99999812245
23.900000013411,998.000003755092
23.9999999899417,1024.99999728426
23.9000000033528,1007.0000006035
23.8999999966472,986.999999932945
23.8,985.000005230307
23.8,1036.99999302626
23.8999999932945,1043.99999953061
23.9,1042.0
24.2,999.999999664724
24.2,995.000000670552
24.0000000201166,993.000000201166
24.0999999966472,1006.99999953061
24.0,1030.00000080466
23.9999999899417,1053.99999637902
23.900000013411,1018.00000482798
23.9,1030.99999912828
23.8,1014.0
23.9,1009.99999812245
23.9,982.000003755092
23.9,982.0
23.9,1092.99999627843
23.9,1140.99999822304
23.9000000100583,1087.99999818951
23.999999986589,1070.00000241399
24.0,1054.00000107288
23.8,1037.0
23.8999999932945,1014.99999959767
23.800000013411,1009.00000080466
23.8,1012.99999959767
23.8,993.000000670552
23.9000000033528,1002.99999956414
24.0000000100583,990.000004123896
24.099999986589,1030.99999450147
24.299999986589,1073.99999711663
24.5,1048.0
24.3,1035.99999818951
24.3,1009.00000362098
24.2000000100583,1020.99999879301
24.1000000033528,993.000000938773
24.1,1023.00000295043
24.1000000100583,1110.99999336153
24.199999986589,1045.00000885129
24.399999986589,1030.00000100583
24.3,1026.0
24.4,1032.99999825656
24.4,1007.00000348687
24.2000000201166,1008.99999979883
24.2999999966472,1081.99999755248
24.0999999899417,1024.99999973178
23.8,1016.99999979883
23.8,1015.00000026822
23.600000013411,1015.0
23.7,1111.0
23.5,1129.99999778718
23.5,1097.00000442564
23.6999999798834,1080.00000170991
23.6000000033528,1038.00000140816
23.8999999966472,1050.99999993294
23.8,1048.99999989942
23.8,1048.00000013411
23.600000013411,996.000003486872
23.6,1020.0
23.3999999932945,1129.99999778718
23.300000013411,1097.00000442564
23.3,1088.00000090525
23.3,1090.99999989942
23.2000000033528,1066.99999953061
23.3,1053.00000181049
23.3,1070.99999758601
23.3,1000.00000476092
23.3,1048.0
23.400000013411,1090.99999852479
23.5999999731779,1069.00000295043
23.6999999899417,1071.99999969825
23.9999999899417,1052.00000067055
23.9999999966472,1001.00000006706
23.9000000201166,1003.00000965595
24.0999999731779,1098.9999871254
24.299999986589,1105.99999953061
24.2,1064.0
24.2000000067055,1068.99999778718
24.299999986589,1036.00000442564
24.3,1031.00000050291
24.3999999966472,1006.00000083819
24.6,1103.00000127405
24.5999999899417,1140.9999941662
24.500000013411,1083.0000077784
24.5999999932945,1087.99999966472
24.5,1045.0
24.4999999932945,1025.99999892712
24.400000013411,1010.00000214577
24.4,1014.99999949709
24.3000000033528,1146.99999557435
24.4,1158.99999855831
24.3999999899417,1115.99999637902
24.300000013411,1080.00000482798
24.2000000067055,1066.00000093877
24.2,1056.0
24.2,1030.00000026822
24.2,1033.99999946356
24.2,1029.00000050291
24.1000000033528,1023.00000020117
24.0999999966472,1122.00000033528
24.0,1131.9999970831
24.0,1103.0000038892
23.9000000067055,1078.00000167638
23.8,1073.0
23.8,1070.99999859184
23.8,1050.00000281632
23.8999999899417,1037.00000130758
23.8000000033528,993.000001475215
23.8999999966472,1015.00000130758
23.7999999899417,1054.00000201166
23.700000013411,1073.99999731779
23.6000000067055,1051.00000154227
23.5,1038.0
23.400000013411,1003.9999986589
23.5999999731779,984.000002682208
23.5000000100583,1091.99998913705
23.899999986589,1044.00000160933
23.8000000033528,1020.99999906123
23.9000000100583,993.000000804662
23.999999986589,1000.99999892712
24.0999999932945,1016.99999892712
24.5,1103.0
24.800000013411,1037.99999792129
24.9999999731779,1007.00000415742
25.0,1017.99999889359
25.1999999932945,979.000001307577
25.3,1010.99999882653
25.3000000100583,976.000003118067
25.399999986589,1006.99999584258
25.4999999932945,1029.99999845773
25.6,1005.0
25.5,1012.99999772012
25.5,979.000004559754
25.6999999798834,1003.99999748543
25.7,1004.99999996647
25.6999999966472,967.999999664724
25.5999999899417,957.999996982516
25.500000013411,928.000004023313
25.5,917.000000737608
25.6,880.0
25.5,851.999998122454
25.5,824.000003755092
25.5999999899417,826.999999698251
25.6999999966472,809.000000603497
25.6999999966472,852.000000435859
25.5999999899417,865.000002212822
25.500000013411,886.999997049571
25.5,872.000001005828
25.4,932.0
25.5000000067055,1048.00000409037
25.599999986589,1108.99999181926
25.6,1120.99999879301
25.5000000033528,1119.00000006706
25.7,1109.99999869242
25.6999999798834,1070.99999547377
25.5000000268221,1026.00000603497
25.5999999932945,972.000003620982
25.6,929.0
25.599999986589,908.999997116626
25.4000000268221,866.000005766748
25.4,840.000002615154
25.5999999932945,859.999999329448
25.7,1082.99999721721
25.7,999.999991752209
25.7,918.000010997055
25.500000013411,936.999998725951
25.5,1021.0
25.499999986589,977.999998122454
25.3000000268221,950.000003755092
25.3,948.000000201166
25.3999999966472,934.000000469387
25.2999999966472,906.000000402331
25.1999999899417,918.000015188005
25.100000013411,1068.99997974933
25.1,990.000005297363
25.2,1012.0
25.2000000067055,967.000004023313
25.299999986589,1026.99999195337
25.2000000100583,1158.99998672306
25.2999999966472,1122.00000124052
25.3,1054.99999882653
25.3,1020.0
25.3,1020.0
25.3,969.000003419817
25.4,971.0
25.200000013411,979.000015757975
25.3999999731779,1213.99996848405
25.2000000201166,1189.00000251457
25.2999999966472,1108.00000271574
25.4,1047.99999929592
25.3999999798834,1026.99999849126
25.2000000268221,1012.00000201166
25.2,979.000002212823
25.2,1020.0
24.800000013411,1099.99999108166
24.9999999731779,967.000017836686
25.0999999899417,1053.99999124929
24.9000000067055,1207.99999483675
24.9,1033.99999969825
24.9,1025.00000010058
24.9,1025.99999986589
24.9,1001.00000167638
24.9,992.0
24.9,988.000003822147
24.9,1044.99999235571
24.8000000100583,998.000004727394
24.6000000067055,1132.99999547377
24.6,1267.99999175221
24.6000000100583,1021.99999808893
24.699999986589,1003.0000025481
24.6000000067055,1006.99999973178
24.7,999.0
24.6,970.000010192392
24.6,1121.99997961522
24.6,1184.99999366328
24.5000000033528,1006.00000600144
24.6999999966472,1003.99999989942
24.6,1001.00000834837
24.6,1083.99998886883
24.5000000067055,993.000006102026
24.6,1104.0
24.5,1101.99999215454
24.5,985.000015690919
24.5999999899417,972.000001307577
24.6,951.00000070408
24.5999999966472,968.999999195337
24.5,945.000000804662
24.5,952.999998927117
24.5,900.000003553927
24.7,965.0
24.6000000067055,1169.99998866767
24.699999986589,1001.00002266466
,
