Temperature,CO2
20.080129791404293,432.47215279040773
19.815951679064398,440.1351162208182
19.90842476630978,442.8897543997639
19.590817690583624,431.4900501938658
19.94106486731559,449.47542367531423
19.730143463689647,443.74946650559315
19.964539235228724,436.27893943730913
19.717278033162877,450.4134031105865
19.91467265264759,428.51401202515507
20.09341610036002,454.4725719675502
19.844671782395697,420.72273898210017
19.86314769807692,420.8409293819662
19.876214938224138,449.6156577019213
20.076171985722873,440.50270023802807
19.902180836741728,421.9187063125097
19.80659097518146,415.28451023610006
20.077571799169625,475.2137595498109
19.808733525632633,437.7006006009954
20.006608710065528,417.1913358619304
19.94283545982284,436.3738407769132
19.81511633679879,425.28196150811016
19.930342991659433,429.04761841019035
19.889278076673982,443.5908293356901
19.918990493156187,-768.3651741289182
19.980044817539177,432.250074672068
19.955396644966957,428.73470352728395
20.024463164534204,445.23580834946523
20.124832766586835,419.3572281901295
19.971720547391325,450.2496395914585
20.303987207938032,430.8545268129609
20.27562818514106,426.462905967171
20.26375246663504,450.57799892590924
20.227144844135914,424.35309529279925
20.296359827597247,440.72024829013804
20.11041248413025,437.14832834162917
20.056200735394235,436.7538313024683
20.252077418298466,415.0337196395752
20.234429188913825,424.02626245450904
20.044141412760183,431.8639944708099
20.219410132758416,446.4097011289004
20.11508017975397,437.86756301163433
20.33786764201007,437.8006268370044
20.260796358379014,432.85901143667917
20.221828752830127,426.3136614812167
20.209604816749337,415.02997255876534
20.16151691646093,428.30726973741343
20.201911536186795,415.2575211247106
20.219283387259527,449.1095833775359
20.10136365690166,434.85142352504823
20.171136335145523,451.45227497326846
20.2136718120046,441.0266616958901
20.060783054669212,452.1919217484487
20.063370183233985,415.1639767668887
19.74387857557554,434.041085864341
20.090087494560937,437.7274059162774
19.954970743856148,413.2038856933292
19.891217457287887,433.30072771364866
19.937255144735094,405.5727494315754
20.31529439408912,436.49720052239417
19.954016854386836,410.60977116783357
19.974011722990582,439.3603275870168
20.00396718957292,431.1232495473533
19.960315945670608,434.2832001578852
19.888024918799218,430.44239858271686
19.95932256113162,412.00595749076706
19.74774729310907,441.25984777861316
19.971724558927576,416.85510826453066
19.852364320101167,421.0981331695566
19.89204500389313,445.2298002364583
19.801730838544433,420.8865345198115
19.805399502253366,415.687713202649
19.856469375930562,425.6068917460261
19.967404597031106,428.4888441427324
19.870608370848288,1631.125592671425
19.7827765339014,424.5125565207765
19.799669917424573,426.82975599432297
19.95650250062337,430.98232423781866
19.793824251927127,438.71930494130515
19.73122685603461,429.4983682097371
19.79849943007749,436.1605272286259
19.906430973675175,444.5774668388501
20.085437770933083,437.3989156345212
19.99702227192053,447.3391321076584
20.005336895291315,440.0633584365006
20.286383878526333,442.1214476794339
20.398749624125163,431.7482962417974
20.25721102619238,440.41265432379646
20.52305795773167,440.0118546085486
20.73580290235852,430.83455447324343
20.848243435629552,434.3388942827096
21.171278016594826,453.4334121555026
21.40527437249167,432.2712538381153
21.700105015521167,430.25290528650726
21.849984089963037,463.54200173230873
22.104306315408294,450.69078822405254
22.092234672612253,439.8293960646833
22.049142398491323,476.8028974596465
21.846156536558084,444.7232142431652
21.793527622412682,456.3275807220863
21.42727255402421,453.8865579563312
21.81243254659507,461.98578822259196
22.575696314907564,451.3491403968694
22.925902671816218,452.23922726002274
23.026299768798033,436.04839324066285
23.122605445336212,449.6359636613144
23.495668011234127,435.3178057115718
23.68154166655731,454.735376849972
23.749456018430166,445.97527938184993
23.755925342069496,439.7678199174059
23.3892561747375,432.1846107940469
23.610133221230942,446.8321112200042
24.136831829533644,438.06730782778817
24.526953344690316,422.2158067282548
24.244752555109393,429.06820082620396
23.766486524990707,415.8718903743958
24.120707616639812,429.56494765423173
23.758055299398233,429.57250403930016
23.984255942156835,416.3980562880254
24.86925640545618,410.01075798899166
24.631749685980665,413.3254301149577
24.337508811290935,-805.5284974224635
24.786820709826053,417.1357744718129
25.02383668568941,413.15774657719237
25.207297344891813,418.87935390624835
24.774937691323814,438.2416248421826
24.703341375868334,400.33029682969806
24.786083431931868,407.6595495543991
24.85875721362029,415.413049901828
25.016051346706778,422.91754926248166
26.04901163651061,417.6414594116527
26.092211744550358,427.806687606675
26.553721656844097,416.27740784716167
26.491585092978536,413.85438882073095
25.913399748814914,406.6995861797402
25.629165006546838,421.085189014997
26.739776035138327,427.59657514790626
26.982960424315838,407.67006486741036
26.112936832924646,409.1320012592083
26.826239600288744,418.73479349839204
26.771721549911952,397.0821472247038
26.978204782266847,407.78257984275467
28.01833647781611,423.1963212398208
28.208032176782055,421.1234287424603
29.087453813719552,398.8965468643406
29.035927450079495,403.6071842117366
29.190353217275383,407.4466040282256
29.349739543474815,376.9628298748913
29.291438558754518,387.5453340087311
29.283956194649868,416.9116326287114
29.47040632416349,427.3806766690958
29.58689835134241,414.90035108480737
29.75077988688982,391.9093031816963
29.731503059822355,409.9340174700646
29.606728461242692,406.141794683244
29.365393649539836,400.43786374816386
29.700932710531415,389.1518795533734
29.667897374887666,387.8077535706685
28.82596537660504,412.3683276709528
28.792057060579786,399.6146425704346
29.07386602614404,400.4903698077941
28.236345108853357,401.02661590882144
28.76608299301648,405.1216219254478
27.788159435468287,399.43287664826397
28.120254643407478,396.1533970401577
27.678515290091955,409.432551246091
27.59547882478737,404.3755325553532
27.191001876056152,413.7916192126372
26.881686487234077,423.7977327550167
26.39286850058942,430.88538163600805
26.464208213365115,426.81285733444435
26.159148802275265,414.01241661228124
25.898172556125527,425.5129334791958
25.881626413016406,407.5198661702534
26.298590797269494,420.7299633598299
26.309264493820855,439.5483136053241
26.585376157330586,437.8797174518248
26.767799538955472,410.72897433746687
26.754655225927,409.5256383293317
26.72330250107798,420.6813027254581
26.47883631437684,411.03727272009087
26.723902825261703,439.96695018770845
26.437307752870158,436.06680022271206
26.514464758064857,430.90070974315626
26.243952717971656,428.086396214427
26.174764231098806,433.6334763456058
26.41521989902012,445.2913235030054
26.25918276213698,416.7915373423556
25.89311172321761,428.92940406527816
25.978156838959027,449.19111379159517
25.466985571502825,436.21634037849583
25.359821614412887,453.01890540858926
25.321945289560155,438.8036941121679
25.237277651546034,418.70311284260964
25.307541896254964,444.6116108340879
25.25719992310163,444.40840993007293
25.0975695541521,451.1041553286632
25.07845360107981,437.1195925185262
25.188199318479086,448.51958464872564
25.15054906953484,444.8822432861683
25.152069495530235,451.4618510871953
25.364974068742114,435.29921315628565
25.261916941206604,440.2821594519064
25.326363354045732,437.18029600992736
25.09655331344782,458.55929658779587
24.779291150940704,433.06451264782845
24.86891664591664,414.79909939955087
24.564635845471834,457.8784587030283
24.45340683548545,468.93511894037346
24.390095085484063,441.1321975460996
24.47063105949199,481.06489309595116
24.506571711974125,447.4070405771774
24.807512410135043,459.68804449867514
25.205976308904994,468.9866172883723
24.82437022609358,442.81538498997423
24.885345014307145,457.11087112243433
25.04759983164002,458.4493229592555
24.925019266543035,446.97440334310824
24.938391933343574,442.29383258393744
24.635653038002552,455.50686624214785
24.745939582710903,464.5829626135719
24.369467489835554,458.71479285720994
24.26165484035022,457.5639385210257
24.192030534787502,450.5981757868546
24.19831834146235,458.77967668970047
24.052980484323033,476.49439365566724
24.079150167516687,450.75103371363883
23.923498776859965,468.8024627327995
23.936465523688238,455.91778481534504
23.87659607402153,457.5164083119585
23.783938224887955,466.8168997153278
23.568410724026457,474.1857912949727
23.555816732585356,464.12080255324776
23.519062471415698,478.7430785650164
23.807933805202442,474.29571435825596
23.471199857160393,448.48501301169716
23.74947531396934,459.14752486487015
23.301518753809475,458.3691079230615
23.45310749534384,467.5822920768159
23.131847233806603,471.5145638407688
23.27040117045236,465.65720482000904
23.020981834846122,469.33699769074934
23.022843175607395,465.99043737251714
22.864032514102867,480.635611983096
22.85519602021294,470.07917382969606
22.707960312352366,489.7887368396177
22.61613839381283,503.3001873391964
22.565071941028982,497.9097727874355
22.18409094168374,483.73591546349945
22.40869667152291,481.3707918820843
22.187731500506338,493.12400573210675
22.15169491783896,480.54604794659963
21.940577590026177,491.99492055798646
22.02865171492023,491.38904578643036
21.76313546676586,476.11391553492655
22.12436159608704,454.2174546509974
22.2047216207658,480.1018630278501
22.229243753982445,460.20483416308696
22.37495060527858,459.9330656109176
22.554324638664262,493.78948626484566
22.64962125165742,479.1044287167962
22.449286621538725,1666.0082548227056
22.440117264223822,484.843086386069
22.66286212399126,484.3142372169471
22.554959184486005,481.82742802309934
22.71095430572365,477.57993590787953
22.46826771288862,468.7242326769081
22.553480577011474,488.826445366081
22.25313374742255,473.4611598661967
22.444292829675643,486.79763553803804
22.36777055509963,486.01534267069684
22.0933553688337,493.4803179080083
22.197548467039663,488.23144454146257
22.27187682327372,481.90105708931964
22.202707326346008,490.7058849015388
22.146880129729887,503.75996740632735
22.331375053303155,485.75380221379885
21.924732610137287,482.34691819380504
22.227370332198696,475.14568312538916
22.091323181875815,483.0607496659171
22.05293182692395,501.9718829902135
36.02179547869545,485.59775722070617
21.92125096893012,503.2356591056308
21.74011634849546,502.72445208208944
21.95416838956147,503.89290750838217
21.69984758993372,496.2731039376108
21.67837846125215,488.2179769282536
21.47946383892535,494.79698600040285
21.4644305176722,494.61297844401497
21.298202000067185,496.6162807206492
21.231027275454235,503.23089276982705
21.18535188945565,520.3672910475345
21.45303137493106,487.42111045720975
21.206333191768802,509.93623268866037
21.086000328125223,485.4216783847041
21.248478738018893,497.05706206802796
21.16451356133966,500.1380713827336
21.10592775679897,495.3160930940593
21.324330863583995,482.1083458851507
7.0592683814106465,523.7216587047644
21.044524889701965,507.0695843839647
21.141883105739833,507.40606768487817
21.182778186145388,488.08352699342396
21.416933937090256,495.497833635711
21.39278347807731,484.5386803265439
21.17521868882534,494.8004096655553
21.319422033088905,485.2052925170635
21.05042264642523,501.1338217283237
21.37169828149376,504.5464328230066
21.379124755924515,500.8767720433768
21.2268399169111,493.4518291880099
21.227821183069818,457.65405070513106
21.45879808966754,491.672017029715
21.536841223932782,478.7941533631109
21.333702344163665,518.7833973048339
21.57329148969681,488.32446718733036
21.351336994940002,490.54386849547404
21.570246159412704,495.9206068366476
21.458197545566833,470.87968027683485
21.39551724694801,467.2141236049282
21.43890130310129,496.795887589187
21.348878566000796,470.8043579070228
21.300402795966637,486.38554558264815
21.116301770773102,493.4328974126163
21.23888276386406,495.7624952055026
21.31847875694478,482.7435753608668
21.313936270801833,478.99583312691976
21.34268352120497,475.2748348479737
21.198147308637566,491.289895560449
21.17798676934075,466.4217939528593
21.28815299516072,480.16709801537166
21.282902881380135,480.55688333023795
21.443120602993414,477.77757887670367
21.17197814180832,461.4595041805299
21.0986308110218,507.95611066512686
21.448707890361646,470.23769122427825
21.05083295627882,469.8297423111015
21.151908538637127,470.7018003327121
21.01035421497174,480.3027995024003
21.220348003389887,500.2805399638621
21.122031899892463,511.2108796791419
21.32137982228129,481.77470372216584
21.13051300466474,492.0203821104267
21.31916234768842,494.5564725508535
21.171441303328777,481.06413603394117
20.881794218973404,490.7454830774594
21.091625443930162,489.25223544578165
20.751592882220866,503.73572133615943
21.01867088614512,480.24051274894805
20.94266892845009,492.21491310071326
20.858483515117264,491.70924938566577
20.94660048854555,493.92595577011167
20.90871028579496,497.6749429102772
20.77477277830954,478.90561420565325
20.863098360396535,474.4832231915882
20.956381670603026,498.489729948793
20.9519854426195,476.0235026178979
20.9982344936198,484.45059035071574
20.961744783069346,489.9169070400553
20.98571827603628,482.44383248256435
20.977600572389136,486.9124703267009
20.760408986941275,512.7498496332346
20.567029256881185,508.07914565746773
20.669227938552474,500.23613598211756
20.66750415402046,498.36571030442315
20.840271385631667,487.49468845096766
20.63327339143948,513.8553883745512
20.80146445793951,493.3167512550776
20.707794217453106,507.4471470081487
20.808109296575793,513.7522598878813
20.79884251853054,521.3524783484681
20.967862644323734,526.4149806206203
20.82818631774377,516.1958168580185
20.811040164438868,555.167537675927
20.909867516237384,555.9903365461523
20.9186334469761,579.9562000196738
20.875623287543608,570.2940464675257
20.979141390130327,598.6829678923896
21.18446729100787,593.4021451175682
21.237549320082067,611.546177811281
21.596828758581477,629.5382896786101
21.772705843658755,630.8566570394925
21.839113487042354,617.4688202141431
21.85296425701671,588.3190202203635
21.83629082020062,660.3458393300075
22.033027284126124,580.5304182930686
22.198398640021736,583.5783587886772
22.050127603522643,589.708691544024
22.15213771987102,591.663800298595
22.250810165151965,574.6412800272244
22.320532485586607,569.9172757943085
22.505164115875626,561.1049145919993
22.69044659163395,548.3699537412832
22.867380197369467,532.2233870151542
22.954279886978593,528.2645644287713
23.19799172636296,508.83039586722884
23.163485533216164,486.59968359510935
23.159841289216395,518.4020102074307
23.032700906812046,508.0396773079922
23.288523417584315,494.3471706390908
23.156248553743122,518.799757530111
23.74534585854676,483.49898541165385
23.625916273262565,479.39884400160577
23.83911937521712,480.22287344148356
24.12908720486822,494.44044806062834
24.089073070930453,470.0780193141776
23.84127692503877,471.57114572271803
23.99120808064674,477.5874758154239
24.62257793554252,444.0227995767566
25.088827593617978,475.76056393773524
25.079513411327774,476.09082828461226
25.603797351835222,464.39255718550953
26.166224750958232,449.3830005418149
26.750934188927513,449.5794175397667
26.209965464333166,482.2593577422639
25.919839641210046,465.4287415896516
25.606536857466473,480.90482859990243
25.259893304559448,448.9621835664973
25.458359325827722,465.6647607829227
25.6248265248178,441.4568917576995
25.17283306692859,450.2330275345729
25.003351833034387,487.12258339256084
24.570021381820684,478.2660379032752
24.106854767314868,502.6660028964212
23.87282703055745,478.23600735235357
23.849058072379258,489.8561559092801
23.56557804210924,498.534707396567
23.387842642905508,481.27722354774426
23.367365162484653,471.06092174743713
23.374020793801307,502.7961891158622
23.655913999442287,481.9633613396078
23.83798830070362,478.1052978858428
24.168683228501294,470.93707708019224
23.968829055094982,473.4285964083442
24.036986004564223,488.15127945563927
23.870353267575286,462.54788585849496
23.920475543858384,464.5256178157224
24.566783107427625,484.58844684772475
24.768730575168338,484.9339476276638
24.87038044927702,477.6488307550001
25.328910527277305,455.23716058260226
25.568087861407424,490.042796052149
26.000785733385648,459.1498407220696
26.222760969189924,440.40541683977636
25.646985651052262,446.4560750208216
26.16876761309711,431.5770155835549
26.2891198183163,457.51104302595996
26.396803784275207,450.48357018355654
26.622473488420912,454.9477503719714
26.51684147649688,461.8257550729322
26.382905167524456,454.5609132403686
26.02695364831,451.32428241773897
25.819628389730944,457.7108033466957
25.617987834401656,440.3481894209564
25.875365240327326,468.8524800588626
26.233949039786488,473.22266841160587
26.244756425361405,453.88802572261835
40.93649797607518,458.18683095562676
26.583104788730537,459.79024623505796
25.950824413925737,462.534154846394
25.912682776418855,461.9539532878971
25.73529946588815,459.8533103998977
25.911888789376416,455.0458187416228
25.418378834905166,469.97531528900413
25.017194516776314,450.58260397527204
24.836875261595114,457.4316211063437
24.944654459193647,466.2687805616871
24.62314229910798,461.976527294197
24.91663233326168,461.0652071065713
24.906110833204238,466.80891907584555
24.71008700982026,471.08531503704864
25.05486127930642,468.7312399315659
25.190300161077314,478.22417783668885
24.965412255668216,446.31000231215717
24.567952440963435,463.234156372636
24.677851682596504,469.36284242546407
24.60259197449592,473.6840770967923
24.618147904388703,469.2412645297531
24.681433929661466,479.2954171064582
24.657667274178998,482.3733164229057
24.355249889808523,483.45101692964465
24.289468621778358,479.8165388822967
24.110795129087734,502.56045122682764
24.138416376621958,483.43192517357204
23.993498940748797,476.5272265748126
23.802645486529222,503.41811218727275
23.86900028333213,485.4236735292274
23.599717071784944,491.63903608911835
23.464345565162635,469.8209776787999
23.62568868988397,493.1331453339678
23.81843416412739,488.5527733682993
24.002361734813313,493.21151021007586
24.230346383203074,488.6772033745134
23.556456071355903,483.9754037641375
23.93243518226755,500.8392427999661
23.851664245412,480.5730089223706
23.825497523385625,497.9456338458527
23.960940984370257,488.2500587198233
24.296905290302426,507.2309942874242
24.515742821823178,-713.7016543763773
25.020296533496868,485.36685189338334
24.92800236169091,502.20167133338487
24.772287234418364,487.48362939319753
25.2580086371372,474.0150334571255
25.17022653452623,497.30330525209826
24.90585834541625,481.78006244910733
24.571052934657686,474.9188118479278
24.56001675682677,483.4535495974519
24.602483895521477,482.78768265757424
24.31131134575809,480.9595484156834
24.43479781692307,484.49633923387773
24.594033793530794,493.80556618543864
25.007822228773765,479.1710944721347
25.065816957549824,475.58056278343787
24.812408923668546,488.972763853273
24.7068683330196,486.89065704928584
24.509136416351296,490.5801746846525
24.57211744966115,478.27093704247386
24.57130820032787,487.4813638869427
24.852317048582776,507.0569812691424
24.80611683187648,509.8682710726773
24.954222549937832,492.0539874009172
24.877149791747424,494.17167857526135
24.915633864240647,484.6686324115755
24.607716985181966,499.2478884127785
24.744758174251125,501.0042504237806
24.367910966571902,504.00294878119075
24.300260383444602,497.4508238546378
24.11476394986651,499.49441927282965
23.905561580546333,504.50281498772506
24.059961636061608,495.8345642646716
23.81558912605832,514.1663418545095
23.834942047419535,489.8369473263859
23.55371101990808,498.83267946145054
23.580508430716293,514.5172672844253
23.519003348806297,524.4661246316092
23.089698852297484,508.11604333521564
23.228425806847486,519.0593503369562
23.119591166758394,521.3824388850824
23.0463963251991,517.6501868341279
22.789812650486716,529.9512900029982
22.774360566616494,529.2486289687713
22.662563259636354,538.1020629763786
23.007357010274205,508.62857978497664
22.967640560406252,508.4620699385182
23.091898960178163,513.5513131793432
23.21251341473653,522.495069261669
23.211085109153878,530.0191589183675
23.083486653633766,525.4466807372669
23.00128019186476,523.4867629346336
23.010533363536805,523.4181544490506
22.67637924291969,522.4757945341576
22.7063759388209,536.2321719920425
22.701458222005634,533.3678744393246
22.609733967237446,524.4940116096727
22.63573022095008,496.3036697100812
22.656301242060895,533.2915990003235
22.600931080649573,528.192870526224
22.701763776687898,512.139730965959
22.49515723481941,1731.6844690991736
22.58539461802427,1722.369041383156
22.441321227397353,534.5409935261065
22.284462247235258,521.4814541510075
22.256086898639737,533.2089861428624
22.27728278610345,536.2423269483822
22.420767512551553,535.8509935186455
22.165967053473135,542.9868735286911
22.096566887544245,537.8981967700286
22.11374267486724,522.1567770500201
22.163130018397585,532.8898701922935
22.185181840225138,526.3639210617825
22.117297993169945,530.6772295357589
22.07482219126166,529.1438120287175
22.214325472967502,532.7312454395019
21.959150447925207,513.2259221342654
22.010121580717676,527.3624466904355
21.963307572145776,528.2058087161021
22.15661414280151,525.1394540734677
22.00597423919143,518.7080512705277
21.974898094677897,533.2870268351903
22.00331297972519,524.6129545039321
21.798573817326545,525.5072609505987
21.93631715143264,509.36058215065435
21.701312266964763,527.8124794490607
21.655902998405377,505.19029751315765
21.698000564546717,508.16505530824304
21.676270137203648,521.9289793294363
21.584107486306017,523.5674324222679
21.49764058924192,520.158975892401
21.565736634565262,521.4224607120459
21.47387471729637,521.4440240710128
21.553989816879646,509.91271948035677
21.427891378217716,505.94797121732717
21.09862825328856,537.0456822172002
21.336248129462945,543.8147873896062
21.318254886498853,547.7507846522326
21.14415478573649,524.3106276369058
21.26069077180422,528.2984100163978
20.993590174917806,524.2801098216939
21.020779757112265,533.1254453277667
20.913508150888827,525.6253719181233
20.960747266533048,500.5785595259694
20.81682525416857,508.28276186782114
20.765782148973603,509.10864919069644
20.781110005820327,522.2793040852796
20.834941989143537,524.6957568868686
20.964795400363684,508.6405209924443
20.78184000480779,533.9543663889921
20.712024718603818,502.05896107779216
20.623415669128764,509.1859913661414
20.63950346285639,509.2544408090279
20.501757919418903,509.073520326801
20.45575236725468,515.6489942252788
20.65574357047397,503.391699820615
20.602482308280138,523.7260773096945
20.454563638958042,533.6545910342383
20.654024298573013,513.181183104903
20.49556298655333,504.7360803702087
20.385237348159734,508.83938670912755
20.62638302298896,538.1111585670387
20.632591285101043,498.6200044634843
20.612920343191636,533.3364365341553
20.50814161178532,523.461226934758
20.614323525932356,537.118554384941
20.717387368252457,543.6543160190442
20.80336904489697,515.7782672685954
20.83223084006311,537.1565891851134
20.770553736850317,523.6291323345745
20.879822979439265,512.4448198826409
20.65907404271305,543.5481489683423
20.646041289818605,535.5869850047626
21.000592018059454,523.8808257563311
20.74722827099897,543.1726853134908
20.97677088880979,536.4365300321083
20.95012713515847,537.8559815112327
20.923437798784885,542.3525716408043
20.91930339304762,531.4742352322572
21.03740459515748,535.1999963066424
20.94957370000835,529.0418283903124
20.76227913200266,524.2835867457941
20.8301890668358,532.0204339054457
20.78487179337815,528.0055670587777
20.949304188203186,542.8400654298916
20.818091301814373,564.7570133139716
20.697867651465486,538.9932713121615
20.729762823184537,539.7110155955612
20.82110064051999,560.5710046665647
20.78233524226332,544.4587594689633
20.86070877797566,549.3306857168092
20.907518296837715,558.4735926691556
20.841436414885237,575.0145331416189
20.69608917674454,553.2155437702816
20.55499983258188,536.2508540902676
20.82292434626413,556.1964772473113
20.703408506800386,555.6736886434005
20.598482685725983,555.5151673161118
20.728681680310142,566.9808213120581
20.612956906637585,563.0639457022185
20.622034277278882,607.4134900835307
21.025337509669786,614.1826474910044
20.890401358792154,613.5736111391378
20.751719926912,613.4632234404577
20.694741484805565,649.8737349483378
20.596527440011062,-582.4047396768585
20.76805633657188,658.3536956152783
20.79278662008996,693.4941141645636
21.087960328649867,679.8205937843752
20.989205417222642,692.6970152210071
21.232422991297785,696.3388991435517
21.56226520595759,694.8473001017952
21.645143419613923,713.4380311845953
21.812480857407163,706.9131011021528
22.192118020974842,708.8274448134745
22.474016967975828,696.0531609538574
22.61883769351595,662.3209890933109
22.900768108811995,660.5884991754284
23.285442499686898,579.4123136258623
23.723086317209003,577.9116952287297
23.628895593304033,569.4020034022285
23.916887530334762,558.5858628112758
23.88043190874186,538.0368502875709
24.18821660711252,518.4384274408552
24.097148554618922,520.1328538407964
24.116849338080574,506.55059851587373
24.3539915891008,530.00600392222
24.493680586474262,518.9321709041129
24.303312557155856,487.132921845449
24.81245436899714,502.27435273325773
24.891187380932983,507.50884599801054
25.277835391479638,516.529294737106
25.292143020566357,-690.0990566929657
25.64997081390151,515.8862962423642
25.9406570530446,498.68193192632316
26.089052391284504,492.2356839765888
26.038000865797425,486.4221746593448
25.89469073283272,504.84742718178984
26.595617404712673,496.72653706787935
26.400807218732997,490.02780315270684
26.559412722657843,497.58740422565916
26.951183234990676,474.9549814136416
26.828501092836262,502.36824999384
26.19402637042216,482.9419287641948
26.464446978547805,486.0167602852015
25.89740550608334,485.7161247645697
25.458004842514214,511.67562970651
25.07547409137893,501.4691135437223
25.01918657995792,506.723264481104
25.17991340035094,479.52293812540495
25.217512727713583,496.5840617362437
24.710771793122976,493.3437613526726
24.507345874354456,511.27976551384666
24.517641941635347,491.97684252870715
24.156043292722046,497.98306099776323
24.063872254520387,514.4492593710441
23.798329236732577,488.5765881504684
23.79829050725757,487.37551653799585
23.7851327949397,506.0155002717522
23.544679154587534,514.4553672036922
23.651055358736812,508.49577134072956
23.47180995297493,489.16982299128085
23.379967655464462,484.110886042695
23.273415934062392,489.9349854414187
23.219582096676312,480.6177788045309
23.378841619003662,494.57812054433344
23.463502369402587,510.8343564939776
23.322606537124532,515.7609027047993
23.24245595435179,507.6449823073788
23.54507990924152,518.3169134705918
23.511944136200288,507.0325927869744
23.77628181828727,517.9379493196176
23.659274839172344,495.4506384005277
24.05361676919958,508.1649607612562
24.094418864164307,517.2206789619064
24.11630617849263,508.0720896748918
24.103174727421358,508.81996402883243
23.97069739625124,494.78049753613317
38.32004265971127,510.07359243209663
24.323106303434948,497.41158673981835
24.283343637816937,497.2861897461183
24.390293568713837,487.00975860421295
24.86852437817845,508.334274193203
24.844715535348687,487.9262394592603
24.76387680513009,512.5277759378267
25.11298307153026,496.55733867252354
25.315524375326806,506.78358741174355
25.432396642950533,513.7359286611037
25.50310619607516,512.8384813010247
25.302731052551678,511.019928177138
25.177261096752797,518.0276531886833
24.99502451261335,522.6529203908821
24.95462388192592,516.4370893998888
24.86858266340389,520.3543865561553
24.91300924172303,501.1316955169518
25.425838652727673,496.79992614033887
25.257683482875418,482.8545883461316
25.204340348205804,507.58652632120317
25.460601229300217,498.8848211173185
25.737006248020876,499.9140443661503
26.225176451996106,506.5171849501063
26.530091177770856,483.1317773058024
26.766769299737017,495.3033558865931
27.56486484954267,497.0151487127946
28.216137576268952,481.14872548685406
28.219037600430184,482.7001741269216
28.135397482645335,490.54162719159825
28.001873163119868,478.13083966540324
28.1905418615665,484.63099758982054
27.79824108272279,498.7229870565134
28.327278041175948,470.6525131036452
28.83317058769629,470.92349318688173
29.165647671889,491.7656636877453
29.50536269665027,493.75234682846883
29.69344094501301,491.6570760653413
29.81409426542321,477.2602241885842
28.941914038445717,477.8476178755573
28.633090202270946,489.4778493080191
28.664286865235297,497.42638100690624
27.88659306500267,481.68117147264513
27.554321420471844,499.29572676097445
27.721552619738354,481.8500093482157
27.449433855557018,481.74000161699263
27.548495215504104,495.95663261432384
27.339252923080455,484.2838478994545
27.471596708129795,505.3578953319683
27.337873664208086,480.798247639056
26.721602131532233,487.24407956230215
24.967124954466314,496.3059497598399
25.434136248343474,478.6210012722666
25.72858849200125,481.0584139548751
24.59397579404972,479.8595282805929
23.93671582728626,478.07271947394446
23.683856704752873,494.6810682826464
23.32217444676688,509.3625483506239
22.866723196761942,498.23066821781504
22.939979945834267,492.365364021412
23.131645132012338,485.4509616519151
22.780198422464167,484.8646306151273
22.8223525190687,501.6895699207569
23.43146344209041,508.191067961872
23.889179295009857,503.56181778500047
23.934466514718103,485.6842804725726
23.98152877926176,509.5842761338465
24.260429116442506,506.15402743770903
24.065269390920378,506.04448178925753
24.205249835955136,496.77933100392636
24.097049181407616,500.6726273423399
23.942325081898066,495.42026221620426
23.77698995676459,516.7383207468006
23.468981198846333,503.93519945550133
23.251455936494292,509.41685659649585
23.4806089132181,517.3402872933123
23.3906712951558,522.0732806644806
23.176303241838866,511.96599729319405
22.777240917604903,522.9642924869229
22.29597437756444,527.4509376193799
21.905995646022014,510.3069302238626
21.823767205309576,501.97154724389827
22.25269067417634,530.3216398584493
22.279166741824227,521.077173660151
22.251053899306623,546.2622610497407
22.0929376035496,542.0542451357546
22.063549263909824,534.5683590539883
21.93660311097426,533.1336650323315
21.987701208576418,569.9974032934109
21.6874667031391,542.6055230762817
21.419220240276225,543.0358730263279
21.515658770932237,546.5659936383627
21.317032170872295,564.0839466973202
21.095218500253598,548.3883029665693
21.132793645600717,536.694317535668
21.074615368083276,522.872897711446
21.683219415287358,532.0023339533316
21.790050976610797,540.5838195288152
22.087018940502457,565.4798864739437
22.245163236277346,550.2193253468981
22.13115314265316,534.4445097666631
22.125390939972863,523.3596653289462
22.27466424890377,542.8749304945413
22.245033058938535,548.4336216903819
22.331632507061816,566.8118529605545
22.35890212560985,560.1331348297107
22.234706213725083,541.5657952878507
22.192940502576263,538.4286034917586
22.09058807270425,539.6385498404204
22.062965313030986,540.1531383305742
22.063872949205642,538.747652066478
21.987505371705357,550.1942651003417
22.072908544630696,571.1072390920962
21.954363658056955,554.9078997519749
22.04520637409761,556.4386123885939
21.962565361670155,535.092376395585
22.161337393657785,540.5287123794583
21.999654490223026,563.2958888026274
21.615542581850818,530.360942176367
21.844472950253227,568.6620262767974
22.034871546825197,571.6542465491748
21.812008108943544,557.3854968099728
21.954376889130035,558.5860264652965
21.68316464894106,570.4135138704679
21.944985762411417,549.7906865178206
21.91758211974731,556.0653830778676
22.017421107894517,575.6903663662531
21.786682609953008,574.30538406417
21.828947762604614,567.3449251137415
21.671744073046117,567.6856551555203
21.667422220471998,563.1749689854607
21.539158027274976,569.4477155763984
21.56464720168249,554.3785356892384
21.67712407100464,562.8076458604069
21.499613180434107,560.2834242265013
21.481086867757917,553.3929024237954
21.614305111334147,547.1105949087823
21.475129553418306,549.9414473994275
21.539336613532363,571.321104525755
21.44812473786577,564.3682801178336
21.478151572853516,576.160901240307
21.473572805373493,569.0408811760394
21.449137837819485,565.8101937927198
21.36248380229906,553.5029580425181
21.48896910187554,575.0901699567522
21.32455623836723,575.0994416855485
21.038044252560745,568.2834500201128
21.37636530571526,557.3469618994667
21.360046738150068,576.8320205989635
21.163269657222237,585.7300311827721
21.109125116996363,572.7279677688881
21.097824824461632,577.0091750945055
21.13495132052572,567.1189354061092
21.150463135916958,585.1220671056167
21.096497463249385,562.3034522814628
21.03813893399816,571.0908371937359
21.065171764652916,563.7542717444452
20.930071917559953,566.5494880618072
21.207497629416032,565.2741908013621
20.896660534887836,582.4608570038557
20.958645427019142,571.0347071360532
20.918689495416103,610.601673526404
21.22437705904049,572.585977552198
21.013332564058302,585.3445314521218
20.92298859512608,605.2133250549546
20.84153072539719,590.9588279548217
20.969416860771545,591.9807175155743
20.778435359622364,601.2290466380422
20.905870576728915,581.1435929319057
20.895231105854815,609.225109155159
20.97205408829506,595.4345120497966
20.689374662797803,582.8264147101734
20.88182791976881,613.4862912277193
20.995192367782437,599.7575573938013
20.858350874859372,590.4428476784335
20.78016841554384,592.1944948764491
20.65484979502795,610.9757795201637
20.775902808933427,602.5956228498899
20.74257236952462,592.3633350684157
20.60736976918604,604.9426676540744
20.413379815769204,609.9369141068996
20.715414847550914,620.3578795955513
20.620459285077416,605.9080015112709
20.552487138418673,630.848826961845
20.476547497058096,622.9427498812157
20.415721459963184,606.4364513298923
20.478150440064677,614.5736470431854
20.433210347483264,624.8169287227762
20.3234207467254,603.3138468909826
20.231776856628215,628.9659396789368
20.345339352217916,613.0385258383092
20.372406511016536,630.2049981357677
20.289947363344375,630.7268160269228
20.29352069301566,636.7739130711429
20.28593337639458,629.5685753925832
20.250817150185878,627.6988437941571
20.079500422373425,632.0221892086212
20.123109836533768,637.0662205339518
20.294890707688054,634.617426877272
20.54723642874688,630.7662292092806
20.673894559123248,644.3571572996104
20.814279453967842,625.4594022861661
20.902366036225697,633.7060122935678
20.931069129679162,642.8620921646191
20.92728722388525,638.0655833178289
20.972103939808438,644.9849518941315
20.9714210792154,631.2371340537596
21.057281549535514,659.7176227838944
20.908214039417615,654.0361146507485
21.00736681403376,657.5984380114381
20.781390031736596,671.570884450053
20.959321817697838,709.2130878819207
20.867012201994804,708.8651605036573
20.867389977001242,711.4881786367182
20.697837935373126,716.3241107428006
20.614489269266066,727.631146211368
20.855624900509756,738.3968843259926
20.60128428504872,735.5699974718102
20.909805662844015,777.3583512509819
20.905065627536032,779.795572096454
21.111614677395874,763.9114688543201
20.865936041372116,771.9066659703992
21.266425721955628,770.6943986638234
21.14844222205713,791.5803473054187
21.119729831925447,811.8391336493551
21.14911561751922,802.4826791600988
21.259807994396724,823.1079577268079
21.531921155358862,805.7481229006031
21.603124232666506,812.4901675783557
21.49020328893275,818.6920119198771
21.668574972891065,810.7477418420217
21.87050525292014,834.7665186630853
22.256258073618927,825.1571681940211
22.92628533533078,801.1640383208243
23.307434163333376,777.4178099627587
23.603101888808634,783.434578416245
23.790711135509312,780.775620903258
23.746049579502834,782.4858957506231
24.03112909941155,736.0490444778911
24.185039024334955,751.5809891191818
24.758983892980602,766.5972416840762
24.67526694100134,690.5161423976351
25.19150391883929,699.6863459766071
25.779465895942835,680.3054947805372
25.842934358927874,661.0184474522626
26.382945277988046,642.7959566087761
25.633000470721907,604.4117612711352
25.669546793466584,568.3953836569466
26.551294814133932,571.1389574497521
26.72139833805858,562.1672508419879
26.19032395437457,553.855869985533
26.492599317878934,524.3743188122859
26.78127066113287,536.8825675130171
26.730664456802057,551.7020859318453
26.976053813975422,557.3890135888176
26.58138091116139,576.0501746376275
25.334714823092117,564.8641847104338
24.462427882951175,568.8681025346601
24.59790451394919,565.0138551441983
26.173143093026784,575.8275760103141
27.24097880173889,546.7219519715579
27.801791288590227,546.1054153987759
28.099637489496786,551.9880313601101
27.066703973389448,532.814429877442
26.040630317233862,523.469132715018
27.44706559733984,529.066421029626
28.254450911668727,535.6548466832405
29.233201805640423,545.8925149751985
29.901132700978756,527.6477099103342
30.486363513508113,521.238197037402
30.925696287279347,544.9461184765534
31.174539489061118,525.4773473318343
30.878354123296315,534.0301321540397
31.124598605288245,531.634387296291
30.019602539564172,509.650377714502
29.63233219825069,540.3752238841037
30.313725283932484,515.8718164018616
30.996633942820157,527.1155495572593
30.323419784544832,522.9802145621788
29.21604020912168,494.7283127170753
28.59992410968792,511.36218579038444
29.06025106060368,521.4500257056604
30.819162622337743,539.1365132383123
30.478526391029774,518.7192582077938
30.118552573308936,526.4016661085005
28.846275581414286,519.3655123594242
28.47695693014574,512.9653354670916
29.448124913909624,513.1379775603979
28.665977214337314,514.0056941246464
29.019901563602033,520.4406888241941
30.420548834791614,526.5886413895676
30.561520239342418,516.5087049944514
30.17307537313121,522.9133298584463
31.469811148358517,528.2682765081743
31.24052766086536,531.7970057363899
31.107068970761762,509.33856036038657
31.472486533282286,526.483172463996
31.755901651966532,504.60247167560175
31.937485505928205,534.8517043112141
31.49663260559643,501.3285637465927
30.82111884825045,507.83559494684505
31.391555180849224,519.2498743883306
31.64064494177773,510.96392196187674
31.707989468894173,538.5648031650995
32.05003533793601,542.6171774148478
31.747615839906956,524.0631413877456
31.505026027954074,520.5090366989542
31.839534613971484,534.7899271083384
32.21929775800165,527.7663593476506
32.317398777806886,490.46289377439143
32.384635153292976,513.9159403026176
32.5091275161925,519.1107858057388
32.091973127299944,530.3085970483941
32.11604299202758,517.0278469979684
32.22729211339534,501.81103713860244
32.25610545277642,516.8955246838251
31.919168445386955,510.94652611099104
32.19902113654888,515.9141437423689
31.70162969602445,510.9945741548876
31.682174249861013,540.0487962762373
31.825747467550784,522.6057884829282
31.608914085941233,525.9689733879231
30.36048080539547,537.4054434137184
30.744550006826174,545.6867759668031
30.753371086430107,540.946092679841
30.72103743507517,537.874332209717
30.841610489027538,548.192866701296
30.80103576379776,544.132616989291
30.925539143911447,542.9283617218091
30.660068549931225,536.8404202183775
30.59809484005384,512.5818841341135
30.52779420406583,1731.4474116220272
30.234009107493026,546.333914732842
30.289114894535146,539.570368764612
30.147705887169117,552.4001461820283
30.063666956728603,545.4191780754628
30.018796460113666,533.1761471546608
29.945642169331187,539.045259400636
29.709126180542164,562.3550435537878
29.54759286958771,536.9708266722001
29.67027490562844,543.7929797322977
29.705360952413162,549.719610558891
29.4937525524467,557.1510777608344
28.84701915593628,548.3390136160162
29.045138996291502,542.8212689990416
28.603133499072324,553.8320744008347
28.782483707540568,569.0876602243268
28.29404624665377,554.4181914855324
28.18503879740882,556.3243092961194
28.14206504092956,556.1981441629493
28.22797141361392,560.0102461629089
28.047691728383825,558.8199862695581
27.93915197714197,567.5331506133316
27.79590192554855,574.9817504864588
27.972887599171806,545.6938267820854
27.811772996629273,553.6887787682056
26.984177514045953,541.2344475926866
26.81220050927552,551.4018040229762
27.034332581967085,556.9863011247091
26.87934463522972,582.8625092987975
26.80902714432313,587.9159256025171
26.72799092981883,579.097708388085
26.29630754249626,584.8531301068567
25.987414413470542,600.6067916481634
26.090280098418138,568.8101925686879
25.89098678459181,598.9816636508547
25.921997917194854,595.6221997678397
25.79428217583333,635.1476571426372
25.420877728721695,604.3351813154
25.265380399790672,623.4039486173217
25.321143821981657,632.5399493589671
25.001498376307204,649.9753196042143
24.715001251348525,650.1659684921316
24.63474919488557,686.7485981757861
24.470401502964904,661.634169641925
24.110214617972243,699.883045804329
24.305251002946424,706.447158873826
23.755436992953136,711.3320066414749
23.61494736505178,721.1586968934407
23.385603492516864,726.9798470720368
23.295116540277114,721.0871013003153
23.09339505929605,702.580993489471
22.81611019049514,667.0434161513133
22.83273727564191,671.0389244538098
23.426613657994732,656.9240277289394
23.562964066852313,625.0159626239104
23.67946404821394,662.7514306423774
23.729300994021994,659.7552259083707
23.649280314487406,657.5937719312105
23.55826517002595,637.2873379119935
23.43649189804961,632.5771917473191
23.684362630946467,640.704564506743
23.358357679808996,636.3789907428459
23.278833069534805,648.4231239919043
23.305363626168454,638.7580046135204
23.092478779570325,626.5591396631132
23.06664449500605,641.7353402228017
23.18024319784437,631.6031824593902
22.9992145050769,645.5169294759753
22.807814530450287,633.0968568278508
22.81620190330939,643.9051070549309
22.903307165714875,634.1215471822069
22.820497008645408,658.3308763512674
22.775590622453635,648.2989426928236
22.587960353765503,619.7267347457464
22.637201420675083,610.6584181083094
22.61928913342556,629.8703254002126
22.537398016024095,637.7534574532538
22.46440991261463,643.8439260866917
22.365696645801375,647.8975857803082
22.267276341061994,621.8605855054019
22.312919544672003,618.6552277545486
22.305895497318943,620.9617223655855
22.254442758801332,632.8594095147954
22.063722153222784,619.748626870002
22.00437608102075,622.3865086041694
22.27699939665299,629.7210556509201
21.8883636070659,636.5302109141235
22.017480594225432,618.3057208090386
22.071801647839063,598.1880183251126
21.89811374297159,627.7834522070427
21.775090921518782,621.7979620188331
21.78022743871858,611.0844301828075
21.83350597598558,612.5610814893354
21.810340926104587,614.5885109898413
21.752036675099326,619.4356607285242
21.615070106552505,607.5548087616229
21.56541301325564,612.622552623618
21.53582363014405,609.3494153580814
21.449645737052474,611.5481672734021
21.447598468358393,626.4445060567259
21.17874976243142,610.2373690489552
21.36273741826249,596.9855427218739
21.378542177306496,630.6496512021168
21.17196863222937,606.0804742043622
21.372122198564067,596.2582940623784
21.32577573363016,619.714812292203
21.239179456437196,611.6517717095925
21.198814891861783,604.8990823286598
21.337412136862948,594.7422362619128
21.484639429212883,597.8872719207864
21.169667358044734,609.3078910774426
21.30857095394428,625.5642332477429
21.22325476151471,624.1490087546164
21.24959105069607,615.4020957907898
21.068352653039984,603.9763933113741
21.088620087401058,619.3632471667893
20.951857745863325,636.5436701088438
21.01691158137311,625.1538010728034
20.995103744912786,647.3766360094228
20.786790586134504,609.231274021146
20.720560073547237,644.2576222822761
34.94115897142579,630.3051423768349
20.807238166752036,636.1652041346382
20.86192804753231,629.8370208257845
21.06715487612289,662.5830775863946
20.662135841993553,631.5747810919312
20.83122380535655,639.5251698981969
20.779061767424334,631.4525127302002
20.716226156726023,636.641164918649
20.814795420444515,616.8818346694868
20.916127290658622,650.7882946627328
20.883787058524327,636.9566686064397
20.828679253791236,654.1560450646076
21.058355349819934,648.1084622477069
20.73413492792713,627.8039537687838
20.73278136949891,658.873492005259
21.084113316874518,651.5503361833603
20.8883364626833,657.6741757425308
20.905686863923943,636.4729690988364
20.736240784256925,662.6814124356756
20.921548382650172,653.1838349703315
20.608645504083878,646.332281608772
20.677005455091702,641.7787695955567
20.69623354610013,659.0872217010607
20.721238298895248,644.4299537080794
20.437735525851096,660.5370916310633
20.46951706242665,659.4671903978362
20.563780396180878,661.2983608571619
20.64925800620888,683.5689504086868
21.039640368765042,648.8182589594023
21.098414685391607,674.1450948772506
21.121508517954865,692.0099439507829
21.276089249411008,671.5442061794848
21.33580536985571,667.407616819629
21.32357304988384,678.4342135275213
21.363103595592797,667.1627600685802
21.252029079534946,670.3483389200552
21.48489019026995,674.5170129861327
21.411091964942283,692.1232411044979
21.142368303892585,664.0128517266958
21.265495012889026,709.8358827542744
21.228463305440687,681.0352462085855
21.204190595941327,671.2966669616727
21.153180763823926,700.5768808316094
21.022936086565675,675.132857891841
20.93971877679589,735.1585420809201
21.260941223273875,700.7314062124756
21.305627341949062,740.1780191149971
21.403640272275464,764.910892230736
21.510656341178432,783.0707742638511
21.52547992892556,823.186670815537
21.427786594452776,840.4755514219089
21.68732702899916,866.3946886572996
21.628356222498812,845.296118961015
21.67277384153181,821.0799760082322
21.819768202516627,847.3283106842782
21.818339186630272,852.2422473542771
22.285295206680527,842.7071540799764
22.52756358818309,842.1774756540591
22.641700152986658,848.1125985123342
23.09450947093316,826.2751721868196
23.18970741240985,829.3763937552466
23.503028129252616,823.7723835101608
23.410492262565988,816.1141162558521
23.75172960203269,806.4067061643724
23.650225418174166,735.0199115009532
23.922469062490432,752.0671966025063
24.18184997235202,735.4364137255866
24.299738104190894,716.5226120459314
24.24081227462096,740.0490961895517
24.3597866244758,678.2227162374386
24.460648548421673,668.7473640512709
24.744046832239604,669.0843545725369
24.354022026361232,661.6761953677151
23.923529656645847,653.0465492061954
23.46659421762893,651.1411825910892
23.30700574844384,643.5097050899919
23.241893022242373,637.9180851169747
23.391927642913146,649.021242742883
23.2538464839847,654.0112823269841
23.6809144260985,667.052913848511
24.20674125419436,639.4514891655351
24.485781033424363,622.6144459434377
24.164762159687598,623.7496195292194
24.140544345869785,633.1565457750023
23.942111277792396,587.9703808392977
24.0152741900704,622.6792111246805
24.541911520762326,614.7500388131692
25.089819690966813,619.4354071078826
24.963060119927125,602.3431327335586
25.13170840638815,624.714980821721
25.20623459797613,597.1900132406398
25.82433841755224,606.8841248609695
26.22038516711817,585.1699064759302
25.901111935579568,600.7356295399546
25.63340373346746,613.6721578338147
25.156382310838254,597.1178665414087
25.25357558474026,611.4555429406876
25.402637803028263,607.0408127167601
25.27182784886357,609.2501371270907
24.828344513058017,621.8654155497325
25.062814589338743,630.0378131072828
24.933912698031627,606.6710939108497
25.09117911570681,601.2558839015456
25.152500749794804,628.1424963531385
25.406686839110886,627.0386121541358
25.43699042966559,606.0681037695869
25.535153243663007,-595.8611787205241
25.66786235436017,593.6204523362952
25.585504046478963,581.3491664634239
25.657363944560398,576.2577274035169
25.987035679858074,580.8777114032215
25.732157828864757,571.2245294506166
26.004251346237535,586.9347974207719
25.996916513665084,585.6483377778837
25.824039890353472,591.5366822169749
25.325634794466065,596.8945756495157
25.2155707851237,577.5778081540138
25.360081668653716,600.3072089015815
25.037311194138727,594.0388436159615
24.992824313041982,594.5528522622831
24.793155929421143,610.2373122864697
24.8011557558344,595.0321242699409
25.096308294844864,596.9289230126732
25.024424752065087,595.9399697367521
24.97456897977581,597.2864309234276
25.90746921046468,615.5792089582226
26.328187880185183,604.8153131397178
12.861243437295428,586.1119500202406
27.223627766229797,560.1426320186181
26.87743346166771,588.0244550300013
26.470996118269635,551.9517703889853
26.582325093878516,563.6847865244476
26.93079249848787,582.2294928757091
26.763596924616152,592.323621461513
26.371286525113362,567.9296613462429
26.7214354360197,574.7051368935421
26.30775413823632,552.8381162049109
26.503739276889945,568.1513367952336
26.244583086954655,555.7138542665923
26.1428969222006,560.2550531884203
26.385646223530678,583.314543459798
26.240603211988226,559.3753427967797
26.140611513933436,568.7692675147707
26.428245503991423,574.3327533321226
26.294412603146345,566.563186528884
26.683111527486137,575.1634894055906
26.66258994720724,584.4154932924821
26.889232260592003,596.8454426238743
26.783442739289473,544.9936738932638
26.971275207733058,575.7527792781966
26.63103843352911,575.7315215458581
26.512601870777498,569.9492052662595
26.131187801400266,580.406469287392
26.09213861164077,574.884703407803
26.56490074850159,584.7386207364593
27.06128497407134,618.9720515199695
27.049938783535023,576.4025987345146
26.854292464212808,586.5883284704393
26.754277312982317,589.2027427109392
26.43068609998633,580.5285465318195
26.119167508475638,599.8291401738568
25.885860109163136,613.7135035405842
25.956904601414124,595.7748676044994
26.110097339566455,602.1836322764279
26.17604130172911,600.5085652504217
26.329792975379142,594.4532781224467
26.69273461774007,593.9847571960588
26.83322453594596,589.3739902511805
27.033642981853852,590.4811155572353
27.418402299807475,587.9320087911302
27.413574200551516,589.1534215458629
27.399480324333513,588.3909031473731
27.57923144884651,599.1612280054829
27.412667184876398,595.9741335546453
27.092142443900663,595.6000976541936
27.406305230634043,578.6975869111337
27.24522913784899,592.4266335119664
27.747116277659124,566.3098866069674
27.926227115526594,563.7989231527538
28.030324679701398,586.1621767407844
27.73784536710332,583.5152700662638
27.91452425842879,581.5889128185211
27.635014757108692,619.5165145085102
26.927444199316977,604.9549422986302
26.522374057879983,589.127597653792
26.247233292534528,595.3705873957472
26.034414968918856,606.3989443881953
26.081432188920182,590.6133824865146
26.281590682885493,603.6228667296041
25.970448102329065,614.9125073171972
26.184211335701015,632.2241739468177
26.0776391939405,618.6121500870752
26.056252989841987,609.4715769534109
25.903141261171267,639.3929525325664
25.896650031128004,-551.0604479430224
25.62546477196882,629.5511487699055
25.441900646201027,623.3289668169283
25.151932677841902,625.0469398851941
25.243095413555,623.882002376115
25.19756663080902,633.6040120557484
25.175381402827167,643.2482224324335
24.85125948164779,638.7644221585526
24.698483110333168,630.7269705188155
24.691896314307066,621.4478025192503
24.541243701801484,631.2329517167418
24.576356717730178,633.9568112338732
24.36700208402769,635.8599441119129
24.527276332617415,640.130148852214
24.277046610579788,662.8377040254645
23.85300809896681,645.3237036620451
24.116661081847944,693.4280055336478
23.954371566933084,649.9650194364036
23.68498901284649,635.2808690953029
23.611205550560122,668.2654750791664
23.589691861071913,641.6786896113871
23.24512603394049,654.5193293103192
23.13390383744033,645.8644873930618
23.038410001780793,645.3738315164462
23.15739017214529,622.8332688948929
23.26882593640804,610.6779959959474
23.450756827994525,621.7204947153946
23.481006887608956,627.6831417485593
23.702789923227332,635.8380782295496
23.736690380789526,620.7831344147517
23.638021514979865,632.9200456542321
23.878276763086927,633.2775450938801
23.73535479313702,624.7944458441905
23.765395424528904,640.0433538462415
23.537043298609838,631.7318185125719
23.79704348964454,602.7659372725325
23.533263012852327,631.9446309159845
23.588642205389956,640.5991948839876
23.66812181201585,625.7060937143078
23.590014570656503,624.2360794950785
23.460175283371502,626.1443620974717
23.672259000611497,639.8645962083936
23.55009385204477,643.4418183123581
23.538590827524846,635.9761408030035
23.4121978794661,628.8198289339866
23.457021135552743,620.7266326744609
23.30908878556424,618.5261142094507
23.237773861600864,631.6618255059796
23.34444090856272,616.7474042680251
23.269014753872874,620.5668093121286
23.135558580322098,612.0276047898259
8.830986397609681,631.9560593382458
22.94019971814314,620.5301020611504
23.14713319409414,617.2792855830053
23.006182623140237,624.2385870456787
22.891094802830125,626.7082381524577
22.985217730442514,617.7405022463465
23.21941055925992,601.7198257195423
22.956917839872776,609.9006526926946
23.06287293994025,613.0609447887541
23.01249029694297,611.2138769042336
23.14182235079245,602.4433156897431
22.90064096057127,603.0583116698934
22.976895915771024,629.0247673429487
22.89122654740276,604.7279240747304
22.97873078339303,597.3282432130592
22.826855870453475,615.2662399900663
22.843245330402542,601.4346846104393
22.785336062858097,607.2335410640079
22.69354107564727,581.268434900415
22.843225756555775,604.628027650827
22.884491527611562,604.017941749324
22.75573013798401,607.7280543598138
22.786986966105992,609.7053622266199
22.728071899761947,600.0197224023378
22.792704121654783,617.4843996659799
22.846561467896386,606.682982939165
22.638059005239505,593.091806752241
22.76548148430184,618.3085156323689
22.64556590198925,607.793216790165
22.38798392753355,613.2002515114197
22.263819642811825,617.2956999698115
22.495120312416393,625.8031199775501
22.345037936410552,617.9975031593978
22.68145763581064,598.2930337694065
22.530415068573973,608.7608428228982
22.666179226941075,593.1060666229199
22.62198769150824,598.4021949424698
22.565809502285965,616.8677115025771
22.56917911394911,617.4024784450471
22.6073408488177,624.9642612685105
22.5839799939191,593.2641610344835
22.58334674022843,623.7269730282503
22.73095976493984,631.9180332778054
22.414631352098958,615.7792554781475
22.495070809233688,612.833711512993
22.56377310726034,616.6574114972277
22.547636629564206,619.2300286388071
22.45464829199676,623.6211035435573
22.557102483649366,619.1869861239181
22.42780384189291,601.7963824526393
22.29764742455946,602.3407206840669
22.28592994638713,629.0856800208601
22.345011952470788,601.6619339176723
22.41405093656323,621.1212740857321
22.139177507642717,607.9104724328505
22.24739226053327,622.1958840893213
22.24711423504974,631.4321535000047
22.28347792683861,610.3729801852281
22.472733265980988,629.814394598022
22.20872444118018,613.2290385379314
22.387052744576916,631.7956261483578
22.24996145987699,-578.4537975555884
22.107194781461065,613.6482503151323
22.103046142609873,602.52366010591
22.03356319026603,627.6120366282087
22.06140774681432,613.2293109516236
22.21781628215974,610.7415799220614
21.957967839061737,608.4909157382137
22.216035137369992,633.4397206280736
22.009036949005043,613.4962919163952
22.2204582087862,616.0334963919578
22.24155935385515,635.7346266052567
22.251219284185602,604.4796528253544
21.832142745782797,625.5372755834452
21.970449504576642,620.8355543774917
21.818287765433794,636.1914630469878
22.0707137388194,612.6762775630087
21.932663765053725,624.7684700199302
21.728246604890714,622.2649616361173
21.83465380918869,655.5332830783602
21.966251661480364,628.5512998584946
21.850333141938368,620.7292004472102
21.852019008219983,638.9468943976866
21.874605290019744,638.1179619513497
21.840704270787292,636.1620360468326
21.755336169851038,633.9235124824739
21.850591926508805,667.9924767360353
21.93434171037581,637.4936739182702
22.00344252059214,635.3919061595785
21.837300447209433,653.1744384745242
22.031388488490165,700.9290817052556
21.98050637432638,757.2390725671455
21.984749978404096,793.3475422561532
22.039901532867006,813.7537108184883
21.99208072113772,856.5589372375906
22.013493804613788,863.7886362356294
22.028557781116362,878.3010189161629
22.258513274501457,886.1113390070651
22.071989789166366,900.3672208606417
22.094888521740724,903.178470210775
22.30339667572846,878.2262689191241
22.474537598712967,904.6270549187079
22.352187901871154,882.7553454343489
22.751122521733564,903.8192185489479
22.685816525179995,909.4268791284215
22.907588736227687,886.5574018052907
22.82201081004243,881.1097786411723
23.038740777550238,877.0530887803778
23.16239905941917,900.0351173254414
23.390272352457586,877.6076890037446
23.49714650229899,879.19856786123
23.414886180205748,874.050711127551
23.256824062671026,888.2321677724233
23.528757373520836,859.6535768507393
23.404374268700188,872.0399099902222
23.59640071680927,852.0113924567642
23.58459866356517,839.7457893480937
37.55271307938618,857.367571133682
23.426319819033314,844.6920146038298
23.624559213657243,840.3416335274985
23.75403294261752,859.2056802807149
23.883028319433166,850.9104558527486
23.854263122075643,838.781690166137
23.734388304777838,846.2118843543298
23.603925977942215,827.8396032363727
23.595481207652423,852.317637730347
23.52971021449766,858.6815480834259
23.57414647231406,832.2785039125258
23.507164981344985,828.698778991931
23.53298971768342,835.4693931674603
23.730959541116928,825.5206099036144
23.765290661097033,857.1463866438311
23.850923360990873,802.6593186801397
23.842568314830036,824.9662281922267
23.801933420642744,808.0505726952307
23.79360393333066,824.8307277225101
23.991696735120584,797.7805068195897
23.63016907123289,768.4171573337916
23.898980222360212,743.664404845948
23.628677226405113,747.0702898178015
23.961819143449244,747.9620506951828
23.952558181440793,718.0576480017485
23.72076822776352,703.4594708949612
23.93034180195041,740.4874933906781
24.1208834788943,703.6432597656205
24.253770248182562,711.6977205447112
24.240058838370043,689.674052312251
24.313556221097308,673.0400572531933
24.3305893436334,683.0264976101339
24.593672377091533,640.6807995408211
24.807123243069572,643.3127258466626
24.72596422377505,632.7158376915211
24.828505945751758,622.2354567306948
25.240207216134788,601.831522669543
25.787323451609158,586.6473176551191
26.17115261524437,617.9332877347152
26.012350421865918,610.850492555156
25.955009495127687,624.57142395555
25.73370943735901,600.1274608149201
25.578579994129502,624.3241965951026
26.036169370383725,606.7866692881098
25.812253667199787,616.4590532975672
26.1374240093054,620.9337932608469
26.421430688131004,604.4296372439628
26.675114595311534,607.4500911427872
26.521532811702947,607.163581116188
26.70953630448149,600.1433482706766
26.964732854779925,601.4010980268579
26.357591469551878,598.5915776378772
26.3596991467576,605.3841278702301
26.20690603626252,605.0685740056645
26.366459335767914,614.9401450644918
26.397594773517593,601.4401296155189
26.26416116243378,617.9895617222935
26.184910568271544,580.4760182782168
26.720039001572015,598.7288681029249
26.708322957007436,613.0906494271296
27.30917615917058,616.0456017622544
27.56839638017729,605.5472406465542
28.47628745152545,593.6658731637206
28.433013192336592,596.9581458705784
28.09802485646294,590.6255862034022
28.215721390627724,604.3598045011004
27.951280795072105,608.1137399166385
27.770532616454812,604.2030581861627
27.7308360623226,616.3912021442808
28.066698152421687,591.2584944994233
27.882584771843355,592.4868010099766
28.330481995828052,592.9410235148689
28.26526409577315,572.6173974810724
28.749117578198987,620.6410794854626
28.303440809425737,585.4838532496519
28.704556228229,605.5465774147225
28.865890138490567,604.2606323529702
28.84755743635504,602.8682770481028
28.819010620892634,593.4764776037373
28.003763329355778,604.9118394257075
27.953556186086175,589.3074901414113
27.330739024855593,609.7854855439093
27.41027568479779,582.4773711800915
27.081600007487367,585.5036999287578
27.399280250921947,597.9105308874011
27.226923574059118,597.3633535322757
27.26501953300069,598.5960069296034
27.10148809748371,604.9734117432185
27.053886403575472,622.9321278263157
27.18875047054193,617.0499475238441
26.854655649272868,625.8513441917512
26.74823804966576,595.1893425182003
26.356515371562736,615.5185202724526
26.555422437129103,615.4897478535102
26.353394240143697,610.2982141007881
26.340209922587814,624.4651118381839
26.377941988944865,634.4720668422981
26.35218037881464,657.2284015579785
26.432115648084373,643.5588510463631
26.590381426933266,649.4786650996914
26.457716269004862,631.742705797936
26.328969089466767,651.0303827624772
26.207745996829402,627.765601108101
26.003190940311196,657.6700963260505
26.04740278276925,643.5928893446663
25.934624323968272,650.5214577255475
25.824419565643804,641.5803897851397
25.510560191732544,670.2466212309823
25.540769530125747,651.2799234907417
25.485776790233306,637.1746198689855
25.717703481932332,647.5725179847555
25.713094527158283,657.9136272559133
25.47923562230379,656.3083011029269
25.549149832826515,662.8788001251753
25.41559186934156,650.727833359386
25.18306261446154,642.5524180096147
25.253275512831944,651.7251877431574
25.267887529922188,664.2307174360078
24.922601730660688,666.4693034646032
25.001222970498382,667.4172517002105
24.95720000058238,665.9891140336676
25.18262923222681,671.6672698530223
24.987966625373495,675.2775419264801
24.76933253444821,676.9870529316918
24.718039639376002,700.5859687213117
24.538261271738683,685.4414909566859
24.616381865072558,693.176919896973
24.612680347003632,721.2972214267324
24.4920203637892,683.8176333627983
24.44146577402941,688.0032681920211
24.391647390073196,717.7767162562117
24.260019374843896,685.0978662924992
24.00114784246976,703.0915811743283
24.21677829649395,702.7554176752843
23.630536865184887,720.4937801547643
23.779579223374085,730.9949922858796
23.825201510222794,683.5674080643089
23.801481067769743,1907.7877895255601
23.499077829098994,720.4890952587892
23.600322335876452,702.8147883835592
23.459587350724522,714.7057405168226
23.339234924373702,730.1664065184609
23.377454412134846,694.1495769054609
23.185528359077118,652.295906828841
23.30484985139632,674.6639440780928
23.577762705120506,665.3565229796648
9.47966756080934,655.4118423983814
23.746813117414696,661.6734735987152
23.780553970154024,680.1176651142414
23.815785245677564,655.0412416530652
23.733304824941087,657.758402540719
23.67134464824433,642.16939028009
23.64817258848982,651.7978097298262
23.815892723684318,625.3874147361607
23.63822136628367,652.227028240681
23.492530264672602,650.43174489334
23.53271998893616,639.800331456211
23.48535563248283,626.3746792694608
23.595558455338654,628.8564416047138
23.682877368308024,637.2484951570374
23.614965762254492,648.0549034255636
23.602308900290215,639.57493039521
23.521585858299687,640.8687743201052
23.49237226671513,635.5973276242775
23.70288480110328,640.5913174578867
23.572419231179182,646.8407437504039
23.633394172029362,630.6646110374617
23.433090206182943,642.7645446356761
23.30677910103649,637.7430963896693
23.571762490913557,633.434393839237
23.379848252876233,639.6244914086662
23.5640927261676,634.3186547571751
23.496406662312673,633.9666659938553
23.4928925944335,611.0056691536959
23.45124901105607,632.7905914441203
23.450869912014127,634.7032010002769
23.34208957623171,643.1913004431799
23.66510363593566,635.4507867119015
23.55431561292275,640.6344676514326
23.616564316968688,634.699823721292
23.325830717121956,639.4408639436389
23.409018435181498,622.8469310159312
23.475752107033234,637.0854248891519
23.652415068306517,629.3773438341761
23.665860048622147,633.3394922650957
23.51677564229904,661.3441994495142
23.5171698824593,642.8458190286335
23.373670322997302,627.7056226079025
23.563197326732798,628.5799995085692
23.606243446576908,637.5479835023036
23.67643565830486,643.4037970220361
23.50016695654893,634.5737013794134
23.643659232735818,654.2355542360089
23.59819855190549,642.6531492049121
23.525183485638202,-539.7738966950429
23.590158747208385,623.6561851413267
23.528238086995824,640.6382313720742
23.636409178490027,646.5541095392801
23.490380815020693,637.8409768241362
23.47386582095651,644.7444395959849
23.511179395147977,654.2926353304338
23.641946632645507,641.00201529256
23.745899826035767,654.4960932726441
23.65736979073835,635.4877138689676
23.524563431211618,648.2049365032874
23.543883056015076,636.8953318864654
23.466453702073096,624.4422261406881
23.513616239638583,631.6409148023673
23.510444749505833,642.0452530323588
23.29294528195377,1841.4801300178524
23.41872368760923,643.8103907060402
23.682793607866223,652.0684139063318
23.468857077679075,644.0340247726406
23.588066153355456,643.4406257539891
23.274592366259103,643.7903078594669
23.53819534687926,657.317795742898
23.511397183356014,653.8820169044241
23.324652437909265,645.2946777615476
23.46175176648856,650.8612548733405
23.53196585838876,633.8964543323397
23.20696291684865,667.376045598297
23.43475927476095,628.24743559724
23.432594877520167,642.7379498575388
23.46135324377855,634.4037122979158
23.40853031204645,645.9698755031736
23.531225911661927,658.8664588379177
23.475842111473927,643.8087827533334
23.447778232008005,667.8016551302313
23.63008884711875,-544.6952679767576
23.261129199324802,635.0257541013851
23.513307858619036,650.3916314608773
23.52656145887077,659.5378697436702
23.423024963849123,648.9258968266264
23.340678269886475,656.6610075872236
23.449273157042544,663.3735588103171
23.35985537896228,671.3408664162773
23.480632523016364,663.1271458020985
23.366904835021796,665.4419184999658
23.408680105251634,664.6530745331195
23.474972591887912,650.54184571359
23.592480988356243,669.2103467124888
23.528919053293876,680.5567225496646
23.420979108303385,654.1930156791326
23.466556236777954,668.14726224371
23.38393157954819,655.0902821206458
23.35237607085737,655.2402452110879
23.338193115375553,667.3006133177118
23.254476647982145,664.920608432046
23.138997647597797,673.7095054418239
23.409354504751594,665.3770491517298
23.286541591326277,656.8109551556565
37.3928440146308,670.7344998282484
23.04717276881571,673.1403819119072
23.11005242854216,663.887140016134
23.18145533203875,673.9276755191172
23.108049607201593,691.4326979074152
23.17668177705632,657.91852037167
22.900803137707058,660.629013562216
22.92569431881002,668.552802947214
22.887504619914314,658.7574594650508
22.824870439873095,657.9940767108251
22.97429124819682,687.3571396555884
23.019459785716933,768.1683238810768
22.95346691605473,785.6691059297426
22.80539543741617,787.7924602510768
22.858059101070232,783.9431061639644
22.77687072883308,816.4865560475473
23.07861230607007,850.5325809551946
23.06420542859477,881.7486622394073
23.11765276542134,898.0079809950771
23.000887897893584,933.6966745548964
23.094602310331624,923.5655009223052
23.272062079092077,914.1175457450076
23.359489409025453,2123.8156727041182
23.170710567980432,929.047137814055
23.430992548833203,912.9477750475027
23.263786342439673,924.9188050168718
23.56523133234836,920.7180920945631
23.50330874801071,917.5844897168137
23.611607109448833,899.6148192438552
23.911186567640943,906.8786515765156
23.705842040469868,907.1773121900269
23.758367359170673,896.9760041342131
23.768593347183817,891.560449145232
23.99306232558356,884.1092543814742
23.850387225199896,840.8429115723443
23.747934406859333,835.9655698755839
23.992910994116816,857.2537362654856
24.1860428135628,797.0934607473736
24.226076487744695,2004.6778367224158
24.25518248647394,820.7646374778633
24.07140631300463,800.0519550867208
24.234523732897753,786.6974767372036
24.23480958864233,741.5942085764059
24.16405322567687,732.1751212286333
24.174246857522903,722.1545159814054
24.59791664367835,730.9666208163733
24.444672585691695,690.0795558278719
24.407316381988046,709.4550920275749
24.578753574172946,723.9412327632142
24.400376490345018,719.0833515566346
25.077411229021525,700.6308522128462
25.375987147352678,782.8988471947032
25.165857334894625,742.0697088090257
24.61739656138995,700.466081036186
24.4936954564755,668.1095265404037
24.493747201342156,657.4682170446495
24.576021884501717,639.6580217339151
24.79519793780701,635.9708473068365
24.662537976244092,663.863621918543
24.807436869427143,641.6727958509573
24.8808058936862,665.0763437964536
24.636258510997173,657.4849642979589
24.74738104258373,645.2932776662033
24.91347942913615,659.6356904171421
25.677461871642972,652.916414849272
25.826844263762293,666.7139210907707
25.91001744094561,636.2317034379425
26.17148711488263,659.0350947537053
25.971748412414737,611.6081975304712
26.09072785638768,638.5827559814313
26.419167249015988,632.3696770795214
26.295183255737463,644.6573812211288
26.652447958897326,631.9555486701565
26.848071890515826,639.789301599364
26.38449766444461,632.3994902191216
26.729778918618358,633.5034719967085
27.17476256310458,621.6873211816883
27.335737014646707,634.1899750275311
27.428308210683976,618.7160921070407
27.95583378515221,616.533323558689
28.940660551609998,624.0892275938656
29.423926211083362,623.7384456211134
29.39156782183726,635.6072328947032
29.56351653570866,624.9223965328306
28.67906504990378,609.0587288172503
29.875192802879827,620.5277508818922
30.518979508016095,627.964792237997
28.619790941003,640.2494950550773
29.370132397483335,631.2871295916702
31.024475415029887,630.1930020507575
30.366862236702143,630.7214155014535
30.55578043049133,611.3290673555871
31.027239139540818,631.0472880661835
29.51666294984966,628.5603426313528
30.03384556435411,622.5339565654594
31.504859137391726,646.3839466560432
30.66405078128056,610.7545465562112
30.70402467898702,624.4423597331233
31.034261867835244,609.8331616283883
29.50807015654791,635.341749686736
29.02050485300101,624.0483747404487
29.407534310742196,613.4761747032767
29.44817532599401,625.8501487215005
30.344446411157872,637.5483498539684
29.924180469275733,626.6806074482929
30.570566740933806,619.1551188049737
30.51211525340127,621.3545900643431
30.34950444759164,621.3465835418174
30.261849107202323,613.8542951823249
31.18002080745333,620.2024623415788
30.771806789923083,615.808713552012
29.49285940951874,592.4648783163027
30.001632465779196,596.2949844511456
30.237588406573924,627.26481803203
29.414585601051712,619.458528136798
29.980342651641568,620.4643385043105
30.246212470074134,617.312395069054
30.10326362013489,612.047985270799
29.71379690980017,617.506874703593
29.563195906915354,613.9410534862925
30.202527668503308,611.2959096331225
29.738793521750733,637.1078199273229
29.47934691950117,638.1010993990396
29.169654414655707,629.8892889026317
43.40467528284155,647.835487973121
29.579466915461584,621.7818891058098
29.24867005184672,637.2468751357826
29.075786955581986,657.058743171078
28.866549124319764,652.4367502441294
28.789364758549922,655.1414515427869
29.137404977497958,-546.0201671811908
29.473006911835274,652.8585010076577
28.775391926689085,630.7069056089044
29.000746733146098,630.5860897889478
28.93897904915197,619.3354840249976
28.565753475918708,633.8401741011812
28.659506631382136,632.8922683488072
28.647270080058142,662.4314335055496
28.74957436544727,652.4822977851427
28.11867803706603,637.4487530917146
28.278830072379545,656.9584653572749
28.036925240031692,632.3855318130693
27.58299558129489,621.0603881744635
27.929933894091853,661.3918335676565
27.896190348733505,648.2672637909427
28.545343179596294,-565.1984370552873
28.325583465540983,650.9548457092724
28.10989558594777,666.9114547512373
28.60179013878348,649.762987965065
28.379136250040986,654.2584103162992
28.62527307156124,687.9037105317874
28.046921489871416,647.5101239114315
27.931135929270372,659.8133800010372
27.752995267659628,648.9656825825404
27.72517563831952,675.0274081143658
27.457993612121516,671.4898293212883
27.475851634447697,648.3111561531657
27.266493070364113,667.777688203751
27.192160706294242,669.5786526877177
27.029241472728906,669.8008626381113
27.160156318282933,675.0443339446005
27.2766837387099,696.8640080891607
27.25389731442532,711.4269310400911
27.072094619439458,724.6639149839921
26.814953851866626,730.0035055833271
26.699795444889485,724.8641602445417
26.711947115687572,731.2674240791537
26.51933529060773,755.5871772420026
26.30973149618297,775.7780294147433
26.14750101934876,759.4227729839847
25.858428826658265,769.9152037649696
25.90981082336991,789.3133431653018
25.4286007246115,810.5547341041349
25.403007949288316,756.8268301119181
25.03706941133539,838.0682039110445
25.025531203020183,812.3219973912039
24.903497264721906,831.1358425989217
24.945623780041018,833.5652108772342
24.694239043642426,821.1278660362099
24.67423065965521,807.4770032219128
24.287588561585384,705.9802303650862
24.605290244904662,744.3178902859249
24.811956367504294,723.4705106540943
25.050085613670973,695.1612337537348
24.99298573732368,728.5557214297618
25.133070629406987,712.4049225367617
25.19631466576098,700.6978928996551
25.134652178062762,721.6867927868103
25.16425987466645,706.9156544100634
25.05564841672151,701.3158349095746
24.955028783826613,708.1904453009466
25.0061223690523,704.8889310563924
24.855515901407053,702.4207220075122
24.937586109970717,690.4860262229987
24.722130894709906,679.1830474511112
24.70906438264066,702.2547776614213
24.768747045079063,699.8266146104678
24.707372374354502,689.9572057845091
24.774075704675113,688.7656822125699
24.64280349097216,673.3491978191994
24.82387918081348,706.7046631304448
24.656144346009157,674.4902700647331
24.566649994173574,679.2113921557143
24.53916824168493,696.8303261318248
24.4179645668397,690.9301080387833
24.50646433233835,692.0880450785174
24.556359505221998,680.634897036298
24.24515427482391,712.6217920823785
24.29615050766781,687.6944669858606
24.146382249022018,681.2602191050067
24.20210453593842,680.61161217375
23.916093462384364,703.7448842338766
23.82263625515761,694.82492073514
23.773752197123592,684.9011748259184
23.67802854275852,690.7985595350711
23.563322796052258,674.6180086816166
23.61683418244502,676.4114250276764
23.237084310790543,681.1353582369338
23.490525660911523,684.1391277908666
23.161642496169343,692.7443582188129
23.175739299192266,700.1376693729432
22.94891554067172,704.5538295078418
23.002240200193594,679.1687828357241
23.112966879740693,677.0059797901582
22.948510200274267,676.2676253523658
22.931402941610187,709.9305521571755
23.04260492368642,691.5017480207089
22.815108215128284,679.8841941220667
22.963655555677867,675.1994767568748
22.876891373488824,1881.0047521214428
22.72539443372619,697.2100778677938
22.74114840277757,706.5338954641243
22.782873387524482,704.7650371185191
22.536746350374607,699.4658989056132
22.518877453474396,699.7218278893037
22.33448385161788,708.7374192123864
22.533798963064644,710.04016059098
22.42941110243143,694.9789624302676
22.3785961945881,694.9796559344613
22.234768324336088,703.9665121380037
22.19350501016954,709.7922945048815
22.436342452586857,711.5646881201556
22.361346855730325,698.5959909776873
22.14967681634973,730.967604648737
22.202953581829554,727.1917203681558
22.40137523485369,719.0409478661259
22.177574072774544,742.9337534807277
22.26475888377894,726.216178117848
22.21913853248239,736.4377361782224
22.221458238546756,726.2347442860988
21.978847335997102,729.5772187808894
22.254081853849943,739.7663744513588
21.985918575210725,737.2473433040759
22.04250670348027,738.1229355991045
21.95482272667279,734.4526708913254
22.056828642420925,726.7678559948373
22.05878799235265,1940.8606821642434
21.988562841804004,754.2893476481495
21.95204288007506,749.7010845422685
21.877423830276495,743.534625545241
21.97164202535803,759.5789942176737
21.88376887562793,726.1137911529161
21.81673978773401,748.2416415054256
21.831206889533984,748.8478046435683
21.63148577933289,759.9942743298888
21.844751781927307,750.8503121796593
21.95352108249162,758.9703337489906
22.021611169482945,749.6857856453189
22.276913686083034,756.7951850078507
22.275691203262337,782.2317461732843
22.42438197722945,753.5825338815293
22.474020820816488,769.4981324839778
22.2507863674438,765.1879813680813
22.41730435189497,762.5614311553055
22.502137784862054,756.3626297691895
22.39550491020402,757.3485853788894
22.249876166655486,761.2134528619923
22.283352755055926,770.9763487960596
22.2136835953915,791.1796644734502
22.19277306732928,765.1929310202117
22.206856572805915,793.7934697892769
21.966864571039633,785.1266027958334
22.24756037600588,793.316078859746
22.33409032025005,808.6457340459642
22.110054045669685,814.6904704047199
22.128854373866076,796.1017070916524
22.053742703008854,2002.2656439163052
22.18688337963384,780.4847375468235
22.20124681949272,823.1748843598808
22.0612831140039,780.4392946133902
22.116317723005448,828.3220480013042
21.947323024599303,821.5920232131847
21.93732206482514,786.8406531774281
21.996145327368378,810.8085661314655
22.283889943357295,811.0848005980065
22.488518334721377,805.6344326122876
22.298936019276525,825.4041380176154
22.578093753664056,853.1545364561952
22.63229901322688,897.9383717864246
22.503190010844733,922.7892850144651
22.850945612829772,978.433717650626
22.80971595577207,989.9435293947217
22.770947990642387,979.8825763006632
22.999710827267787,972.3269546602514
22.909981221716002,977.3336556603904
23.11445612777294,973.6523018652788
23.073520754217878,968.1393638198149
23.247021616251054,977.8924291331949
23.40561245659115,973.929918548838
23.82008454109709,961.048423044285
24.144841931442784,956.7312075600614
24.122695887742438,958.3760087236034
24.27085863186549,952.6326815206068
24.266752748482332,934.9233328141815
24.048278427846377,951.0146800305413
24.458870809795684,943.5578725598793
24.75105690142982,916.1390673467328
24.841007322747608,916.3331629594883
25.210719576088856,935.0094636770114
25.609286233244234,960.3938482274481
25.64522972211589,954.2194440890266
25.770021995126054,936.295412883383
25.971817707452256,920.7820324498866
25.82897802857808,895.0253549496566
26.208335299717948,875.534180546849
26.464291668460838,818.2751187689432
26.497238468698157,833.1388941429748
26.73737014296136,868.0731753308015
26.63600443272582,837.6111453032379
26.530096904581974,788.8824644573299
26.545840952893887,799.6997564694616
26.38506688080128,780.1977692578068
26.579891841087246,792.4631339305172
26.97323577396567,801.9488597670189
26.90160347721298,822.89486868463
26.882342898811864,817.509952504486
27.022531407685324,807.299885667968
27.347064772834774,796.2803887246243
27.289656946295263,790.9941067635809
27.53579704993064,902.672369887765
27.763217592832497,837.5425429342358
27.747396842514423,879.1234825727977
27.95194866169709,893.1459236058527
27.988756956154837,831.964245756559
28.165661206114983,788.5023218192753
28.215021916044012,784.290178632491
28.645442056902795,806.3529211162474
28.948467421019654,784.7925664421311
29.289239023420244,767.6989228264245
29.017005794215226,764.1013208565213
29.19612421453308,741.9312766453288
29.271839996746213,720.5374224307433
29.01408837958742,714.6858154176921
29.01051351018297,688.7867950151804
29.160681963938046,729.0184482661123
29.27699266731949,724.0282551965453
29.263144888932136,711.6538776323059
29.39076897155414,733.7783602278823
29.42848111589702,734.1703859227575
29.614565947338075,744.0902794394876
29.57932506212028,701.5506062475172
30.263558339654296,715.358406620951
30.60791693261619,730.4215285881525
30.92751021908045,716.1232162859828
30.97507553030303,722.8177427646597
30.627409641050342,718.6094956076522
30.595526649309537,705.6330087240647
29.66712696784641,700.4781002664886
30.296203174140285,741.8181723816305
30.343998172122213,710.7510627138299
30.137953572900923,721.0829362397371
29.98949830800125,734.7608328849144
30.69510177229466,715.441440106963
30.958402996532353,688.6972395598484
31.632745145004417,718.911964380034
31.083836523214345,683.4056349971145
30.992226050773677,702.4991768964942
30.73160931554557,704.5785887424728
30.98158173419432,718.219538534673
31.1722879728744,689.3317781379552
31.145845073470184,708.9537691089636
30.948003331060434,719.7974811773588
30.686131340048146,691.0369243028629
30.513456025361023,-495.0305762511715
30.644791621022776,699.1460401635172
31.589719495402072,712.2634550050702
32.18457117551442,711.7237305219448
31.7727030180124,737.8802649228109
31.78572578831123,737.5660213496706
32.58687227158156,712.6059801811956
33.027275812517296,739.3961950102943
32.587862945031944,701.2739871921835
32.26142971401556,740.3220007211539
32.44216862870575,757.4809823236246
32.8571483848796,724.3024416537119
32.4158476830928,743.4320615412294
31.999714247442054,754.4690577939514
32.30268533634708,727.6641405604995
32.04815956756227,741.7117107605418
31.806458523189086,719.3631582459581
31.541899810294986,701.5650993340628
31.535078409149513,728.2253921456988
31.866581611720957,693.5337515103606
31.834660194198047,698.4701761570941
31.74150410089025,685.9524198835336
32.05828854816063,684.3756973400087
31.496958491220678,689.5855540033208
31.645267825903364,696.8215749368636
31.37824020660888,685.0788550739414
31.263150713712903,717.7139598229701
30.94427747156639,698.7087898689463
29.8196613089857,684.5685144203144
29.571737904032904,672.0442499351941
29.676688658390063,692.5146418379773
30.60196559444992,691.6135871922886
30.898830005855732,678.240567854538
30.238221811048298,661.3514105830445
29.98886497871759,649.071573317515
30.975566474144173,678.955209257517
31.088269365287417,671.3489468670223
30.77850683814114,661.9868479772873
31.302046748791764,678.2693855470368
31.20169797234181,680.917631090755
30.943225291442513,705.8817223503489
30.789872745662954,697.3990797710397
30.649013815237538,681.080255006249
30.508364762488824,678.5203364762225
29.996072797760135,698.7898403518277
29.77176398807874,683.7402546961819
30.26649080152105,694.880269500089
29.96356247693665,698.6005011745608
30.125170050489583,677.6385974981702
30.054808633042846,695.3436123959355
29.72239328591691,690.7609661705361
29.38827114279163,678.8794626548993
29.849364291540176,685.7497332270148
29.40571473473531,694.4392678890081
29.206833324967587,718.0059395543898
29.104350211394525,669.6396560562978
29.133108607942585,701.5790745364654
28.86383834681816,685.4350495533124
28.47876974136862,672.432315731977
28.551652478008176,677.1522171871451
28.575706614288826,701.6115914434636
28.418008174676054,703.7866026524046
28.29182155376239,694.2152963127066
28.14913071593234,706.7012104731878
28.343801696253802,700.1298488983168
28.190608996433493,702.9602437543185
28.372976977667303,727.3718274109974
28.27243595074541,721.52234387877
27.96238281920321,718.24321490074
27.84213143694513,724.4224740216282
28.084949432691932,734.2514360221796
27.844666287481836,777.3815861788478
27.685923088921452,751.5647251908911
27.76413784768393,789.9207593018625
27.67515838371505,808.2184666153647
27.563411416633897,799.273729813269
27.562477222106793,848.6079336259609
27.374951264376477,859.1380159443434
27.366401318253,856.6097884502517
27.139558057072215,882.2366470365987
26.861430167713763,876.7284300607613
26.782510444015628,905.0382576006123
26.458758037286678,853.9597210532004
26.295581289327046,836.8861666157361
25.959585598832085,756.4049436201082
26.277801769242583,776.436302849007
40.62796481758269,774.3545882647525
26.389172406922278,765.4206572856464
26.432230918776966,778.3693680958893
26.427069887062117,770.1988100649583
26.288596824122447,755.8325205451282
26.256469742950973,759.8896928743206
26.407046632970275,755.819932045684
26.193035506916186,734.520423181073
26.138877562565987,751.5301659507047
26.030503165826904,754.4856200086717
25.87277232140065,771.0138303278702
25.774312626217238,743.5992882580924
25.858732163497976,747.5792080444389
25.748896345668616,769.2103797588297
25.55343027578848,761.0756715700894
25.324476707767225,756.1302732744965
25.610297661430007,743.586705747286
25.356753660159193,758.750798214521
25.11470367585205,757.5893681976103
25.26057783819513,755.7210990958508
25.02159293721406,740.8617470141476
25.169973407085777,738.4685949577843
25.057743663983278,737.3235823077893
24.972171081035615,753.9116858438817
24.997669472786754,734.1239160833652
24.91482105899013,754.4308724658656
24.844413456818973,753.5383654416335
24.88417134593719,759.2815693270777
24.691690342028036,761.5604558505662
24.5657650264091,751.5689719536022
24.801283301160975,792.6075515138436
24.697152374376813,778.4653587015305
24.655081286538007,775.3737967094831
24.453735995336714,784.7029831956163
24.669240221916574,761.8538883204192
24.53630790370393,778.1145481179192
24.817822339544517,762.2604309980983
24.69029653041526,788.4692119000745
24.816696089610286,769.2842249552154
24.794368542447174,783.1021961930048
24.753970089791334,770.183117502
24.766598476362375,768.3758087480917
24.657466745858194,785.3539789316308
24.712592010428793,774.8258725826796
24.83989161832121,775.1714823591916
24.841282272164396,792.2486830715393
24.635057259772356,802.3049729115912
24.70870045512756,793.9752740015338
24.84768351825796,784.6967558516894
24.61726346543241,-396.24782067013484
24.78983439794356,806.4544946043077
24.753666390672684,795.8270905098609
24.87440849250165,791.9711133979267
24.732922354750066,804.5517420157423
24.67586441739539,799.2108757536532
24.77705588389502,814.1531405381756
24.75914734659736,812.0525912109808
24.94629216502381,848.1862707629074
24.88200526773849,814.9237327204951
24.79790688619983,841.2110459303977
24.908250214769716,809.9485721542721
24.892842251702533,827.2111908372469
24.524552876318992,813.8286044196368
24.509264735023013,829.143777613838
24.59425026131559,820.7643024572176
24.58601360358215,807.4781252560322
24.644117831616917,812.2822355575363
24.52811733063788,812.1596228062542
24.475007237804526,818.0087623797729
24.49855294353903,814.5494643400957
24.36328875713174,822.6983356891612
24.426810972627234,823.3498370047264
24.28569137579925,800.1484725969026
24.448665224461998,843.8286088987949
24.500081622507913,789.0316892314022
24.300005389461226,807.4298432864773
24.18102607844216,814.5894577320121
24.22383258791838,807.4394788275397
24.29213626645459,802.6464991048406
24.23679309909749,808.3124265587937
24.162719023580344,831.7827831760928
24.0807255935907,878.5210562677253
24.10795046805773,812.8108371647745
23.99105028773757,824.2211093977168
24.155497166224773,812.3622327341291
23.702163592207533,827.318552678591
23.83796234458629,817.0010098124305
23.758274622376348,859.0080647046285
23.59191687113968,831.5947043981416
23.805503569500743,854.2395216303863
23.54036461097022,822.9643427470687
23.511964277335967,850.939474911603
23.667320645791996,837.7237894351231
23.393378892867428,801.7001861608205
23.436411312608254,820.4859856466596
23.314427182617692,857.0823419428442
23.62390034810904,825.6738625416904
23.758690963310194,841.3473782506711
23.628967221773898,878.8724577653484
23.66206626167021,839.8612159760431
23.598562986624152,877.0923995580999
23.744706243106602,841.9804537996268
23.427579342664135,825.6216927369508
23.592050039626017,837.614317834414
23.68023049687343,836.2233633256349
23.66785092577053,874.7002807237079
23.595959227987173,824.2616076710517
23.706458023694996,868.1107352492994
23.69762190021129,839.042784055099
23.3705809051701,873.972333311638
23.442684525426742,864.1641953596322
23.499354590740786,900.0341768397345
23.330828004231716,838.9122917808925
23.506538558692977,891.1867588175646
23.506925330412795,884.1594135789619
23.505145482748425,894.7382475943514
23.334540933049322,872.143470670122
23.66936994955195,880.150007737739
23.45676387058182,887.7106213803884
23.40848462410692,879.8697868734702
23.471660323002407,896.2356813341946
23.154811229645567,845.475978088978
23.45637154686284,881.8294984486035
23.39405206000573,890.3321501666369
23.273253839946324,872.94318485031
23.376250623281276,880.3832702877023
23.458669173347676,863.1555635956736
23.71800974880843,904.9751232730837
23.736134456418235,846.1353147767254
23.851727256873385,886.3865084986705
24.064683875620965,834.3873767455316
24.369372432089097,874.6587251577171
24.608934428273034,828.1393300565608
25.11486450945025,844.1096382418174
25.255339939415435,811.9507692990792
25.474462545385023,796.8043993520871
25.795943018167055,795.8672972503668
26.00610156393812,776.4658064308691
26.048519055274845,771.2031309127885
26.278836992106143,789.731345858801
26.391069954643694,772.8712952366523
26.492924161490603,770.348750615737
26.644585316563695,732.7439998395291
27.120742037104527,729.4311461059083
27.30739007815745,721.2790446394699
27.699032828154017,700.8514164103469
28.09511405023242,718.7541104920213
28.365770733683185,710.9444115327534
28.542631245097226,722.6320438973851
28.616321328747283,685.1260887133355
28.754372875636285,692.8815038812675
28.664648865545093,689.180854233216
29.091488677078434,672.4105175802786
28.79501739635952,682.1118256755612
28.841001937675628,680.1634618925043
28.645613516456777,680.3259898262341
29.20863729033467,681.7560118103577
29.48408032591958,702.7453753093769
29.599085084580082,701.7877690930085
29.95141974032362,708.9058614740547
30.137218517056567,745.4237955959824
30.605454208913187,748.1807088302971
30.43912265979622,728.7052190533302
30.848348896188448,737.5004145235507
30.214932987675628,725.7992626420627
30.174393728288845,711.6752118720372
30.37377051938711,726.3690195236794
30.183642586055335,730.2791995392195
29.821263303896725,740.9205797893972
29.834104592884163,736.2197601827554
29.62100216742991,732.2170322858683
29.76556047099912,710.8225689487563
30.370741812236567,716.9163514529558
30.38573945721761,711.1794300002299
30.456263916994974,714.7487769234913
30.628855222299308,713.328424659413
30.535793245094332,695.7752916644404
30.538088258090735,703.1281656099695
30.710041705715074,687.1316471176443
31.159140903516818,696.3856832380159
31.144371085930484,726.6004395650762
31.154511421753522,709.289543107918
31.32511075023599,725.7680331726717
31.337641171227595,736.2905091472571
31.07737887055554,701.8225130110948
31.228068007939388,679.1851624149335
31.614141696482818,709.3317362681153
31.757240975427983,698.2569334983131
32.06680785354101,671.0649764872564
31.887105031856617,693.201123341622
31.858721458949113,678.8747407575106
32.17301048531364,689.7972605239422
32.44918301657476,661.464683075945
18.27072695761594,683.4315982443908
32.30507564606209,660.2292359337355
32.153642540185785,671.9753160601374
32.59655956473949,692.7640341325829
32.89051519936888,674.8763033173054
32.60173364931096,687.4337411870575
32.72474773583782,663.380565851864
19.21594016117925,657.1479327957447
33.69327445046905,654.7436687572465
33.8075706604678,662.9566393538068
33.55845762230365,663.3158102072562
33.745368325913645,663.6768812959251
33.83894764568346,678.8243031878534
33.26208367883461,669.7794420961557
32.25834576086256,653.9401072419855
32.5424701487032,668.2272643865535
31.626027723466596,658.1215975639788
31.84293544006941,667.269388948324
31.84130581620998,657.4172199889133
31.60950389347454,671.8418137646568
31.662660868803435,668.3721747296852
31.471560433076515,659.5485045002677
31.955607434999994,662.9758887943493
31.991038931954115,674.7520381081226
31.938093239299413,655.6509109404051
31.697071971714692,668.4060977679046
31.633844474074312,658.1142395726681
31.055797058204067,675.3401407242357
30.974145304177135,671.6997414232449
31.26743841190649,674.9732383183086
30.98436225966745,682.9045280762548
30.832609684826586,645.4820232018269
31.327804603414894,684.3377158879222
30.793376848040257,676.527947995284
31.016434966011666,665.3442115595385
30.694108273164932,648.8599169520348
31.031720160489446,677.9935310009948
30.780737297662597,673.042637848298
30.538840651672885,1847.120966833245
31.05474684241436,655.5559230504745
30.49975766549463,676.2954369552649
31.000183858113694,712.7040826958762
31.01701397710669,692.5437145553647
30.19930281040004,714.1816136178743
30.57970363763744,692.6717066654817
30.658176531597192,686.1582406749632
30.172041400380586,685.7308668169089
30.339206406882944,662.0729904810019
30.596246799409855,672.9088693834346
30.559662339401562,703.5713286412605
29.928949966811395,657.8084009867423
30.551816704191506,684.5918792857974
30.128851264598506,687.2668648968474
29.817346113062285,689.4835669438719
29.97811878994187,704.1099884318427
30.06406461272271,663.7939238473481
29.94747669212908,676.0135469083427
29.778777214975726,678.0998138438158
30.020063318686056,685.2626516927062
29.844366312886546,670.7634622049834
29.813214123292727,662.1719154422306
29.312821610446186,695.8051338984174
29.417009093540244,686.3632259641422
29.493079770497626,699.0711462111259
29.050903536108034,686.8133102666077
29.11710715077612,684.7040658232501
29.011708863315615,681.0643779643367
28.56142550038296,694.2888790155328
28.53662930574622,690.2724924182107
28.725698836385803,719.1791916697337
28.34445376726477,704.0107308177778
28.01364948398344,699.5027530622193
28.097079377632006,696.6549929685666
28.02766037479302,706.6986217450799
27.943996269348347,689.1173566097749
27.572428735987838,681.450133097117
27.61217093641513,705.5538801943358
27.603843768436164,706.6587701683852
27.553778154104986,700.0835071994825
27.380295600866397,728.4248609822573
27.3256676163116,717.5820631878648
26.92088876644562,701.0523649942186
26.842895965446942,716.0664194868045
26.942177129987616,707.2123501607277
26.80024037943108,702.1752175413321
26.475516770788634,727.9077947971255
26.218353180199728,723.1109164513136
26.178441772528664,732.1171035279156
26.004400447533207,723.9811262570149
25.82722006134273,712.3574996033273
25.719890119614128,728.2279000113818
25.704952494199294,724.5628015920158
25.605283420893976,735.6702673269388
25.482684712057313,725.580627887623
25.338657028859217,714.549775388386
25.202470982847924,745.3951289501908
24.986089990338314,735.0513849594685
24.802309269560485,732.873450832275
24.87134047972179,765.8113310676532
24.642817538088206,747.0013499383504
24.512303537997994,733.7621103637579
24.582970002644874,746.0616984889358
24.3093308371553,752.702113961782
24.47556249917435,768.7876276901175
24.345423780994427,744.4381675456893
24.25166185217414,744.3626561746335
24.168449563608775,761.1371705541434
23.8658064740008,747.5061348637324
23.99982359434825,764.8366986666388
23.87856308949302,764.4593226341653
23.80748720839314,740.6725151949379
23.707512230052,741.4504313065227
23.596116397389917,763.2113735703867
23.60772139192244,732.1500660986014
23.588215953927058,752.4662310317515
23.527363131359476,1956.011704558597
23.494297678357896,-436.1895723352118
23.557000941014536,756.0252062541044
23.340957286733182,757.8730142722723
23.23064929726432,739.083838636835
23.325565664179134,761.6076487020975
23.474707071158377,771.1989196502179
23.0916097663767,757.4276437390072
23.29619806905268,752.1338029816545
23.243666824210486,774.5186609784791
23.312070512559572,769.7391328379695
23.334767758686585,752.9420852702286
23.24143940425114,760.7870138456244
23.443790899528334,753.8198236824921
23.26953744158331,779.8834906463181
23.34152085691117,755.2481003625932
23.38484826041783,774.1457936424058
23.184591001682758,780.3725405421831
23.32648462666903,758.7433200294124
23.243693690969227,771.0382493524879
23.056764492704243,784.6907286932831
23.15986261976155,789.1506972833643
23.141223976655695,774.271524968585
23.09314361955874,799.5866385672651
22.951221071001594,792.8828203235613
23.128042977733966,782.8050919058204
23.144719785576076,778.5236601092613
23.252121533704106,798.0641068718919
22.836550818843435,797.0803891135038
22.91011788503063,778.4569733109006
23.005035312758952,805.7258360536304
22.762935167444507,798.2861994192665
22.875604302106353,797.7255810105771
22.787372594702294,806.798698947646
22.77161833973665,804.9269063074308
22.56930064854241,789.7408792830411
22.707900351125584,793.9394885440322
22.7043718905463,791.2381209865863
22.756278274700364,799.9417833631803
22.4404758318188,799.2001207853871
23.09381841416538,794.3140758818912
23.183419386764704,-404.7464591895796
23.581421048948368,802.7449425369413
23.53537208713721,783.6589202315922
23.485231414785087,789.0269956955544
23.72915789257693,785.679084727091
23.65215384780522,789.1787030296916
23.508098866093846,794.9428034147787
23.571182084972794,805.3573646829198
23.525464899348265,809.9806395843373
23.724783762422557,813.0241648126325
23.55940255577069,796.3604066093689
23.518656857358444,808.8523246512887
23.510695413213732,812.80556385187
23.452247801294114,818.643939233187
23.300931030682783,829.1999028452481
23.473034529608178,846.913880986133
23.52938142399307,837.0399972246971
23.597134482977694,818.7036183082122
23.638956937335514,819.2525667116624
23.748906681318612,819.4115206800727
23.575973755072887,827.4956417478988
23.705497827776473,822.9088662675242
23.794483083535745,822.2104008812017
23.89862934527481,838.4568806501056
23.674292255047842,813.1601489892162
23.726800966966266,834.507836446297
23.722372391448133,803.045270464289
23.65763313814893,819.4019609457723
23.856239863324024,826.7532164165032
23.847199342558383,810.9572819391467
23.766138351110403,803.5482682116979
23.782357665157605,798.9249212381338
23.860316718758135,804.668892371324
23.73437928106266,803.5607548088315
23.74251959392078,791.6125515815728
23.710776002229526,798.1381905848856
23.911718750479057,793.7924442188366
23.820797303829014,796.2583310252966
23.74339879881449,785.8323860327168
23.606148693429027,787.3303676449337
23.520377266223296,765.3672913947423
23.716655112822647,786.1171199021401
23.810265818152782,772.9869861265595
23.88495260545769,769.7841245241779
23.658244719215926,776.7592438403751
23.841674747967204,773.666217641631
23.513659889251382,774.7682396895223
23.463355155788477,750.061266007868
23.785760980268762,771.1563055824247
23.621589462992652,777.3816573758882
23.61955462664371,768.0152238128283
23.372713508952394,746.7109697793808
23.423657900880333,755.5141442378467
23.358899047020248,746.2570311598042
23.353187426586082,774.493649804105
23.572859146221493,771.0147456684083
23.36495845938495,769.009600233225
23.52594456038763,799.8699086663102
23.4225507629859,772.6298065084104
23.39926629492837,778.256275450416
23.62189033031157,777.9576680166517
23.706351116879677,765.3469735477431
38.09035637409368,783.3109372782178
24.15242648450256,777.6288616605747
24.1215626425693,756.3733131703087
24.119276175732196,766.2139843348152
24.70991696935596,773.2642606163611
24.691187571440008,767.474338909331
24.98635623583694,764.4199000756532
25.0554948523397,754.6466105066219
24.87051268826067,775.5764982053262
25.24319666449126,768.146115390342
25.06953675843198,789.2200419105516
25.436372948360592,785.299464938684
25.219247896948218,793.8549986022558
25.6212577226532,790.3220346022354
25.724233324781814,802.2337813879749
25.30686394815135,797.9750571541608
25.71851220440767,783.2766513740328
25.82883763933875,786.7397525677127
26.11939472405861,783.8378397182717
26.05912057884969,789.9650065547996
26.053099784568058,787.6388518243477
26.12571572833283,781.304011022667
25.849879119010048,792.1577105968213
25.792042954221873,747.1719711549022
26.092314008751977,753.6844734822022
26.009826232218668,759.1280245334672
25.908109077767307,754.2976053666926
25.739597463674887,757.3401994218202
25.870506609868315,751.6807890122736
25.78709127239772,762.2469295061372
25.870604574707478,771.7373828567335
25.68033649380076,788.8339095220001
26.24147129464374,787.6846506685422
26.114920590295437,811.4228794079554
26.269239302373588,839.2586531227289
26.356210794796063,827.8626269409815
26.603791683493366,843.3776997999419
26.44364946762815,836.0085606309806
26.38831561392298,816.3272087924115
26.67358251631478,840.8551699967695
26.697417637273826,822.8217574555637
26.50249199227958,838.5024723518741
26.1499345345469,811.0991370339802
26.61133920225126,834.2049652166286
26.4702745475954,823.2749423002979
12.221256409940693,821.8326285433618
25.991897088879153,797.5938677684817
26.225173450555065,786.0984291741395
26.193477911287886,780.0154751735231
26.209760219475935,815.5660298489631
26.728982541911908,795.4975901759653
26.993428261864963,797.3136922921406
27.151190794085224,791.3925611759832
27.106264780870973,783.2699254198984
27.1195122810348,794.6315373968497
27.045630720222466,785.648482007791
27.49562409375147,782.093336605864
27.766054098740916,779.1340425161402
28.11847881408843,793.6604490633193
27.816736524532352,793.440719816814
27.746787730691327,789.5376155600652
27.423002431473087,802.4180303196367
27.351105773961027,796.3200265862497
26.937428915217417,768.9385853807931
27.014100050625338,1981.9305693422912
27.090208333965094,804.6367932110113
26.84535301330306,797.3070710226931
26.49872952687418,787.802772346818
26.797010252967834,801.5445410246396
27.09324698800701,811.6934263301407
26.81629322110469,808.7204671093809
27.266840504766705,801.6608133619659
27.397166962566555,782.8796377505998
27.340315475527014,791.7330147330249
27.34536948001873,775.933658284514
27.875749386986875,770.467447701491
28.4916511732334,764.3760543579094
28.721818498500955,754.3426732500818
28.694161421273364,771.1082663161255
28.5464799839529,753.8677498501524
28.588432209339185,782.7046171755137
28.934139142105415,743.6721832004619
28.99311739892093,761.5172445334335
28.5124581446559,764.0234515278719
28.97252658817139,771.8159565242532
28.661011103342897,777.6380181303068
28.444231175692163,772.7331314523421
28.429194661244615,769.1886042677293
28.25201675219301,770.5726221702569
28.630127805185797,785.7846571804603
28.402959594916588,788.410198545386
28.34962580439228,780.6468044301926
28.101708457468384,773.2997740133516
27.978706687652092,786.1220065207765
27.746242469580633,805.2349041433018
27.646002862503316,769.7671807828792
27.657337812889768,779.164173870429
27.809912496097212,798.5647244902184
27.47281451299189,793.1024945877082
27.109531150715156,813.5143565731215
27.24712433725707,828.6391464933836
27.310381978149334,804.2602807678131
27.522921119019607,809.2243476881268
27.799102189058317,797.4068673628584
27.669877215617483,802.0214026166093
27.412058510180564,801.1881855769673
27.932728823586608,805.3263154594651
28.62630252867426,794.5683220510438
28.881609902680374,795.1791052271501
28.959691910515048,780.6051394062466
28.841683234454457,753.6409596249462
28.7225637402807,766.8001994719843
28.442190825278427,789.8563216649031
28.103960404232105,770.3904305532037
27.84206133851533,778.1877957628935
28.16603899505271,805.3382446116766
28.218705135932733,788.3897880784355
27.81246727566417,812.2621982996143
27.757305739874923,821.2506901933946
28.34465283006902,833.4430379528027
28.604804084177285,862.436630373219
28.481862261680057,873.4498338925293
28.661299739888523,845.2518933070435
28.527498539707096,881.1258311505221
28.655536393430044,835.9635646898257
28.6341414978182,848.4766904871933
28.29087856540328,893.7880636815416
27.589267090501995,850.9334809854295
27.759370253798636,859.3167506603868
27.235924947465953,873.9896187050656
27.239990239109574,919.3570737104319
26.88313797609904,970.3420636455064
26.777376275839334,1001.1286666168262
26.61145841028348,1025.7358314006121
26.664245836360433,1014.6688119614776
26.61568556032284,992.9208170526216
26.533352862447444,976.6913801637152
26.39277751931655,990.5776106853548
26.382885166444503,1012.060975060034
26.152319902009207,1022.3722808420739
26.225069400468147,1001.5037523267542
26.213143581844236,1011.8778093927278
25.90551925606172,994.7766456841525
25.661705068671047,1010.4200421538543
25.722668063744617,1042.8772398074752
25.719522390719455,1061.0693590550072
25.483109885375782,1031.5870101161236
25.687298226783412,1051.5367460816435
25.491924720906848,1047.484799245452
25.201486608479478,1071.1100382203233
25.211521903364336,1076.0856930729624
25.238686676332932,1040.5431219999218
24.93366526998064,1049.0281648545815
24.869046673843528,1070.91827795592
24.92198597561762,1073.453783074673
25.019840079234545,1042.5641612077716
24.842998985798967,1047.8598706728023
24.685674495367085,1039.655306340509
24.79534934279962,1038.3110784926819
24.408899522051065,1065.4572459518135
24.493347267832274,1091.8794182688396
24.42249016848806,1074.6853724722664
24.45011006669719,1031.0876039656137
24.074615551586582,1012.9045310041647
24.17230312043146,991.0732646997924
24.1336715608007,976.2512276487203
24.00918017294064,920.853505737331
24.027813886408055,921.7067018483439
23.795643202001703,876.2211981962544
23.557461130494556,868.0507033171791
23.45260692829835,816.9943088661373
23.25106545567433,819.5483931982137
22.826059333472998,813.1640562752234
22.930534956193952,783.2856078660805
23.196249448362753,778.3584240028581
23.41104862477324,783.201311134336
23.661826371594373,779.4843440454295
23.965629493858454,767.2992594794567
23.906407057090966,785.3551482351309
23.924989863718267,789.7182789811826
24.080724806820065,773.3456858535751
24.257460640080666,786.1535206380936
24.133639230768544,791.1204132935115
24.030517987484647,781.4640471551436
24.169855421174198,794.2910322532753
24.126836932567986,794.8860012429775
24.149723051041875,803.9715050635214
24.02979624801657,813.2385512127961
23.779370751059155,797.76643974692
23.787290505288766,795.4561581660413
23.836472879558194,804.7433260852854
23.59783535138648,800.5158844560979
23.727784910905378,799.6491505664876
23.375322927451155,821.0232813997989
23.157527436818306,809.4411519355342
23.09818928266335,803.1366473894755
23.07970120065663,816.5796635734132
22.89248559508769,816.3808515277702
22.883936788748603,835.2385039111375
23.19170154387045,815.8720046403704
23.206405989067694,824.9876719752842
23.087985274256887,817.5643361960692
22.981567097731983,828.2510657910171
22.986499905189046,826.9285593751024
23.0824610515121,814.8518166388396
23.056372136609333,826.4976877451109
23.336810298638277,831.7616599023438
23.223942145536995,835.8612200529797
23.221764110405626,846.4063494224358
23.112330660663805,847.6624289377871
23.173093664600852,830.6627938638628
23.16081223266611,828.6499138979243
23.133673212052503,835.52343103247
23.020832270240405,863.2220043853761
22.877945922066218,834.3407147367298
23.001986744226606,842.4788774159313
23.069304895624523,837.4767397306814
22.99610952031812,852.8866081865164
23.027336288282584,842.6486213577354
23.05467434087199,846.2521214937901
22.8812177673394,837.838385894068
22.85909975161109,851.707225893111
22.807668034135826,839.4322525400812
22.85270305545113,834.2993871872297
22.744539286336973,832.469290517961
22.80795496530414,849.3027239771887
23.023610043756765,846.8171732508054
22.948212193159776,838.8203551427434
22.80498014535097,836.6605770243812
23.049812675995653,833.195360296857
22.969868670456655,824.1009308531756
23.16728708701246,818.9556108850859
22.973794237981853,846.1428450356485
23.231884018025752,832.3823801902611
23.09798410611123,836.95948961308
23.10379711892256,831.6392874906484
23.2248320302884,851.5188488655308
23.225807072344253,852.7994722288086
23.233304437023335,837.117371124107
23.286681541606455,837.5551329152721
23.00867371807069,828.0831332481434
23.153692481341135,823.9259738996336
23.2736211677694,823.7236604206421
23.21023037284698,825.503141280893
23.430778682404696,818.6020462287358
23.264540248047975,815.9799467258117
23.298844721336703,822.9571917368926
23.343882073074184,818.0814961278863
23.264734787869703,812.9833035766873
23.263584135278617,831.5758344712065
23.44665556159846,816.1310122874648
23.23043015875651,803.1372594711654
23.402948151946624,820.2865846122081
23.351069156681437,803.3734714107555
23.267162635325775,819.3499457594287
23.36144596690096,816.0068943284397
23.249908824303773,804.2634470337882
23.344337714181304,831.9483831916361
23.147466053153835,797.0425874044063
23.19971366963313,811.6903239059296
23.453869233105898,805.8365705004284
23.4098406689229,800.3965445413241
23.300083415494015,812.3136613803981
23.352631482243414,810.56535132815
23.556475830960125,804.1716604036715
23.36718029778557,823.0108006776376
23.31445193800952,804.129562666375
23.250000537622967,815.3114405934373
23.01061492593047,806.5192483121937
23.13945563072866,805.8435920214184
22.92763128525582,795.0827222786398
23.549292496192525,815.7808435622244
23.058509284409006,820.1105048066518
23.072935437528184,804.4335849134624
22.995535155664808,822.2228901029695
23.293122298082054,819.3725980209717
23.349352251434265,837.4753508521437
23.377307048773073,801.7588815560237
23.53767730286536,797.36211085267
23.404640711291506,792.0525224890962
23.28518853536493,823.8602753436796
23.10786158970903,813.9360542374629
23.340483515062918,830.817540249893
23.370294297150064,968.1531551249223
23.412090745226067,1061.7380721021461
23.350769413586285,1123.200556864318
23.282496378276583,1128.5264443112728
23.444219448497222,1109.9332190847176
23.568500381984098,1104.3938489066727
23.809331328904655,1111.1578933895398
24.033830013203293,1098.5367664523983
24.185548208203322,1077.6817492902758
24.10591914045476,1099.5615436911942
24.3222395874754,1077.9145404011463
24.775640596063635,1091.655130694089
11.016492187733629,1086.822458604581
25.816532598256778,1015.6923651387865
25.968424931636754,1052.121982757705
26.11184218465086,1034.1505895625373
12.232514122679842,1038.8548660242889
26.121963560199998,1096.8356244928757
26.321320771212264,1047.9800225285132
25.719903850588285,1031.213503173121
25.930090355491643,1058.1465121736908
26.200115300159624,1057.190028371204
26.864021956175527,1052.4510192847013
26.534263041754024,1003.0776448891787
26.83805366030392,1022.8725066696506
26.688720012124268,997.2079660931646
26.934401134563828,1001.0847986897293
27.025042145503047,1047.9836373419653
27.22787240804221,1046.770247793599
27.283155695937435,1046.5915191649642
27.395189757831517,1035.282047548585
26.694243000509175,955.9347519973592
26.673345733889956,1003.5407710178742
27.30088622646014,1041.1831595684373
27.849017583186487,1075.8687088632537
27.661756982542755,945.5338304727244
27.871581328749233,922.6670489606206
27.815545440213313,911.7909408017582
27.97533398364792,950.3521674794313
27.1832684946812,972.1403545992516
27.384231521191637,997.9917320210611
27.43177358790036,991.4737279739867
27.771651079734447,971.6997745991052
28.3034087141579,974.6839734979956
28.847583601785818,964.6408756542917
28.54764170096813,914.40932970762
28.260439219046408,916.5570317511063
28.66082316035964,888.5164073873248
28.49656892778504,898.8717664207425
27.898314746809586,904.5194351077542
27.359553836879442,888.1695517371631
27.999473748021956,907.7480196364567
28.483564123143804,905.1867415456527
28.065653479330123,874.09784547699
28.248102243439433,873.3057693088183
28.61983424546567,2072.078742493949
28.24428445131979,925.0537132455056
28.62421246408278,926.5632542935163
28.686855121184024,902.7356281540663
28.327602055127315,904.5068222836121
28.746678417800883,891.2604964048171
29.491459736633914,892.2172184352097
29.008136830693786,858.2718042124313
29.27038838673254,858.1296062788304
29.009408905896297,872.0724425751185
29.040621919470773,856.3140388362124
29.685562596488715,840.4566256571522
29.383289890390927,810.1700547684954
29.277163611676038,840.9434775150578
28.508819473779234,844.1055554002276
29.298969907083155,844.4712338621957
28.048505392625305,860.5898645789484
43.71662384039225,892.8297068905222
29.248532351409747,858.6399468752695
28.556081155720616,878.3040210314639
28.331104882498845,885.4476819444563
29.179313950663797,894.2482640228407
29.086863592612104,868.7016705382439
29.2551491811316,861.9430418909748
29.817483167819876,844.4924022374811
28.265754223984,872.1007145651139
28.59750630528624,867.0665430324125
29.121924541302487,890.8974107896076
29.304888277699487,881.4671785651568
28.675795090320996,-313.66431927177837
29.331358435762393,858.8437760212419
29.347340878771494,871.8586028168797
28.7258975225269,873.6104409898372
28.75587581440621,881.2004610242918
28.37701491470897,850.1286116549031
28.693630089723154,898.9615311120167
28.669168483741284,864.3211912522788
28.424468945208858,883.3864673620878
28.816108108976607,882.7882261679739
28.729748762618918,879.302117746189
27.989915031890234,908.8671614690091
27.544406986846134,946.8669633942388
26.99114500520267,945.0212576540123
28.377520922580572,958.4868861398281
29.43727997151732,951.5537933157902
29.924279435135155,920.5697079314377
29.914251709012756,914.8668778381518
29.99117822111635,883.6260668579737
29.518794856998507,869.9310377054804
28.58742904162775,865.9675319190668
13.8405399818983,880.6766913800312
28.029318290341564,885.2039262838973
27.980223114656003,914.9168465151458
28.245906447927283,903.1764275368682
28.14810597472637,927.9712137168993
25.814489868689996,957.9996807950693
25.57729919823746,1005.571366250437
26.40389630011269,1107.4705398803392
26.71607712906001,1033.310727350452
26.419763386693038,1011.451973311928
26.66202154392235,1047.599431360812
26.667164226973444,1123.940243052272
26.308409149982204,1048.298131440843
25.56764018112634,1098.414124638257
25.63011999618434,1068.9393740726332
25.888715603928542,1115.288668834896
26.006890706580602,1088.5445038828482
26.354270848185852,1052.5626944366084
26.156395637660513,1054.1262904637088
26.707282044191775,1072.034382691734
26.237825455287517,1064.7420330929222
26.30818660122939,1020.6632991278068
26.53226369833655,1032.6798189611513
26.161763108412096,1056.6559392270744
26.057717753797604,1049.3490320771239
26.433390313120373,1048.2335358987234
26.765177237457777,1073.9586241809748
26.626222051794883,1036.8746123323317
26.39077712597411,1059.618127533418
26.351006297131416,1080.7255652610272
26.42166675314361,1042.442460584989
26.42074470845188,1041.2213878889406
26.44506117359387,1078.9074514129356
26.773582357629785,1028.4494322578762
26.14339318812226,993.4233235087817
25.464932637029026,1052.0522006726958
25.53090865477948,1065.233396500822
25.875503792019373,1068.6600839068537
26.114492367720892,1051.903347525882
26.349403770738757,1103.1699140965952
26.435380315596454,1087.1391816974983
26.524528194408166,1041.575139145624
25.99669764070609,1068.7887139302718
25.900112073865046,1042.163213559383
25.334630165941675,1059.0622697933336
25.397232983397767,1064.398141043323
25.73095916330249,1078.9841592457533
25.30778736921422,1068.500607966026
25.60139783169504,1098.2346721826734
25.359347994323723,1121.089704963378
25.42285785981971,1123.1990913779018
25.225395246653193,1103.5083884645278
24.987056892297414,1124.883090972599
24.976232587917686,1110.2468966545714
24.851730506373986,1113.3925578076382
24.612544375166458,1116.4971630796463
24.64591423940394,1103.7175795301507
24.492361985273273,1102.3265210993216
24.388215077904402,1118.401177292039
23.966534848257368,1112.9544397467505
23.9066666597701,1126.3719248101725
23.64728073622913,1118.793780437959
23.717268929821863,1130.924724151187
23.855512978149473,1124.508136073615
23.732615013597606,1091.7336643573644
23.801664640426146,1110.8030860444294
23.928502078270668,1103.6454808836584
24.05121740024105,1091.2723603968752
24.116206942185723,1113.8684306769082
24.128358822045357,1123.5289545897379
24.297694536484347,1114.2798361756268
24.10072908169161,1100.0643836823544
24.115201795362765,1130.750248956227
24.148137977602644,1115.8547679901935
24.0060098445996,1095.4334205643604
23.93330463940687,1094.3976147035787
23.93355273939017,1102.0787205788988
24.043252258702097,1106.3888815661958
23.95035259577008,1114.6351102965098
23.967522176640372,1096.7023502561533
23.99732541167981,1096.1021413344347
24.184782978200964,1116.561520200526
23.81679689057744,1102.5959837554724
23.753774269948067,1093.1014093534986
23.7749174010674,1089.5074488331868
23.830144722274333,1105.6487585974378
23.767522787532776,1110.4979420268821
23.574915603294446,1076.0463104532669
23.519027350462647,1087.490324623951
23.569320675874195,1102.8921128144284
23.62873250398901,1119.9415561329713
23.57003909818028,1080.0206217420148
23.428512883814747,1093.3326235635868
23.477247848320353,1096.2155962455113
23.53655697829203,1067.4033441687443
23.49375505465682,1090.2625431333
23.38534425126253,1079.5388712190986
23.263545528792356,-99.48751794729537
23.323970949733923,1091.2477640899983
23.501121108479033,1071.707256262005
23.305166965258596,1099.7461646927284
23.396258403097402,1085.5812801816364
23.263075527278385,1069.1963234137013
23.478034736097804,1077.398141688628
23.50514915173864,1070.9102550838334
23.427801873630138,1084.7577795910383
23.39235752184554,1062.7302016822985
23.39219056798658,1069.8968282625895
9.367059969306528,1052.007763353128
23.462695833866032,1066.2805705785308
23.557738384649426,1036.0186270358922
23.444425286981193,1041.1034025097078
23.659150232869003,1042.6786116377014
23.52151118846655,1030.8795890007468
23.41426371493369,1035.0453799340594
23.585981735536066,1090.570899710796
23.535460197349842,1096.4189641070413
23.50953352674326,1076.303691124149
23.40526718100009,1067.0491316591379
23.30367404927301,1085.3132669184088
23.524739014774667,1069.3357350391173
23.707650488943333,1063.2644285823865
23.60785540505367,1050.2069918671878
23.269356826099358,1068.176561916593
23.50474632428302,1078.585495145659
23.298242150485727,1046.252727057067
23.51108507884657,1068.5835386899646
23.62846129308023,1085.3788739620004
23.28271954780534,1064.4337027231552
23.17255867802236,1087.0459017729318
23.542361689284895,1061.169481912651
23.397482246559882,1011.3738850601673
23.148443661387425,1018.77262349744
23.38470512731875,1021.3239533591752
23.18076882576417,1019.5588513836237
23.49876417551329,1037.3957988897846
23.553507314684804,1020.7819698172684
23.35463304015086,1022.0358007862665
23.316574208470183,1009.7125713135908
23.45131947211403,1041.7749475328137
23.32362300904365,1030.3839372284995
23.17646194581544,1033.0678844116721
23.29201375355797,1023.3103084065954
23.334818644157366,1016.6279892477504
23.403179885829662,1009.1032119352024
23.398930579675024,1018.632670514082
23.256830821313176,1030.3716376957336
23.68534188231596,1026.5408740303196
23.242639200764685,1030.699152238998
23.454935782794877,1010.9712776242765
23.553602944391184,1004.6255313048159
23.318728242008433,1005.2775322019522
23.412100566270563,1029.6913908833835
23.397776772138315,987.5097632316358
23.456999230247323,1012.8334327397836
23.28558754928983,1015.7258950633765
23.547815344729408,1018.4942502404831
23.365139358670824,992.8908447396797
23.491531344265642,1017.1839423702384
23.311097613780056,1032.273656833288
23.27849962366815,1007.6754075425979
23.2924711619102,1012.604006740102
23.344093579832567,1005.8668814684686
23.381464805605574,1044.774470785197
23.427499219525274,1025.9560842428903
23.37245280373017,1040.038507374336
23.542124062583603,1067.3932352531776
23.455009851299568,1037.8709196142743
23.47356602172662,1025.4201103863152
23.426916883365642,1006.0286045612386
23.505663477269195,1013.7059222275725
23.437088926010865,-175.54693223626316
23.546716600869132,1005.2216165062105
23.615472485735594,1018.6477537409355
23.55851698570222,1012.2129570882494
23.57659669953984,1004.3790309376758
23.689937401603547,996.651017538919
23.615352641231276,1016.9080861914268
23.710806276706194,1015.4118421433727
23.87710385011381,992.6788166654727
23.949241955764272,989.5145876645599
23.986137150796097,1066.5977951578047
23.96404386961638,1036.677671030175
24.038119543905143,1097.7494449218177
24.07862043943109,1177.3883983734456
23.906926712548344,1132.0127828725672
23.757531958263897,1138.911350292603
23.5261719794078,1137.6475394263205
23.85830841509494,1135.765511206858
23.999585034294164,1115.96107280268
23.977066162778094,1102.6960158407144
24.101811975446726,1139.8025928009097
24.137959070186326,1115.4584071178165
24.431397634256633,1116.028358378545
24.39014612431543,1149.1029373447495
24.584795508134587,1150.2899984230426
24.66458894104806,1143.97249080646
24.56063915324484,1109.0064045994889
24.90531391016524,1126.0000036194149
24.71942192328112,1111.2958570750588
24.74715536089844,1116.6689258376462
24.95831321282615,1097.5692509494725
24.947343070454167,1109.4945233010903
24.963823815162396,1143.5213233099396
25.07005929416333,1169.730464478834
25.545742604055537,1137.3437063573656
26.18022883252771,2262.5378698167424
26.815228184119658,1146.4666580715211
26.80538562951534,1108.7456701080512
26.44593046714749,1083.868459160698
26.17780258241272,1152.2528521854479
26.335888703367203,1083.2323375910985
26.26133223318142,1090.2184871247362
26.191935878138768,1129.1200247001018
26.14955918511122,1126.4280064366028
26.246716450142106,1087.5893424130309
26.158336342999352,1082.4929373431346
25.792413202001544,1124.9028519005947
25.7467127433326,1092.9372868132793
25.250200645348496,1126.7729922091971
25.03980206339172,1116.9797002118485
24.91368398529615,1103.1394584840386
24.85566730765644,1121.9114629036947
24.7689608705865,1109.912974760359
25.12028495346857,1100.1713439158837
25.678093974895695,1116.2555643178532
27.14762187952022,1048.5101858074675
27.610718562863,1082.5810154862174
26.828801711845987,1035.5734402217174
27.109514309421755,1059.6333047046
27.894058291205962,1005.2682157594559
42.301039279022746,1048.4238649024664
28.135311649978128,1017.3084912677507
28.68725943722489,1042.2967677533284
28.829691631786712,977.6385880481637
28.805991711202104,934.0922944184566
28.278173844951972,880.9113727509728
28.22386067484191,895.9617338223536
13.611929508548851,887.4067930809779
27.03556970795635,932.5653777747443
26.73434923143481,948.4137391303768
27.96381226853856,989.7050344458268
29.022663950674897,985.5411507746419
28.47643870824848,947.638318655077
12.550478332962836,914.9484915688195
27.065906907895414,915.2951084170903
27.858954288810057,951.2605025939008
27.341037715898857,1083.1875025721306
27.454403812568916,1120.460717155465
27.14158197155312,1109.5107607951559
26.754180532944666,1077.7337051902803
26.077913952108148,1112.757538394757
26.17952412972083,1128.5008674176868
26.184590582053804,1121.0991293932136
26.808507952434162,1090.8397647232266
26.961446273693035,1123.8170875740507
26.865650516129143,1058.0701821777945
28.13718122269617,1074.5074952615353
29.13225644621516,1150.5735411497865
29.416002453524612,1046.9385795168973
28.890637732469674,1065.5394472366208
28.3905820029082,1128.3546667245996
28.145606045234842,1081.607306959271
27.407476808292127,1166.238365747121
27.329360133378387,1086.5344999477352
27.842029180858816,1105.1625899841445
27.73983079800866,1084.8954587610313
27.887287939344226,1083.9740884728815
27.82615517656219,1043.335876271569
28.861581395058675,1073.1396958546381
29.573927062968217,1045.3710441279281
29.560989803578646,1046.1290241909828
28.746019397872715,1108.5886768151477
28.335859794804954,1090.6487730881786
27.92840709165126,1083.5979984149424
28.286752652267865,1123.2368309718481
30.1975700398687,1112.3654949351444
31.11144407379686,1022.272503215229
30.94658388244377,962.9199205996829
29.61646415280628,923.3991830419807
29.186722855924025,866.0674469051899
27.979902872007262,874.9019265824295
27.612665226755773,912.2346988512412
28.420499463243893,936.5604628710654
28.233140402181697,947.9556326365635
27.53086885632542,976.2126995426094
26.612346404404143,995.1308424987935
26.611098302609808,1103.6936323737903
26.462801643489257,1081.1391431312713
28.009994478082742,1106.462033257891
43.34911303210952,1057.0928570160174
29.24626065507894,982.4157267468654
29.3867614068792,-214.29010677824226
29.49683467077462,929.865953871622
29.748162236003473,957.2122318854506
28.692831129105855,955.0936727101848
29.108763603499888,975.4209146666985
29.116456115969324,985.349193999849
29.220443057597457,958.3622473883236
27.79485138776491,922.635990963153
28.53055283179142,939.2225427933379
28.339759023937454,953.8635643761295
28.66787800026102,1003.7367337707137
28.47779824908189,1083.9432486188261
28.03838016533849,1176.249840559238
27.296281721954706,1146.2940856693438
26.47687143587906,1095.4930657693467
25.736732043763723,1098.9456498274048
25.996826231838014,1174.4185241858327
26.374969629970956,1127.357744332314
26.528493772314818,1096.571312489022
26.55237815273488,1125.8463506914713
26.73399582113994,1119.7986841967474
27.17549943869087,1133.117728144915
26.80385711921906,1116.4536361841642
26.89035731489586,1076.6426686507825
27.00191260504055,1113.687529923248
41.14276302121897,1061.314025249827
26.794299011295205,1039.5251827162142
26.04619579513802,958.9960153416963
25.647181815183178,963.4987628382348
26.030250781594944,1010.5565608652896
26.37103553603961,1067.8640635677064
26.057117819685097,1059.8936420367254
25.615843275126316,1081.3833567466966
25.57921862364776,1133.6698346519536
25.76121767045756,1106.2879962901525
25.940626679944828,1108.4149803445416
26.382193313099076,1157.3539078204005
26.45422319700381,1127.005917746952
26.17724198849699,1107.369788853327
25.668681266485937,1151.329367311775
25.870016989907203,1108.2195358476918
25.713642714320546,1173.5669887212296
25.66022507895517,1137.041762366975
25.521896628349786,1119.07802800826
25.610915924240103,1107.8543835193539
25.53612274968103,-68.61180684840133
25.316337545072425,1163.7132136491516
25.45622533881948,1164.2834735992994
25.038650580855606,1155.4853844230024
25.125457768373952,1170.885644850126
24.615238210573384,1159.9087625375619
24.44063598544991,1153.2380445822805
24.386708491573685,1147.29368208475
24.44980206187166,1158.0928131326154
24.51336800108713,1152.1821823868815
24.457994131230738,1154.9663318826294
24.387443100960986,1169.6294740166254
24.40235713683837,1147.7380682190294
24.563775370963057,1178.1289557146692
24.508939167315837,1174.9513677973166
24.59677876646647,1130.6679019833118
24.696576667824505,1131.8797513575644
24.443544980630527,1141.1466307808432
24.70369301286537,1152.6665660274257
24.43629049253788,1167.4809508575245
24.48779756592822,1153.4565420156316
24.284170752803362,1171.831943844994
24.005174378753264,1157.8412086690555
24.329588081673712,1166.9709352996078
24.322543329183887,1159.8756390480614
24.251846629487204,1168.6082847040298
23.958712405820698,1148.184990784141
24.07555260676871,1142.3468212796838
24.161690261656094,1159.2499008261766
23.998788545901355,1155.0994545299018
23.917770387412332,1138.270753704143
24.052297385731787,1163.3830936773113
24.229362114202267,1152.8914381684133
23.96565034723816,1141.16614973896
23.84413181113348,1153.139010831825
23.913269528411195,1150.7722606913783
23.65682463309186,1154.0893189734988
23.741285968307132,1146.2587456341626
23.637845115190753,1146.919159398286
23.656964100332612,1156.8399068945478
23.49790218306208,-55.74949578299629
23.803250394440223,1142.025117340807
23.496092646309773,1148.6552953474045
23.563081884256867,1149.7097565845895
23.4896003095329,1154.3352851973737
23.615223649873396,1153.961275714592
23.67183666204069,1146.6089211364044
23.73936095747578,1153.2656397401206
23.627666253558033,1116.60721199875
23.601438553665147,1140.6032221633698
23.650443722796673,1143.9542060531796
23.75929590963258,1152.0962838593791
23.69354058404229,1134.2904768336605
23.958366852983865,1122.0751899079046
23.801904508865036,1131.2372226659693
23.764762098907255,1152.2049371777337
23.51785255782054,1125.1682465292713
23.948852039627212,1119.4692136585977
23.692470296953054,1130.3552122476767
23.8862647982773,1129.7520336728464
23.631433445717924,1124.7766991358997
23.710381213913543,1128.8461945508107
23.827131397568508,1126.249591859466
23.716971475593123,1125.8013136736377
23.745086182053733,1130.411186556447
23.641913952487872,1118.2296504639967
23.551674423323426,1120.2091123461587
23.614103859745047,1145.6653111905648
23.68698101759517,1105.2683592135202
23.65617048546814,1114.3924938546163
23.674642641289424,1113.4459616388056
23.67300781624168,1122.9020837250978
23.71365916125165,1100.0007686977015
23.7527083991437,1073.6970914093156
23.70501690659029,1072.7668495511127
23.666550487034456,1097.6581580342365
23.628953303994262,1084.4319995678136
23.59272270760339,1090.5408833749334
23.819697915604383,1070.2778136714724
23.817195967433737,1067.4851929812885
23.787501718596403,1094.2050815154028
23.656738939273627,1094.845366936361
23.627748671858505,1090.9948410725924
23.59771803716051,1106.875044661916
23.556850501285243,1103.536402460293
23.786064488672576,1107.2628738480764
23.595882339542904,1103.1720813662535
23.713176766806562,1097.7813708860594
23.631926887996894,1092.685067753041
24.166472844820866,1079.0663127707512
23.959316288570417,1095.6660643527812
23.85848365804241,1089.994499495143
24.085928146792856,1105.6607656156116
24.116981785310948,1074.9342559396791
24.111760123200682,1082.2317558226182
24.091154357011774,1109.385597754588
23.966450394212988,1081.3310315486506
24.09628911907047,1101.7250870871999
24.0252438550048,1102.982454996942
24.037959821667947,1072.92946998546
23.97202870743337,1074.9796129282272
24.01002779514959,1082.543607414239
23.97311743291351,1077.8396104444582
24.143080590749598,1090.7242576365093
24.1187731288503,1078.0675081820082
23.898320422618113,1097.0017241197088
23.794944408739664,1071.080949609985
23.54420274719632,1098.654234734336
23.84943854208057,1074.5634653859674
23.86229161810756,1086.0503931116027
23.757733785886703,1077.2244106456421
23.957794412673827,1083.5230070976518
24.061238925584938,1085.5694316865395
24.061468122206115,1084.534190864635
24.047598865084677,1096.9371410637216
23.954643099079693,1077.5246657993948
23.984978081590004,1111.9867037145823
24.105974457860004,1090.7770836001764
23.808972038216258,1080.3413763946928
23.836296621574142,1060.7367128183362
24.131226107191623,1079.672767281169
23.92120857693931,1080.8350041380318
24.014335553831753,1089.0630410810302
24.040094448380074,1073.396251664797
24.062206876247576,1100.6063793640847
24.024017481798957,1088.899302502883
24.167946962855197,1081.8701856801413
23.85000004200612,1079.182708972345
24.13978271384017,1080.663528046786
24.357623899708933,1088.6709912704564
24.205688672863076,1072.061622495443
24.291850268506565,1077.4561487679528
24.404582565423098,1073.228133476064
24.42122165212491,1081.76701235569
24.38635227314041,1120.722416791298
24.70730652636258,1195.0346495663694
24.64584704476163,1214.7725067568556
24.33586667924347,1216.316349441486
24.383330435337612,1205.193554645366
24.631850271317226,1200.1863191053617
24.88770503327752,1205.8451517281394
25.151081251018386,1201.1818040050302
25.419482016621565,1182.115593038504
25.50871775160942,1164.9831879354983
25.662365888399584,1161.260846452591
25.841537329418298,1132.0785406052685
25.87543705330024,1131.3445697878424
26.094535485646112,1150.3765340820582
26.508707668688476,1136.7853851164984
26.928469447768165,1143.0442945475365
26.919037422388264,1160.9800507888133
27.06386702612264,1130.159562496276
27.083447726605826,1134.8165018550974
27.0548016934293,1132.6741793238612
26.948579177048813,1150.997229035005
27.215626145376532,1089.0482889328805
27.080888754814683,1141.0987057254058
27.024606250075056,1141.8410369573053
26.996713091238227,1112.015948875071
27.220589669025415,1111.2147309598633
27.492025910442564,1120.9477893093203
27.23609387407168,1090.4500429336958
26.697271333897422,1101.6647276393928
26.965976144326426,1115.5934907320438
26.981004154637898,1097.1907625668994
26.93619813182,1106.2070733306005
26.7862672410468,1034.4133180480894
26.884323130225,958.4107071688439
26.869219660466364,964.31289241375
26.65129469313176,956.9774746877248
25.945860148245657,936.8658414148514
26.22469726007529,942.7448476871092
26.31801472882178,935.1229866359381
26.325884354421987,921.0957823670187
26.768993162486787,-266.37265508070254
26.889190751826035,944.9035109610699
26.914747532996003,996.8415804633983
26.39618429681891,955.8968532368431
26.467408436126295,960.9678972435695
26.305423326213052,958.5407758592803
26.160897306234936,936.631438987666
26.264242968789347,910.2225967660295
26.21652384254577,851.3176245776302
25.674273996216876,868.4792050973078
25.84375051768361,864.0037886398795
26.365406665538284,894.586211305381
26.97555743438444,917.0925861265491
27.14653742392867,895.9586065408146
27.2598180177164,892.9572055128252
26.94432455967298,884.0148867419998
27.32857267494996,878.4435156384876
27.206189149510493,882.6017746574377
27.039267840105005,890.5387451214663
27.262494238633916,895.5208055101407
26.775021384243125,880.5065532689521
27.398188734452763,888.7626453151884
27.634601756066292,861.9736306752317
27.62930540170423,905.1809319774976
27.854259842790825,927.3071615942538
27.642315330509717,891.3128551683147
27.463507419737873,877.2560916588699
28.515128743863766,871.6150775512975
27.91298118188644,858.4572308757056
28.112084118540945,855.5107943197336
28.806965206657576,850.4978905649662
28.90645656656043,874.335226990142
28.343850996957272,884.624247283569
27.94673043398759,850.1393364765565
28.108845073306426,866.4433446144637
28.72834875579045,878.8401513853655
28.892656839163436,876.8560868869686
28.810811069258694,924.7148663688039
29.226058900363256,892.4193822182629
28.396128929656836,866.1213406941681
28.349066403623873,863.9076101210151
28.93352952731258,879.7648809726727
29.108364902110246,885.2249652126139
28.87444187042137,883.9008620499218
28.14891275867444,873.0193776683357
27.904953432346026,939.6544729993243
28.60455712953887,881.4513830325279
27.94528990786135,878.8813066208
27.87637737300315,891.8138633621984
27.42539180779123,909.3412948208593
27.881054738868777,901.0515291830454
28.236750833535826,907.0892557139832
27.864337128498363,898.9622710594842
27.369283652596746,923.4304079540548
26.25574000690514,867.6591279257102
26.418972959607483,889.5586094868472
26.829239478774483,896.5794339118416
26.30896541846791,916.338672026041
26.113718695731357,930.2769478089351
26.278820509585938,959.8055253632095
26.655425833308872,970.110007143426
26.354574972453875,1019.0693043577751
26.746214866350346,1012.4329972748064
26.262250962756607,937.6172486060057
26.380003656391946,958.3174939978858
26.286554188389708,979.3896693627504
26.604298713712755,1028.6945518157995
26.188712264061127,987.6066714213179
26.09142819829517,1071.9839504427975
26.195676884163227,1083.4260039435017
26.331659475297705,1082.0354277302908
26.076093454323065,1096.49245977244
25.892919772163513,1117.2121559164846
26.12020802046981,1183.0938829804234
26.659082343985855,1155.9463169955923
26.15308626126216,1133.1546672557006
25.998251246048046,1154.2961680784542
26.436105934035893,1085.150097729561
26.62094486571345,1121.1486704538459
26.236170710212434,1143.6461213350467
26.286368874419225,1126.9771503250527
26.243581729265586,1130.3352132885243
26.32343055585288,1103.059468338989
26.435444262186856,1162.6718255844442
26.43962847028956,1099.750115457013
26.355288775864295,1118.0814316029448
26.377835259900138,1152.9820266573067
26.352910894776997,1131.4445236022138
26.20395041635584,1137.7799436400303
26.37525137765514,1223.2790897386058
26.34522559773274,1134.9696311831578
25.997656287414422,1124.8521579235967
25.94914601981432,1130.20522602377
25.93209480618208,1177.298012345877
26.107417332324037,1187.3802376920655
26.190441496606038,1149.7626532622378
26.491298005031112,1132.180913712697
26.348606199357896,1134.2326978424599
26.4463469952648,1106.3935189874803
26.23814413440581,1131.8332376069714
25.99864010423796,1121.0896616622422
26.099587832107016,1183.0927438585331
26.28005047199496,1228.134471940262
26.136043014945212,1198.2668168556124
26.309750517700586,1198.0037527222596
26.193356837305814,1105.583800921303
25.88043913563055,1130.7163061649894
25.739131172230632,1217.9361985376836
25.77791569757629,1209.961186078511
25.629357786699156,1210.8441171199852
25.489423718663932,1209.9879863096912
25.04622988367704,1204.0034129250223
25.411784659977265,1184.4395865569165
25.382001530111225,1179.890328352103
25.55524447295003,1201.1230518866487
25.515370377267654,1189.9441501217789
25.94073095236532,2380.4256768086066
25.859847287072206,1186.136206345119
25.942465279632877,1170.1460643223759
25.900222607001353,1172.811759953525
25.815337571814617,1162.4406621280555
25.317918067277592,1195.87463160699
25.281432058449454,1216.1060518354839
25.0763434903735,1210.1795757533291
24.66668876430939,1209.008126032723
24.967778360228785,1194.0375286346891
24.841163746377248,1211.8185259761676
25.040313257140348,1216.2214643734267
24.975399821977483,1190.5550228601292
24.985166153502746,1193.979750518009
24.98390055025768,1197.963403692369
24.99508614235476,1193.3132607779742
24.984433972463286,1197.1543480524697
25.028572583324895,1196.6953294340237
24.950044451955893,0.008761311725720589
25.116920044175476,1204.6926504770124
24.9654846377377,1181.4477367575469
24.875158699136545,1197.1227785375045
24.634103487213547,1184.279315330376
24.341207184180718,1197.8117059357319
23.961376396586758,1192.9536823019948
23.89311145725534,1177.6647784025156
24.130879023379336,1188.3772043484555
24.31232424921526,1196.3900580293982
24.354425928173274,1152.5356929751165
24.43663016008876,1183.8680424431564
24.859783437750423,1162.1003946708809
24.71511584331951,1169.159941530209
24.624174530811977,1197.1681537819495
24.51400614720652,1162.556285356165
24.31541683673704,1164.0738063999993
24.256575919067664,1171.3673634608467
24.00074114817523,1163.5379304121223
24.367473960595206,1168.417349519842
24.42298271111684,1173.7597149398216
24.362655628751256,1151.9918606987349
24.590301167811194,1151.3697779730114
24.42237001494795,1162.8032566220834
24.4501851758621,1150.8172824625995
24.671997452769666,1144.8809713671635
24.642961631286923,1171.8765634668569
24.43209091506796,1162.8699983976599
24.838829885296146,1170.4196698012502
24.493811021975468,1161.909007193513
24.354794802300518,1178.98433268775
24.368260339961118,1125.748268462173
24.44842868197899,1148.2043399474787
24.620899230599775,1120.0338179118878
24.349882927392436,1130.830967705152
24.401954211320295,1125.4098519691945
24.286992665207016,1117.724235663386
24.454990663325834,1122.9521818665073
24.59238466315136,1107.9397505623197
24.493846763854414,1122.538200410516
24.426110037606072,1123.825457228318
24.364931050752897,1125.985482440127
24.369636081225575,1131.301538991207
24.54425512971262,1136.611743150471
24.443345129853377,1126.5889103074437
24.581544952307226,1112.6469984898606
24.449061657006723,1119.748295194885
24.487203069846313,1125.8232468744607
24.471646532359266,1113.4496526308903
24.51151812787423,1132.1558853234565
24.56467918132607,1133.7571977301275
24.501881621957637,1117.7819660013013
24.689295826639945,1110.8621896185032
24.61043349909567,1106.5802449708865
24.896901389207574,1087.8074042494272
24.562984693753585,1083.0940301341202
24.88733663966363,1092.319022401021
24.639885923142543,1077.1600137838682
24.874556919982503,1058.2175232856118
24.73537198621669,1061.910833971598
25.00617089779808,1054.2279654850604
24.813836842120175,1044.86112079395
24.69011064727401,1051.088530368731
24.49083772554255,1044.1400616896406
24.653692455874555,1026.3875333790202
24.592362411460577,1016.9093026568439
24.531779983083744,1005.982944294265
24.53303452431012,990.3961345767723
24.519193914271263,1003.7282749494466
24.34756372203247,993.4423729648981
24.415915046220583,983.0155824934051
24.605637599667226,984.8412874005564
24.28255555450246,961.6385532034085
24.349084667872862,952.4027479493236
24.51700763880598,945.3523210017245
24.77444126001329,972.6172142262117
24.606042157647504,948.5729409124965
25.039063004273686,947.7492109750665
24.713527413645192,948.8810533998367
24.67085794226248,931.6130478100832
24.641784796238937,934.6105350959429
24.39832152527451,923.2553238199046
24.375434481360287,913.7451986194371
24.409478506470354,920.258744745609
24.268611090000288,901.8209291363714
24.35727676310208,910.1463275863446
24.221124780859025,906.7148095161356
24.18902327725691,899.2132326094198
24.243124043231386,897.7944136820796
24.212570211969712,898.7327723578329
24.460074820110865,890.1876785667789
24.174273403115013,900.7490379948011
24.286094286746394,895.0666620363045
24.518353564477614,-321.9586091956405
24.48093592717267,901.5776826244512
24.604270047326512,900.0670262537394
24.334852928041443,881.5811633767371
24.528980820548554,886.0085683848567
24.63253262591253,884.2885226650499
24.72492489412727,887.9483134224547
24.53838346195706,881.7342024785262
24.45116286872559,885.2711721309928
24.533512790258374,893.163787045002
24.57184140880708,877.4620320950239
24.445594409421833,883.8511061143276
24.794725664057985,881.4478660217335
24.729255762456972,880.4175367205391
24.48738919709546,903.1149079053239
24.53323538952626,901.2179613564335
24.78426316085733,903.7168977653223
24.786929340066894,876.9589044629162
24.951220407510796,891.9298462446756
24.99384339877089,886.1560223266088
24.962879449207072,910.5166243536016
24.994426222199223,901.486830266759
24.975119790737345,978.6963344920437
24.92695633527234,1073.2122709161413
24.96238388835178,1081.3856142058357
24.995069767940635,1086.8632726122653
25.32793887919107,1091.5028917495763
25.03919213021322,1033.009419010296
25.07866168977937,1006.3700618909504
25.316968435211,1006.799578121549
25.250470682595058,982.6400198702895
25.128389902627823,967.7043956113589
25.188398823600355,964.5546815773978
25.315791674168164,957.8481580752876
25.236994643859312,946.2634145506829
25.508375151223127,954.7960821014033
25.435442211653957,971.3164058813463
25.669093302366093,952.3376953316754
26.23079855536098,-263.87728847839435
26.50890622733014,923.3838571097335
26.984282010137136,952.8056515548926
27.042561058335487,933.4977330980446
27.132325315194148,921.6361907252417
27.219741996260005,931.0188708633503
27.096909305784934,907.1787136624542
27.153502722951757,890.9958924908033
27.3715014714166,885.2775343030514
27.62510634230759,918.5677498535294
28.041048284780196,896.7380994391463
28.156266966895252,858.5375049256531
28.619703233992997,851.4578052303475
28.188781186131706,857.8611764517409
27.67499214235324,854.4148181025437
27.60190258712776,865.9193599870517
27.48996941830689,955.106370251123
27.334524386903993,1051.0370760566377
27.137753074372913,977.7810265266367
27.131881662620117,1061.821711702318
27.451829893594617,1116.5060729373952
27.79777784156721,1135.460716743674
28.22929548300625,1148.8274436333893
28.36877401588012,1105.258326102453
29.216814471812814,1081.18923918873
28.88837638844859,1145.5757472383043
28.350167240288638,1087.5482281820077
27.794459415004752,1109.1441558155427
27.83215429302882,1120.3611584906207
27.994203816663752,1098.8503166385874
27.737339797443568,1074.981861516083
27.835920521818025,1050.2650950809543
13.640475706465509,1111.022474171495
27.831679769117574,1041.1085534468289
28.116847505908755,1102.8603197168811
28.43818977154256,1072.431653921767
28.525446440444814,1031.4487988023243
28.266132228605542,1083.8855332949615
28.23076804128676,1033.3354163290624
29.259553192135588,1041.1253514691712
29.150403039298485,998.1778034420026
29.178310335704104,1065.638838957584
28.923727675105084,1065.3798843067057
29.031197997764526,1081.4094603791941
28.674757054381356,1110.2200078077688
27.78117907012159,1105.7434905641787
27.67612274815999,1122.037106690861
28.00162304881568,1172.5912987026813
28.64375266982433,1155.5046329777329
28.390001803491316,1148.3150564707248
27.576087166211067,1106.7680467805214
27.872993409741696,1111.5493571535317
27.972963574247125,1065.5179347674755
27.68083551758588,1116.467632496865
27.432628494763627,1094.9282610282496
27.720782508272677,1133.1576713195614
27.687166408603062,1155.8601766606187
27.609158244248945,1138.361458905391
27.66026897358868,1168.0011970011133
28.371432666422084,1100.6717333983224
28.47612330675541,1108.4538031030827
28.191606478359837,1125.8673734752279
27.94561270762444,1122.8137547782394
28.00057056444714,1102.3142978354954
28.01778387648602,1123.011465008084
28.18595569283181,1168.0250554682648
42.06969820756136,1089.1092862689711
27.496512475882916,1141.6132397055871
27.540135531967593,1128.1288350492573
27.711669292913918,1190.2676432362828
27.78329628170077,1100.9309978762994
27.830420579492667,1110.9497936100024
27.769512147657135,1173.8037825660858
27.780645690950685,1147.5463968961285
27.97938655503217,1134.5720508242764
28.226254556576045,1119.7094103735049
28.04267029902949,1100.1512959949232
27.966224820377498,1132.9100438822302
28.026673901214423,1132.9109755107943
27.80894245902108,1105.7985273913969
27.871739656457173,1117.2638902122376
27.747015723536105,1146.51480209787
27.810589706949532,2340.3251394275167
28.279545215125747,1143.0333755092024
28.614728405283937,1153.5381261784264
28.53789461815854,1196.3162966331065
28.653826437926988,1079.8004828335302
28.48921827592776,1097.3218675236878
28.299227535031683,1089.0097829234783
28.32468471089144,1043.2427303474688
28.382124578972704,1075.1039483618076
27.859783153449108,1098.343128043843
27.9628368669028,1093.1091337425762
27.8648831307817,1070.3495066633614
28.013972564508236,1106.0701339252998
27.808078502556135,1120.1867351970145
28.10650124086033,1096.460677485799
27.93303082246136,1135.4016310809793
27.938652250462194,1135.7749773233081
28.036521046266557,1151.814502389524
27.879170800381356,1140.266498101649
27.653524077685667,1136.7216747305756
27.373404934915595,1140.3970506545186
27.478982022775135,1148.3427498980002
27.677938424328026,1130.250804851432
27.502189071211152,1179.228027491944
27.556609551098855,1145.928909221354
27.916000078835435,1167.8033827930644
28.29542354017601,1127.768214434487
28.542028808935246,1054.9164493218223
28.142835054879104,1090.4813418189863
27.60123144057322,1063.3163082041144
27.660856539842,1104.5954985172973
27.216875253943673,1085.2679649456038
27.221216564014178,1138.4678480784078
27.537824930227995,1167.197279423238
27.190333194636803,1132.730993313997
27.07796564671654,1140.093906538292
27.24450232690277,1192.4579660166457
27.276383232931387,1113.2420161904024
27.356833598439017,1168.8060260478162
27.043890823436755,1142.843771769928
27.090086372158847,1165.7700026927773
27.183336264006083,1182.133099121908
26.75713412057528,1159.4709889447554
26.684312992992357,1179.5380353014189
26.542350015547946,1183.1767826729197
26.798315913642952,1198.9457355531201
26.717098738180447,1197.3288000929451
26.851422325919337,1183.3773996682244
26.827522247994402,1197.73376673937
26.98862501127542,1196.7313934717363
26.850420675811222,1182.7355202878239
26.87836648033691,1160.9028615315665
26.75439868380441,1219.9294124409544
26.762264367536712,1185.750893729662
26.587192187318216,1188.1293680238048
26.66377002397034,1175.9689464611306
26.684584100050138,1213.4463994619405
26.48926408712459,1179.784375553804
26.25428168905806,1087.9534994087871
26.429337814101604,1090.6316707145013
26.39796954488036,1092.3042856744605
26.305344535689127,1077.2150994083395
26.381189628562563,1094.7785713670814
26.084197366132077,1106.253463627767
26.0069878899015,1085.2708541939157
26.034049950591086,1075.0202596087424
25.861367207397716,1075.7854531905502
25.922176499441974,1073.8207296938751
25.896402901619375,1079.7989918647863
25.830426730377816,1080.9238659705325
25.760233862196007,1082.5381423967149
25.459818279542485,1052.3112828006388
25.322242089589622,1055.4045881592083
25.401454101499382,1039.4292873624252
25.193432859844485,1029.701942241688
25.233370093756957,1037.9148384256612
25.280309190970108,1020.6032445228452
25.090361562700366,2222.2371358159726
25.27094055244377,1036.7429475975873
25.33845251105671,1017.5953139421167
25.14122715131927,999.0467453727363
25.002953530976622,1024.935720560882
25.127074120918547,1021.6226430113039
25.02889911890535,1018.6996228097271
24.905199013964033,991.6932399236658
24.753997699278365,1001.0201668944876
24.71846698715124,1002.755252861075
24.836301766228793,997.7976263117521
24.744475083853274,987.1970883443669
24.807228447097586,983.8189360678293
24.588794482296187,976.6329435218231
24.623629243720806,978.387102731864
25.128302683735804,976.1865288447771
24.782939174798052,965.5064524153274
25.119644152939888,971.4457331209915
25.28307923283613,985.9700283054299
25.057536734468346,971.5105279087812
25.460238213336808,972.9777290565376
25.426508452416375,998.5222108919967
25.47948963966426,992.2955973706637
25.681599169461176,989.2754243134866
25.569813970622114,968.6420828188614
25.483862332686527,980.943430197595
25.24179001296399,981.1013711517635
25.280014020763474,971.667493836424
25.34710714986569,968.8230063054139
11.065398653533869,984.7636358098093
25.254413086593605,982.2580590399168
25.146715518085042,970.0339900329022
25.02329410068519,979.7658016020698
24.945035555185587,954.7847429224034
24.803688140267237,969.1070019161052
25.045134890207812,944.4541407708507
24.824458730758607,950.234462467273
24.816948387405876,979.6957973332895
24.939434908231604,968.3618919102454
24.96393470995076,955.3382638024499
25.003181606758922,952.2242103168746
24.62468837336027,963.0497898242838
24.76816554201511,943.6217203716483
24.670365980080355,950.334474618742
24.67376443990172,950.6674832933618
24.63481550272649,959.6381925063284
24.512156407995896,945.1329265308611
24.648963617481733,927.356590370986
24.67486710027146,952.6971731246143
24.546883589518004,950.6289758442438
24.67936016829633,943.5440726845015
24.64437394348461,947.5779822003835
24.435812804843735,940.6593884644395
24.47119324928841,939.0955678507034
24.704659117472158,946.1871670118067
24.565569222571618,954.1032316351698
24.910453329985483,948.0803973767563
25.064666273727852,931.5329365960533
25.098309635043996,937.4577937727508
25.158168625845192,950.1492991217652
25.039869245958684,962.6484909035095
25.265615049439923,940.5830224904494
25.150729150424603,961.3955189988095
25.30521114869999,952.4840296015228
24.979023567147348,935.6178084798742
25.1574833418199,955.6480011539627
25.062941877472923,941.0066681145545
24.93910424541324,928.6073389567389
24.892601951966785,959.9548063623631
24.950075423452546,940.362430311478
24.913449132860745,953.6088125520083
24.99189722841994,949.2212357648041
24.888185605003308,953.778823343145
25.057911759219987,961.2398039845905
24.836771958184023,950.4688976230852
24.87951027737664,950.2844599162787
24.72004971853922,960.2863389447796
24.706877640945144,959.472447476986
24.929010199761667,958.796389086156
24.592535019916834,964.1929805917838
24.67274652101903,940.6901045386201
24.606672283896117,953.8025074530101
24.641726412891963,928.573293720528
24.72195569345814,946.6623546046615
24.959849101903323,951.4276123217137
24.714055426436616,940.9742083148353
24.79822043727779,-244.36924819948626
24.901303362709825,950.7252306600205
25.05765601050298,957.7330071524223
25.036395265040863,956.7236218963694
25.129133206422104,957.9772171833661
25.155370341528226,938.8848745005918
24.898556572742464,950.4905190447801
25.26926452396052,983.4388923021023
24.902151155509607,952.9518881514889
25.12720876700373,972.5031355811284
24.818017059836457,943.1643398999445
24.72741541226441,951.9843669242044
24.951754359900846,952.3408569053145
24.919345875893576,948.8389972754135
24.803183016100476,968.7385387023633
24.739843727929067,943.8259267093443
24.911914091806217,945.9539290275535
24.915086593104533,948.4868166491412
24.926491046996148,962.6288023945026
24.882016213513474,962.4588228814907
24.979150929284476,951.1951798095529
24.88244757441921,950.0335345820358
24.985512502438358,960.7554989160366
24.821873341057763,942.17698669993
24.910057836274,962.2605499734967
24.77798658051279,951.2683462531293
25.00704232243565,955.898065504412
25.025549342243384,939.8348311853125
25.182162407375593,963.1528340565266
25.58629916925487,942.7513294800463
26.043896969417297,955.6077637684774
26.103455425314294,941.7423058460122
26.496322274710355,972.389831270476
26.73159258510547,960.6484840004739
26.888857386590963,972.1777277420351
27.017260444855975,962.5492387896187
27.092776623375517,953.018690746361
27.220122451946764,943.5127221401299
27.3460323099652,960.7079151696869
27.27209768889886,971.6277242016406
27.458329392354546,959.4563676985267
27.50780596430497,968.9208822967041
27.40462067326483,953.8060937197512
27.25927226469196,962.2487825149785
27.394019960943705,969.2704188564495
27.161824623433866,965.1904042823728
27.132778074457725,962.50531593847
27.16998631502009,961.057234020624
27.266308979790566,954.5271298264307
26.870675013629736,959.1962200499829
27.38588472758254,2131.4988815276324
27.766693692779768,963.0914335235027
27.62223118553264,923.9061977021524
27.484656657942303,924.3679992571156
28.308587465024175,-279.070624182458
29.005320276115604,904.1117239512023
29.719102385115466,899.8782475807635
30.27622345891271,886.1516040312376
30.633811356125477,861.2498618055849
31.01703941895476,841.1413110883475
30.700010590331715,896.1770767387388
30.153713925334745,874.017878662529
30.808637781552306,888.7676730374546
31.566106250447085,858.8235045441247
32.10324128241989,848.2024357813123
32.57802747556147,819.6077639602881
33.20235466014245,825.3964528842705
32.1616937691926,854.5318464294476
31.61293599569051,845.9536633692283
32.24744198972753,877.0674243731662
32.90663326319018,857.7443152923149
33.62040648979779,817.5424449741129
34.1156196696925,792.3985964123259
34.8693853368864,780.158518335845
35.40628102563027,797.0008404188966
35.18853954444547,826.7832438376886
34.80219727705526,843.531576629628
34.90019468424322,824.7312082483609
35.47753862680898,835.0718754438959
35.24960026249035,827.3453923881568
34.018170067637705,841.5843912081016
34.46647562905122,835.7743171518382
34.51228976294351,848.698729350647
34.64270068068462,836.2922320304376
34.5766819128422,860.3522292204648
35.1476910383985,817.5421275301886
35.826405051881366,834.9436864240491
34.60469395237966,841.7401675609588
33.93175638902743,841.6201213039895
35.073766702496386,813.0725811195932
35.48946453528224,823.300792240957
35.49653950931577,842.213012619668
33.783314214495924,837.7211888006073
34.46740103122421,832.8111003079506
34.57269388069956,800.8643355708967
34.87460246838525,810.249651535365
35.03894379269447,836.269852252422
34.80564665394985,823.4416080095368
34.181182600993466,841.4283224220028
35.17118561786105,794.9841742091753
35.351044465930485,847.7581945005373
34.565575014392486,834.8943201950641
35.24845178122945,820.293422560778
34.79209691559522,840.204426514527
34.408187315984854,828.4708418052195
35.573251020484136,790.4240913907431
35.333442597675045,978.2739599023869
34.17562112918303,1069.0547145408632
35.40856124362843,1016.6759702410316
35.57965384666553,1064.7992790586954
35.362971955287385,1071.2616226994248
34.9671906991786,1127.2063836566067
35.270160385983566,1121.4764840747644
34.643751960517086,1079.3614427276534
35.31270434097315,1033.9710078381422
35.52096977758356,1014.8278097189806
35.25116831124478,1079.8471559454597
34.97306303332501,1172.4151332516403
35.12041928547555,1180.9979440757902
35.5008848174813,1169.3165508515838
35.26603363652525,1177.7219478245652
34.447712486127685,1134.7133825624396
34.597010204982986,1145.3539895219546
35.07995757574445,1237.0967443782206
35.33856542410473,1370.4610772848393
35.070017892082596,1124.8636533576898
34.928433885441095,1124.7642265521265
34.91890628324444,1191.574878297642
35.05890304075331,1277.9575185582846
35.02336483982125,1215.4432221334155
34.91269702558494,1417.9666738515932
21.479368740253246,1560.0678330441824
34.93586353241737,1459.458271937415
35.457573643185455,1420.0818731378004
35.031207174856036,1259.3210865848507
35.283160093061944,1206.5298613243626
35.48255035446755,1105.7143450148926
34.54719216047206,1067.6013286499547
35.08724247826502,1068.752622730283
35.27271038809421,1050.0724168538836
35.242733517939115,1139.5620722850847
34.598666317610046,1314.462198681445
34.34732834074085,1339.1865744868237
34.39732319615018,1433.1073091782932
34.57645694518501,1559.6342749342987
32.903046157630186,1306.755816768722
33.034483109339625,1292.9848825461959
33.01362582425447,1384.8494968004659
33.47441331365232,1333.9895269843269
33.76883060177583,1406.5175540098442
34.583530257372416,1383.342482230338
33.869731752889955,1172.2221991609924
32.344593307036895,1056.8131476902763
32.83209867888321,1149.6655816559726
33.382820005237164,1194.8646178072268
33.975398902929676,1204.4942085025498
34.42169003966798,1228.1444655969076
34.78468817853567,1200.6636195703504
34.83184531727262,1217.3354301144275
34.78290942905787,1238.6443342159075
34.832073820577044,1661.8050044643037
34.880919547497996,1534.273395701456
34.9704716126134,1747.7455242330902
34.74042927506967,2027.5191992065438
34.443732509994405,1912.4680103745188
33.86179339014028,1547.8352181877083
33.778307479625454,1323.3080815801313
33.009578099516666,1338.7125979287832
31.193760160344723,1475.4124993238588
31.20456687235962,1479.4476380564683
31.031225894090603,1524.4219561433156
30.854233173263523,1518.9779840488775
30.456944164997786,1500.7178543398156
30.25078371688129,1509.6595960109546
30.08471088099975,1479.8111650865026
29.52113398550822,1409.0702844160455
29.214384750795396,1370.26615454849
29.292347773421245,1295.7637874964
28.917462738348878,1294.1946919004608
28.918689732575388,1290.2299803953554
28.785980473029998,1274.8097683425144
28.781410608846738,1281.4507898117815
28.953589102674297,1285.2173769131437
28.780804798263894,1268.3524354715646
29.18565443621162,1244.1454673279209
28.67585862561732,1262.2174512798838
28.35264484097156,1208.0369489437353
28.49355760951045,1214.3076973029267
28.161561222656943,1185.4875357008668
27.763291648744534,1176.9801472313047
28.135268718449506,1177.472362204791
28.05429922590629,1192.8199643836576
28.14865901059355,1192.5243643608967
14.08828176421233,1186.9103735346023
28.48526212251106,1182.5113462172467
28.173933308832392,1199.9746515571926
28.277859382167,1177.3254714042737
28.338949108838833,1245.4321061567437
28.091880825241436,1256.0191776585607
28.186343411564245,1256.6185255860073
28.303280996154083,1246.0995817866565
28.207525195393977,1242.9904684476987
28.11309980132647,1255.5368128596397
27.59203052275938,1188.518552196625
27.183682837931794,1225.5691102302408
27.634893985251146,1179.3072975616165
41.820612674865146,1195.9061727425665
27.64855598278819,1168.1392467501073
27.870050938792513,1166.1350509979288
27.77388521468847,1175.7760862547216
27.87809361861838,1200.9686048607005
27.793373306810437,1191.5494800754007
27.795961367302848,1193.267951280707
27.8069468266388,1185.0957770369641
27.70280692499352,1191.916698665936
27.74786146213372,1195.2902358850379
27.765535695536485,1198.6026890346347
27.59555410293911,1181.05950640302
27.66227855066037,1206.8394696405162
27.650926231712145,1210.3303090237678
27.464239909395197,1178.3213290987887
27.53673751557908,1176.1826227686963
27.52390667670535,1195.789730461544
27.616791568582727,1225.0622545827705
27.451281568529783,1204.006683482754
27.617773981531894,1196.5789668468587
27.56800049793892,1193.2866358681463
27.513237107917845,1140.982610754506
27.75255648787881,1182.4142935323473
27.03140230325606,1184.8830621238549
27.210998913520264,1169.3351084832339
27.576938074659406,1177.082106982395
27.46926388272445,1185.8621194936673
27.470900626596137,1183.058977436462
27.450087991585466,1232.3563281524262
27.541283684870304,1207.5104350497063
27.516687613559313,1223.9385378479196
27.293881011623355,1267.9663378438313
27.34227163191983,1194.9512691954676
27.249013679759425,1251.7387593872522
27.327288695151402,1230.215099060666
27.289429217587415,1207.9762159584873
27.36262479810275,1223.1226786721265
27.46859012508401,1213.525237205515
27.38681965170175,1221.9706202272935
27.421121533181193,1236.423495319943
27.327757490776783,1181.3488461807249
27.399598383020983,1192.980736206372
27.262454705474838,1185.506439345927
27.27171557820111,1176.0093809330892
27.133038589277824,1171.7776929554739
27.082216562091027,1169.4084116381719
27.155411743094838,1217.40987514603
27.214273044284784,1202.4001479973986
27.016834266806747,1211.9363929746778
27.129821910513396,1194.0862271721371
26.81214383307863,1210.703864860933
26.9211140746454,1186.6472298496383
26.97780216994875,1212.2651661593213
26.74094435655386,1209.4984960199226
26.804660929712327,1202.5812167770296
26.75955517995292,1180.6230764105212
26.932407320277456,1191.353593453267
26.91976842381067,1214.5719318649244
26.945097238207396,1215.1355661324242
27.072901502914853,1225.6762485808163
27.05175035650427,1215.6913189628376
27.20442276922676,1198.9784719949407
27.037339539450905,1189.1105721463575
26.79745094280708,1192.8970761358269
27.02566697511741,1204.8044514485618
26.86590792006481,1183.028209716706
27.098048260865745,1187.2398090708466
27.73377599730851,1186.9732649217153
27.656295780727266,1167.5095193475358
27.528165300430306,1192.5157241420632
28.508367173162632,1195.0448785243293
28.775587570938853,1185.700321404057
28.742374394887808,1198.3531974941802
28.973922415090286,1213.9351537757111
28.84835402644052,1219.2081315888108
28.978423389930384,1204.9604974419929
28.732493852486126,1199.5960981559597
28.81220600507511,1202.5677261919825
29.026620956723356,1216.550930905003
28.75520998015027,1214.6342123992938
28.675751124980316,1208.6351650681368
28.73773918743897,1213.1979998999639
28.558573684450863,1259.9564487169137
28.537132812218907,1221.3432651776593
28.712906437129448,1213.6355368476115
29.338963086938165,1230.8556149980147
29.515181285732034,1188.778124991583
29.966680514163905,1153.6408464540236
29.872338149679432,1156.9303828149577
30.20950151641531,1146.401856671833
30.51180126579688,1133.7951117545924
30.416041107053104,-39.117158396571995
30.55177384324012,1153.4986693130045
30.585452797186555,1166.7025762831836
30.791531257597676,1140.4496674925615
30.770789581352098,1143.9163754198526
30.727422928014455,1112.494043514298
30.637759802814216,1117.146175534936
30.143072653367184,1125.2178733658102
29.790699832590462,1123.2158011996876
29.718525131450193,1116.5690050022065
29.748345740535225,1104.4485285614242
30.116520092825546,1116.8926266946287
29.613964293967367,1108.647194594361
29.420914916206435,1130.2211460925282
28.957058618110295,1223.2763615995755
28.958988519870523,1245.0549776647144
28.794769529163826,1194.7109828096345
28.595773238490043,1224.739104063281
28.712860897650817,1199.515259466562
28.810437186380657,1292.4881429806892
28.851600053916567,1211.407165864579
28.76274363030865,1315.6361737596576
28.860521217089023,1323.171061188766
43.14043866074864,1243.6216621950825
30.042672146845884,1197.7694178636086
30.77324647620896,1168.1324870564824
31.542241694397276,1152.0326046096257
31.856761500867734,1150.6989344541096
32.25536140905878,1200.9907124398296
32.6795865793746,1259.3839796758466
32.875147902194584,1411.9546955587598
33.10475206428102,1438.7391167358026
33.4389178810772,1421.7703138575453
33.82502277832254,1408.0148834910194
34.13424121183914,1401.776252979375
34.43729242488485,1288.8576274363286
33.94773799440311,1327.7469859884854
33.47030931189052,1364.6843899489168
33.00924322153377,1381.6904960548381
32.92278670394376,1417.33754952362
32.978542824464974,1346.7261070939153
33.0622351290309,1330.1365424159017
32.82068857847787,1303.9001675864154
18.201634115071403,1298.5450250973868
32.20333390238583,1347.9350681931478
32.68960510550127,1257.232236603425
32.58943656222354,1212.2240366491383
31.569023174833184,1113.0969631269045
32.22981020568135,1206.8058805777596
32.56809894078173,1158.1046096118234
32.894589298885265,1194.3723436295882
31.65896607606213,1216.9717921821298
31.90984016504635,1281.551858185759
32.027334570379836,1276.7037406521624
32.19762211075039,1283.056108903897
32.72106715293961,1234.8933274130688
32.81094501752671,1243.3867136101417
32.936162040025394,1224.6680223015437
33.21323424515924,1203.4185062098286
32.18494625774366,1137.1585919770564
32.2294601780888,1178.01134981404
31.99345227118474,1230.9154616045496
32.55213155179371,1223.537940348287
32.48211227633544,1232.0463285911358
33.038165986931006,1233.10823618135
31.86194401053905,1122.8318045288174
31.88687503905033,1141.7417039029292
32.38812217625452,1265.468976991735
18.87133044104179,1173.8228268206992
33.54777111658681,1147.2498699842222
34.146088794877514,1172.7859494897539
34.42809674387483,1210.03797973757
34.21720109082644,1177.518999168561
34.06121381458894,1205.8186169720311
33.76561403627386,1162.8348187148754
33.15077649647974,1219.662132384056
33.020846987918546,1366.2992447875677
32.96037686831162,1349.588223379073
32.75536510746298,1328.1769568832756
31.777822647542123,1247.0933387130397
31.79551988011766,1243.2527728676055
32.21715951395028,1308.1673538878513
31.398980430849463,1305.883306066053
30.931929593900218,1215.3628886166714
31.579187402823347,1203.4570914302924
31.680109185040756,1152.925596727594
31.92794241184017,1185.176962376334
32.294182944280514,1203.0896982603103
32.276586583078156,1183.5775952805304
32.44071558610878,1216.965359245529
32.285643764437616,1265.5925043649422
32.217907965173865,1303.745036188249
32.02633084263328,1290.604383870886
32.13670609176992,1278.760669519917
32.48637083538168,1258.360646840215
31.208409511752155,1155.2814598991533
31.38030101526583,1250.4139963870073
31.330586070901095,1235.6674373100645
31.878616182884254,1207.6148675389964
32.37755843532547,1150.1710349714867
32.65453048553148,1112.243527770951
33.44359342220251,1103.4234878047077
32.801757035701684,1282.93654880831
31.789226625834743,1158.4136168601917
32.1275925464891,1131.572136171621
32.31283125077814,1271.321827057844
32.343489137282134,1260.7036805490065
32.51928848893165,1236.171035211122
32.231508486579585,1219.7254755113047
32.77802590552713,1283.4559825401625
32.81377537502405,1330.455073545333
32.93223244597644,1346.3001338651943
33.200806233343776,1323.1084650718476
33.624246764689566,1377.725429877461
32.01313185903082,1223.553165072326
31.95017712820247,1164.9924341863111
32.52055101364602,1162.6785673502818
32.682014151759276,1180.3263257101307
32.61672787063528,1180.867099179312
32.73612781726353,1166.1541353009013
33.005396473669464,1302.18583413766
32.80389778219105,1337.6081978013758
32.91699987309269,1317.5916240489942
32.59857771256703,1334.5472257345073
31.623799219139553,1207.2970091881919
31.59637112425816,1242.5892134258706
31.647183454631392,1413.823762753567
31.32294120330498,1407.433815580725
31.029701856872716,1405.8632272140867
30.788388491086092,1374.1670578535886
30.996118830553776,1375.993093230752
30.538309659002188,1353.2134451069487
30.67508395024648,1350.9865079913923
30.789912336949506,1340.4211951860316
30.581603333194145,1361.210533735134
30.72930918101558,1338.0056004425337
30.845206206839915,1298.7034108348473
30.884589526695525,1405.561624619601
30.993172649305276,1451.5129518881613
30.900659142447687,1435.663186934802
30.625651279895372,1414.6033540932922
30.060861697151314,1440.0352393438948
29.564833242947223,1392.2390098141395
29.617187373407003,1373.9461987191316
29.057528621884572,1403.8091936545843
29.037067311979396,1388.3412133656284
28.88322504007894,1411.7272434770018
29.12311033631581,1383.3129536734236
28.78568927627824,1370.935716391849
28.85435174475172,1373.9831316694494
28.76165314413047,1353.9245403051148
28.84808164966359,1376.8921777559026
28.757435373744812,1442.1028227472243
28.4947256273969,1384.108328674187
28.53819177643475,1407.9381699486248
28.48114637732856,1381.0717935267728
28.49016286266076,1367.4233900134927
28.386002362970462,1385.7894568064653
28.242620324685355,1377.9894339211928
28.167212846719934,1374.0910704588223
28.371194288554527,1359.9009955044962
28.09947831196514,1331.833445417903
28.46453847414798,1342.625634711996
28.445874173287727,1352.2990290782793
28.15361860346194,1352.24354935786
28.35917014957026,1347.320120725495
28.511967937499698,1358.7440230563848
28.245761030529813,1367.3483612149773
28.275733533240928,1402.2289745138164
26.364143748000103,1264.4596240484389
26.608728141119002,1258.2912122733521
27.16828907760802,1246.4073011247092
27.427308074354503,1162.4986581020075
27.248660884766917,1189.4062449036464
27.501753175361173,1139.9423112028587
27.214664180747615,1157.3337928707538
26.95137819537726,1077.0463078745536
26.86431617182651,1069.9879563703303
12.731092165502826,1078.071690168482
26.776233599282158,1051.707107662292
26.672722880823503,1046.967217774175
26.585730969344368,1045.0089065169623
26.580554495782664,1024.2337810602248
26.68913948013008,1031.8874992076103
26.648206642131655,1008.7518063668767
26.79503081438424,1013.9388984116822
26.52512631532519,1004.0605345920288
26.74568246906594,1018.2750946190065
26.96595631443847,1006.1805266113456
27.002016312561437,1022.6862032816991
27.169477674279133,1013.8557768955272
27.511969912698774,1012.6500910677977
27.354687738494516,1006.2541789096576
27.71273633174706,1007.8477973449981
27.57456911664706,1019.0748486037917
27.76794245998434,1030.903999525282
27.71832545859785,1020.0346708499212
27.531510530747504,1018.9136350627518
27.73989402156325,1005.2709875858129
27.737405961405194,1034.4306203230767
27.676275167216122,1022.8620984398931
27.850950623547355,1023.5270478593802
27.740591007978253,1037.3569581911047
27.33257242680536,1036.4628320563634
27.163955714929866,1025.7489674254375
26.922071283728258,1052.4216144628638
27.069904536538644,1031.2058261457069
27.420665279910676,1039.2131247876114
27.61961540516041,1013.0346799526217
28.055451969422503,1014.162886339741
28.162050660263873,1023.0929997749149
28.465506408953964,1013.1726522116625
28.671791017439936,999.5948150076871
29.198297214662784,1055.249081372112
28.98017876046549,1027.6095805225982
28.94288972963013,1025.571906895447
29.02755709755467,1038.7124430502677
28.87143706096276,1045.17085579376
28.99431172581397,1034.697886483926
28.7469574756002,1049.3503917348314
28.908166057739642,1032.1131335149291
28.83348096999519,1039.7151163341914
28.504713607946805,1044.0903624799423
29.161288088855645,2246.835807005921
29.516036317692524,1055.1099782647686
29.896190607773747,1036.7334976119485
29.964864925798672,1021.0748925171185
29.78456108601242,1005.8272239680055
29.888961932663314,1015.1705269990077
30.21550519800008,994.3610108346141
30.450851679409098,989.833892187424
30.560001094880953,990.075553201598
30.2115044690403,996.705423618554
30.02141847493938,1004.91532104408
30.071054237118318,1015.450940755263
29.0986720492163,1022.0394769986983
28.72212752567058,1003.191302881798
28.406326152770045,1027.639478519432
28.13679969435615,1017.1696178007571
42.14601784857628,1008.8862247202348
27.962998475977212,1010.7654523345548
28.345065810541847,1005.7569362249615
29.016166091365758,983.9555563844414
29.488480107285742,980.0340845199579
29.516818567861144,966.2650416520635
30.085992182699265,956.7161617471311
30.302973665330118,943.1792407149333
30.52521236542272,947.4491884853385
31.07443188380604,922.3787434092894
31.401416076112767,909.1382135739735
31.603313421301845,916.7884291909525
31.769214349730497,916.2632289843882
32.15741541392639,889.620134579251
31.708049577407948,907.7930616900501
30.785330992001757,903.9284430392252
30.09344171584297,918.3734353015005
29.72381396834939,911.5541608052351
28.675445388727596,935.7593217698329
29.371911395035802,923.320581629773
29.89575522677211,928.0224737047797
30.34514845121597,915.4601554146764
31.249499387288807,903.2831586119678
31.811012564793565,892.7603113487471
18.305551545513534,896.0505544279363
32.72728765470539,896.2657852028328
32.195484108026086,900.4148840254397
32.1137227077958,916.6636423785977
31.53947926877278,913.8885762675619
30.586592186572137,899.8555076007253
31.690790957465524,903.1279718565497
32.454053941838666,898.0790793413964
33.04485837500512,917.7744492042059
33.56060356634567,984.0795775994924
34.16414053023459,1064.8262957624474
34.29045026251279,1123.116243855181
33.94533888908177,1087.7500370404216
33.82954251865232,1118.8257284728647
33.637293927581055,1144.9269943216473
33.84939979757864,1199.424038997165
34.365616217441044,1227.4246502005853
33.94806736662537,1254.3169312644438
34.130887133455474,1235.1446800260105
33.56254080184438,1152.6309627735013
34.24706555400968,1275.9601384978212
33.78685229055204,1127.361031396888
34.206110369980216,1231.7695897163057
33.320786024865086,1186.9447133581589
33.497253138806705,1247.8184065828236
33.65678404954649,1369.9291681987547
34.124171663375975,1380.1421074011191
34.73053601090192,1337.2170979985578
33.653610114230105,1249.2563478832676
33.71368415003023,1322.4104957399672
33.885546832345284,1357.3098708619832
34.392427624053646,1233.4514896604392
32.92689660324868,1200.692530797654
33.45917007225883,1272.1772808469627
33.52694505144138,1384.9194542645869
34.000947949261125,1280.5158586476673
34.39023071707636,1120.8747517672098
34.05327967416728,1160.8981700203285
34.52320936484076,1148.7730527692484
34.22478028617531,1089.0037989281532
33.54737869216827,1100.3310759353544
33.80710315567138,1186.7577311676373
34.543513400747614,1145.5931185262784
33.137526780573914,1112.6579674241202
33.85785244513024,1200.6046568186584
33.789008752613874,1263.5699098638586
34.2436386601795,1139.4617345610113
34.43426045303929,1118.8777164797625
33.93722701099873,1095.9622877005493
33.85490695806824,1094.3636712051853
33.10193018575855,1139.369533484678
34.862650628779555,1133.1859038132384
34.19240647513999,1103.2764615017554
33.66181241147132,1100.5177334435182
34.303481137323466,1118.163588624111
34.124895708725816,1082.6571089153508
34.12361371063651,1071.2441760579745
33.987041669150905,1051.1856532022375
33.86997344684286,1064.493839971834
34.455561056525326,1101.8593630020182
34.291050920951115,1099.0099501565596
34.28356581122592,1088.3471133145251
33.73757877950038,1066.5102667123454
34.54003976515703,1068.0966107244635
34.31107453673889,1079.7504971107724
33.48754053189566,1063.338923295546
34.32137410538892,1072.6758445960213
33.522198046378975,1072.3167541225396
34.08572048261058,1019.9471162593422
33.95167404247508,1076.4048953063684
33.70344097466213,1058.932340007534
34.49429718595516,1051.476548919287
34.41567146819345,1091.2578435517835
34.30418260682433,1075.6506187425096
33.769753496971376,1080.5769772771491
34.48357043482267,1094.5999673215183
33.56800656398791,1084.4172964910222
34.61534935014276,1085.0911490997046
34.216652236777556,1091.984296359757
33.349443765560956,1061.186077834174
33.30772972410062,1126.3988828608954
34.1849509665676,1075.4364980291061
34.10782027283225,1105.2116854250773
33.78456526394933,1183.7204782698277
33.73842455299023,1159.2954510161308
34.0137741815266,1167.046468201956
33.08016402118101,1211.475217268297
33.99778665149115,1148.9892162504582
34.017398397784994,1221.2932798623629
33.777120522534936,1225.4928198632338
31.519094707096293,1089.5324292560142
29.902684740870924,1046.2958854278384
30.96664150400234,1109.3677181233807
32.14220425207104,1160.6463213589818
33.06986342724548,1083.8590769304362
33.546725089046454,1132.2060765303427
33.99926994686433,1183.8598900183158
33.7705123761676,1216.7683007310775
33.47271063372575,1312.3120284918405
33.689869006343606,1358.9535346468406
34.227456255951864,1497.2068241442105
33.66739730321186,1251.4833668123688
33.99799221665962,1311.2866046853537
33.64871674554577,1370.081200835306
33.85973542088046,1260.8024135015316
33.98258434774469,1296.7908046198363
33.786483197550595,1257.1533270378593
33.642119839828055,1448.8061435432578
33.67462035666664,1441.5983290988381
33.53494856634482,1387.8271636975624
33.803041349892,1342.998574794514
33.482878993157804,1364.5765105497485
33.549034737173166,134.10957059927296
33.56343186708566,1321.027353552452
33.52897011243397,1360.1781648673532
33.36389201690578,1377.275124337748
32.71139357563095,1279.7347252302698
32.527044638370874,1368.267627879587
32.604551117695735,1392.0134801083732
32.510911940529,1377.0927945851906
32.4204404159165,1343.8613207914345
31.947396382877223,1364.577619457999
31.877598024614727,1371.1488544511922
31.502049066800517,1352.272550181383
31.24000887800168,1368.5013928919684
31.171113446528985,1318.2372720902308
31.177660266106916,1307.838098154903
30.98638484291142,1339.0750560338138
30.644284567588606,1318.2904053996956
30.5084822463325,1310.2727296086262
30.30532686881829,1337.8102031352992
30.07811124956349,1350.0576776024513
29.959276800651914,1322.1389369961612
29.812107243426468,1322.3449477650474
29.668715411725778,1242.4742630065546
29.18969572114584,1228.182675362223
29.38669951407626,1212.105294336659
30.141712867230854,1212.6600947518564
30.837927730615583,1174.970195244715
31.11183247605923,1169.0957647290022
31.534645154218456,1143.219621111822
31.86366999791134,1143.7743126966072
31.578840672708314,1155.443761591117
31.465640148436158,1203.1341520929952
31.310401004758425,1177.1720883141827
30.84816905527719,1178.5471170291673
30.642451122404193,1183.0963630123713
30.490917990227423,1221.7799696115744
30.035570803397796,1173.9222822352854
30.139176378681544,1227.359331296407
29.910251015613042,1196.2860635781785
29.59121744672369,1153.0286113510763
29.171412519832234,1174.9795467744866
28.826600553171026,1129.2899911134987
28.560101325611036,1149.488619979807
28.381766548945254,1161.8645049110687
28.52104970561053,1155.706611444102
28.839489209166537,1186.5381506290253
28.736486278424458,1155.3554613953538
29.00403762871046,1208.3307692998524
28.908118136238535,1155.8029510045467
28.95715137750985,1194.2643580194595
28.91838332250783,1173.150277307637
28.8312818123638,1183.0399556913526
28.87862965313755,1165.5893192346819
28.953985223141217,1198.5254561383472
28.800965110428322,1164.804029710271
28.69774129351569,1179.002999700227
28.58721976466351,1162.8207456486507
28.6271403239264,1175.7376862361366
28.624514526007296,1170.4914102851799
28.570904595720112,1170.6027158805982
28.417952427200284,1186.0727920765398
28.407361829603932,1144.8397927391484
28.037646206728738,1204.8510761520656
28.094223736100925,1160.8722873739548
28.034152864458928,1211.3572145807343
28.141029695593282,1190.1795780438124
28.496956916454153,1144.9533779570536
28.25910284417696,1197.6740484978318
28.136241006890927,1203.672651573419
28.181628799793497,1168.193665171496
28.201894611530435,1189.6362381555366
28.069851761265568,1199.5031765687745
28.20803416668606,1220.397721482786
28.007981014168077,1191.4697400118052
28.066460553998905,1247.8004451167194
27.696357121559085,1198.0992245168482
27.298681861312478,1250.3100075148486
27.326510870626905,1248.2900693865781
27.14069295877529,1255.028952987679
26.57881546871577,1202.362868512277
26.30906263408193,1194.8445856009112
26.12202639796753,1260.6857371073424
25.637919782725128,1255.366785821551
25.54957279034683,1236.0598385622623
25.661220523551396,1256.1493959182617
25.325332844577694,1206.122263094751
25.21482147407015,1212.8874482275455
25.292477469250528,1218.4633602616316
25.317286300336367,1253.7129820210862
25.214317225451907,1224.0968405050082
25.210352363023013,1221.5366578322714
25.19876029965735,1231.8365198410268
25.4585371254531,1228.675650575717
25.058622280259115,1246.0203147304435
25.075990401220917,1224.551259060473
25.068184532295163,1219.2140317967182
24.52783101965705,1218.09621495986
24.778342295129015,1220.7357007556272
24.73390229201437,1227.5403101430675
24.54136035625909,1220.6576407007324
24.821895728470363,1221.9720565133357
24.759497300914283,1224.4608169416306
24.431199000036514,1213.8364107549596
24.66036091699416,1233.019646681023
24.596588469737195,1214.4381246938733
24.650340551718966,1211.5583377252378
24.500293062131504,1204.214582159426
24.685029677881673,1204.5372375865313
24.78696647793741,1207.9002976134818
24.39783081187173,1234.71249425335
24.689053478825166,1219.2849048229937
24.54735219665709,1208.7040810226308
24.6302138295271,1218.001872193807
24.673148704454597,1210.165617565704
24.42017213012265,1186.7194926524078
24.438081885058537,1213.1590242111035
24.275384972471176,1186.660161161647
24.299467363045114,1219.5915049448733
24.74653707039217,1201.69586984495
26.120707206490717,1203.073920305452
27.25422668269724,1208.521227059226
28.499252948613677,1223.9519479159062
29.6903037124928,1234.4501032504245
30.818658284761124,1227.5359920957621
31.9124169109475,1213.528942002798
32.24422179836253,1187.999704570117
33.38470930886247,1188.7416439698554
33.56531730517875,1177.9236775080522
33.5983709348409,1171.45608309218
33.76987063819627,1157.2474052781872
33.86929277263201,1172.1997241259955
33.67388277977818,1151.7386441885428
33.18557787953921,1161.439145548633
33.28561460836058,1168.2450520169123
33.105195342346434,1151.1342037336244
32.85691879411685,1169.383922124187
33.025014056034856,1131.2473225101467
32.81020871187877,1140.0126747677084
32.76936260985199,1152.847369700061
32.979901352823376,1139.1115932507419
33.109459282490725,1167.8666073313768
33.01832472123668,1137.6404157849372
32.97752168067179,1147.22982131007
33.021744508525856,1143.8268544570917
33.01783542808593,1145.354371975427
32.77739479348426,1127.3013657409438
32.71641328439254,1132.2362385534548
32.93994200093298,1147.501072605081
32.7204285994337,1135.566188539187
32.67436871766769,1135.6773402171
32.43585722219545,1137.577609719739
32.06121139048402,1134.8856453336657
32.12051447918377,1126.3395154697569
32.0044273606459,1221.2519993914407
31.986913650680723,1303.7699385721894
31.82506705490934,1458.681237037981
32.11801858608687,1590.3917234228961
32.096081621753434,1496.9766866369368
31.978039515697578,1570.2991777261414
31.877549017669757,1578.7228894597465
31.86302464111633,1515.77679025405
31.91734215801933,1568.0420869840777
31.828587227399616,1498.7110401424525
31.6390621934992,1470.0340716780952
31.52624151753052,1410.5454724068763
31.229290553950904,1390.7982591758532
31.359665565896794,1329.325087618316
30.97101888684491,1307.260246992627
30.996506813372207,1294.6183051600533
31.116561651557454,1283.3070879340594
31.056898625703962,1370.1208438571553
30.906351416853894,1463.3692686655963
30.229802906249056,1342.3603911483979
30.19272993233207,1371.6217799463316
30.185943243741434,1248.1268039895294
33.15485188622362,1041.4183345963784
32.91653093713785,1037.1559478820639
33.36107210408544,1075.7745488865435
33.36366754412907,1090.7607529774978
33.27768672320757,1187.8790671215047
33.21334770616883,1255.1773984065514
33.17387555268791,1211.551675234084
32.63972630164074,1293.3820713855662
32.5309121662309,1454.512921455444
31.939936828014094,1522.910535663481
31.798798647309297,1556.8977675679348
31.579231410452408,1611.0192654032212
30.87159801073448,1646.490129204657
30.487940122146952,1551.4303436045943
30.517133181074737,1444.4291057618884
30.3614937619118,1316.4781209465684
31.13700547303093,1304.948396204027
31.806253119995677,1309.8639260248306
32.20433898639518,1271.9550470969966
32.7817089202043,1272.0350841889758
33.311123667233176,1320.4960999005093
33.214219117739376,1428.7969742068067
33.28673267288108,1431.4441181336556
33.576526971751264,1446.629753756684
33.96790842378269,1441.1904593967433
33.80064177323336,1333.7296328156408
34.24011095152609,1252.3617762936146
34.51407089394492,1209.8567180318992
33.595850837560626,1155.2825883424803
33.884532727059195,1166.150364768868
34.2943280527089,1103.125608954459
34.470745395924425,1058.8446967419568
33.02379292351816,1067.4028708746805
33.10462684986211,1093.1516406291698
33.57987006893128,1072.9983067750072
33.06964833113919,1032.1276220825878
33.05163404500539,1049.5294924288255
33.13476728610238,1084.4579439855793
32.9122918515491,1056.3997700375298
33.08046554205467,1081.3090776464119
33.330666463274724,1083.9053815408383
33.65691488899636,1085.4196850356689
32.76520221135817,1065.843333481736
33.01182852154929,1075.8423621451343
33.60768861178815,1052.7487977162587
34.10364559946336,1072.9639460551484
32.80776102103915,1049.7814156699617
32.694397614740325,1060.74187100292
33.383928849491,1048.6464465061474
33.09977983556017,1050.5522065367068
33.04652681140093,1070.6931241668594
32.68806513344323,1047.8753884176795
33.03024838487879,1076.5628629567161
33.119115034433214,1068.175800258691
33.947583619821586,1065.9921921647592
33.56898605889255,1094.5249902264009
33.360556744813096,1074.5479658535637
33.52910283878381,1127.8814238321584
34.02646839103963,1089.159324977465
33.27762861714432,1065.450858195462
32.78386009142396,1067.757903809071
33.84799911726463,1061.205708640232
33.385974061684415,1119.886198646539
33.35418721456599,1132.0048465324276
33.21655008542064,1175.1702941496874
33.859229601062225,1145.5403373562406
33.328742495209305,1130.239043623703
32.1305190803348,1194.7756999046155
32.36184027132362,1157.3225944342184
33.08946008972737,1177.0709911269914
33.10356899371376,1203.5204775821865
33.38488617646628,1182.9503794530283
34.26380851121934,1180.651448382663
34.753427987837135,1174.0724628682133
34.50890917672346,1149.6365535126383
34.0382378063336,1094.9128458141415
33.32198347211361,1050.6194976434172
32.506780683079555,1009.3090593420061
33.38024587337078,1017.7855883371814
33.34684590097496,1056.7925730111622
33.473971899024804,1056.6183447845128
32.80932306517538,1099.4008139783732
32.67286983199425,1123.5252135920628
32.96834471342085,1093.615867278338
34.0394613729625,1145.0475445823206
34.07795658111694,1178.2967516659915
33.16107551447484,1142.7536740859287
33.43740995296046,1140.7307196658915
33.81269590317112,1112.0685232408846
33.77475636294029,1102.6188567002937
33.678199712954616,1148.0041124374948
33.4144945476004,1124.4599949670232
33.015803532841886,1124.975764510117
32.94765986196449,1202.0019674485736
33.114921286524165,1175.3601578665487
33.45108572075138,1135.695171466768
33.24306623866001,1180.6467236908481
33.00745860559311,1202.104052732894
33.269388650682,1248.3643053973033
33.12585471858433,2435.736124201751
33.023809331654626,1225.0153301072232
33.11587912393938,1272.1247123624407
32.69870429827713,1323.2742153379133
33.06837226035423,1286.2945548330224
32.67266184021757,1246.5713281752983
32.76352390500364,1289.199986975055
32.67052386311473,1300.846908567383
32.743646153722366,1275.6141463668566
32.36475424821505,1303.6100523130558
32.6232462081231,1323.6229266740013
32.31644558573263,1490.8159218411133
32.32263286966343,1481.342374583724
32.24465280135752,1386.761350011136
31.94096110602696,1388.89853602321
31.73397792800997,1400.3630042364327
31.68640884771097,1442.732735181055
31.543068944715614,1650.4975699135807
31.413133060377284,1620.653885715544
31.54604863951181,1646.2400988469713
31.842878477518582,1617.2596196882591
31.892028071428456,1625.5344265124927
32.20916811783046,1595.7481782819386
32.12913435249772,1575.7242612902153
32.08706679767259,1557.8502205529758
32.23469153079628,1530.7522716574902
32.20582937697697,1488.401506463054
32.08957713241321,1487.59117485682
31.93512759875379,1494.6717185709322
31.592353534106387,1510.3317696304339
30.777668952874098,1466.441006169728
30.38926088588506,1467.346706827444
30.07948360989899,1463.3822341626426
29.393678654417073,1465.339171357829
29.277961357917277,1473.537389862815
28.862411948747628,1470.3865610938142
28.768561692688298,1460.3544626576672
28.409776727817384,1466.466533247813
28.44319439465687,1444.2021706993942
28.091825893460392,1429.9851034299454
28.272036471367095,1445.4629869142918
28.657552027681934,1458.5562209022664
28.791338928451236,1435.3174459990896
28.932561994121276,1420.870681655803
28.656602051374065,1391.4928429613697
28.54553981373644,1420.2633043545416
28.409419253335628,1409.2243386009864
28.178990104202455,1415.3297904775459
28.004951531795516,1417.063828580784
28.060134827797775,1407.4980969259957
27.72972711520733,1430.0666623592253
27.434197503463047,1413.633078147595
27.48022982166461,1394.2101708264918
27.208988023334676,1409.8732773344586
27.072121317525216,1431.4826918342305
27.21114990620024,1452.734535707726
26.852813839043478,1422.634615558566
26.614912123575778,1413.3114975868448
26.74416743913272,1431.2031378078555
26.787048975889597,1417.009778546888
26.421777662712564,1416.062104541055
26.614214671683833,1406.1630734369417
26.538967489358168,1405.464132337584
26.257755278172404,1424.24686578637
26.231284371709965,1402.4056495871464
26.208768549463734,1375.5076131720743
25.984124663909842,1403.3098618854485
26.016190600749233,1392.1846718727172
26.064311658896724,1377.2798005995855
25.89077771152474,1426.6942146255176
26.06047816939484,1392.4169249196457
25.890923945339328,1422.588507082632
25.806538096263903,1416.8210405540544
25.90814654846676,1400.8663683682644
25.421379235738144,1403.9778536496096
25.695547811883277,1426.8079462218834
25.85779857379086,1408.6740871126713
11.92065999027723,1375.9707070375316
26.092171253490687,1386.8111477524162
26.242152502039083,1399.6840579397456
25.93874482828322,1377.0782662297083
26.277618572922925,1380.8758378334583
26.986561855497314,1383.9954842012926
27.671097261542382,1381.3672348685013
27.661689129994095,1385.602468086394
27.64448460625517,1373.087969570402
27.46065622481384,1389.1517326964167
27.81861685713802,1393.0296336107376
27.656114637689647,1381.4843491208514
27.63171759979394,1370.21170345008
27.600329305789835,1355.6823427038958
27.706454819757557,1373.181740845196
27.33841138659264,1370.7891270175596
27.423776786636672,1386.4786842709432
27.174053454188225,1393.5283276624623
27.15050696334211,1368.1502526835923
27.250056048665947,1364.4354736797227
26.680641033099455,1395.6638250127537
26.69590161936047,1390.8269001904184
26.88697430145522,1388.598229614138
26.556548615604243,1401.768624515937
26.2869517931191,1392.0597514945584
26.45169588437463,1389.538610162956
26.305838195553253,1397.492874499083
26.2021141010393,1387.104090769968
26.136124605144428,1369.9472531657743
26.178595527072588,1430.4648774696939
25.88198555692682,1375.6512091904779
25.903835328637182,1391.5075411000198
25.84401945819672,1408.7364263855825
25.70699739414883,1411.288464964135
25.57746607255653,1376.452068029568
25.47517492565822,1377.098343187793
25.989940236172547,1398.7696618531613
26.04852883905821,1375.6290799136766
26.100899632725866,1414.8911335829841
25.86254390016313,1412.5118764690972
25.39324838419001,1422.4471689527782
25.417368298813635,1405.5570778746637
25.77168273268364,1418.3163254999392
28.185683669501802,1383.7924450747091
29.882141318387436,1346.0071078060814
31.091784344858805,1350.3023684694876
31.779329084233094,1333.2628135385503
32.60072185421877,1327.0181601437066
33.021353418488815,1262.5592861196387
33.24831587119546,1289.8374681200908
33.39247613179056,1273.901523695894
33.25310400062115,1264.855917478989
32.259747414943234,1305.2629808297397
31.417847708270713,1292.6618107630145
30.784883759974655,1300.2350762318163
30.208512859187096,1307.9660237090475
30.651321813627085,1297.66901205336
30.00548152989183,1331.0340030544307
30.144139950222268,1316.149270100588
29.861679235863473,1290.35872778882
30.647074482402545,1272.9731200285255
30.997534201046186,1292.0326390295138
31.289667976584788,1284.4531207394452
31.361198578573358,1262.4116746685413
31.585528160227547,1270.0169502671174
31.433294746017232,1223.6009976279538
31.459887001026367,1261.5715704758672
31.5450176928587,1236.603050335782
31.620521528003508,1251.4099899747862
31.665126261800072,1211.9476223506492
31.384576074527864,1220.711991581484
31.368414102107806,1187.513019672433
31.439045805707668,1195.094626521165
31.34340288941578,1171.8956361105247
31.39136657997952,1173.1713622542206
31.360905244995052,1157.3614875931712
31.111822372198276,1160.4315048365288
30.98955834994433,1141.0049030192586
30.813478231065577,1150.1012914697585
30.49393293907225,1127.9818226330053
30.153722929901353,1139.596690214823
30.16822370476706,1141.361166440637
30.01405577150605,1352.8485996559248
30.277002886697876,1410.5814726382337
30.31846624249796,1539.1902070545593
16.182350125938683,1607.5112003536901
30.71425618115901,1678.5988891075401
31.023270068029742,1606.3117974130496
31.269497261877117,1521.4562899234193
31.34677208495954,1545.450223493337
31.578045663388302,1704.3033059590819
31.991311131914557,1725.33885573739
32.14859910785094,1667.9450926313702
32.51543177198434,1617.162441708624
32.671434496878234,1606.3119890348767
32.88154331647967,1743.5329314664536
33.300288074476754,1674.0605926246512
33.587032999487334,1689.0816906564537
33.21025503309039,1615.0021582611319
33.25336663045314,1743.3646117396415
33.434729526148416,1607.3846409386229
33.69975775984259,1618.6431817063942
34.14416315812596,1423.196349190906
33.661510613941836,1353.048878734773
33.505829008513416,1378.8134032340135
33.82013922182062,1310.4042922294047
34.00752285883258,1366.5850322595654
33.783589452793095,1356.9509273784251
33.5644266820824,1337.1159088305849
33.95895058706924,1338.587925547156
34.00459321467017,1285.866701434683
33.84329368095869,1289.7658875875002
33.87129151437226,1268.1500993727896
33.71021097311348,1237.9292004449264
33.62765208206684,1268.1316390976724
34.00512160642286,1213.9311544118223
33.99320395423775,1225.7727599128798
33.618382302251305,1252.9709118949932
33.45238398414066,1241.1423613536645
33.86600567877756,1275.2539714087025
33.94538493164577,1279.509152773488
33.92833922721578,1291.0977598404534
33.61447397305337,1243.2726263232184
33.38015717272039,1216.0225899940933
34.04088297249778,1243.3390398720421
33.95174179586082,1241.306983260532
33.945295644158215,1268.7929148864503
34.03905481464451,1195.9915493360186
33.97993964392918,1177.4168687845745
33.90683890812618,1179.9676774304216
34.40537204317629,1200.2692427949642
34.99055018683991,1186.933944109146
35.06199735594638,1163.8034726610058
34.686177393186085,1171.601334678697
34.79254323535546,1163.0692100607976
34.49908989396832,1089.3612742705425
34.51295534637588,1056.532916411351
33.538203487369756,1096.2194016419598
34.04155398220455,1070.2346278679502
33.67157531288662,1063.4825280665198
34.037575473263445,1079.1870495457804
33.85818348089295,1067.6519348851398
33.73205961418823,1065.4066914309494
33.44453358414921,1067.8328391367397
33.65952310926285,1077.8824731367922
33.77069803541113,1064.8636189736023
34.32108952276495,1077.5787889152448
34.416593496282786,1074.9562591527106
35.19646312801131,1085.322451790469
34.30507204271621,1033.8748235241117
33.939110008337394,1061.6086571428255
34.50247692893942,1082.2118398738985
33.69263358716726,1032.9026628855177
32.76516505112515,1038.6810466642646
33.31675047824495,1075.190501533429
34.120751146024645,1044.491808756152
33.62459786036683,1059.3847339388876
34.25503332963964,1059.4885791948443
34.31670653350534,1087.3881600387508
33.844777858768275,1081.2894757772767
33.80827714336342,1057.4846206759007
33.90141692813246,1062.3218168471035
33.992119545495626,1059.6408484884096
34.478097074579225,1059.8976631544
34.45436704818295,1058.6866242479157
33.55202500082517,1047.2558502095926
34.0141387755947,1060.1170467182353
33.7532037808506,1059.968633614275
33.034579484471024,1074.169785592579
32.84134205081889,1079.454885214831
33.39112402989401,1121.2601532123754
33.96933434889817,1081.4006730170784
33.9126639118604,1097.2810866649825
32.59322892750696,1111.7124160808528
32.93642288085424,1099.7562072130554
34.23301154314482,1059.9473281861874
34.02927787899108,1096.1739106701275
33.59877176329777,1086.345620422401
33.95642896350252,1096.5627249547194
33.90716226725626,1111.2579779729479
19.41064031982673,1079.171709258172
34.05103229305063,1079.636127935439
34.46135148058384,1104.2264260607008
34.33211484644929,1074.9828031058494
34.27447027740416,1084.603704561187
33.715065507421905,1049.5276590479657
33.17638619577786,1055.8765570666064
33.239934095278485,1078.879208220175
33.415513969022285,1065.3623635056692
34.03512650418542,1090.4280209442759
33.64631833464442,1108.6076658291913
33.52355431141493,1103.9611525563546
33.481826947305294,1117.510150161798
34.29433226622722,1067.5521817031358
34.4404055968582,1097.9199834286514
34.38252045382409,1155.4020198852736
34.30001056161876,1125.8465145333994
34.009448566739515,1128.123910678542
34.20428696689013,1119.706602544637
33.15449870013668,1125.6617142355844
33.22466347176268,1095.7834558910095
33.92057221434048,1106.6100362050524
33.79348329220618,1127.9708443113543
33.81075324235968,1137.8615951732868
33.93333079387554,1124.765947227597
33.53484993081747,1110.3260992010105
33.53490211493629,1173.2081723459073
33.007166620104,1172.8181867208978
32.97026636730712,1259.4171368215536
33.20842854560795,1288.2604948599708
33.67357696315341,1438.6178487250118
34.29974259089611,1249.5470371453227
34.261541671402576,1282.7120400193187
33.634283416832204,15.12308157054963
33.50414408070171,1170.2715876837128
47.73283559278883,1216.9673659216023
33.683288106396624,1226.661119146005
34.03042470602489,1220.2966537602122
33.731290594074096,1175.750017058292
33.611510917659764,1194.1176512481798
33.56551260619793,1220.4078117604154
33.568787230793696,1268.0620642248584
33.842462386457754,1338.3662661073458
33.753345237096916,1297.8514184905503
33.67014210153962,1262.0730727822538
33.713789887592014,1327.0285142193202
33.54637039678575,1375.2822900412439
33.423185277703766,1328.5988211318322
33.28475968767029,1274.6827492866423
33.264476672195485,1298.2045167472975
33.24766391075417,1366.9244395224837
33.25412741132585,1371.4432935095947
33.42880807427889,1359.4429464830496
32.79873109540694,1411.6724621462351
32.36655625898873,1591.8141876455247
31.850300976824226,1601.8353182885924
31.392767426461624,1656.0460746180688
31.2603732654946,1603.7525403632444
30.720882952151744,1630.488958495774
30.64006770409335,1603.1140409764153
30.636712172112254,1582.7644699032849
30.680736840585936,1606.8673708858903
30.805073282494302,1621.1762293608158
30.754272943669587,1615.4417824220618
30.62968077046037,1612.76318969015
30.49885356900511,1617.8465161414686
30.318632923063486,1597.0778421727155
30.274195740560742,1602.6631629474634
30.018706705340687,1580.728364651978
29.952768144040746,1583.3718760448157
30.267444309017772,1556.835370271591
29.674861311003816,1572.8173003777922
29.86366529355368,1552.2943592619758
29.76503490930604,1558.7855774378554
29.474626988290066,1548.3825874206195
28.99580694850345,1516.4247767662628
28.89714982985025,1452.356628109211
28.589153287496146,1418.0348014178016
28.399279367336984,1392.324965687515
28.107010786501583,1417.5168638922055
28.245995910482726,1413.3569500516348
28.264683465447106,1387.0122417066054
28.410601014832906,1381.46590966147
28.62033244177369,1405.754412362222
28.52144820091609,1407.4015244531597
28.704296203659467,1383.6471049431689
28.620141614445025,1388.7155857480925
28.55670241147849,1402.310544693296
28.61528590029634,1391.1957023338205
28.468902705150448,1387.5896121095702
28.731044372850477,1396.8044498440438
28.512977320516,1397.5345858473343
28.619309993329896,1416.8129370270783
28.606064345846292,1406.4212483592037
28.381917855914075,1398.223407031272
28.782256472924477,1405.308663089564
28.407263085820897,1348.0882077866167
28.596714809027787,1338.6869118309226
28.492520209803192,1337.6929105181669
28.381390576870224,1332.2509692772005
28.406654189168904,1338.6540144944925
28.52654634436142,1389.6251563401797
28.56999408530771,1392.538432844945
28.446182927756844,1380.288716928349
28.195349438670938,1361.9160727241808
27.786216673358805,1390.9623217430444
27.856613469071362,1379.8034567358027
28.335032468663314,1362.1447024356517
28.292432902142487,1356.0368894519384
28.24359284217737,1366.1159495723223
28.242421217407575,1365.3782627849112
28.249140475597876,1365.5617892358591
28.206590647014934,1372.2284668183304
28.194170123535468,1358.1855187006745
28.121441478238367,1354.1006845309457
28.032546944017813,1344.593097814326
28.035850332903145,1340.5400502176058
27.930205304905932,1354.5465378027648
28.090525462234964,1383.0282166060852
28.023049779197667,1346.7467093612242
27.69276473656319,1357.2167065371161
27.809503778368825,1359.7298365691445
27.670504863655232,1346.8083305648877
27.84025967310901,1348.4700653567847
28.027975313723886,1337.988515077562
28.159131659942084,1343.352081006962
28.342227296399052,1369.0047454178502
28.349906026692437,1335.3176234970283
28.504510917540014,1324.0014178927586
28.538650397141577,1359.7816931717402
28.598598024062422,1336.8372523084377
28.338221236426886,1328.7477390239226
28.48851418244544,1320.945769444114
28.28405937176944,1342.2909406621407
28.056834705910035,1334.3967565067342
42.078263878458834,1340.8094235808476
28.16102331213805,1338.768346351318
27.92756134331899,1342.0372182392823
28.02221706269079,1345.1754010807274
27.97446318810494,1328.735062665302
27.895180928727655,1350.432589253402
13.681292063071012,1344.2457798585772
27.747584429485457,1332.426025932389
27.760772397440572,1350.395442322951
28.115680377805614,1341.1987178087861
29.54462232723652,1304.3562588673803
30.571193788047292,1282.6790555023645
31.386974833213387,1301.842916930612
31.757809949433998,1270.281377808857
32.20169043342342,1279.5100806606656
32.48470234188311,1247.9854305136892
32.602097279026744,1237.4255045182285
32.83067939956403,2441.4218311902096
32.78630866083994,1223.5273283599272
32.824788960075765,1209.5249315766569
32.232666243749726,1207.2025069048118
32.21189740294873,1207.4772809126932
32.10379903647266,1180.7358470573852
32.035252950834106,1191.286227573974
32.257556897111776,1177.3255970150553
32.31648955440393,1168.3400003774448
32.491260966800276,1182.1065207820698
32.5768280765687,1163.0093408619189
32.56999017453429,1148.6667805656566
32.53076884439203,1154.0600050663538
32.47087713655927,1163.922364863214
32.5160739733179,1134.1362862845972
32.42262674800968,1150.6708756681542
32.503844731824316,1134.9162054741857
32.332767240991856,1122.3670267448247
32.27527129824215,1114.7539898419318
32.4082067326313,1121.8673211414587
32.32349472436685,1122.0397039890195
32.2624868154419,1133.0203100098609
32.16155515485908,1119.3765305495317
32.17022274849285,1109.216594045362
32.09461543831715,1117.075080215624
32.0130469993713,1083.9919771039322
32.12031419061314,1088.6133364388902
32.130540191671415,1111.149883978615
32.059602399531556,1083.2765559669017
32.12442012727148,1110.1865007672836
32.33289247558416,1078.5887017913003
31.923659487309607,1091.5745460218407
31.76947680769387,1057.802112993435
31.63996977423013,1068.9502855573005
31.6088396268776,1056.590481400975
31.36846010817188,1076.1805687180154
31.102226946022512,1085.6600041697657
31.11724795059743,1163.03118229142
31.01774143724704,1248.612991692567
30.933698594743625,1394.261703647942
31.15390613358847,1569.0318914880868
31.61066040228746,1628.7863318368745
31.706441486385124,1578.1298489321666
31.687865526923247,1632.5219581603374
31.825434424418162,1709.7411121478822
32.103130739241955,1660.7792244678494
32.255247007116274,1568.8865898934025
32.648541567154055,1699.8003745564188
32.68953354170155,1687.5152264319129
33.13483345421142,1612.0615458699206
33.483859735146574,1602.634002221068
32.705489994649724,1639.4230836783536
32.327531710477594,1572.7881935207492
32.40099625439592,1508.8767287170226
32.28648085851171,1331.1748274468423
32.883229626965466,1300.2406262996137
33.081857427385366,1271.0635584133415
33.520418386379944,1238.9811927511478
34.32509819269197,1289.6687718138237
34.072385138282606,1355.9540995972477
33.66958869031571,1340.4642979341943
33.38827034012503,1316.4409181964033
34.1071927208101,1323.7262817750948
34.444423446197064,1336.577489566214
33.785325831016436,1248.6601191639509
34.093861659280584,1274.273794577417
33.78001826356726,1356.98605509649
33.87582236802808,1392.3883378576807
34.4715842256495,1304.8636088552726
34.16169771656312,1454.2145544941484
34.022597670943725,1442.3889199317277
34.0449128007691,1407.6457965821937
34.29832158306349,1349.6643323493627
34.27251013472024,1331.6976956814644
34.097880412756254,1313.0625395152883
34.20332450263416,1342.326970859409
34.28541684011606,1292.3189165069402
34.36210752631962,1295.9292568711162
34.58575874912212,1331.5843028150148
34.60308778635978,1252.1053518713245
34.236176753676745,1246.936233072865
33.832391088672196,1218.7385552778405
34.382242615803605,1237.4744575733748
34.6462185057612,1251.2629529836195
33.78498781935474,1164.6646813310279
34.178464597853186,1238.7656288808844
34.10783207913093,1190.443848171231
34.08767656018041,1171.3557020839608
33.53145916880918,1217.154509714777
34.236347212750516,1176.7450959433725
34.35027952008325,1155.2130021311095
34.137402386769814,1112.492031994058
33.871097525480316,1164.2415313094752
34.29701144146208,1129.7234840740273
34.43129243587056,1123.2631096925545
34.31053002235316,1151.6275202066026
33.828632124538586,1112.830344786063
33.72216995489581,1105.7016048051507
34.33897415755977,1118.2497568281474
34.602083170035144,1117.9928862574477
34.02803647115906,1118.436897745905
34.88417291270529,1132.2984732385257
34.58025543784121,1133.210189215321
34.276607517617244,1109.4342388062648
34.122743192124474,1102.7134622640972
33.88093448512357,1084.0735312009415
34.58749871370055,1117.569217986669
34.33011030457864,1111.4673871465773
34.25768485872443,1096.0895022395177
34.20195311984236,1097.4363565370313
34.313660362603834,1108.9057790968805
34.069309854744034,1077.188129494372
34.628913646129185,1078.7153279020379
34.315519810797376,1095.07297185831
33.829846767569194,1127.0575713997584
34.33471668928629,1100.0288752235383
33.832245414837935,1142.796150398843
33.22006804742017,1097.1260579388668
33.860364156024175,1136.803679969447
33.54697364302197,1090.2435024151248
32.928094747738726,1135.2304193654688
33.65399134806444,1119.5196822133228
33.839754875814194,1235.9825914907196
33.837203356114216,1110.1719122784284
33.613544554659285,1143.6058228669576
33.753783647424484,1162.266821094563
34.65826206322446,1234.2343699378835
34.39589860391848,1328.734343048447
34.1625664944514,1173.926529994201
35.13210088612054,1166.709938540258
33.82756038852107,1137.2466614633947
33.34767117309721,1119.2851906955646
33.83071961573575,1143.5111738031862
34.000163374005595,1177.8435221932648
34.893914942239945,1173.5951460983515
34.39904809737449,1121.3227451319872
33.77788932103719,1083.6781215687981
33.84993137402141,1084.8149363312123
33.755472986467126,1086.6642784233115
34.29713834270607,1101.7700273210867
34.257864651422196,1095.4932351010534
34.13083338603264,1065.5057803272482
34.30242842861094,1086.665179378983
34.41393812463617,1149.3037405144528
34.21428519817842,1107.600492344235
33.87731068716783,1090.937389299871
34.156141340020675,1090.7062239143231
33.983795005191155,1106.307397894474
34.16103006661264,1121.213653730343
33.70475112508813,1130.7754820640714
33.72308687664583,1100.5677974832747
34.071814032903774,1151.8299802988079
34.37022670713567,1145.2753968552513
34.11827345514483,1131.5034605001526
34.358559933091556,1123.257422517007
34.31682690903598,1150.196257064808
34.38782781684459,1166.6146063251308
34.39638504351963,1177.4869938512647
34.463094428927135,1172.3936210772702
34.30320225462375,1151.4775388995615
34.13737884586934,1195.8596692376664
34.010885930867126,1240.0397975136166
33.989602412813454,1290.896769277546
34.00525743990051,1456.0496066353944
34.2818647091948,1287.253125759744
34.33343133328896,1241.9256474512626
34.090381067742506,1280.0154297838133
33.789854992294025,1233.487820390484
34.0317361599227,1400.8375432752132
34.05375183416147,1477.4666916239726
34.40687461189036,1419.272108490253
34.765027417451854,1331.5395580349013
34.65465509340909,1371.5888769484604
34.24207562312112,1327.6847822657478
33.75290378162763,1260.7011775606509
34.26463487991145,1308.4361543443656
34.179542403592,1284.1124551368703
34.572055591025986,1359.0045570664788
34.081874052523034,1283.4832120794301
33.93273912569314,1298.3772539181005
34.06209993556371,1272.7380277198915
34.240856686917525,1378.346042838063
34.01013468520489,1401.1729957087389
34.1746153032583,1380.3267728793387
34.18044225780804,1305.82094937283
34.184592153130126,1284.0452504541463
34.185733045461085,1306.759957584244
33.76446953646594,1363.1348731756555
33.745198737655635,1458.7815384942905
33.579115263038645,1435.7113572199332
33.84588723185569,1426.2046598453853
33.789857164349854,1444.18103849393
33.80074647269723,1434.2319211599743
33.71283437698331,1400.837115193559
33.78885969471044,1333.1931093359738
33.81745291902692,1339.4776260180124
33.84273554405077,1357.4643546520542
33.7301357134577,123.90345052180555
33.698182318228596,1321.0775240645444
33.624704589175614,1308.5592347084614
33.659799900122565,1274.4995728980816
33.762990431816746,1275.2250888967164
33.72592027061293,1283.078786948765
34.137252706467855,1260.5911077937785
33.90045248211711,1246.5333434625604
34.072630473659856,1250.6794744835868
34.08134733659098,1239.121667030661
33.963043708005614,1214.5943373635998
34.13178624591729,1208.322542998282
34.126730532294616,1205.4309964607314
34.556291125390786,1216.643818206786
33.837374784965775,1224.552281694343
33.54711487989523,1214.8906774445438
33.24616458727922,1226.5027801243652
33.002852969634716,1222.1911421178331
32.47300575897323,1239.8575051086948
32.26341727880031,1227.3881899772323
32.09819152465913,1220.3998322826142
31.670368184468636,1259.8247961305292
31.536689646962184,1239.9194179000904
31.58015834296095,1252.270229151573
31.441129016178024,1244.7314505682875
31.320597006668507,1249.7082186840814
30.513484263625436,1223.1094185589654
30.027076667167016,1229.885723654384
29.72649211221578,1209.5426504786153
29.290452815383727,1195.7625466410718
29.253361875523133,1202.9254067344216
29.09267580864771,1188.4168922842196
28.834207203070527,1185.6944048558125
28.816510041348383,1197.0525838776666
29.06394053953065,1168.123100242652
14.83926832051742,1186.5790499509155
28.531043507864986,1171.9967176131795
28.249497022433342,1146.2521479782088
28.157300379701454,1175.6211065391979
28.18829493544839,1152.3314088081802
28.027235563937353,1166.8809703785969
27.961605235840352,1142.263787872365
28.070509629011042,1138.9642265790094
28.34400027913495,1140.8281988135018
28.140939707592494,1152.48499397672
28.13261593284795,1133.5155107177916
28.165884019333262,1132.1481772083266
28.13293643192441,1121.9252657058437
28.12478865091674,1135.3674993012291
28.017126130160424,1130.880695353333
28.432017937126496,1147.2956198246109
28.46706312194427,1141.356479330242
28.354602144751723,1131.3620293346314
28.219036974374394,2336.2414298641133
28.04289704525452,1133.947065949675
28.269277996042646,1127.0843109815794
28.30455240098447,1130.8037870599396
28.212645665085105,1117.6762351237446
28.549194959690297,1129.014881495223
28.392368115611387,1139.9187870752853
28.304614211537228,1134.230011752294
28.40422340993063,1134.3462159309943
28.459199155043883,1150.693656619027
28.339218524610782,1125.7504693865048
28.605129651673288,1128.6849367828052
28.772127833269916,1151.7055463837874
28.50964186288129,1130.180060050807
28.893887581036942,1124.2750481900691
28.804017928347392,1138.102811784578
28.610625277951335,1157.3043788385205
28.416478306966503,1129.0091943370953
28.583924056946948,1137.3192372352216
28.695627490905807,1129.8197566716317
28.700971141466198,1138.5080191264874
29.199467965224823,1122.6933479416502
29.068476140165536,1135.815516653647
28.668408765534124,1132.7347275584223
29.27486292277225,1130.3807894477386
28.754369374694754,1142.9646788108603
28.78347236454848,1144.696515144358
28.511848553745534,1145.2932615718014
28.509345327256952,1148.3284427260924
28.75124298661502,1122.5057208022731
28.510005389343902,1141.677027317637
28.750509261606222,1142.3207986523917
28.896885791712712,1132.864297345574
29.04669495163708,1146.0915197452919
28.867290058871326,1147.7612837285128
28.537127017038724,1148.3219700767095
28.364280213206058,1131.9755435810882
28.685442400873484,1151.2719346243198
29.042264216745778,1158.837314024715
28.822659601854923,1141.7505357690113
28.81540235254527,1156.074882235177
28.913807257106736,1172.4279720004656
28.550010772411646,1151.328692734779
28.680271533269096,1144.127295650104
28.886130206761962,1158.648704178413
28.813460500175935,1143.158517679934
28.83401116316535,1165.179439263053
28.800837476190342,1173.3331765670616
28.926004508911525,1170.08187635917
29.01437200255356,1155.244159639994
28.93401258209918,1155.4889181857861
28.576639924320233,1182.4680076143554
28.612329149160864,1155.399967272213
28.747450920215424,1170.981380949267
28.669930200926224,1144.0188326550601
28.73424434541471,1148.5824743147857
28.603937594651878,1165.3225024776561
28.579631299947913,1166.8307528540608
28.803978545494243,1162.7207647082346
30.00320026279492,1156.5850255202122
31.203959040549353,1180.6473455206071
32.43355586658134,1155.2930869469872
32.86834413406068,1137.0848881400398
33.48601031130982,1124.9599324681822
33.93146615591645,1137.2012162700148
34.2428205532627,1127.8499034267907
34.335517689599115,1103.986966073789
34.58447375434278,1118.2549707533549
34.59608473542701,1117.3232303441569
34.59947381022847,1116.3770233384068
34.48773083813615,1112.408440627333
34.47243988538319,1112.4606869164234
34.388169025964466,1100.1572882970195
34.39025396499979,1115.4678847654388
34.181707188661996,1116.1178967192784
34.14168335137557,1171.5475055032166
34.058587481261526,1315.2070585214162
34.266473918538274,1273.3296847318547
34.25939320462369,1566.3352674642042
34.29513891913366,1596.0719643407397
34.20850716137598,1596.824465850898
34.23589801768272,1476.5921995792046
34.06725280266275,1554.145363272055
33.952412071645895,1737.872193127455
34.25896276854661,1568.6884081037929
34.05906107917997,1681.5070350475567
34.26087472276682,1583.961751083938
34.04680168288282,1573.960298170253
34.149534467686834,1621.06811996647
34.08704794771844,1597.5010392990127
34.15703901778276,1618.6296745924324
34.31893531386305,1658.291724855168
34.26586868214642,1624.6712122491608
34.16446757624353,1612.4393717434987
34.110504097420325,1605.3744654227467
34.333483140619805,1605.915258637563
34.12195795774309,1581.5524266257348
34.19713874377911,1551.7613029941538
34.23396705254108,1577.4925867879178
34.08229227008509,1689.8298735317626
34.06441115626214,1991.0091224949929
34.137063120485166,1865.7715170298522
33.979434584106386,1613.7595876493297
33.82823722299695,1658.0177895818663
33.913218480385666,1582.2678369120163
33.908389603692,1632.84389466936
34.00898509665479,1633.2758755296372
34.16119052561702,1626.7046604201091
34.35980965588388,1575.084194688102
34.39331887747295,1674.8939879353634
34.477242757230336,1530.2843039328668
34.693157546025034,1497.438858233605
34.59131523726817,1506.3862321454694
34.807133706691076,1503.4608062765344
34.403789501615734,1444.0847057706883
34.237479873678964,1449.6778519605527
34.44696897735282,1495.9364639610758
34.69430484075233,1678.9268823114865
34.93584381473475,1569.5286809348927
34.43356647805996,1395.0179953608663
34.69017006037513,1461.7978652411482
34.51154543245755,1505.7930878085476
34.44134406958221,1362.634892553645
34.64590408339721,1329.1832396201692
34.834740037694125,108.80154065800434
34.580798291914974,1311.235106908326
34.573932435482114,1278.4185236849085
34.7121782586421,1383.9847983591353
34.40856391290257,1466.7550963018189
34.61770943881595,1493.5800146190895
34.48520812993564,1371.7537107154021
34.791576882741865,1460.8468786263109
34.73970384254944,1397.1688257381008
34.71639699833792,1406.407130308904
34.79056676344902,1384.5618469305223
34.56570794630825,1385.6629640287535
34.3810638107676,1303.1724533952179
34.71890462172949,1420.0227956812355
34.717048487919435,1469.8572092812146
20.465554949454326,1303.4675616494496
34.96267847150304,1409.5582541854285
35.33049445749318,1518.1979611039878
35.71099257375565,1291.1933327058318
35.39115794884948,1248.9946770117222
34.85417729986165,1222.9589828979201
34.87293752980613,1212.063251410948
34.54925375204283,1224.3428024670507
34.75099427931701,1181.459116123556
35.16654050909234,1193.618840867792
35.27994935618613,1184.5495150405104
35.75921508602496,-20.22719546810299
35.72293260851311,1219.6729502275346
35.29439485498284,1172.3353296700939
34.964740701899565,1167.3790051437459
34.56804378820269,1141.7351576100687
34.52417556215834,1133.4116036281614
34.376234172082775,1142.3519525529807
34.52421520729649,1174.1981613540688
35.022087491488264,1120.0355223087254
35.23330940194082,1132.8867462301473
35.13676525933504,1150.3169123447647
35.124914641285976,1148.6242749721823
34.90633819559163,1141.9513384629868
35.312775338415136,1147.2650315710757
35.16499480851073,1154.957734294237
34.87718926708947,1131.5438121295317
34.64463714193735,1143.4103344296236
34.71188925167466,1129.6326684611856
34.90873514473125,1142.1927722218174
34.700992068142504,1157.049451396383
34.311686122309396,1119.452229022802
33.998403569110806,1149.039511072337
34.19795677292745,1178.1483682961498
34.716153111960296,1098.5027821808897
35.01884302733977,1187.389872812486
34.50250944901374,1184.894564522414
34.70261894187838,1127.7113439974298
34.6240026113064,1156.7718050665758
34.765245403752274,1190.5634586586893
34.084644178776344,1158.3675896910659
34.03914395585271,1176.156950801858
34.33397088090521,1123.9732831797664
34.7096339111373,1154.216065607534
34.80486050324796,1183.7075432639776
34.97473585228612,1148.5978989954208
34.781537232773985,1147.6646827528702
35.04075372211557,1183.971547105874
34.77041909618222,1173.6053404027148
34.68089324920611,1191.191526721341
34.73790622625097,1163.2141314847909
34.66447624265382,1210.956779687203
34.89083742426973,1187.6593462867377
34.80703442214222,1186.2761394330976
34.62824623339809,1180.3490220747049
34.716908215198394,1228.9408594884083
34.53362700974753,1169.7734301506396
34.87244423457816,1168.4576636112333
34.67372989192299,1189.3257501021521
34.44848219358763,1191.7970839631669
34.42818941547225,1185.7380982877182
34.57490786280683,1187.6702804292154
34.67311485363795,1194.427939392839
34.87554156036957,1234.0124636916912
34.98062236009929,1213.5131025120677
34.94692113361501,1184.790785093208
34.886553677897005,1203.0029942030365
34.79820181247123,1196.7353277692177
34.5776771131321,1177.5695132337637
34.25558805557298,1161.4307197453663
33.9198269926279,1196.2904640181223
34.13238884010047,1194.1192836352554
34.1800363339392,1212.6528563075965
34.04046572392702,1175.755969707913
34.233886295612216,1207.32660769196
34.21851260416935,1243.3560203829184
34.239174223703635,1249.5254134378597
34.25410441840512,1271.5701003540685
34.588853130900176,78.09322995550224
34.47955621140224,1258.3802836815998
34.772515565532004,1245.0297384310156
34.71430669345011,1290.877997970981
34.79912516073374,1318.4378162341027
34.66980999561493,1308.2083930682631
34.24396643368038,1261.1259325999079
34.6333641616141,1285.5073904709343
34.48645625905246,1288.7794644384917
34.62258593870191,1303.169941254226
33.99087894902562,1351.866649976751
33.66255812743354,1364.3327159160667
33.30262626161578,1369.7616264264398
33.13244870515763,1350.9141654033328
32.54405055530811,1378.4893389529939
32.67547611917114,1376.518206621848
32.360937496994865,1353.066901382946
32.231550473074236,1366.377227014512
32.05251094602311,1360.8357200420437
31.975145922107835,1359.4675527888303
31.6590534468033,1346.100939060506
31.437073476898174,1322.6615473768577
31.406480137331194,1312.088967072577
31.124049614963138,1251.1232494576752
30.848691324899647,1251.7852872412482
30.744965627675114,1222.5551465536946
30.35831592654396,1204.2086871427668
30.473020105223522,1188.537551569143
30.51431800471064,1189.493255927643
30.581962728833364,1210.924475193815
30.7875698516756,1195.2992087039177
30.964704603838825,1234.9944099612737
31.204522962938505,1233.4276389972224
31.226486156651873,1220.3305457635988
31.535992274987507,1214.1084937700145
31.334507489015323,1208.3041645743372
30.951277861519078,1230.2561777638293
30.8379351353039,1214.012662379042
30.748431870326108,1222.5231653545195
30.36413887953921,1170.017751934596
29.93203742393389,1180.483521847061
30.23015211152883,1187.1208551092363
30.054543119969374,1182.3881765190947
30.216795320459035,1172.0838736165397
30.21297612541446,1165.8691327717688
30.608772708374147,1175.1174193587249
31.571012264630316,1184.3944185545517
32.634453336294094,1149.3457927666489
33.721267527397295,1136.2870321610376
34.50675246201533,1114.3260541846987
34.7694090099838,1143.3463124229543
34.43311860769726,1156.968419503196
34.10520348128703,1156.5994505883398
33.961688036016106,1174.446798780078
33.522990914128414,1180.4308756060389
33.440000290300226,1159.4046930508403
33.21102654321279,1177.1788964207608
33.06561417024186,1186.8314224252954
32.890962937896,1185.0983835401034
33.00508689129741,1198.12982702669
32.877913471006465,1192.7925270863577
32.625351253594175,1214.8246131296812
32.317888228555134,1212.2656843956515
31.935100626742916,1201.132576780995
31.91863553814783,1217.3520489483574
31.510351452280638,1212.6481322514503
31.359639303233443,1204.5259465017073
31.234680789659862,1210.109204141927
30.81389509703805,1219.5966196955658
30.73141221928632,1186.624387653922
30.757320084225437,1176.2146809638632
30.348786484893367,1200.003988799156
30.458569363445985,1201.0528620075982
30.5825555032143,1201.9933807001762
30.152474119557144,1196.5402942268408
30.304407058902232,1181.3520044719223
30.051507127093835,1200.6622393512148
29.947584967459424,1187.2362055209237
29.70606273839801,1182.7145099620548
29.900243168968558,1181.9718861673769
30.13798885750775,1188.6465671737133
29.808976217676282,1169.5444002509698
29.86043950172234,1171.4806465275449
29.641959717831238,1173.1748733892987
29.935460864383998,1165.3493893404911
29.652565104341388,1161.5969985965896
29.94683856234039,1186.011914430389
29.89493358623392,1162.3465985112528
30.02692709708184,1165.1541653092784
31.018814249896867,1172.7573622770688
31.69569465662378,1145.9563088535747
32.516693733524754,1134.0045492366658
33.164602068861974,1131.1995306302883
33.82710684348605,1148.4488928893452
34.25519666067612,1128.8633885899721
34.339306194518876,1149.1735642339186
34.734842423098996,1123.9608158372066
35.07080977352011,1122.644896492219
34.90705001314645,1106.466349521968
34.747788879968496,1117.5887853940571
34.530868601786686,1099.3264540643213
34.61771656113099,1124.5146427251962
34.45479788783331,1107.3284755840323
34.66000777392375,1094.5296584284595
34.85973277770943,1099.8241034836647
34.760972318182354,1088.284766457979
34.460569186917716,1093.44743373638
34.70942013718175,1080.316405110756
34.725249878918895,1080.6756904228096
34.72840762866667,1092.964002975731
34.89057428829572,1083.0524236078707
34.692034866710344,1093.0681584357942
34.65142950118966,1093.030469679878
34.444864832789115,1110.2446175098903
34.63317331198159,1103.4149407163698
34.56668391693007,1070.9375240522672
34.82586513947568,1091.823528159336
34.91391566669639,1069.5740190712277
34.703545664776975,1088.6515644021963
34.56448475061469,1071.4315346316043
34.493776874074115,1098.0657542276033
34.689019982858646,1063.9143810476403
34.655923441308545,1064.4016589914563
34.78587998551515,1084.5439745353801
34.61413269795763,1088.4948337850888
34.21596591213157,1099.377490907687
34.32394945241662,1089.555187425887
34.740232760853026,1080.5928889979455
34.87096666515524,1077.9424212396293
34.90238592830782,1086.022424766717
34.44897170117238,1064.3394730589132
34.742546658494526,1076.2737136299843
34.65790721839807,1106.022015988251
34.48094151180426,1105.2263333594965
34.44930071069699,1106.6909968813516
34.415997360219826,1117.708838438853
34.40132567168652,1105.5671100666088
34.61377158942898,1091.087756586764
34.60806704096993,1106.7334659451199
34.865626997352024,1100.4897970036643
34.57596519759265,1114.196535451306
34.44732830091068,1104.2836111646543
34.39874512580869,1125.5533166516348
34.04863721561157,1112.3621796772063
34.44997498656403,1103.5556484469676
34.388087656523204,1103.5459932442395
34.66347779316783,1107.4200174244083
34.2020565780369,1146.2239464105844
34.10272040171382,1160.4271533545623
34.20528510901891,1259.6279973930032
34.27465176279834,1319.8194107431623
34.487935517416624,1460.5745295162933
34.53623861182305,1392.0230788915196
34.405378780543835,1441.4601051487516
34.75937027945873,1352.2386124091736
34.737681565229735,1325.0773215881213
34.860777212115124,1438.6847602237747
34.6620422126815,1617.3784342637514
34.60609921461034,1344.173624820176
34.64859641243113,1318.3901006466106
34.326205264856576,1341.9514217109565
34.61196432403345,1370.5334019649908
34.63368010319891,1507.873426782337
34.56019934717925,1477.4787608825354
34.53233661596789,1468.6196006331593
34.556492429061606,1449.823097504638
34.591190079731945,1420.807318566864
34.806280013997025,1385.4377809618884
34.917031456212776,1424.3044628480047
34.50374905589926,1366.970137432466
34.866899582032616,1431.2935182651465
34.94235416399417,1436.7014636713725
34.898873707351314,1427.5980037871936
35.01063556899836,1380.7176481756542
34.72671864264676,1400.6148471513352
34.9749066542452,1486.9391468669369
35.057618736357846,1505.9424413663016
34.863772612166215,1361.0753327301734
34.8998120595892,1343.238927623323
35.03407802572311,1378.0148299683078
34.87322775955264,1417.6094385783556
34.72691035331252,1463.5294072445176
34.538510977506725,1518.4073884653608
35.22233874449983,1468.7469829863535
34.69393290930187,1386.8813199948663
34.649000409060264,1434.7222688609718
34.98470058343702,1439.6456636558883
34.9991801617798,1452.7665581519739
35.09437510801084,1411.095704279602
35.03105351643714,2598.402359832667
34.90321338908646,1395.9702726273758
35.09686170890765,1384.4906516452195
35.243209601883315,1385.4707527357177
35.1249354082533,1357.9726844032703
35.31036300243248,1327.8669207144874
35.14810559755758,1351.3332003146504
35.671005584403005,1312.740548140631
35.6653815502218,1306.0661517663086
35.412477731719164,1352.0306641310085
35.302789435258354,1307.4922254766584
35.726905181148865,1312.6758419129146
35.45401995676217,1261.7825641201525
35.43721769325294,1258.641306455582
35.414953182809185,1230.389651036505
35.207921573445056,1230.453482152407
35.25458937148078,1226.8179602677035
35.515417550898604,1193.4970731939168
35.67524642304476,1175.0588697702813
35.06114624448121,1263.7767745286842
34.86023992890794,1202.2680196069473
35.4876068487892,1185.9214412977863
21.464554065800268,1192.2494410019553
35.30156076726803,1238.5000342526569
34.94844652250704,1171.6650389521033
35.14087824413262,1174.7606220449325
35.24391932973703,1213.0070843008887
35.680796015268925,1210.1407257743297
35.75071832976709,1181.489316133601
36.04373569738492,1177.7073206803225
35.90845159377159,1213.5664019870173
35.81498590121882,1250.93281640644
35.54779532503745,1183.8438698529726
36.03656047434497,1159.961325579573
35.82458113483826,1158.9483918079225
35.74469654438157,1195.7114750462492
35.90632950927492,1152.711299685845
35.65904529106777,1172.7011302060507
35.41152416541355,1186.529196327015
34.79039837241938,1150.359922504493
35.065037591664876,1176.2114245040566
34.97130708235819,1159.2981497768951
35.476508613121446,1141.598184426878
21.06620589874318,1178.9422710743067
35.342697306100476,1190.1786161507798
34.872946948744854,1216.8932886265602
35.18087519217745,1195.3299274181259
35.664446414304145,1185.2834061971466
35.33989692171015,1187.391536423148
35.07878495161742,1180.3362339322427
35.48437756348946,1180.9119626682339
36.11512232555061,1168.1664327015499
35.72342443517178,1169.9773767334436
35.618844036372366,1197.952065027761
35.107821648797554,1180.9595610608808
35.63145301355974,1159.3975293858862
35.86686476856896,1169.6796083562017
35.63296075333437,1155.729527625484
35.390017948434505,1156.145136598466
36.05090476581546,1171.2184630466008
36.080986591696316,1178.706982322788
35.12130286385272,1142.8850420881936
35.374532468322386,1174.3152262547947
35.57240408809713,1134.2043650537435
35.94368519909676,1163.5854424425393
35.830797468834625,1191.4604566689538
35.253177049422135,1170.0163141471342
35.12808101212371,1190.1278045482575
34.89045389653265,1175.6168574665999
35.312109834584504,1151.654402918984
21.44537795035615,1188.3993765470898
35.93254394053105,1217.893713205375
35.44721463426038,1201.6591310062336
35.323508522583566,1207.5969947312685
34.973334037356054,1196.8263180191416
35.143881099284904,1161.4275669244275
35.25703437611454,1177.4516503839693
35.526868810554284,1174.8918485349561
35.68609909908797,1208.9856396084313
35.18404341964786,1202.8109776084636
35.04097417705971,1205.453966103882
35.0426941929248,1207.781138431001
35.168169731754304,1184.2015002695493
35.48201276873813,1178.767434992008
35.53796048962092,1235.1523010223411
49.39209340873826,1205.0674287820732
35.36495465286966,1247.8916220877668
35.34589717081228,1212.0906699650732
35.5546599293658,1171.5877556023768
35.849793782773105,1181.1111777141439
35.97626836549409,1195.711766284702
36.15230257604409,1199.4236874267583
36.06646884783316,1242.5931314845693
36.2029859587347,1180.2398959957447
36.06672950199809,1186.3321435560033
36.269643428584615,1150.7401886053324
36.47658848948122,1188.925356714141
37.07638346922748,1206.510745497632
37.160043515048145,1258.99988362264
37.07565555552477,1321.1370781585356
37.08406228919171,1305.2392489861982
37.130145077854834,1322.2959711335677
36.783039297569104,1377.3869781779765
36.55200997681793,1418.422854050843
36.47046441535248,1345.1361419962122
35.817750816982645,1303.454603113487
35.46764109803102,1236.0593463988553
35.47948266579691,1216.8456106294946
34.71634960754541,1205.566573073283
34.39544533230183,1210.7494690773763
34.143773867950806,1214.7753715443412
34.181839420515246,1219.6828808129317
33.93502300799877,1231.326071157996
33.76705802137806,1224.655012162987
33.56925663427012,1244.103897198817
33.41980085230087,1235.0656484052672
33.334004509511836,1253.2088592830435
33.28398561356221,1256.2918838660016
33.29833413034027,1256.5906288055035
32.83433854704851,1267.1512235752725
32.90082130157204,1262.387239440291
32.99407296019949,1265.6414363867489
32.69261109547958,1247.6762956592781
32.636197868221785,1249.6066612208547
32.51287009445357,1261.1284285049742
32.34225890350409,2465.1456935667
32.33434492168597,1250.0215620632282
32.29362344016901,1265.3601255513363
31.96298662495392,1268.9433305251787
31.997564718836678,1275.5047589022781
31.815223648850782,1242.1833747932915
31.815316970884204,1245.1403160539057
31.65725774837798,1243.2079532751065
31.86514484145524,1229.7515358056066
31.93066525826327,1241.3348402081165
31.68772745372022,1247.1700676751045
31.74594015048911,1250.5141463451298
31.513471724918155,38.73536772916623
31.803994993182503,1242.5673625303655
31.61098504317693,1228.729515721109
31.807038171519164,1232.227919096313
31.737939495037722,1255.6089156165867
31.40750680421085,1251.5324882270602
31.517424643394065,1244.0580681297974
31.33129136687511,1268.3401719490207
31.325108766730814,1247.505790986055
31.35600992326121,1264.1515953678818
31.254108100567073,1230.989222801873
31.190422385802748,1246.8943288550013
31.19644784320841,1216.1940196413836
31.06263785895803,1233.0242649609245
30.808544682045387,1217.989500719846
30.818131158293223,1223.0458083091821
30.950878817122145,1215.691655777738
30.923864889387286,1218.6853143504877
31.09499558347442,1218.6833426705791
30.99141557720579,1211.5269357842076
31.14415011310588,1253.6015632145745
31.071977206369766,1225.529777040972
31.080487925758284,1214.1828940954242
30.863850087554432,1217.931815229315
30.88356375503284,1194.1611060369278
30.91941982793265,1210.3472243961694
31.361967633993345,1232.8175093340533
31.31201405880038,1234.4250110811859
31.438025033086728,1223.0946286073417
31.450604338128713,1217.958988611395
31.60431836284975,1234.1477930517372
31.48258847556282,1239.6367569892934
31.555992387651415,1243.039603594153
31.66576738925128,1249.360437931622
31.627706414435373,1239.7876264198817
31.62416086705045,1236.1642345436871
31.683834426122406,1241.2987327018304
31.416520553833088,1261.4198282492903
31.62562396790297,1255.0432283688383
31.429405731660452,1248.8384323387886
31.57770632381963,1246.8628046126732
31.608309231705803,1256.373752050977
31.385453693057016,1261.8889714234283
31.583179875345095,1257.1473202469845
31.47361477658433,1245.5535200392983
31.601912323726303,1270.175339657774
31.470398725850934,1255.629505698287
31.688371053488645,1252.828594744293
31.38735675696372,1254.798182585241
31.6585979268001,1248.1038551676847
31.467490556778,1259.1076841775357
31.21596190055638,1270.8026919073206
31.376784959015346,1257.000856273236
31.19507822538653,1264.1409031285589
31.218223027938848,1257.3438223746057
31.299878653699764,1259.4281305078798
30.852637784010355,1233.4663671219032
31.50490238939922,1222.2241785908332
31.776570330947216,1218.6601192373444
32.10832521679331,1232.6562133517884
32.45510909773354,1204.243797812172
33.06836612476502,1204.7470061635424
33.26328339628209,1190.356587657075
33.52644791215092,1192.8826583732266
33.72391504843114,1190.3870075407979
33.76525307496689,1185.3798380170342
33.78746921580218,1163.1087676051288
34.13305703067017,1169.1011615790976
34.0477084941248,1163.3901924795907
34.275427184454585,1141.2850984480801
34.41404343789291,1167.3615563794344
34.4297239196339,1139.7089047401848
34.592112473543345,1156.96946352866
34.49657578687382,1133.3517032335199
34.53807147446715,1152.6451325307053
34.76486217275942,1145.9016987809161
34.85164947266491,1147.7203761846908
34.5975852983957,1146.654374244324
34.90090954219375,1126.774408630628
34.892028620728354,1124.8467409666293
34.85774479512744,1140.2834515093382
34.70355608162157,1143.6635357743194
34.529378435033095,1158.0458173876814
34.53561231068727,1125.0337837903123
34.780732352618685,1141.511420542278
34.78479211992118,1149.9596742721515
34.68522542010139,2329.238268252807
34.64780365450771,1136.8742724840122
34.32668978299577,1163.6888824716298
34.464312774173266,1159.0951513218074
34.487561603625515,1151.8614307299022
34.73371567585641,1134.998168348338
34.708579844642735,1154.8244693098675
34.64654695455782,1143.255214308356
34.50254183370981,1177.5695038188085
34.42805691885391,1169.2962187782455
34.424301259694246,1151.125106938558
34.55307217485946,1152.8634933955982
34.51888908027626,1127.2288381181274
34.76964568816106,1144.5146774771188
34.459527541482316,1162.10142274438
34.506698083504546,1141.9182795940483
34.50514849142603,1156.3588495023819
34.619591883810145,1157.1716569042428
34.8711956277645,1157.9820878714806
34.66091088083596,1126.9257112196824
34.114474378791286,1151.7517689289043
33.84525104062494,1148.0226411439585
33.94016147020784,1163.7399118167577
33.670297547038686,1292.1438124537422
33.78996802071652,1369.605267771048
33.96943336000032,1511.6743382460575
33.89863194935529,1597.255463560188
33.86013255709796,1500.9597125280416
33.70703821397974,1564.512546135707
33.65044244712562,1597.4890866202247
33.82300736989724,1533.6011176206453
33.72201268940269,1657.3402519079812
33.777358797284336,1533.6607919902985
33.61156435980949,1548.151647771529
33.37895681823808,1508.8518505862944
33.43436582668402,1525.7070552420912
33.39217004384389,1487.3966058029823
33.43643254248544,1535.1000037651902
33.308397986941,1529.4493590950053
33.34855391935894,1487.6432001190713
33.41384964725685,1613.2132900314496
33.108156058159814,1501.8020271758478
33.293193186464045,1510.1023247768667
33.31279834445914,1433.957976101803
33.124106783905134,1468.3513178556889
33.17230456658738,1508.7828894374861
33.27529437426698,1513.6760123980862
33.155016555223526,1490.4858490256852
33.16086309702585,1464.3752902185925
33.161330742100105,1517.690588922643
32.915262680960815,1559.7850273304489
33.08498741651569,1531.2195173317423
32.921858235711824,1494.274543088538
32.95227440891127,1637.5235472016893
33.14925575165201,1618.3179483240197
33.15066418758444,1616.3536781113348
33.10072897234397,1601.6933032148295
33.28420622940829,1584.1237721517023
18.702883197066274,1522.6534414456225
32.59532500909414,1447.8646711725798
32.292996545443586,1372.574632268445
32.57598615364695,1376.33746710262
32.663077938065705,1395.6356734476399
18.583693666759725,1372.6019351849195
32.684433257384654,1531.415906427568
32.65889651004347,1597.1550281896757
32.706392328066016,1582.093235321402
32.83777985643876,1519.194336068128
32.53814782035849,1549.5328185736485
32.92632994666567,1523.6047630704415
32.91309781743928,1538.4908924793854
32.96456041199724,1568.3806453700254
32.877054490698214,1521.6712576905713
32.865297162441436,343.7615303889761
33.196406569549524,1502.629375380035
33.60975675618896,1522.619888175477
34.09190404314785,1609.9255501236144
34.88270353333709,1638.699864344675
35.10676298569382,1656.5010748012755
35.389579576001516,1650.4825403313555
35.59808831747515,1601.979487927706
35.0168697447332,1541.8154735105236
35.33608620511256,1525.5303547950375
35.1771848221827,1502.4647544715315
35.49765539672622,1492.51077602031
35.43484482242364,1448.1522042423217
35.045017229342655,1362.1331901569158
35.44389682702155,1307.0689938973458
34.940168279209665,1252.0916698844946
35.369410103594895,1215.863649840051
35.15713590758916,1211.8521999989562
35.33064298615808,1227.3900314126913
35.32446543017866,1287.3562110653606
35.193132111626866,1247.104751331939
35.53151566248418,1217.4171845092237
35.49996795808205,1215.6438614720646
35.43550404124989,1209.2075090815226
35.325023381444794,1197.3632439927912
35.4040063672786,1253.4719666569345
36.29343585554608,1260.6529199979923
36.556053001884976,1228.1094000992464
35.45043449829257,1199.9192893340298
35.83875142848087,1144.8030677330348
35.00593693908454,1139.449774409696
35.1244073135759,1145.4696943486795
35.432643130586044,1120.1297218698323
35.74109854136526,1146.1781704388466
35.995660129958765,1184.2005872908012
35.59798877304321,1224.7350039509631
35.34414207792581,1235.6245283606531
35.77334274877089,1260.3786396305495
35.97084225545109,1215.169363864006
35.77448167003945,1255.8239530973817
36.19832415582128,1252.6216953319356
36.049322441437255,1265.4496202760126
35.544078964501466,1204.274402104803
35.67037390712363,1185.3998615141772
35.55043438563825,1162.2548195547174
35.426344374326014,1213.5216950800398
35.2169777472102,1232.1082925982682
35.36463114552788,1215.992939797956
35.54653735616512,1237.2103034697097
35.784483130951955,1235.218843210716
36.14655770985011,1241.420225398866
35.94517365347767,1212.3701309757216
35.50719319594235,1183.5949257939321
35.20201392615498,1164.08249881627
35.469415212777406,1150.4115662005486
35.717929937476185,1223.581434244235
36.154269435660915,1232.4602644241875
36.25587773871406,1215.2238526320225
35.81699179602162,1250.1640018673236
35.47031013208025,1244.5695270572612
35.694679271409676,1194.0059264756517
36.35560289208728,1236.0201933404858
36.34086255658283,1257.8012242157736
36.614844456407106,1199.1727205399588
36.504677206936265,1229.8946600252357
36.598759399953636,1244.7195950630176
36.286298649785294,1209.8372266529882
35.7064897802532,1189.7935911958118
35.385923727481845,1174.8967627575169
35.590165960346894,1142.7062763036088
35.73593721965893,1159.1918138662284
35.549694351592066,1184.3291632501227
35.12133114113669,1208.0312840328916
35.105830083076285,1220.891384190595
35.106020063331314,1271.539030513091
34.87126404932243,1231.784732494251
34.91852735032512,1244.1314272656018
34.69094552441565,1262.9018594611857
34.73685171119636,1327.1874959910347
34.63959578924457,1305.9837745145182
34.78953577320388,1256.6659556182126
34.93618032231092,1352.9593461531367
35.3146265481217,1272.7104965145281
35.91585227002121,1244.9884299604291
21.634944992574976,1220.5661007295441
35.65137455090534,1195.0160774262154
35.510276349302075,1183.3217208821366
35.46166992916441,1167.3604999171391
35.436445217344264,1165.2893565658196
35.43942647062302,1153.5086459037761
35.759229580130466,1149.9493084883838
35.76925062353423,1150.9756273776138
35.31769727088743,1157.1858947835394
35.27694636012517,1215.3754057310039
35.45777800419228,1243.0338664825233
35.43959137523996,1251.229030592157
35.34322492873283,1402.2088714976394
35.31969459323094,1481.466624098507
35.242990005369464,1484.8783216702864
34.555102581564896,1460.9908741001377
34.45405153340326,1465.9958784630958
48.11702142404489,1471.4346879816044
33.9489560072776,1463.5283965821334
33.7354858336258,1428.886353510813
33.41524964556405,1481.411292474102
33.153704726175995,1468.190427903985
33.16259805289806,1496.1646844345355
33.15640288768895,1454.7554108809832
32.169677893577436,1376.7766384712909
31.699093623853678,1315.332043670419
31.51267623471749,1311.491625643454
31.331930796292585,1284.4047163606547
31.205747105299594,1258.897367570341
31.523327500329547,1287.269782495305
31.593666053702364,1290.3938102047114
31.455594036751094,1282.7868030829804
31.590601898511004,1284.6643206875756
31.320039446994123,1315.7556560850805
31.572706508718277,1296.4411007154986
31.326422339432455,1311.5111557862342
31.184745505107912,1303.1175648747294
31.03567453015375,1305.0780100494171
30.94503911692967,1280.8016107313301
30.742567593642125,1283.9824381235037
30.600548395677606,1258.6628773991042
30.91422579699834,1270.1851080699118
30.74231036700069,1282.386472064685
30.74268704455408,1253.2112050965884
30.614759079129584,1263.6856572779177
30.771870595479164,1283.924244278132
30.74366085373898,1269.6158239352947
30.972559021187422,1267.3194660593626
30.718735004747245,1278.546391965687
30.85522537831936,1279.717669330474
30.968632463249648,1265.711186985663
30.82371308412294,1264.0144993921422
31.013873487411203,1259.6955820343012
30.928575368920924,1276.2694827987652
30.870757111033377,1278.0103334829844
30.738542717804144,1272.1303784850475
31.03242262712778,1285.9550759674196
30.475360108554717,1264.2293532899978
30.412010528597968,1264.8191502607874
30.419590027024814,1279.69297477344
30.318267782869967,1272.3829801751237
30.316751869348316,1273.5934171813403
30.570942890721724,1270.3171029083437
30.508158388446823,1261.3374945099163
30.60182074174473,1278.2513550965982
16.632626873304023,1279.3545763043005
30.94632923938421,1255.0233981461529
30.88890504870365,1271.0305899992418
30.832946054557727,1279.180692647396
31.15550757225637,1294.5514575136212
30.911321191156063,1289.8153697688028
30.893346030756796,1284.1463259356499
31.09979171400947,1290.28603566731
31.072247867458174,1264.3173599924353
31.05883319232481,1291.3182919130213
31.157725401510632,1298.382838270088
30.982406765818542,1280.0378282646702
30.909601710037258,1299.4073613245419
30.947128733933415,1314.7942362212368
31.009983309222157,1289.5199196376675
30.91951492053328,1308.8868710458614
30.885946343102177,1304.5001927239166
30.990874534039957,1316.1918343281022
31.987343239807636,1408.6033918346516
32.74498577732082,1560.1495939618753
33.57872471808451,1428.878812892706
33.97191502503766,1559.0593707434077
34.10128695696156,1517.8223327864844
34.50269952850404,1582.927039315854
34.87770964856397,1527.8984264873434
34.96833754249303,1552.3789323125102
35.126180044161046,1523.8623724751656
35.09938911187612,1469.1933690795145
35.06614974239506,1456.8892104653519
35.17377927841571,1416.6328714284687
35.02411627072065,1407.0328331212222
35.086665808479765,1366.2421861934536
35.14609107007811,1350.6975326134443
35.108985916861215,1317.7720891236731
34.32793736501701,1271.8698433544703
34.21240652647533,1353.8689591523403
33.95741942145282,1368.7452307361507
33.57101606196761,1294.3165092664947
33.29634342262759,1299.0315495069394
32.635407370470695,1266.3270824711706
32.345732486599005,1266.83828944732
32.64962708746867,1222.0151569864029
32.871155094201555,1224.1416515078552
33.25172625598856,1227.8505056706415
33.50750958359611,1232.4190734152346
33.60537212654117,1335.1152279440012
33.77274342313845,1296.7835384070102
34.28861214898131,1303.0395060894348
34.25633956494116,1373.3512270323952
34.5661958834066,1386.3620862145776
34.67370524493312,1452.757504411733
34.85906724154049,1549.4992520857977
34.82170127533545,1618.2553728634284
34.91463386227256,1736.2254116847078
35.332215199315094,1756.3994773151283
35.12744840019975,1820.4696121783027
35.17508781346755,1805.2075162993679
35.22861576075904,1800.5123099443922
35.17213043784632,1747.9398912893203
35.37412167570373,1750.8130528465877
35.54490521056675,1708.0101994252514
35.50430994453121,1682.2614127498164
35.806748469788836,1667.8426191624599
35.39891698016874,1645.731265406853
35.30179901164843,1603.0754741176686
35.413858510969426,1582.1664160711894
35.50596556318184,1557.1170268949536
35.52095138635755,1554.4942474119462
35.37765917244057,1479.7148461777674
35.77897780350197,1498.1569917067734
35.763720832540756,1488.2494678646785
35.841717852024686,1464.7443547235057
35.73259945806225,1423.7126509592665
35.50673458256814,1413.2804968305472
35.23166031950716,1386.5167996713342
35.30289028141719,1371.4426626557815
35.457929436953975,1369.5803130747993
35.36110170877681,1375.876048903167
35.377239520530935,1400.3591826630056
35.27731358879109,1390.644968783783
35.67188288583516,185.74788546577452
35.49142123521318,1420.1507533716472
35.487220096968215,1388.0714726914073
35.129745261020844,1366.1590056590867
35.364808746250226,1346.1060104050443
35.56212411708944,1333.55814829046
35.405464723975875,1331.7740467451883
35.3037217592626,1319.655582656127
35.22186012505434,1299.6973965584607
34.640694114236965,1400.6846540741276
34.9115831807399,1461.5439299149286
34.94121668043904,1562.636983627548
35.423584021580204,1524.0293532274973
49.33370126074681,1478.3340753209181
35.01404554358731,1539.8426051590136
34.37259166788424,1538.967042542758
34.864148610084285,1557.418302803992
49.396966982203864,1567.8395589956476
35.16709883215462,1545.4516937550725
35.19881090327591,1507.733635327066
35.00660990059836,1446.0652771819266
34.96064386157906,1396.0867020090964
35.193003711700456,1455.3476505964638
35.16736847022818,1391.600491731197
35.14350105169801,1432.6958780204527
35.28156561343426,1408.9112351358408
35.11307147666344,1327.8801635518673
34.808875585911096,1300.9005918689127
35.04633589520971,1450.562352712022
34.887561007034016,1357.3666808787334
34.465557751977734,1325.5364205251794
34.268159105646056,1282.7335052320127
34.23292394390791,1264.2175420842818
33.717020738920056,1232.8401808131057
32.18746647907172,1209.7567548479874
31.026529291702285,1205.8581825791816
32.39121569629199,1183.301866237829
33.58300380564602,1252.9001917616276
34.28390570311208,1245.9368876093145
20.368271138601134,1312.7175834706863
34.66185857876808,1458.015648372313
34.89383307487205,1517.1226974325537
35.27539349369018,1480.283232599789
35.54415454992881,1675.8906995428374
35.64830862820951,1559.1207090023272
35.53416317392393,1574.3871009564482
35.47586855163178,1543.3444048579436
35.486604576509265,1454.5501306624994
35.507607154010316,1501.2096850672465
35.345030150378925,1442.4510742354673
35.277655961500535,1434.022501938624
35.44258096950018,1409.3888167079251
35.52791141508496,1416.2290232588205
32.89849319298748,1286.5410233271734
33.63658429626861,1258.9502208382085
34.00896791660687,1334.4502761803828
34.297739612255384,1467.454570599562
34.38934708609949,1481.1656414753336
34.533501887464155,1477.6158906961646
33.51966691614719,1371.1204517493043
33.72619505936481,1320.2500008338043
33.80028275484797,1290.0810333150434
19.7213611580214,1292.8028832826706
33.79826764960951,1293.2063280658158
34.130298725233644,1282.0012915347727
34.01759056920319,1310.7817721289161
34.2267329195719,1306.6306578992221
35.18668000270705,1308.3124652562383
36.10440433309304,1285.5998067377636
36.19545749841534,1250.2085295971983
36.08690210607841,1219.9888670451887
36.1293805867298,1247.6708463135997
35.19017564949483,1320.669191116895
35.68915874400462,1337.0641194126201
35.61681625821167,1286.4751385454201
35.80788810531237,1256.724622087901
35.97763645397948,1238.5315238736773
35.62431148759931,1290.473542436369
35.25730788960214,1311.3678952874775
35.353495566144716,1381.9662823767408
35.446323719546236,1385.6766014805212
35.58823300240931,1404.5158658534733
35.85266405484115,1448.9838711636594
35.27759826112754,1568.5181430586645
34.742955311722184,1362.8605823256569
34.3476637356118,1247.4256784856875
34.44589952048948,1215.635701506862
35.728762683288224,1204.50659878612
36.387140273214214,1191.8281848207123
36.10176282612838,1199.8245120685178
36.1305334801376,1213.1672564488588
35.51322304763584,1329.5870055710889
35.9553693302163,1331.906023979674
35.62704198813239,1330.5812245437032
35.720079086648695,1533.6597001835235
36.10500639018105,1440.214702248839
36.11021803685718,1394.6211906819967
36.05777125580128,1415.324471243105
36.30203145561148,1367.0277881037446
36.21288935849003,1316.0434979355487
36.300892953694685,1318.341182605528
36.031460510542814,1294.9959281458537
35.891515713105534,1330.5704197232012
35.811303196961795,1395.7130873378674
35.48478870967027,1471.0591879613644
34.95194405669544,1419.9010357730126
34.24906826351021,1437.5898836594477
34.31780456111983,1490.023877973776
33.56105361074071,1421.2399295320745
33.15472994388033,1391.1752251977298
33.97343252966551,1444.9488530799545
33.68580025163894,1440.3717541588421
31.887809854804722,1307.5728095653817
31.17978471620475,1297.217404383777
31.277096583717082,1282.9306274987262
33.50547760585576,1338.7064510383934
35.184005201521195,1320.9517681417674
36.64124285906497,1268.959248899755
35.918774849901354,1282.434603982368
36.03522504391813,1323.4317668270696
36.31463062493086,1340.4213960687591
35.60076132113968,1332.4586489444894
35.92191000703353,1392.827234956202
35.89329808810446,1489.625371149137
35.66253401849666,1465.1483710425196
35.562774698408774,1582.3612778126333
35.72274277585034,1662.1432929382513
35.81460413885112,1743.4183349168534
35.961879951064546,1815.4940694904863
35.85832274479917,1834.4821599309062
36.30792053287148,1794.5348994731257
35.85496788583648,1699.949807943114
36.40345860704106,1649.539479459033
36.56499287020034,1635.7869888168843
36.94365900773656,1520.0390387703114
36.809310282993884,1528.5100819498184
37.1167076754289,1520.5218903486711
36.3484177197587,1388.0889050123299
35.98676337301225,1378.3279286103198
35.85208985586381,1377.5639129796225
36.07854978568638,1392.6427403608636
36.27216076838171,1379.8774409829457
36.29350681948284,1417.6161662610805
35.99162594614746,1478.8850958733278
35.97153695928079,1416.535989167558
36.54468059852309,1423.3038274018845
36.07626729502721,1448.5480037180655
35.797623677571806,1427.852880078782
35.87691295190807,1422.1832381449026
36.246393517080186,1510.1627825861055
36.089355901697736,1510.918895985526
35.795502610707715,1479.5126286693599
35.61920371531065,1506.8892074206406
35.693612246795006,1520.5451920943906
36.06455282500506,1528.226604475821
36.042430084068805,1477.610138193983
35.88900669765144,1478.432966541712
35.74742996152605,1617.8334596124296
35.065050706895086,1597.872037418333
34.60644540547016,1615.4770794534195
34.07457226352481,1643.74752869972
33.73192189233636,1640.14745811228
33.57733956861275,1593.8137985849405
33.32686963274069,1619.9437705057223
32.96631342436433,1626.416342682907
32.90186879769874,1650.6784986371085
32.83210459259534,1646.2005837784209
31.342079266025827,1492.0801513720453
30.641023603466714,1390.213802662331
30.1260024265853,1355.9430405035564
30.655166517413683,1334.398421930061
30.794602935846296,1340.084108135024
30.95836088974245,1332.3545797547574
30.95129250064927,1335.8841775026647
30.7737282757169,1340.9941527252176
30.987860588166296,1328.3074101695547
30.819423425791122,1353.2490230890357
30.851838269087118,1368.5867810429745
30.4789365688489,1339.3469711060525
30.4947992464864,1344.6267275335226
30.693894796158,1308.3681128241103
30.65780308800558,1339.8017509621668
30.627657623308522,1333.0025501237933
44.65228432753541,1342.9838117886318
30.400333576225677,1339.962766386505
30.401007885949674,1330.4440878274459
30.07594115074847,1333.1256907242125
30.045523476586872,1326.3440531734939
30.112102182458585,1338.2371415239268
30.01587382100534,1328.6101442090453
30.300811561961744,1327.1688826864413
30.11718603829085,1346.7367921462642
30.33707074309801,1341.6635867578602
30.65333631564228,1344.07875145159
30.74862016924765,1330.3789503164326
31.132564657044767,1337.3222478278449
30.68715942371852,1317.1415045426197
30.819589383986617,1328.9332194628155
30.62318478669187,1343.5249576867313
30.435449412543683,1334.856825095176
30.18991906159708,1311.6179805832214
30.019806181655447,1322.2150284001436
29.911076989761657,1315.8400860731651
29.644895914435622,1318.3050744102595
29.71159598115732,1298.8152075725307
29.634253718504965,1306.6118793063858
29.69906102381881,1309.0900480101595
29.76562566519314,1302.0968523530094
30.093384040324906,1323.874677003644
30.17076046386118,1301.3590868269266
30.133668849302296,1321.032679238265
30.15795951707566,1323.5225709831639
30.32046603911535,1321.5754826993916
30.456602409839157,1322.2610912183304
30.531640023729626,1313.566317064543
30.56519013807702,1307.0152536561736
30.500901778052572,1314.5287534958666
30.5185300987901,1324.7689499043847
30.460368765796126,1320.2311585850969
30.5707171373206,1326.077736659704
31.79406778953532,1375.661311980059
33.013965527627526,1461.5531586152933
33.69563496328374,1443.9611306435527
34.534881254741876,1550.4665136293331
34.34708549382444,1477.3200752838768
34.65785469252725,1453.583079076007
34.918236406928045,1426.4171555233902
35.070702704615975,1449.1902906428104
35.36781928321804,1431.637974131208
35.35812307477869,1604.448558178553
35.71838868327165,1706.2830538612413
49.75642853046605,1591.8542671456887
35.66460938110196,1658.1573852542588
21.58426906110464,1732.4384363006611
35.59046528544874,1683.8440918120882
35.50834979874571,1649.3398033832555
35.569386060039726,1663.4126109135436
35.590297037781795,1601.609145281012
35.60749165944256,1657.9824067215686
35.456429604460354,1732.4301960236594
35.42775629052185,1653.398819277549
35.51547509653611,1651.4833395186947
35.82519397344698,1650.3944987233508
35.47208931971838,1660.310778642438
35.771634199314605,1652.0654933066594
35.554556912301024,1641.5869528812532
35.52953160372796,1672.4865384429884
35.594554818734736,1694.617472194121
35.75876902765565,1636.5942769952348
35.421027604096054,1622.0787369867335
35.411672671498444,1638.8514871152324
35.39167152777814,1764.5612893746393
35.19622305371949,1711.018925045711
35.3535407970446,1680.222609354998
35.43252319342369,1669.7742778909897
35.09965987185386,1661.7234792701324
35.09011681255631,1662.9641402467457
34.92535206784764,1651.0617168048238
35.14708115457365,1637.5937973312389
34.91490350935226,1672.8582228236232
35.096096154583215,1706.0088869515016
35.15457040436496,1675.1439551599046
34.95896983598135,1661.6286842892791
34.80979845734525,1650.5024240160067
34.53535818677109,1594.4560525023137
34.41511701994311,1670.8613315723705
34.11626747628962,1624.7351384730678
34.20356774840063,1606.165717889299
33.928646786272644,1573.9080920622423
33.73657030122044,1531.1074300125974
33.65301262238018,1593.9168194820286
33.92328138200395,1665.8691307532872
33.49434436675826,1609.1049645656062
33.4718418350206,1634.197971330172
33.28238479843123,1637.9225110400243
33.10338581583822,1537.7942934656996
32.85644915688526,1445.0422099186749
32.50881555743621,1398.5201886142825
32.05366073572516,1391.154034972211
32.68417868036024,1439.4806894781082
32.88303713859946,1466.252295277416
33.42321057192263,1417.737211630419
47.76147494142013,1406.7196676896745
33.515325539508936,1506.8695501752006
33.42120976648368,1572.557822772173
33.70378321070332,1748.199020175096
33.87340523328678,1691.83247452104
33.95737376748099,1636.1873556041542
34.02052345799529,1620.266466801567
33.87625410825402,1630.5051950946413
34.19155799998549,1588.593452826482
34.23248702448009,1573.9796143286626
34.40480678342206,1542.6431607155464
34.08185416625136,282.2656650279864
33.66215016537241,1501.5609170978362
33.411792310035196,1489.1896299034927
33.59540958246542,1497.7462115078838
33.626292460681064,1422.752512931869
33.45990586973581,1442.9561922358462
32.80199702734975,1386.6960856357084
32.33687070440989,1429.9753408079246
32.191065712113485,1409.8245858816013
32.742730226434034,1399.7958724987304
32.9629966216078,1390.2763589997994
33.13124089863902,1377.17340601671
33.20313016172309,1396.4968459036277
33.26847879717148,1436.169502299139
33.46224311526909,1502.8569927623687
33.286157990955274,1620.7871741702834
33.328529901946844,1674.4022258766872
32.90204885029026,1509.860455062712
32.42863560482085,1484.5806137605052
32.16559696157888,1494.7208574225565
31.863431241213668,1401.2243640145666
31.81505228655309,1303.2528480465935
33.39116859951701,1289.1516076430926
34.67692583726318,1301.9454846009182
35.50867331575163,1343.404292291602
36.21502644615463,1493.8232712364584
36.568417659650315,1481.3129147307006
36.18235098671586,1567.263016627419
35.773297938622036,1546.0293609377723
36.192958694639984,1629.9879538866276
36.419427737462726,1591.5178688247186
36.23152536338567,1544.2118722381651
36.437922315638744,1537.203045501049
36.46633921515322,1558.9448004289998
36.55138795743605,1556.519958084536
36.309917199187325,1592.235449642205
36.472401034915826,1548.0119457284654
36.75076891546803,1538.8515451118355
36.93328095517825,1544.2820798542355
36.44652784680153,1480.174060902159
36.17588114821369,1458.5839420886105
36.53884640027665,1481.2486335749477
35.89706896444478,1480.0664968219573
36.71948722982211,1567.0759805651473
36.397919542092616,1509.0304871394926
36.12603390581025,1453.2484625182296
37.50272535249168,1516.3078101789242
36.808541258766596,1428.9734343233436
36.47850042621533,1400.5133039082616
36.526056083940475,1388.0939594101033
36.95979717227224,1404.5578814941546
37.33334044679425,1393.1751766905288
37.291440945336234,1399.3530514663767
36.65572591544145,1368.7973227801003
36.55377407362981,1355.6394195329235
37.29055860264398,1349.0986667007985
36.17689700982824,1317.3739861143924
36.834524852950246,1326.816368349682
37.68283503898752,1321.9530465845387
36.76298127333809,1296.8397710932313
36.768226161259705,1256.1594082718348
36.54090745482452,1281.4197656864096
36.6797731001369,1233.4136174057999
37.11605933141381,1261.0769114902414
37.05561280083499,1247.8311539304918
36.70255985612485,1271.6376758811236
36.58809317231383,1269.285477829465
36.486977665518744,1257.4431360375806
37.182510740747446,1262.4477472583808
36.94381893673619,1245.3610374886962
37.10215307622476,1270.848217082656
36.30637149441499,1249.4749496447382
36.33809808072969,1260.993486289529
37.16788551318156,1239.2019605255507
36.37306868745714,1277.7568946897386
51.06295123372655,1249.1355900628826
37.69168715954855,1258.9609758049494
37.0500654103639,1232.7241813930186
36.79870628404211,1243.7486108822518
35.99862055897617,1249.9642933218556
36.33123975841382,1260.2751666996064
36.22759624281212,1241.9195346650386
36.920483901111396,1260.0906571900414
36.982147488409254,1225.1061249578813
36.57139017813438,1279.0655179265186
36.09673528130619,1267.464067282602
36.48960190927557,1258.81512983763
36.8262292563482,1287.711333446739
36.55138051489865,1273.1984394317283
36.41245680147463,1321.2105578478217
36.098894782147504,1361.937196228555
36.692845889427986,1342.9860775950356
36.2254698359649,1274.8109691451884
35.87360719495936,1286.7683518422662
37.335138970648906,1306.9363999624268
36.24141812409516,1292.895457004919
36.3068601785829,1329.373457348184
36.726191711923164,1304.3932875376677
36.43227057694615,1276.0718844550365
36.54378145284186,1286.6206871127767
35.96191723045926,1308.9451994717974
36.87605066471623,1275.4902490767267
36.27096022896554,1248.405638924764
36.44039876940771,1254.518737039135
36.92984132574462,1322.0471637029432
35.85796518125023,1381.6938614504156
36.56012033259549,1399.7957615620094
36.62570251453861,1349.9447865093002
36.69926397943997,1300.8874807153377
36.836094376633895,1332.6539647462096
35.97413238085785,1317.3390103590398
36.76660819684717,1286.9742305074637
36.360110411872796,1266.6136964746606
36.875398909429734,1262.9076430326352
36.30879535106247,1313.338227418339
36.13934049992711,1314.1468817023367
36.99370756939262,1286.0047409953215
36.57666547690457,1243.962850079246
36.218026376354544,1313.6394773082593
36.76870705334008,1315.851058150243
36.09934068078705,1277.3484885187238
36.55581323711973,1269.3878781349192
36.62942223019149,1308.3157110128561
36.9405906511815,1252.0776829078213
36.23848340307629,1262.968914512995
36.08630869913472,1277.7268710011463
36.569223160003986,1249.2530042061157
36.64342911974369,1276.5117409445218
36.54234172658452,1293.0542882781372
36.567119192253244,1287.065371635902
36.60387147726108,1254.8854442817549
36.573098802198565,1281.6691411812276
36.628954591280184,1285.286473817176
36.59040819490626,1263.0371540971942
36.468658926753776,1269.4699930108047
36.08291341601766,1323.8587594869662
36.29554668353717,1285.6370282711168
36.55636257240064,1256.5561329011573
36.25570238117185,1255.244577510713
36.156010142656385,1266.734864592323
36.453182060127276,1326.7658415954343
36.241664127653515,1370.4775014328693
36.36810912666312,1426.019420773992
36.29760117113559,1406.7307594135627
36.10173238233532,1420.8196986606154
36.08099463709853,1503.5582413467785
36.03044962055899,1652.5609412663048
35.963490466071335,1693.9634052734364
36.01297941082526,1736.66616282052
35.92035153070904,1765.9686775873151
35.79435925942482,1733.0645362443029
35.874071930722465,1697.0190919761544
35.67594823803808,1727.1093168947818
35.656531988348874,1705.791624191943
35.70673886059071,1680.071611087351
35.55293327331924,1702.8142175751445
35.61234022395168,1674.5597371749682
35.38060307887156,1654.8298062507752
35.56776350120346,1629.8764454801685
35.337641795376584,1663.426498930988
35.38156778185163,1721.0837914526696
35.246813041740666,1683.4046116498034
35.08267701557186,1719.0867822752793
34.38454845104918,1734.0596155218789
33.934169435388895,1728.018521319265
33.29650676512095,1719.081766685183
33.02900415333849,1738.686106852578
32.69296437419284,1746.1282571728048
32.334226088924915,1718.8171822475038
32.14482590093637,1732.9480515655791
31.95940147753297,1706.4545953197849
31.60870001094917,1724.013775580779
31.871787285697103,1672.6224247744517
31.424875927336103,1642.9523180229369
31.149935777802156,1621.679661782713
31.153256897186946,1603.3000130220457
30.93852775237241,1609.1913836114982
30.969610485156096,1598.8866125250297
30.805568294947058,1614.0573761504643
30.910565187347963,1608.5649399802992
30.747582221413836,1582.3496394473339
30.31777734795011,1572.670312992525
30.030070317094587,1542.5936193892558
29.762732947843872,1546.0537627913811
29.738456086566195,1486.1898262452078
29.7472587619663,1488.1652113077303
29.59835545044017,1518.7509879656154
29.975516013736076,1493.3028784536355
30.11738558088615,1528.7729039073574
30.08449151759814,1501.7745799811041
29.458431536228474,1421.794595135949
30.21312756795512,1373.9528089137452
30.16800288556563,1365.6950593143595
29.326772989489235,1320.4397884237355
30.098658474555016,1343.7326403397362
30.49257690184809,1322.5931681670122
30.626837941887917,1334.826285375939
30.91575570743614,1357.051488313749
31.36571512162197,1347.5640021421575
31.368141447782996,1350.1666486897507
31.713872246672434,1353.8943554577747
31.38575531633372,1343.215641682049
31.11362053043052,1381.0012393266536
31.077999612733144,1346.6454753176645
31.10290368510858,1361.6353337760784
31.076375094425288,1361.274906484356
31.05581561858931,1353.2292745638463
31.40426885759141,1360.5324594051885
32.56453477692854,1510.3902461553025
33.56749140789532,1537.4535940788683
34.445916756009055,1623.2803431116527
34.469081529983036,1586.9256733311543
34.74616968965071,1524.735949777778
34.72627099213548,1504.1261163902564
35.12043475251152,1721.4224097360518
35.35137989645192,1684.5808647867843
35.28764268782389,1724.5706565655917
35.48724919286362,1745.628528457583
35.14257884534523,1685.603898190995
35.317694709613214,1706.881435073879
35.2359263544677,495.4117398455728
35.1955709574239,1663.7324624040803
35.18103937542596,1680.7507325279819
35.30783555383358,1731.1564857529816
35.32383083724618,1687.1865163323314
35.3503590516799,1655.5938763962215
35.372764320691,1753.8358547252365
35.26788323344067,1712.7448608129291
35.25749334270391,1692.1999069730373
35.233014349087895,1673.966498112561
35.211019769191424,1625.0130486397313
35.17472868286376,1668.5932714440987
35.09052466693054,1720.9969919754813
35.05652734066574,1684.4840143497572
35.402746163898684,1673.119465829735
35.059527327361515,2865.1106681091183
34.976989566570595,1672.077667687899
34.90851155140759,1725.4652598156763
34.935836052081456,1691.337847664533
34.848287256836066,1645.2854415515312
35.09626699778221,1738.53011934266
34.9308879677556,1655.593675478777
34.87812393814721,1699.1470697845393
34.61320816812447,1683.9063865646613
34.86446817597355,1684.8464206713456
34.890765457443,1707.205092237777
34.90961926881546,1675.3414173159908
34.80421357196661,1670.2835555558627
34.6602855563909,1662.248360928957
34.82822325347495,1817.6761107215334
34.97332888242219,1730.0338748719228
34.77427306124038,1699.841938768601
34.932604372723844,1685.8350660339388
34.7897006670547,1673.4185693528584
35.02972878618566,1700.2051808534777
34.76429931017372,1759.5981296211753
34.95346898976264,1712.2698494502265
34.74711742518414,1670.0540131692592
34.74842951172812,1667.0742163847813
34.62713088600351,1695.8488545068576
34.4842538069771,1792.27203642833
34.46250195532882,1720.92819823828
34.56811780545376,1702.1788547472784
34.49899658962644,1693.8122224153199
34.50812515688122,1643.989084497945
34.58442815730549,1704.114850961007
34.413094472838075,1684.704886267491
34.298663833947714,1650.6982375177208
34.279957712526965,1765.328949992454
34.27451618623413,1707.917309211774
34.4549446276992,1695.0376128797257
34.355449189577264,1735.711881165062
34.08772468063487,1676.400026743075
34.24811041653876,1666.3483837566278
34.17433692547925,1659.4895001261234
34.22612669760824,1609.1284903512355
34.23305342720079,1801.0838326910844
34.6099584688306,1684.8633381752438
34.362057013876566,1689.3263721532044
34.33075878207061,1665.3646508033394
34.50881865763383,1737.7940026159395
34.383547471856225,1677.651306032385
34.44741325162123,1699.8382456401066
34.560224877126814,1681.1997210882823
34.44905075054946,1672.819295685638
34.540884557918794,1727.4527988697514
34.86179596990961,1705.9285198591188
34.5174177703019,1691.8596179652475
34.85918785958387,1674.058091110036
34.62925688958793,1621.5114175181334
34.77587993850259,1719.622495256285
34.5990427000799,1678.3128018066009
34.65508638510002,1714.029241336916
34.541010054748746,1655.0303630079034
34.756980087240635,1672.8133577033896
34.39870439108001,1732.2248229339802
34.54951730463722,1735.1966833436259
33.49560172368738,1627.1575034559824
32.80307412545021,1587.178949162812
31.79896453378189,1457.1072726297475
32.62394656177489,1432.2735657383482
33.204116203460046,1411.2497240987575
33.725727484807265,1405.3241845541752
33.97530227254291,1429.1551896866536
33.509368460151535,1486.0997343546678
33.145034448357755,1479.293382251697
33.07871361265923,1453.0368928066976
33.14710629119111,1380.153584231528
32.598747155874385,1393.4751118629547
33.32898176231018,1421.9468093243115
34.1610810236476,1385.4006042549936
34.47341647394475,1391.3652347439659
34.938301146404505,1439.6722157889653
35.510548977324916,1522.9716180346122
36.07133813754921,1532.7670393815797
36.41039440861644,1636.437909337943
36.167083002341194,1572.2613340351045
36.13049294116672,1713.3301484160288
35.87465842892721,1803.8900221050417
35.525008194211914,1805.9415758331322
35.098630183753414,1724.953314150543
35.08142548463637,1813.0812584243886
35.26880529883882,1898.5025987402018
34.87071916868712,1752.137353904313
34.45318271508084,1797.3145750308418
34.339860534571386,1737.1893581714492
34.243624552346546,1676.7280819959428
34.23107151666593,1646.6095931079967
33.843626278564116,1680.6631759194852
34.30248017147619,1679.8675347272256
34.96099329757957,1738.543862379986
35.50337971232601,1760.588598067686
35.02980335785035,1720.9328355645957
34.49648607705837,1636.363144408786
35.18740174938204,1662.7412584485046
36.25111661071607,1628.057199104676
36.84235617129958,1533.3835902376582
36.24718320726116,1529.716773184517
36.277420956223665,1634.8372576173892
36.77196667806744,1635.5952120667002
36.834875291615866,1654.4961144176511
37.04680632714355,1612.0189482827107
37.26927211219809,1540.4944184051874
37.301636069636245,1482.0722717468252
37.65044390704428,1452.9499968106065
37.75953813322192,1440.990647517705
37.94900992816547,1418.9903736775605
37.65981702636287,1392.3242250938324
36.887265605424496,214.87019897638265
35.939833435116796,1415.4554914360835
36.66984995056887,1431.246620162809
37.68961754603658,1408.5204935574382
37.14892631840834,1446.4142362441687
36.8446150455588,1458.2868273329332
37.0784395551845,1459.6434875241027
36.64953649296657,1424.4241984853222
36.614715929502346,1429.9835327590163
37.05589645139153,1415.3136515576052
37.59102548242438,1413.6076124341098
37.6400046829783,1426.816750101854
37.49844298427976,1419.6888322465788
37.70509981543614,1398.249583296276
37.412102048409736,1399.8595750911722
36.71868896079669,1435.833941214724
36.89315876121921,1406.4668361330441
37.238380225082295,1428.7971933807303
37.2734128542358,1426.7332849737718
37.85701560299442,1436.331132709091
38.03483230981867,1431.2851757012695
37.842680079491636,1420.545135482454
37.22641085908501,1401.8928439447532
36.80569136642625,1424.5415849789829
37.096389108090534,1420.9919858206072
37.00797900553721,1403.65111039889
37.292572917784646,1426.71704618969
37.51438245649718,1404.487685163858
37.30736444334403,1402.1090185970527
36.8899712005877,1383.2802168074375
37.14983834712552,1416.5992052044915
37.14610996553319,1445.556787460436
36.622425595741134,1516.735269480605
36.17649549859455,1527.010186524592
36.55969708733677,1544.8782855220882
36.7420711291318,1652.6761274263235
36.454478344892436,1683.0666414381994
35.85485359941256,1711.0570327450941
36.106008310043855,1812.8419499862298
36.24166215642269,1786.8211339469603
36.10952878328697,1757.9932735001848
36.41868196478193,1832.0308006831483
36.759849899443424,1892.6216222383614
36.824702571741895,1953.9059226902114
36.92541154779474,2000.1851257533488
36.68820948652879,1874.1923568154848
36.67028879150005,1827.8127388613327
37.2930080201803,1742.144813705842
37.96405298672867,1590.299025157155
37.459136061573965,1478.3448486010755
36.97204882620641,2668.01222355934
36.7390900239774,1438.8536254867267
37.307919290194995,1379.509421738095
37.26518395630451,1447.6034860392688
36.94452807094759,1435.044932978947
36.96631978555697,1421.1042702512875
37.0343474727524,1485.678055620578
36.764538657840944,1468.21234778071
36.61403177711581,1479.2513162287146
36.48895261482857,1523.1858583254023
36.71487824808427,1563.380455800902
36.76072805673659,1598.7233772539794
36.97100063281281,1647.4458036650267
36.877790535118976,1738.047455432098
36.459668656296856,1654.00010167597
36.61298766478129,1617.7791728363272
36.24327533077522,1676.5850232192074
36.44955421795216,1698.01099048729
36.52054011563676,1752.7074052548514
36.46104513164198,1822.2753597455053
36.155707223833616,1930.114868852259
36.49992475577835,1971.942971485414
36.944305549474144,1906.847617454377
36.82828155121936,1784.549919213357
36.62700062142268,1795.708375514823
36.87806248074295,1733.9988167538418
36.656148656961655,1686.2483832710604
36.53473002377204,1583.4789112329222
36.900673645709226,1552.053462864014
36.80708043357388,1539.7060914179183
36.72884004240038,1559.6688244789955
36.4064574043192,1704.5097463810457
36.748170621069285,1629.3180788098564
36.72626021060717,1564.4114878718665
36.97918721638089,1570.7209619071712
36.91893444512204,1650.2304845534159
36.63012470300353,1701.1072236280502
36.530160318507264,1685.6259889507915
36.7138970909842,1708.8355669044943
36.67656728346551,1654.2216389408054
36.54557634977604,1636.2966111214173
36.34269595954429,1579.2618946428474
35.73976595023447,1630.7994551711868
35.032712393951,1590.04305604999
34.69657967419605,1637.8133246569992
34.40956062601221,1614.7236278893547
34.1195193967399,1719.213739664894
34.06760486012148,1819.5501723033049
33.69466488860665,1767.2876469980079
33.24118150296176,1717.24470347481
32.71056992392132,1688.7860369690743
31.93209167127764,1587.4585850069793
31.82088672091848,1537.7390213852707
31.0993957562129,1462.1545616625199
31.021579941822896,1420.4997781863672
31.372901857588452,1435.1200618721641
31.35595238961802,1446.1091866967813
31.319789304167806,1458.1968774260108
31.333463396314936,1446.190381343606
31.296269040703002,1467.0320942265344
31.32744236299885,1480.1431418440172
31.16975429797037,1479.1783360410782
31.417361569798445,1445.1902707044737
31.71493341466184,1467.4205912232187
31.657271601858618,1473.4782218242399
31.710464290737168,1500.9697814917972
31.662672346821395,1472.82832144237
31.480311635000458,1501.6272888396595
31.25606035746862,1480.2082416932794
31.325375126536766,1478.5268918330737
31.15834913033703,1470.2228560047197
31.32761703407705,1485.389175477199
30.63501756574361,1416.9268183735974
30.389821783649445,1424.3489743341584
30.285534002223237,1409.1438502748356
30.42663543907322,1416.1845129465605
30.705524862980432,1412.581167267699
30.808706145836545,1431.3430048845007
31.124768481547548,1426.9550949481927
31.319262713900212,1415.3063203600254
17.613713715723367,1429.0168146394121
31.696511008394296,1434.5275491513808
32.03094256695338,210.98346453247336
32.07398902395197,1428.872684373437
31.689044247071315,1434.0084447927297
31.67669339719284,1420.6681368813256
31.461230050872736,1424.1288895514217
30.78127432591788,1425.4948707896483
30.53341562369102,1426.8487260093239
30.453679374163656,1416.5438825857234
30.604837907119368,1395.390244981839
30.78377988634272,1408.1913017128318
30.759399821446763,1416.2668420280531
30.931394735677898,1417.6696618851602
31.298604131303676,1426.3957724532324
31.574621979168466,1432.367669837944
32.56357657428613,1516.8395241675785
33.626221347579175,1535.1691470061642
33.895671017582366,1608.8786659649668
34.330269806526836,1786.8430028013495
34.76427039321603,1731.8500612634098
35.00598400601737,1733.2176512006004
35.03953969465448,1708.8500615752102
35.36609827452203,1674.9453633669518
35.25672571224221,1657.7815067644078
35.57096114622181,1649.2577823816341
35.79460872724087,1670.771239468194
35.63847089128396,1626.7393000935617
35.58669377864974,1576.4862619186467
35.87121562199608,1583.7585399913228
35.82556360752025,1639.753350514877
35.78772730779822,1706.61507760201
36.096315847484846,1783.2829070761181
36.18366939124912,1867.4267235509164
36.1135770467241,1863.3466412384473
36.100735866857256,1818.4386163552333
36.278386303553646,1790.6408425430743
35.998676952265946,1778.3855540453642
36.05568594718193,1754.2220013433603
35.77704259899955,1696.6319929217025
36.06638510110738,1704.8014444427533
36.0184622931914,1705.5626904421079
35.903650082300786,1698.8589564501328
35.85120878163622,1741.3150303928007
35.975026487513205,1752.6372555913797
35.84080381840073,1722.8708430445852
35.68014248935597,1690.536003383703
36.05305198571649,1734.5109809781766
35.88104167913488,1805.6516713983524
35.9039974172238,1719.4553739861112
36.03244787501824,1723.8268353588114
35.86287360879202,1715.002422613352
36.02877231592768,1668.1210753733512
36.38543411294643,1676.8873803345905
36.37400186781989,1673.807229519134
36.83738574976425,1666.911576875439
36.544115343763494,1543.5397775305669
36.05289139806464,1529.3052699876305
35.973545372582144,1513.8918091861497
36.201369019262316,1531.44062675826
36.24244861044836,1660.186362057911
36.39983781617105,1715.84896921875
36.50069071621502,1910.4937005359375
36.89833363124351,1840.0697648170787
36.96254019579571,2939.1054065596036
36.77271055895396,1547.1910382955957
35.83636484656513,1625.5077767997018
35.23964084991883,1733.4526854153714
34.925237787882935,1658.329328853385
34.43581250658976,1673.6654413271244
34.44520184590516,1708.2687849466479
34.87037452554743,1745.102018797719
34.82573150876726,1730.9167873331833
35.095566747278355,1736.914054735461
35.0437333399157,1759.1045882210828
35.22630273301215,1692.4640556087215
34.745821174104165,1699.3495088319903
35.09914424088395,1713.9693032673329
35.27533309734445,1710.8633590727254
35.505632011234304,1713.2225185216525
35.51381892505741,1759.6435661967648
35.399786334229866,1716.586868430082
34.87114371769294,1639.280708378929
34.374942336903615,1623.3000381246388
34.153556655598095,1715.2389814554085
34.64142995054065,1733.4168848986042
34.7481709927791,1742.400604809056
34.933168712766694,1749.8244814074537
35.1067425418927,1721.933743869349
34.88152526224208,1718.7194972158356
35.18290908037425,1657.4604270035127
35.03310102742816,1700.591574868566
34.52796131963165,1734.3475815641355
34.51989220659956,1670.3444938862194
34.50270439418759,1737.3451937711502
34.59787995891403,1705.3814643922337
34.88796040861324,1747.4599672870827
35.24087661823564,1698.145735592651
35.13369719815727,1697.3290225137866
35.576987344732174,1743.1495873862646
35.43828723307956,493.9503108207782
35.61026091817802,1671.816670115541
35.88492362442165,1739.8528541001556
35.66514637641348,1830.4518689183344
36.050825393633744,1800.6811875400667
36.12689003727948,1786.5909363390892
36.1456659154106,1757.3698687230606
36.13116719736931,1749.5145008610546
35.81123625605523,1661.4445025034756
34.941584027350395,1679.6122467007722
34.774747352099865,1717.832024148209
35.218912270464934,1723.623887789452
35.348078173112114,1768.4093382576705
35.29208213655327,1818.8395217439547
35.67281333313325,1813.054132740129
35.69874528591674,1776.0204065351813
35.83641209834387,1767.3867241391204
36.221244515564095,1778.551247939517
36.12359721911969,1750.043122720672
36.23846445554688,1754.5327979802023
36.665168577645076,1761.4852013407221
36.812979573598454,1775.296413376699
37.0596682515377,1823.882715710592
37.077891431561014,1864.6198325956648
22.85206779083538,1902.0390818030103
37.25736263675133,1914.0779822917325
37.42376830549614,1915.277901604284
37.77819145211982,1899.3036985676756
38.00792492844559,1920.564745034101
35.97437461171364,1565.1374947041681
35.0344128115742,1490.8674220432658
34.45017026196171,1457.9495833973626
35.461276889922885,1514.9435592247764
36.21819642981025,1567.2011745495588
36.69616369900834,1616.2964016466524
37.492432624252345,1564.668787221497
37.84401819864502,1617.1463973087175
37.81802447242486,1480.330555892076
37.60406319101515,1626.905867734085
37.62559121892602,1636.4065092436153
37.40787238218769,1605.6875364522953
37.37392426617582,1599.1655442679216
37.732925773472815,1525.8342634773917
37.91074382952941,1510.388826385135
37.55849850549135,1504.2940972502602
37.819473481315804,1529.7711413562351
38.420860641266174,1542.5357209156641
38.533734007644696,1556.0554764393128
38.14074389862295,1495.2841043906092
38.4817896483185,1443.2987812551216
38.50266683326624,1452.6265599095414
37.79143449703461,1426.5473488922573
37.57697046904812,1398.2090239846339
39.17373398375959,1414.565787339912
37.96368883347592,1377.8147843573022
37.56579792471895,1397.0211395392928
36.99552961080957,1397.6954986866472
37.10938769303242,1379.884443147768
37.06755910673506,1423.2116120619453
37.07912960579128,1416.6938283662762
36.69274804397723,1411.7900490735456
37.086663739064605,1387.7342268504685
23.107159616141214,1373.5497864800857
37.73009727945135,1386.9005203378147
37.83985573736451,1354.315328744618
37.80632103042191,1340.4083015064311
38.19151907633938,1349.532954000272
37.654760332807484,1332.7887173874692
36.91926695699586,1332.4112384554205
36.74491643819351,1386.2292832215944
36.63427945887896,1375.592118648677
36.953653844725004,1434.6017442426514
37.130963737681995,1447.8132289369646
37.39817282351757,1453.530390126462
37.451149807179085,1407.3511554813902
37.2535840903045,1387.8356674426618
37.897071663308466,1348.8383740816978
38.36379147942064,1356.494614010873
37.80182389992688,1349.9282678093434
38.05364692615811,1341.1293250055526
37.70445836223617,1333.8960618396973
37.90221128154143,1343.330818529831
37.993338695355675,1323.00605429544
38.39933963898855,1300.6300318624126
37.52850273274889,1336.1028888781648
36.928224807667114,1315.7826646186963
37.35252970338582,1319.7795630245303
37.11979368527587,1353.3490882580174
37.469288768755305,1338.9736038567157
38.03588921059749,1356.6846931281375
36.96947133654982,1386.7034780331433
36.8936634749904,1376.9675517293772
36.875698673973346,1380.3759123587063
36.96608369364563,1386.317216244851
37.001184981940185,1407.804423919109
37.3346567429922,1382.3658136482748
37.31781887037225,1411.0565674545687
37.26093036150017,1394.5733219562933
37.02107559689348,1354.410252725669
36.931233252654856,1375.5232955989914
36.82658101019442,1393.2215325455272
36.97041576986769,1385.1390099517525
36.67009136387131,1415.5501612502524
36.76129042961273,1437.1407261844515
36.74672197851635,1449.617146357011
36.78332182392887,1438.0246834512031
37.06640156579484,1466.1635533174003
37.31104309740394,1468.4950275917415
37.220885660447095,1464.3987025717988
37.35868145777746,1488.0008102451443
37.23502045025391,1447.9760422243965
36.9481855822083,1422.801982757815
36.655489575293856,1443.4318172098676
36.76264236872002,1447.3541959765596
36.816329582145634,1452.0822680765623
37.078448517076275,1434.9667613538854
36.98014694168105,1407.9625263812452
37.956992025603576,1378.136995569283
37.61544595976983,1373.3306286732668
38.09154217883615,1322.6436167098855
38.36771388041778,1349.6647622425346
37.80465927779821,1347.407457635198
37.2548289599602,1340.5076252515587
37.44079977168076,1333.7233780738152
37.12797431471526,1323.0394275331528
37.45088844145388,1354.5271512282231
37.97839055621684,1345.535775872002
37.54432760876493,1345.7965249286299
37.447039393674565,1369.2791987038522
36.744171904862874,1421.8141832609685
36.36069913243015,1451.3131520152065
36.68152410107428,1476.396431623848
36.47128742331606,1481.1313864680476
36.769165998582864,1552.102251405181
36.60810630932692,1604.4238597916892
36.61820159576838,1641.3692639308263
36.64275109648222,1610.0202940398424
36.753273310751446,1679.4006133106122
36.682749930910965,1704.3172107382236
36.461577569184605,1803.5120716060546
36.604987106744396,1897.6619433806472
36.46984142962731,1946.6787842306444
36.90190502680625,1961.0581937965853
37.48942719805835,1976.980813603791
37.581622218116586,1835.6631380246604
37.401593980321024,1789.921179754863
37.36802310922313,1757.2515885931446
37.291425155550115,1775.2040547931042
37.20719675195197,1799.4287697617315
37.07273790482454,1840.4716236480074
37.223571439604946,1819.2548559924167
37.24327255844797,1774.7366655153241
37.09261597950265,1656.0398993703225
36.92598930000909,1664.6495857556176
36.85715138399698,1636.8454871392278
36.45153576899899,1889.8404595041852
35.742999650526436,1971.2326907164695
35.59195393311459,1979.1620043913488
35.26209493933539,1958.1124188381264
35.171127667812186,1969.701734016266
34.93220366556637,1989.7329038988732
34.59251785799159,1969.869851522441
34.64754823913353,1962.5781156422836
34.451287075105526,1950.9450048484582
34.438593003801614,1963.9132204079128
34.023036985703364,1934.1644214277721
33.89583181661328,1893.647952096213
33.379877243038756,1796.3016173230035
33.12045144717533,1691.4786346929218
32.80021565668728,1617.8093191965745
32.24847334705241,1534.3856346795385
31.929085651806652,1450.4838273290538
32.187242599856546,1438.5403332937117
32.196067986114485,1440.7071887098973
32.12956891979566,1447.4254353850602
32.380346884693665,1440.524210106965
32.45899835062083,1446.970077921952
32.482380741573344,1470.2064017954215
32.25135641821764,1470.997751169941
32.53209329385769,1492.9510343562713
32.30459847598673,1472.8422186241378
32.238693229328945,1479.7020528289715
31.8804440798147,1466.8156614358963
31.866214669167228,1453.4403255827444
31.970715501002438,1442.5775176035402
31.79811807562146,1438.282374208964
31.85976992925051,1426.099503072931
31.73250147037424,1443.5425779421225
31.61036049377663,1417.04578316424
31.465143096332802,1433.9822937540512
31.461078641200157,1418.4775338460593
31.63330976568436,1418.3021632004795
31.68633120746156,1423.4496603755965
31.413209885694123,1398.9055058517092
31.658242411829924,1419.583879128893
31.805448062959172,1410.2171696931393
32.05246008055039,1391.2380332401995
31.90748028807151,1414.9420764376864
31.954369451935868,1406.8903545148823
31.56449160842532,1412.728755805644
31.463670486715003,1389.7573169486927
31.44423617061753,1404.9926182691006
31.855298162850474,1402.3510820407546
31.949171417569328,1408.9986225470038
32.66175213811303,1537.0970002456722
33.70929434569965,1587.1826339858255
34.49770102134142,1633.1766937727111
35.241298392241575,1713.0281974118006
35.5034447258602,1761.7016037259573
35.923018266345906,1936.4284896992006
36.08197782278322,1888.3784214825841
35.924611654828965,1816.9392748893583
36.024304446496316,1841.4376585194914
36.132491980008595,1790.5085476279955
36.474893286041954,1822.338391923211
36.56235758502392,1791.722961631126
36.68511054793897,1776.7811835728803
36.78555676505313,1758.6984674486896
36.79708538351342,1755.4156727052814
36.833210568548,1722.2346734622404
36.50509945956919,1724.1020218651358
36.41577661627066,1782.5431248048515
36.45113139703563,1783.79111143503
36.453405516842395,1757.928316345211
36.5850760786057,1774.0681457380479
36.77831749053897,1755.9451316110342
36.51307194809569,1743.763936082557
36.60070934184854,1836.4551127723098
36.20850255529573,1791.0720843758468
36.5401461037927,1754.8736953995744
36.55571920381934,1802.2545442730275
36.56224466539216,1818.4306486768305
36.71832428975093,1705.3750300727077
36.486319004830925,1767.197074255505
36.95646605234422,1780.7088572740868
36.68944381555758,1753.8757407941239
36.50430158309165,1725.5135028039133
36.77363230567904,1730.9780048848525
36.56588547843345,1787.4844084388583
36.89721880408587,1952.7801134370075
36.68000989900172,1789.7535011985087
36.640197344132595,1794.2387670723233
36.79828198648744,1768.5346833744816
36.783897070640705,1761.0713646548702
50.980631462990985,1707.4225165208509
36.86067718131244,1739.8592882905864
36.71184898687119,1844.024703861447
36.794441710956896,1818.3292178263032
36.84238947805643,1763.313148713366
36.83511794255527,1726.2456419917833
36.94828089339606,1698.3325220154725
37.08034959317188,1770.671039307005
37.00099350180956,1817.752352206033
36.96331983639951,1789.0217333067558
36.91360715657727,1780.5390587722818
37.07323553903874,1768.2732218748006
36.900888434293705,1746.7594933552386
36.996612478172686,1748.836864078581
37.0182512181497,1701.6974758118554
37.32058053329493,1790.6393234116292
37.2921798108846,1851.5126613389416
36.943574375957354,1876.5866613521248
37.18375881781027,1778.5504892946424
37.09587403099689,1781.8840490799826
37.03638295080971,1799.134160716546
36.959649825054534,1717.1321210569454
36.88091930073081,1733.0264805260576
37.12769024360568,1721.724669894492
36.9346815326325,1682.3157568950278
37.203471245831246,1684.4510929119356
37.09077139422325,1649.372584824696
37.06538013317431,1621.3896740102673
36.523523182606795,1598.5582721995352
35.837910782821375,1506.171508102916
35.59936980686014,1567.4954593634134
35.653368444495634,1673.483194107369
34.952158350355134,1704.6773835235667
34.76472477874323,1724.0828195783524
34.8107401053328,1773.358171288021
35.218946584132304,1820.867266513899
35.308726061673084,1833.5037500879157
35.261600031836814,1868.9951104340664
35.353755930794655,1793.0596625423113
35.35406180871559,1782.1267957602806
35.440959987903646,1776.9678584593994
35.43986955506718,1758.194077192701
35.51980160788768,1733.1793109205623
35.403063926489686,1687.4317001389027
35.25673088891825,1650.2668376820789
35.45064396042784,1632.0130475289423
35.096941666767826,1574.3330262309755
35.32085131790918,1569.8231640880097
35.22970032920512,1506.732179852077
35.3465300827886,1499.1793495672118
35.27577219183704,1484.650673628107
35.47336410532937,1477.8618966669264
35.703600790255535,1465.6902833736783
35.83787107944407,1513.40775994923
35.882331711652355,1493.9860526780785
36.07652343322415,1526.26706403857
36.683749219301724,1498.1771022935802
36.94615348628717,1535.6506636794575
37.295654450214705,1497.6466016807376
37.30210103201233,1476.7920711012187
37.138929102120095,1490.8399517269975
36.70988956964001,1521.9016578705384
36.716112470069945,1574.3515645070197
36.96476472336882,455.6834618521709
36.89492362782405,1572.8466077999879
37.116452909359836,1520.8593956507934
37.585634258532096,1496.0222190695767
37.80032306643402,1475.5869729226088
37.816770546619836,1481.2248392695365
37.46533896112726,1461.1601133656072
37.40326587491381,1486.280725818894
37.37503242178441,1521.2028116742113
37.161897454227216,1504.8093147085565
36.998950593238305,1409.1890273391152
37.21098087328631,1378.1820340447957
37.84211131866118,1356.505455068912
37.03749475650311,1397.5104128682292
37.45466794318128,1483.4641328060895
37.14605420401227,1487.0145631651262
37.1059403076459,1480.2863563493615
37.347537265910944,1500.86824394951
37.31357735678455,1525.7506229363385
37.05934518492673,1588.4059192322102
37.05485884969767,1758.6487766459875
37.37951021201693,1814.1907404631445
37.54110959417637,1633.9437453710332
37.52144421253311,1653.352444043142
37.53765502193642,1717.351702196897
37.711918781234715,1685.6056291877503
37.837432134472515,1573.0459111009811
37.683722209310375,1559.276817564205
37.42368142398925,1560.970525701352
36.816020039276836,1539.607994682842
37.795926007405484,1565.0903697429083
37.49531751733387,1498.9731552345238
37.574630338206966,1506.4536715190723
37.91837870605353,1526.5361468116068
37.99704457156451,1503.6357084851334
38.032105429091686,1503.8390292924873
37.95000127600508,1532.2868125054497
37.845727959194505,1487.3522350343937
37.36263562860154,1497.5276262019806
37.80335186943046,1501.0193048643023
37.98933951300417,1500.466049998558
37.860668337699195,1472.392213666201
37.84212946772221,1502.194369781485
37.12835707897953,1512.8682896731057
37.28055425974971,1476.979728117487
37.8376450814081,1468.7957373569254
37.66883333342544,1526.364463759617
37.63580759540263,1605.4744981676822
37.80007143355305,1570.3887407013685
38.05048231402673,1572.55528340599
37.67364809698625,1611.488996363868
37.66743167565201,1580.0367168607695
37.588450283127884,1533.6514284454688
37.38135411988513,1541.6764081062734
38.00016121625515,1591.2512619998201
37.946800344188524,1577.7064294603576
38.291255741532176,1536.6084642339392
38.3211266827895,1529.1134549228154
38.1979337253583,1559.144576647644
37.72375894823359,1524.1148929274314
37.92570365866099,1481.042089616978
37.63599721895824,1496.6949481009792
37.22953787231279,1502.2980236634749
37.60076891802994,1481.371529076628
37.72350573257537,1541.651702065182
37.58476612193456,1491.504946526599
37.51205114466833,1532.5967580479282
37.97867168126816,1535.1383124691483
37.996899037641285,1539.099140305112
37.98874611767957,1498.389115600181
37.88057576314111,1529.1602503962329
37.406854024163934,1489.1898524198414
37.63611530283568,1524.2491763760609
37.61823443745675,1570.0546540221003
37.46923991668297,1517.0506863331007
38.05292882755691,1490.9320455295594
38.28638650710325,1500.3619987596435
38.44463732536049,1495.7019799669965
38.57363620145463,1483.3655947689722
38.57963022900843,1461.4512127619491
38.00192584646927,1490.5491610216477
37.56423916479689,1451.4398506915202
37.578121323965405,1439.9719160391144
37.39856652087984,1452.996426665722
37.55604392992859,1465.3515684481238
37.91746620018076,1479.539355281432
37.90420286486894,1526.7900433423424
37.53051955891325,1523.035734505615
37.42675400803185,1565.2315593889145
37.21064048787573,437.17962003268985
37.40614465843028,1686.7901545064783
37.33989909264464,1727.1033236558383
37.311863234615885,1671.1373296965517
37.36579350479781,1711.3427193010132
37.830209901914046,1772.3630524407606
38.11165475594413,1795.7828832852724
38.09670168471811,1717.0896989090947
38.279641440780296,1683.2156106766236
38.06487970791188,1607.6584547963844
38.16713195953655,1467.3902052622223
38.05206887533036,1487.1035281725935
37.98182880561278,1485.267693282838
37.89606653941965,1578.5091610741401
37.73096450882492,1477.1216807381197
37.53365199786083,1492.7027492003986
37.658786381073426,1478.564166278325
37.82827315254258,1564.774940999749
37.41748043865016,1485.623382777079
37.21021473812429,1516.8005176843178
37.43043501241528,1591.5769380754755
37.869929134309814,1555.1495164572648
37.60837592503998,1653.9175920267837
37.531725856788206,1698.815262519532
37.12727703039381,1652.3598921794926
37.648856109831634,1556.4701462670523
38.06506610002576,1559.1333849545977
37.74864000204866,1562.3166358335986
37.4051004363087,1649.5007398266207
37.389632461852194,1617.5257313497514
37.42936074541208,1660.4627914743012
37.58271358220549,1698.2443949083531
37.6095964199345,1703.8867137305847
37.621453106529614,1709.5394487655726
37.43091111128717,1733.9086211149997
37.277369588364806,1727.6332770161162
37.342567331610084,1744.7306071881706
37.42342901199844,1715.9575516492637
37.77486049888323,1648.6055573609196
37.412514021135074,1712.1847196217736
37.411802531733464,1695.6078199283468
37.435382180183,1760.0479413228213
37.545177057941956,1832.6912663266758
37.64144384161578,1949.0705642613887
37.44408899233914,1957.5651586251988
37.34641585959528,3090.600436103743
37.215212118377416,1899.1353721189057
36.85345346793934,1957.9616903805208
36.01647117650664,2035.0546322284654
35.63054907115041,2027.3882537937216
35.241003856689474,1998.2296735781133
35.20369947636526,2047.6711936997622
34.70806465431818,2046.6154192624558
34.333366979814144,1968.713151613957
33.5617616113702,1860.1329843335961
32.860083617793904,1763.2946930980568
32.883756094837715,1691.4075911179116
32.35697973235828,1611.0145349001673
32.41255593385727,1562.015674558459
32.263466217492976,1608.9408709129025
32.259129766122484,1562.1149960433117
32.168507534713726,1558.5257085597548
32.2026518753402,1579.2212745619815
32.09510158746913,1616.9095462524458
32.188697999562734,1594.1327196261366
32.249475252742855,1601.494594885638
32.1803256363546,1592.3496060844338
31.995389591025944,1530.5348628425186
31.9222708457252,1527.0371411367382
31.783794446576103,1561.7359005770938
32.16199495800653,1517.8626356610057
32.10708365727386,1481.7280030340648
32.30817583204822,1512.493136250699
32.50247914362453,1507.403149513268
32.68240798849044,1530.8374441384944
32.97012718875007,1570.799360273952
33.199461334563274,1520.5082976882932
33.26557537036673,1523.7932267239134
33.095662127871876,1517.431647891889
32.85909471606695,1480.6988218196998
32.66103510091313,1466.548936275245
31.92077045455208,1449.9103332010154
32.11725101192077,1452.367755040286
31.639252993582723,1443.4470632908412
31.592279632878743,1413.6195156608417
31.417000741079875,1426.6938006529851
31.691907353234846,1432.2234590579405
31.902162779021353,1416.2366941493574
32.01753814995169,1428.9580142342736
32.366124877585136,1436.8947692678823
32.487054292226226,1439.0910489095054
32.551262592496734,1444.0186323837638
32.65006415878396,1446.9732924574687
32.60217178574361,1445.9159121075133
32.67214047600643,1448.2266545511661
33.18057997412283,1431.671125131662
33.611628506949096,1476.8765700106871
34.018069711961786,1481.9193965077293
33.962346138495036,1447.7779595531856
33.903035413034615,1426.9618437145923
33.85175400445824,1405.3703234909717
33.7636362660715,1362.3421346582059
33.756243273188204,1424.1733566057806
33.497875540629686,1425.4931260100084
33.90042362730864,1403.805917254538
34.16394491391509,1399.0553071067093
34.71344862679828,1502.1358359248911
35.07959564757294,1600.7583580418698
35.340691239084734,1709.3807667120873
35.63541488165969,1771.501990841844
35.649698723659625,1968.7318180961342
35.90439049343283,1919.1481623765385
35.88075479976693,1922.304856315951
35.88540871977729,2005.3969860190282
36.03101168275488,1992.3605605018297
36.37238132584777,1942.0272377949268
36.279070250485475,1931.5817889032662
36.2182821594879,2063.925850994007
36.38716334178976,2103.7034029989254
36.48791306008409,2024.7395856706921
36.34226846024622,1986.9982466293468
36.6018537383315,1968.217667254119
36.77410668728092,1896.9810097115426
36.64489830492913,1978.2850478703265
36.71525072923893,2058.901424786993
36.692567851067736,2079.393693830925
36.60534003003546,2002.593605504037
36.81214412165764,1948.1902483899512
36.75586468009873,1927.031507289701
36.89354425991271,1945.7342049292242
36.768213572381974,2017.217507329839
36.74276332149762,2060.7997417888073
50.827176321440035,2027.9953378293328
36.73994952431921,1959.2933585743235
36.78446421820822,1965.015774576066
36.557680586376684,1987.9181973582192
36.6021317779082,1925.8384349740845
36.677164717104745,1937.0577326630385
36.78181563076468,2048.8057267043846
36.737736256346196,2147.113035749284
36.52032079918756,2117.890704040712
36.67079511399251,2036.4648792306539
36.648872133200435,2028.257980771918
36.43300881424159,1982.6708621857547
36.81491033037644,1981.4648527221366
36.52715324865402,1964.2253954172675
36.51898845150961,1906.8140094178375
36.682136160951345,1973.9497884713965
36.829828622920985,1990.4421189926059
36.698774110884216,2030.6854651124072
36.83306507110067,1976.4730772158055
36.94943043920751,1926.8306111149222
36.88451332488885,1898.9826692776917
36.53603320260032,1993.9965847744743
36.5642663967736,2037.0060065403372
36.73378788597887,1969.2932402794345
36.82934216369097,1934.8434966824098
36.91520609782656,1998.1742384732433
36.92448718944826,2032.718068404722
36.95246404478631,2034.7668328264913
36.844925978095034,1935.3951835465673
37.00638811522475,1936.8332248586091
36.91898112228884,1975.127638541114
37.001833462149044,2088.2489397257978
37.00049393543614,2103.6491282318157
36.98659382867806,1993.6918323503692
37.01742306443546,1983.2580502034893
37.103965537939786,1948.1762037072253
37.17901351186473,1906.3240684740995
37.298645535983844,2040.968807115346
37.18117910354577,2082.252560333493
37.245244847596744,2123.7552133678437
37.33503256802966,2028.7334958705192
36.956920428021185,1991.0187605521232
37.088653654551756,1974.1959154008418
37.310968616764264,1967.1015563070018
37.358574041775896,1937.6972490198327
37.519939463464254,1967.1648279948827
37.3700737604581,2053.676722984513
37.420609886732,2107.27474516436
37.303383369245424,2000.8346999308242
36.93454949055683,1981.016670807212
37.12802861964859,1993.5974467477017
36.91254625358106,1947.4420682073132
36.687714636925435,1965.4359559024906
36.636574283018895,1957.1944480035024
36.34474288276509,2019.3593284805734
36.63107358792526,1882.7707157165348
36.13008181100171,1776.0309267012515
35.77300750183828,1709.4502711864689
35.357190112535726,1692.8273500306193
35.27689190937591,1700.5266329469819
35.96740247736473,1696.741126070182
36.110723004811696,1698.1407853293463
36.21512316753451,1646.6114845594163
36.43036382594102,1712.8671654042143
36.51385099633316,1751.847384314808
36.62210645197957,1777.1291632432094
36.85489488032182,1849.7201266385155
23.00365440819017,1916.047440512398
37.141348106125974,1881.9846804359968
37.44433515601787,1859.399156139835
37.53465602155105,1778.4889674199148
37.404008592840306,1734.348790296238
37.263628376742886,1721.3114012119568
37.17296313137818,1681.3335304690927
37.287553966627854,1699.8147596126207
37.79238486150426,1651.595350566353
38.01281147267192,1633.0895403962818
38.01178874126791,1654.5093709609669
38.110603088499516,1713.4849041963978
38.48475633154001,1605.854164488863
38.090912456076246,1565.231829291508
38.48818461968625,1562.1405126709437
38.21952917320153,1574.560866292311
38.08536933958675,1528.079550237855
38.42473066232806,1483.6324745136062
38.38273457840724,1485.6482419313165
24.063689766188627,1510.7756861197672
37.70953637718681,1495.5767995413821
38.38926061195986,1486.015702988454
38.6477722628659,1522.1783352143834
38.02954658174946,1528.1346658757516
37.9959380366836,1511.1617746334873
37.94117023002675,1479.401866074937
38.55811933555276,1450.7926311832657
38.67315044197896,1460.325841567183
38.45678144750273,1425.306600122719
38.34904035208261,1403.0345230013054
38.147221133655336,1402.426861348345
38.566279042308764,1401.6765794773157
38.25506895159303,1438.3903608327137
38.49527183231981,1445.3369772343628
38.093261189642426,1456.0145928459735
38.344555098150295,1474.3847805540556
38.60183164968966,1465.857619710225
39.12549106056138,1423.7468539434312
39.23508849405526,1412.1731211797605
38.67530310261366,1401.7396727199798
39.119735975674104,1387.4460728596907
38.8615816269113,1430.8714481939387
38.97484226758598,1428.0888143301763
38.925322140097904,1442.7284240331278
38.794164091648724,1440.853449915995
38.97969225372157,1430.4042902128401
39.419588033431516,1422.6338001888175
39.47365034748349,1435.2698259823665
39.20083964011396,1444.3005871361988
38.738083298116294,1433.0901568087977
38.84635175821993,1451.6316658924522
38.716563278679715,1431.648118078755
38.01492104678189,1431.142623898756
38.20906026061061,1447.1197906706204
38.42284228940006,1453.6926293940403
39.01143709321293,1443.8890230252143
39.441147547275115,1451.4064706489696
53.2975780028508,1445.7075759572394
38.60150232000139,1449.176861548353
38.12452990859727,1445.0038077039007
38.429452105246526,1444.9851487100973
38.41467951386927,1471.0770413348166
38.355334665572464,1493.3608744228036
38.36012190329508,1501.9743793474627
38.488278469511876,1503.243098240534
38.37856186849885,1482.4564828158977
38.861382977661854,1498.1925065436508
39.21603367356746,1459.0165858149987
39.68220557745044,1439.112185183738
39.38918841418918,1438.2782462438993
38.98873333112663,1469.0408783664698
38.95112403251027,1431.5823741384513
38.4775758531647,1422.956748480956
38.28958641671733,1434.544997208508
38.476948961790264,1455.5231668635263
38.66043853464736,1483.3201776286846
38.015943713286475,1483.929783854795
38.4143257076896,1480.0156970917808
39.08190328597285,1490.9289310796494
38.863855059045335,1488.0197880996311
38.738882915177825,1477.8541003682049
38.42122485207289,1493.637512659192
37.736201783091396,1501.8421764069205
38.11733475601142,1550.1143674616605
37.85753510395749,1551.3967188958823
38.021573660821254,1598.762098408697
37.81936618138339,1615.0463207523305
37.987232975668775,1730.1364834136366
38.598997966494295,1640.7182416291619
38.90430672924951,1600.8255317928474
38.7532791964079,1544.2970599746918
38.331031184523866,1528.159269617012
38.12121378676295,1453.7785247291156
24.221337772463695,1468.5610891588153
38.38430708413431,1476.9237418509676
38.38281483693848,1525.1940227102104
38.30347459928848,1570.6368897154543
38.08607135713384,1494.9869164871725
38.27896740478137,1498.3092341850847
38.23577758704427,1515.678205300042
38.3518772760559,1504.89771288718
38.114217859798075,1573.737406162392
38.144137275390946,1527.4593760819291
38.3882638926106,1551.9926679961154
38.37060836194525,1531.2570403654163
38.22094427126073,1512.284227831516
37.97234733165337,1506.8601603829316
38.372043138834286,1531.0957966470605
38.175997436464556,1591.7180526508087
38.18182742995221,1545.7822417476068
37.87747813548975,1601.8328878181069
37.87338078754839,1659.5414254390193
37.96459605783713,1631.580789909954
38.14014812366742,1595.310236238901
38.02606755900026,1632.425346880002
38.110568693385915,1686.431683846154
37.9839086401377,1696.9367204381897
38.21244605600772,1732.3777681013485
37.93745623737706,1765.5459417513907
37.91695223097541,1698.2781694941098
38.03295822738537,1675.96511743867
37.76258316058672,1688.9486380699034
38.35623304904773,1674.2923833729833
38.165050696603274,1764.6636323579146
38.093635651435186,1744.1839310440603
38.05301739790036,1659.1777082341164
38.05699482703511,2941.879072943933
38.00799907682813,460.9493311758795
37.92647994126608,1600.0122695827679
37.91039172005185,1702.398106642554
37.936245276799376,1694.6223673757968
38.15200231414191,1750.7630625804509
38.11713512729219,1767.4167722714399
38.00697694413551,1713.9431258247841
38.17270891919716,1631.351875011092
37.2410041011073,1835.431301750665
36.71452022825537,1836.405847533551
36.55745851029023,1815.9228497947934
36.044942851859574,1829.8674355135688
35.69773672484959,1825.5071380062245
35.53565594458424,1829.86770465102
35.17377552414794,1816.3794074966045
35.166380150133016,1862.2811343722528
35.00895862521763,1790.4768004182506
34.63685021520805,1751.392108961135
34.19507324097121,1630.3071722880295
33.91435846383296,1592.0442835247575
33.69409795363982,1567.855267933677
33.274109311923254,1525.8849276051403
33.36128532605716,1490.6770351706323
33.42931916170263,1464.5939782348337
33.21380240321538,1442.2768410158997
33.1667749386976,1442.3968341995692
33.36620231212949,1449.9515042061007
33.238008912802975,1463.0388252001292
33.46073614561418,1441.0229259980613
33.555610526248145,1462.0330923255724
33.63697275130095,1480.8062481350803
33.345792080883655,1461.1876885254733
33.25499871609604,1456.5260326210423
33.22652714130913,1455.404538299504
33.1394121248471,1443.9558859696672
33.102018530614075,1440.5492031400388
33.13232056602627,1427.1013295563466
32.701395362670766,1441.7596346454957
32.630832487217624,1417.7380342468482
32.8273694140854,1421.3256041793886
32.972353409268194,1417.2612713348258
32.89412534746172,1436.4925301191533
33.16311637328485,1449.020809125464
33.44232264562683,1460.3521069077037
33.52047172885239,1430.5533022282525
33.391954097244636,1441.0747211350435
33.183230895449135,1437.2111877652053
32.87426864879059,1450.2239381326804
32.84495580102431,1445.079804641075
32.9550231801763,1438.5686544749233
32.87856520501162,1439.3821635446814
32.73596441586733,1423.1470580670125
32.92572257267804,1455.5108264127941
33.17972457234333,1439.9481144892927
33.172136467610734,1454.2840873866508
33.32243000588838,1448.8476604442071
33.34024266769494,1441.1348165755326
34.170773455696335,1468.6902490731977
35.0642414318698,1504.2596924163677
35.957765607616736,1650.6147477330646
36.09929140289604,1754.321521370493
36.54831058790072,1857.988815463164
36.973689287921374,1819.940649800762
37.48653867405004,2022.4024769000912
37.676170271328935,2172.918368158448
38.04295172929076,2097.991960596538
38.16125035641584,2084.692667821983
38.5158492875221,2000.1348931482246
37.946050739673126,1722.0102255416937
37.75631292528355,1820.085862231912
37.95315094669916,1781.9781445937906
37.70540298358426,1820.960041206295
37.8904343505451,1820.181027918085
38.10519452811696,1767.1942998323743
38.13290563596479,1767.9759759376457
37.787627110152386,1839.0944409656845
38.05522787443692,1983.2265454795343
37.93315666554478,1880.4260361672655
37.9331493226641,1967.589411367377
38.14049577888803,1776.1119407632987
38.02872640437906,1745.802428723048
38.11648960806148,1716.874622831855
37.97262059588421,1711.6986580051887
37.75030363158738,1777.6727148479595
37.90773911333122,1889.3510499805761
37.727571897733874,1818.473906328452
37.74231598052218,1827.626239665475
37.92826835177212,1810.3571864620735
38.030908422691525,1811.1296012477728
37.717920962259285,1758.7637327263733
37.747906676712326,1814.0200446470685
37.93967460595957,1866.5024552542568
38.20299743907006,1991.1624607245492
37.9715940927039,1922.2361845689986
38.106888496999886,1856.0232760880908
38.09826473744116,1841.0185547917497
38.23276995853213,1858.7762568542332
38.00475642740587,1843.2440206641018
38.16463067350351,1807.1702945372563
38.002740814424925,1831.5746820086674
38.02015540231246,1789.2203508409423
38.0599715596986,1732.038408618904
38.0323792888629,1708.9220375939944
37.88403711311054,1788.394798626716
37.925155860032696,1859.0230467249528
37.744061120100966,1787.638179982809
37.9898768425615,1811.8448103239984
38.000124884361114,1781.5297171189943
38.00879571968983,1761.2093898414068
38.023308071018725,1782.1440609758242
38.00829139012526,1733.9195834792777
37.883009335028596,1815.887013977771
38.081727413495905,1812.3385746357094
38.10708873231411,1891.6445725093668
37.97696164956661,1910.6662881892712
38.14142962351613,1863.3093203492358
38.019790149331456,1802.4588139438888
37.96386066379323,1719.6552341950187
37.884302845941676,1771.0674997159858
37.891996280209106,1744.4964777139958
37.74423795812313,1754.1478568980444
38.01752855588768,1707.569628408225
38.09050653220168,1728.9907514612905
38.1780553804004,1704.9365849417788
38.12733964128653,1706.5075567553788
37.95416087862856,1703.9841879982043
38.01173827001177,1796.9967382432833
37.71242794303096,1862.0693741625973
38.07805578416212,1904.736650002794
38.14058746426076,1977.7277195308368
37.953428908659596,1979.936290899409
38.0278484643061,1912.5236036759948
38.19332064623108,1855.644994627194
37.995307227205075,1806.7235685103426
38.24228374236653,1739.069977356207
37.66514451665592,1647.495926930992
38.05205930764114,1775.8974161929816
38.067296416978294,1809.738022931671
38.02642000002953,1866.0599147501484
38.3047389966994,1805.7770355083599
38.023796060071064,1751.6761629102637
38.01277797488703,1713.8948705193334
37.99740325981829,1739.817734800502
38.02706942048377,1759.9847167523094
37.76332285924993,1816.8268027112492
37.804827781591484,1835.1431490211503
37.89558848029668,1830.1407014548558
37.601681945218985,1887.014277133459
37.403216418211926,1921.3732132480563
37.429263612510525,1995.5374439976222
37.49488172423672,1939.1097848303484
37.652055705379595,1998.1472392033334
37.374969894139234,1917.6007878627565
37.39269555459579,2057.770883088713
37.73004538120796,1950.9774434003498
37.49737804353862,2027.192768718994
37.36560029867371,1940.5746217802648
37.073527699398184,1960.5294868777132
37.05719170866082,1980.0165875401804
37.30828178106514,2022.0897032782104
37.116730895906784,2081.9074406899626
36.82628610319056,2108.5779486315196
36.575620756728924,2028.7782118639407
36.595253053186994,2026.1216340879355
36.407817309903855,2010.9578000002641
36.58012727383938,1961.269562454745
36.85430914206898,2018.2470435434159
36.61389562142955,2094.5761234141796
36.520388631152876,2048.7871493468
37.00773385397303,2004.6802786457888
37.00105582889095,2025.4784224747373
37.057380302974494,2019.7246395367965
37.24029341423105,2120.8729853156374
37.425366103370195,2136.279946882957
37.49995862630577,2069.5019012241737
37.10128762721776,1987.5071481116559
36.96934004610472,2004.6213281724022
36.83122788901875,2082.8104843626215
37.14286249057621,3304.5081809791072
37.05605620400217,2094.345043214301
37.24272354776731,2045.855646609665
37.44686159849741,2019.7075384010707
37.6806915737508,2044.7065683005421
37.8651450167348,2121.102839997101
38.084737842115075,2073.7737632922976
38.18446360402585,2000.7144015325034
38.20383488068717,767.1505877029265
38.174448757106546,2019.4775105752478
38.088935301288046,2010.9527214448667
38.433200167315945,2013.0454640742273
38.6386444599223,2004.4404374351643
38.08161997496645,1773.91306299294
38.433991616105374,1725.2921554464415
38.52340834079832,1767.8057573669275
39.12451243101793,1795.9248478810732
39.13110880947495,2027.0499448070652
38.627793387679965,2339.02206584988
37.94089669405045,2205.801216480815
37.7078508790468,1976.889756732804
38.024346843778034,2019.9922864007508
37.86900837855853,1939.5703705699389
37.774375031329384,1969.0714393410026
37.638615082609206,2012.2104014869283
38.30840192751512,2044.414916760884
38.391717844396695,1889.8583386750731
39.242258603648025,1919.8303456093654
39.32544938796996,1784.5708248541446
38.05734632799232,1657.6507213315049
37.98143659885483,1566.5915753965392
38.60030513380589,1544.7133771845702
38.35643842050667,1517.0439148397936
38.62296616877503,1464.1778221058337
38.689069637775766,1439.594184100551
38.607822670658905,1497.4514404224378
38.292174664320406,1480.3511298638527
37.69982146842893,1534.4774361312284
38.24964064825617,1487.960520722919
38.27868691856072,1539.6502665380544
38.43091646473877,1582.9631645472653
38.71258756744638,1574.9030886730561
37.928188346122035,1630.807063951726
38.2329850559301,1673.4699097755706
38.53785876575984,1766.5044990217225
38.19498083439002,1814.9512763368393
38.38478134911734,1792.9240081518512
38.63022764491141,1786.4889115302988
38.680632686563875,1696.8492840233685
37.96855679287823,1571.9187721752874
38.1485033283841,1616.74000922582
38.49990821966476,1532.9809275643242
38.038191520986445,1540.3730242493134
37.99027767964482,1688.2878835035954
37.856188844694685,1697.1589829553475
38.41453887062414,1677.5900682971005
38.07822478456832,1659.2841530363717
38.29215704701805,1745.6223435319048
38.35765081135741,1742.896717640402
38.177166471026446,1909.9019688009384
38.25834968958638,1884.6940621191557
38.510275832533765,1843.5660435278483
38.429468120202515,1761.6745803433826
38.39404557547611,1717.3039973443495
38.34296862507773,1653.3072901391938
38.15240344886717,1639.2580996664055
38.56978172605767,1595.8263339317568
38.728411835270656,1598.8962768313922
38.5461212946057,1775.9852851280148
38.03455655298068,1861.1853372870728
38.26879554799139,1756.8939709738713
38.224856083510375,1625.1456565729948
37.839204827452626,1730.0401135885454
38.27456554817023,1636.1784487084733
38.428683018163255,1587.9427618223576
38.06962141141274,1640.4878475275932
38.02261687893432,1757.623188801201
38.36176442259767,1790.9295374561018
38.30669131713573,1670.910468756471
38.46354076204598,1669.6498860399772
38.00277563353468,1689.4109555948926
37.92977939027479,1685.839246530811
38.21615367698645,1692.0250986957044
38.21484356933338,1718.445749212734
38.41279276538391,1755.1676878907567
38.208516543942345,1857.2188096222733
38.16958772762517,1784.6104992147045
38.21979709783975,1752.3594287981523
38.255930390222105,1753.5367637044465
38.27126644063372,1767.0686831320072
38.25102158478671,1784.3424183540437
38.2308972211039,1892.3879282047092
38.36777974598216,1961.115292591271
38.20940001650769,1862.2499058525957
38.31577167568389,1815.4293292842108
38.038549701013935,1780.6138915820752
37.96451110266115,1779.069632256978
38.14643622872092,1740.4207287821428
38.32178960471333,1777.4841976021507
38.22378476134391,1780.0460109456567
38.099469323630714,1876.1662730203625
38.23733884428143,1968.8775245815937
38.162761905275694,1990.8693833811922
38.0490119528581,1954.6012169414298
38.15921342823466,1889.2021266091629
38.08044870785224,1853.1403235418948
38.27502188751092,1811.109943053254
38.10153055510139,1804.1184361227702
38.08879485050632,1858.281987938687
38.03566383512195,1921.7186715037249
38.0040568904251,2001.4504726610921
38.092956287877435,2137.512852958218
37.93101905103784,2121.6938941854723
38.117488319983686,2269.001876315184
38.081175874121655,2347.2555355839436
38.04666368904513,2299.370918645755
38.006673949790034,2228.2019558903094
38.23319020770458,2211.272066772307
37.53138134066092,2152.610598306189
37.19825252605387,2144.9417211421237
36.36176885757076,2137.415797317666
36.03223597481299,2144.7168571319035
35.6902054476071,2132.1891984536837
35.28476476807607,2119.850805273943
35.025947177836045,2074.48196909588
34.73444560410512,2052.968609958307
34.301149433655866,1974.566342466975
33.980430078738166,1945.4513087637888
33.744272337727935,1883.4761582213987
33.39347100279118,1843.1909798087443
33.276462817842045,1823.7332955024726
33.27863319602649,1794.7181347627193
33.064601638766284,1772.7366073149283
32.901501835933445,1766.094849365486
32.948003233505545,1753.6471610959122
32.65773595303983,1722.0745767868052
32.70228017480015,1735.9277002123092
32.5601215772676,1706.5035660966805
32.764975990115275,1657.7307118073632
32.9247919665962,1671.4809922124073
32.81005707371328,1638.018611357383
32.9896650309989,1631.0353904727262
32.73337190024401,1638.931468017885
33.01476922309964,1666.038319637323
32.823097689321344,1657.4473374096845
32.86430295475698,1618.0133614277315
32.26294117124911,397.3494447479495
32.41654560454644,1587.0084442889968
32.59249941467883,1584.9843638231928
32.36156390491103,1625.306452206684
32.376412075128684,1611.931684101339
32.54573728710019,1625.6568474035307
32.5205153098687,1547.8180112295759
32.30832542776846,1562.069616856851
32.50781931054087,1579.9430857669686
32.507023234719505,1586.1542045492638
32.43909344298474,1570.6704736295992
32.31766796958701,1572.8528832690617
32.226864281793894,1569.3098654422988
31.934987862132424,1567.5757322236775
32.04959270521122,1586.9533991589446
31.95399157165592,1548.047268822017
46.271818350958995,1555.9437392081745
32.19387479245695,1581.5119332610493
32.07784969763786,1554.3964723301085
32.27380068820144,1560.0726768357943
32.45389206818815,1544.860136812185
33.03703141126499,1550.0787239732254
33.85235735825401,1560.2555995635153
34.68984174755371,1644.3845051757335
34.99209264519478,1610.584932525362
35.655932016773704,1591.5591950051496
36.003373644579185,1590.1990303078887
36.156174828052905,1576.3584880517672
36.656297648860374,1567.9088303032445
36.64113218780902,1592.235810385349
36.857801443952376,1684.4354330210692
36.95576437936854,1670.3811030187671
37.12986393666511,1606.7182218283078
37.385354346842924,1618.9480363944863
37.78536895430712,1757.0670931195514
38.04235977338186,1977.7312188111248
37.63417170477767,1757.9931932447907
37.187551710121184,1865.6758648716614
37.179668301364785,1975.578092034113
37.35555028214694,2104.4802213773282
37.405107610401025,2199.8154474284765
37.33131143580051,2227.309051416092
37.289757889714515,2194.828996659949
37.22115395450078,2174.5143900198623
37.180018535187706,2074.1137797858846
37.28578274707991,2073.5353981709486
37.22083310708437,2077.099568569357
37.06588907477179,2056.485763252229
37.20920259606581,2002.65491411639
37.08856690821664,2062.176921079038
37.22011996604022,2135.5751667259347
37.104457259817714,2109.1132437167416
37.083638383522214,2051.492439461017
37.00194122074397,2066.182450832078
37.15379455251816,2003.0431819468008
37.4928137623489,1989.2740103028061
37.79126497303793,2081.712182790431
37.71000731417745,2219.7645374475387
37.84775095801658,2110.9646462475403
36.984075623502534,2033.0225732666952
36.91938249868007,2057.728216867648
36.68330085063563,2054.464614491582
36.833851739554,2037.5220492057028
36.638315123053516,1983.890478729427
36.73493655430589,1962.4054107640634
36.65470025887565,1963.962648777389
36.664505316584844,1901.6190295869424
37.07581010526385,1888.3383486028256
36.870359099630406,1901.141036104183
37.26638504625455,1862.918185791616
37.00682137332506,1851.6560149050056
37.253878652962364,1852.147090782761
37.531062811977435,2046.7408363291236
37.78395920107805,2170.468926174469
37.814980069174254,2162.7834536535274
37.1414903158403,2065.7424983562887
36.98628932084338,2168.092085432715
37.04433246734681,2069.186896772979
37.10251010075675,2054.943867009335
37.099954563259324,2011.6563356956171
37.61313884860977,2021.9675385736107
37.82366111085638,2012.1066209691153
37.78999652896174,1966.6010477303223
37.981482052649355,2014.954668968015
38.151373587479334,2311.054527168958
37.52540882454833,2217.4029881056504
37.175209661195936,2166.6668348970657
36.858876889654674,2158.911692998181
37.0636307253083,2187.503314201149
37.06535025689906,2143.639991710048
36.8811647006234,2126.126506487287
36.85056862352556,2080.5364224522677
37.21524494552264,2067.514453727014
37.43328832279043,2044.1331352084499
37.66408893992112,2029.3045789511843
37.764161464915134,2103.63473038532
37.047095889189194,2060.932419410182
36.82854409470686,2050.912733485172
36.828213686161135,2057.953139967006
36.7434628504535,2033.0915196409705
37.21756535561794,2023.0212253934756
37.57484509188856,1984.189782478615
37.598306916296906,1982.0152958667704
37.58672313049315,2097.2097468783504
37.48351116370944,2088.5703492167513
37.372467894796344,2066.0756930487496
37.29441756037436,2166.9352645151166
37.19514191226725,2127.756886966877
37.07731668076053,2116.1942493188562
36.78285896390406,2123.535408897458
36.61504583501798,2093.406779344399
36.59117850859853,2054.4109600511815
36.691937402046904,2073.5112805699946
36.94453986012915,1994.8757183227044
37.030799386301105,1984.9180309826158
37.26207295781164,2111.3014179897327
37.55264603702899,2184.0167753514115
37.854664888405054,2091.56642442866
38.030914540146014,2088.3204063498238
38.331003768551284,2009.5165158278023
38.73271338553906,2041.78603889246
38.90302599508827,2026.8814399498706
38.81550578501089,2034.1203079613856
39.02575783978543,2111.49334281187
39.17297108654703,2117.457222624315
39.24697450355534,1993.1354670723115
39.258078331508464,1926.0380256315216
38.96702439257898,1771.032055219063
39.03618431535653,1712.182040013655
39.02113465602334,1619.0794216258764
38.52324211536304,1553.696582499313
38.749040668014814,1502.2294533573663
38.54607676589364,1499.2459991767118
38.320997715657654,1494.4410335034856
38.56052588104335,1545.7163534198921
38.86190889840321,1523.5111665761692
38.734656579135574,1504.4035452132955
38.41017232951097,1559.8765042288146
38.24903998008664,1605.6820112397963
38.64923610694052,1582.0390009844145
38.45224602250201,1537.6552736614976
38.85658635008613,1595.247795837647
39.140773766562354,1593.647480478148
38.701598461880266,1586.4152581199476
39.009940065118634,1523.0929102186094
38.63002711749781,1521.04621478396
38.68696852242241,1495.9351170828327
38.96336147093486,1540.723129210377
38.84855900082189,1510.4905346190092
38.47574037755817,1557.005277413306
39.21364280111348,1516.6652813697174
38.547097492222,1522.6061809630385
39.55570020164123,1504.6382044524823
39.16007358000938,1505.764557813812
39.69650753361013,1532.558125152655
39.88350297286742,1515.4766241573911
39.35802772143613,1487.3633263599268
38.492654604183954,1486.5573527420988
39.45530831233337,1447.1573785313642
39.31839989526023,1454.1984063012005
38.587387926115674,1476.242677198926
38.98642692655016,1456.1807422363431
39.18884058932656,1458.9500723082742
39.25823015788943,1502.123826246081
38.42701042376768,1459.8436442410787
38.955047858053874,1467.9926505062426
39.08266807417419,1467.512876040524
39.584957106437514,1465.062098183345
38.71561040966804,1468.7658263341502
38.34914305238451,1467.0836852391437
39.113835626312074,1462.980369221546
38.37046280189343,1476.681716368652
37.97938938930331,1464.7945169312625
39.12956900812911,1456.5179267170604
38.742310667727786,1461.029526433878
38.758902866056935,1466.0597681620907
38.41543389618846,1478.749082510114
38.214086696024694,1456.8510121922513
38.40128224024349,1500.584171721818
38.66777503493846,1444.2620307655534
38.628310286350036,1452.4619993087285
38.179225018888786,1474.665369082125
39.269850124653814,1459.8331472246625
39.53676543060771,1441.4075652560832
37.19594050168921,1458.6563300267944
38.42393700798662,1490.0992889258298
38.72958523186271,1491.8243888036513
39.43911043114478,1468.1685455071283
38.85022313945995,1522.1881194947896
38.26652702908885,1539.493088650005
38.94390334659634,1656.1091675334071
38.951503119083405,1580.5840317726338
39.17687482811922,1530.756661422285
38.47207679092956,1556.7064051960547
38.5070706781398,1617.3604727436536
38.7809438983908,1617.6941069107902
38.45813588615964,1629.1586661631104
39.661956509335155,1562.5128370140653
37.624823903499426,1583.2777862317052
38.05536782816823,1678.9746767433453
37.95071573016749,1732.1259404609336
38.58603994021993,1683.2234850680065
38.71497520083572,1613.9715224095985
39.51194790257375,1684.4088017595286
39.81819436241682,1616.8980532188996
38.74155360096411,1573.4298564704063
39.288688077985555,1558.0542581863713
39.48205587046659,1535.300083629875
39.09360721194277,1482.9037065563007
38.89534766428113,1479.9384806164003
38.10672472171967,1539.951033380705
39.19772313859491,1503.7778480479299
38.67485466968269,1458.1295258627786
38.834838930150354,1454.822367518836
39.568322610673,1513.3950888643021
38.91526827396021,1507.4812820324416
38.77905138958987,1494.9907725574162
38.57740089806231,1485.2392499999232
38.95852276172754,1479.552900806982
38.56008934621653,1484.8931767421413
38.52633463583431,1501.2014304536838
38.62121009629813,1519.62309042593
38.406641178867496,1471.7471030805827
38.82257262518438,1517.0428560980824
38.70400057679966,1534.330839665968
38.77240432812971,1531.8685796968668
38.452589007771536,1606.896418322474
38.50307849890229,1566.2255167355531
37.66769611812816,1554.2419420888866
38.298519947590385,1548.1999865738305
38.52196367418519,346.95831148977413
38.39377841877717,1591.4958886438112
38.08753618206228,1659.623839024469
38.12194050877435,1811.8063250459131
38.37175010415609,1812.020248074733
37.98257149134274,1802.3980105331862
38.24258157258569,1821.7720542430998
38.29317525200255,1810.089442516784
38.13562187406592,1843.325581337573
38.30890534832229,1902.816091667958
38.21612491990881,2027.2377677154923
38.14934344287224,2085.8380276330495
37.707457646201085,1988.6616636786503
38.00572249130279,2073.562822412598
38.0027744585342,1916.8058786162878
37.86326158249628,1825.5437482308068
37.887799599346366,1717.6859657078617
37.68959638225576,1643.166792159756
37.72179692773318,1673.4134896076994
37.79138913629792,1666.170590519296
37.84108830634055,1817.147901263908
37.758332457723355,1765.699591339735
37.61827953958958,1822.9807508829158
37.47145955384675,1772.393409786157
37.472172074822815,1766.0035074928182
37.525411446836564,1700.5000759522786
37.583023379608576,1732.0197451685024
37.779550683108354,1867.6518600741454
37.64010480309837,1938.5683638223436
37.68196121262479,2016.8826402828458
37.02701973770323,2048.8159147622573
36.4126506877689,2055.1639639903296
35.93075095874372,2048.102372272646
35.487050388295444,2061.081566982768
34.78965579314405,2082.3842969042953
34.633348746519765,2074.948745695845
34.3666694741558,2055.6865428512565
33.87085275339415,2038.5663022515362
33.865150767616065,2051.1686552958213
33.47374983824945,2020.9295144715709
33.530244595480646,2000.6100024708562
33.301784806952156,1923.2581150130263
33.21862380975573,1935.4050716983793
32.937223777602185,1926.8977403930642
32.85449285696921,1908.8811171659756
33.03026818987759,1904.2860615577006
32.83244030093148,1913.7223516721174
32.95109011894236,1869.4314140976185
32.79138362712724,1852.8420951450166
32.42299006013103,1833.8337848280871
32.836161878376075,1827.6303125724367
32.472337173362384,1831.7246325848432
32.31655281509461,1830.522634252453
32.749739492930644,1836.0490348881326
33.01830129980538,1850.062963908596
33.050583541626196,1844.3521598494217
33.403016568256646,1819.794727184466
33.47143140112752,1822.0490801162591
33.4611820083766,643.478286695381
33.7128986005481,1828.5387520740496
33.746563868645424,1857.157847185627
33.56665803512165,1843.3579962723745
33.70615496603058,1838.2452074046919
33.56330141401767,1863.3650804862782
33.62026365352259,1844.5722644885755
33.496473397884316,1842.078415695556
33.27840009494244,1862.111423207562
33.30635441644705,1840.7269937745987
33.37681522222215,1857.1334989528755
33.26987511405261,1871.4139750862294
33.29942707634308,1848.2365681012277
33.135828859934975,1836.298410236891
32.375741541527205,1841.3961773991477
32.30307562513461,1851.4173984502527
32.406616489417374,1831.4939417312148
32.36888175640595,1835.9924989384567
32.52267604641934,1835.9011821937602
32.63166575035176,1850.3232133523684
33.46146425261048,1839.6316579822046
34.70072490001018,1838.8657816783696
35.531421450012814,1829.4876718856867
36.340488737985325,1797.3966959147
36.95925907822246,1819.974958834917
37.05375314483881,2020.3803772009924
37.21575953379717,1970.6192499967344
37.340010244469944,2121.6572662711806
37.311180171080096,2157.6004848544244
37.36295387668926,2184.4756990231585
37.03094179052121,2028.726318743215
36.884934038321305,2083.932747601054
36.6880758533944,2067.0259797276717
36.716816411335365,2041.7914092284816
36.419337544693434,2117.6815811901433
36.500250399928156,2042.6735283840185
36.363669312759455,2076.3216330482965
36.52995197443038,2062.1014760466887
36.26628053085811,2037.4679507941369
36.55835005312013,2146.7073812183507
36.906708010732636,2098.9246228042716
37.18359264562657,2109.997312665306
37.48830813980827,2097.042911157218
37.428462483050225,2043.4156039504396
36.388521030952184,2051.702214282663
36.55616894789266,2110.341764360941
36.315004702959534,2090.860999260824
36.43206406442525,2059.2556169424342
36.30288378617681,2059.8363713694707
36.3522142599078,2067.3739799363757
36.7967935290881,2071.79137816325
36.97919887980573,2243.5205235812377
37.24238121081573,2081.43673200732
37.32066316856493,2047.7548949268007
36.49646038228872,2095.4001446236603
36.436069737997066,2133.1357985919103
36.33689293209714,2125.606466930354
36.551449760032014,2066.4617549431214
36.3735875350859,2059.3124005767777
36.859766616561295,2055.411376016949
37.03663489566073,2069.027436845269
37.029403674737026,2077.164240068156
36.373445956153766,2295.222701066571
36.25759724860373,2167.393532642108
36.10640417412619,2197.6040841699864
36.10144361668915,2161.3578503364156
36.47382547385847,2075.014284352717
36.73053719487039,2087.6886743676328
37.208944291477394,2067.7773373351697
37.24051595259491,2123.580705150629
37.204061831269975,2065.748308458583
36.17590670446795,2056.5907818621317
36.2109779177401,2124.8832942098347
36.28111352006951,2056.1301249854046
36.28000814461195,2064.1184778488405
36.26717294131736,2109.9069247167195
36.25140787902432,2106.7700042657166
36.63493717541949,2077.5907023365116
37.005130187115725,2085.4976141460497
37.20761305463705,2132.7552358657017
37.077758078170426,2053.6916013387695
36.445299487903114,2095.3950502761345
36.42012888353344,2173.246911136007
36.46427592545429,2122.210601579568
36.09511121073651,2078.401860312622
36.50122274963201,2028.4273076326413
36.595267700950345,2018.523415378952
36.88862068893506,2137.154608580993
37.07590541851324,2111.717097699059
37.22858485276859,1999.509888939036
36.258307315163286,2197.8369087181622
36.331804789923964,2091.422431060535
36.172238467115086,2103.1489689239597
36.127402455212305,2099.7982390050647
36.66926394154831,2051.683780308771
36.70602674589077,2262.31550371007
37.05306504181978,3249.9774172281273
37.182604228282585,2057.2365557793646
37.15858020756176,2044.7573183321338
36.40383789608691,2200.3879876383066
36.23342735987207,2147.715298776438
36.2675869646654,2110.924227533511
36.17134121655824,2090.3507934885183
36.25162138320124,2104.685220660257
36.54372795463385,2085.0397211808013
36.87078192890802,2107.3474112705953
37.06008211618314,2073.9971527637294
36.636518367834384,2074.6325301562115
36.567072064543694,2046.7628170668766
36.35817194573632,2118.650207133139
36.31336409536411,2058.590333005459
36.27485602344741,2021.3453844008113
36.13826798473754,2107.4508477920435
36.27380701803557,2167.2305302303857
36.44009142048734,2151.774636787166
36.60284423339278,2063.889766072659
36.80390154438581,2122.689194852959
37.40616633235961,2133.122274801215
37.497493973802484,2193.823531374753
37.84516870172073,2112.872091008317
38.2435952023567,2029.416742653645
38.21845713685638,2058.8149543514437
37.83119931167336,1999.880887851045
38.09598174365044,1913.8957469775446
37.904137645466236,692.6424603273476
37.83501345275871,1753.8808543251666
37.803392908507895,1720.7322103349527
37.75684581815048,1788.8320398957985
38.125367644585474,1742.1319112253163
38.11925035321128,1704.81415818251
37.66950321127422,1698.6014487042999
38.00083329011766,1754.713190711268
38.03358956721509,1696.585394467921
38.410241844562705,1687.8885880555706
38.28542338302601,1659.082517143785
38.14074658598255,1661.450122761199
38.316138058000966,1644.711202177792
38.75931850301382,1645.356581842342
38.22921223297372,1652.950869195574
38.00578844336765,1640.3443465211026
38.34940888689599,1625.7138300361262
38.08379138713957,1615.6631814506368
37.95922589557852,1573.2249548934471
37.80992252339476,1611.9348992222026
38.36634029433525,1676.4834130990075
38.748538050668614,1594.297174131887
38.28541356035584,1635.2101204307369
38.301237069290906,1603.6979174426401
38.14191898347907,1591.6304558360825
38.15516184431549,1535.4468655976139
38.66007458618563,1612.7378467918109
38.484320857810346,1537.308743167034
38.415259506845445,1553.8203894936182
39.136786872139325,1533.2350080744957
38.490528734408585,1577.4463793333207
38.277665831796135,1519.0053529629001
38.232888405034714,1529.5455040894271
38.68686317551097,1515.1229145949987
39.19510882102866,1536.3889423984974
38.75494698943254,1502.7542420313723
38.76379003241887,1513.5277028600083
38.38290008385569,1508.2454178893747
38.4532247298741,1501.7868701452587
38.34978200112707,1530.091718070958
38.56896496712973,1481.4208336792055
38.798931607547374,1508.1626798277184
39.11403944674493,1489.135120562647
39.44541518365932,1503.2901711098173
39.24409388881959,1534.0530483246139
38.95614680684515,1526.2707356727337
38.65792764341015,1479.1608678567413
39.155916441408976,1502.293688767324
39.6393283171547,1510.7516913617555
39.268879174321896,1513.060784989881
39.483324095353346,1471.0646135167788
38.93295046722125,1536.9995451004509
38.02912913288001,1489.4760017354754
38.03148604111644,1500.1074580653767
37.855076147851435,1517.1093584652058
38.84064827725217,1503.879152093087
38.978002881257765,1527.6334539108009
38.37532264164712,1588.3154980223785
37.740959636808526,1537.0789633849072
37.6508620088836,1515.8635903535735
37.748652955103466,1520.6857897334007
37.992541055116874,1553.329735630952
38.1166708362759,1587.288105577808
38.1897923239416,1628.9638986913988
38.728573067168114,1613.9758846425407
39.316752754784446,1646.138202402121
39.208515297255374,1642.2980797211828
38.59380441503404,1607.9872502347416
38.11704997735157,1548.4570968767848
38.354509823433794,1598.5768866038297
38.81210192463345,1557.152913004448
38.67606161988634,1586.535314502252
24.375946933325768,1601.2920743556501
38.37349030555055,1620.129530728824
38.470217649012085,1571.2205223146368
38.309008292178845,1579.382228155329
38.713530698203414,1593.7307553253681
38.53044940503866,1608.5654411500022
38.40182213073667,1637.725976677746
38.261876887412,1595.16444656302
37.78870473485328,1642.348092569241
38.5360656790131,1625.6948933789204
38.58393697174748,1675.2039127660041
38.87056588655865,1689.0004320121088
38.87398584457577,1664.0149879479513
38.88610443263294,1668.3634705977545
38.354489801505196,1625.4834079407733
38.18205113802711,1662.7578073685836
37.989347207081465,1642.66551579733
37.56447595404996,1661.6159301404655
37.15532251019639,1602.6932483519731
36.97646187862622,1595.7492534815924
37.87940203795971,1627.165403836396
38.668577255763815,1580.3668708479004
38.37213872822733,1610.8496166376924
38.32423640247761,1653.8247418081528
38.21088702692812,1671.6045246137937
38.20496253294492,1671.442862737258
38.62794743959666,1702.2455261912692
38.838486940070595,1693.0435765168231
38.176203296718285,1703.1121348242489
37.87850289518836,1752.0733044515782
38.11016919825697,1724.4242318281429
37.8742120516313,1716.1069435783752
37.695391899745395,1768.8933062172246
51.70162679753602,1897.5893805278722
37.401317096801506,2013.4781163000646
37.30908641370189,2082.907881210137
37.610647808476244,2207.2564053538863
37.64460777780846,2130.0503926877327
37.80536322125115,2199.5039894575507
37.607919467934394,2188.1185527026655
37.878249435596885,2171.5272454224446
37.8190532460754,2150.716055317929
37.75143383322691,2135.9274960547864
37.68856419769538,2209.348083213499
37.81642177992538,2178.6750330016066
37.62021024076795,2129.665007546755
37.261340826741204,2137.5322319108955
37.29199083277318,2151.234635028108
37.272168934035136,2156.7360537979102
36.92233790736647,2169.4007558582725
36.98493390151848,2143.630615718608
36.6904283380924,2137.6276767049944
36.74616647269223,2091.4516666933678
36.41662934761032,2163.270345817831
36.28951497497554,2118.9199176575967
36.28312698998892,2160.7863541935662
35.980725059099925,2146.478308911178
35.627180723964834,2123.572867259394
35.488730667202915,2132.9415662103347
35.363327505381534,2090.5782238527772
35.02253478729558,2055.128566667319
34.72666941746253,2042.5806416384014
34.40576476706724,1956.453589066778
34.43315656870451,1957.5389872624123
34.155871668714745,1904.508313393348
34.10725099698856,1865.161615184509
33.85607013015648,1778.6212384986347
33.592296810648634,1744.2528861402902
33.39891008826267,1713.0671056139113
33.654705938744826,1683.0005479534257
33.44191713631792,1669.1001878497198
33.565833871897006,1693.265562019257
34.19098827077539,1689.1238590430316
34.46802315682536,1704.1473307377878
34.608931216147454,1699.955798841189
34.539894443092834,1687.626409540458
34.115975090596336,1669.8876665590865
33.839240385740375,1647.2121768563761
33.849177685430405,1646.1300944403745
33.55548326995859,1636.5542769410017
33.80462133790563,1653.5745939713227
33.8127343840914,1635.7046855754543
33.70986601853128,1644.9874847136693
33.79710478348166,1635.475100091452
33.6050429733091,1629.7182862770212
33.642657435944564,1624.8966415883924
33.382557353619454,1632.467385860335
33.31732346664795,1607.7517819398072
33.22057027499342,433.5042094814744
33.14471942421242,1634.561402320092
32.93298551454806,1626.4803329043925
32.738889979773,1601.6420604110087
32.53649281351201,1629.7954096080123
32.698377764569344,1637.2956947785362
32.86609206833853,1621.1971467114006
32.7978034342377,1617.6157404169217
33.23741425359758,1609.3600320591568
33.24355003994704,1605.123524269618
33.259207860148564,1617.9309776096497
32.919379049393804,1611.6974937421273
32.880251320501905,1593.7045601913937
32.72125451140902,1600.9401297546033
32.795362079117595,1612.374731943782
32.52278523247419,1592.0430369065618
32.3957134236332,1579.1324761974627
32.21846857427084,1585.692472046884
32.32630646198836,1591.8298017734464
32.6349067172211,1565.8255989184777
32.28091315533687,1598.7108952075487
32.35256689531317,1595.3284297983637
32.457817529216804,1594.3062055692344
32.66774394121123,1587.0456066861216
32.755902407274725,1578.304509984966
32.48363700946304,1568.5142995148685
32.682862327044035,1583.4061539779887
32.61184674615359,1580.9952392827186
32.5453203035959,1554.189902379359
32.59395960725342,1569.1771138183417
32.76550587247375,1571.0709188502035
32.714233414882266,1567.230295698286
32.79800239771161,1566.1766470811804
32.57581196340082,1570.8991039603304
32.55257883099612,1573.4223224801576
32.63379720962786,1559.7877274517816
33.839572586177,1653.5569172470862
34.6456801381632,1667.359888083029
35.25575395449249,1644.7445904854585
36.05927621198538,1620.1177855593842
36.06572479060036,1632.3557427438482
35.87070512707206,1613.7654218106954
36.26920528969858,1601.5786938798083
36.435535326949264,1582.3123535243876
36.47360707266955,1581.3251087016752
36.593422932387064,1584.9786184867912
37.20333312448934,1582.815082753329
37.62608048398981,1569.1859906571183
38.11753559214861,1552.7421191469703
38.14647508240757,1614.3147870774192
38.36815447331388,1719.9119090887152
37.75004819853007,1663.697861457163
37.74550093832499,1692.1074561926935
38.10374835849801,1712.4434066176145
38.08667908288993,1826.3007118073474
37.99137649309878,1982.3985762322964
38.02594743002762,2123.948518349219
38.074543765073294,2168.044317019946
37.976006256697744,2254.938240546332
37.91052590887,2314.2617021591027
37.974425496140675,2346.465975649533
38.115316420340044,2368.5989681516885
38.13214941850912,2292.2938030652626
38.230137890558645,2282.1450260568254
38.16314557161698,2255.2132489256182
37.820996637272906,2194.6903280980205
37.93697843155488,2150.827517857255
37.89297856314212,2099.024350337392
37.90413784613614,2010.7758627944263
37.53877990537097,1990.8517842643596
37.99055639054383,1911.1764688693042
37.767735066137796,1879.1308963589593
37.17188705233343,1834.6113562159321
37.28346809602001,1852.0361901211766
37.18283710660974,1938.282257091006
37.369048046292804,1848.3777913734248
37.40502841775253,1795.1063154908513
37.32584273253647,1811.2300104756487
37.122481183335005,1911.3366029688318
37.37690156719903,1821.6521150380372
37.22537840228745,1828.7482640008484
37.057700774521585,1920.480800346174
37.37832015486235,1874.5615310722033
36.93107492418039,1851.3845279771217
37.03947388640704,1823.2429370103437
37.05888955559548,1886.946102042502
37.042020744554804,1876.810149210789
37.07426293401173,1831.6251480887663
36.949257941394706,1879.9790726494812
37.04837830811608,1922.8549300721183
37.321384771988704,1832.9772999480588
36.95665978324833,1813.5006472345124
37.29545744435349,1958.9524258463887
37.15273231581375,1843.1175336341635
37.250517028516484,1834.1180406250996
37.277833754477825,1870.2244030531674
37.340189666157364,1840.5988218153961
37.46977638977788,1832.8599775833109
37.225064296179156,1858.9755808361774
37.32960348120255,1861.9560484673427
37.2564969509356,1840.5814695037484
37.247580755516836,1852.6029230688623
37.26327999026274,1810.2974522531804
37.165225407983456,1880.496838271019
37.228926944297044,1845.5362210196045
37.23777843315388,1830.9907186006028
37.23782838007417,1869.6870171039031
37.16583901723429,1958.9054562093538
37.05377079117571,1856.4019324424223
37.08036729804668,1836.431200625143
37.06066138789069,1819.434458378943
51.28042852757899,1885.3122299260936
37.27218942509268,1874.873791481643
37.34544541216659,1795.334418909752
37.35284587839354,1854.743619864094
37.345825673895135,1843.0933232721104
37.323484573185276,1846.8493193261074
37.17896151165776,1821.2376254213264
37.15305007580092,1838.288625586836
37.262026115855775,1823.374879362062
37.59543978649652,1894.149878212995
38.01709356571014,1919.4832938846166
38.187628522716906,1891.4516924475386
38.282080714427494,1820.523457282684
38.18912606453087,1823.6481090010343
38.127781982340686,1807.4841599639399
38.13348848963661,1885.6694345627095
38.332584111909405,1891.6893020148286
38.24141686328792,1865.2975906401662
38.3495289272328,1826.7373181006064
52.70629319620407,1781.7535259068081
38.170231087707904,1878.8922599641865
24.52488458663616,1811.0875564392109
39.26918137327977,1780.6345209633864
39.89866102042325,1823.8129197865007
39.62344354952994,1794.6400164288295
39.84003624658955,1738.6919168191728
39.94252896744894,1699.04231697032
39.63267356049475,1715.7515960610158
39.676885428359725,1702.2214366276621
40.21242888464984,1666.9946132777627
40.12033998851029,1707.8789473065017
40.52193064410145,1707.8649492404206
40.958623290692294,1698.4622250173036
41.157378654611094,1692.4704454190628
41.526319027165925,1656.6469810708309
41.09696249378098,1662.096170805216
40.85085260312504,1696.0327113627357
40.343761216307946,1697.1569740341615
40.86938506320892,1674.8661866040338
41.213721670357664,1662.9471223948347
40.22437464542897,1670.2841783221984
39.84724701371368,1677.3265249156293
39.62500113322636,1697.0715489113102
40.54924500880948,1717.9092287137628
40.8882275116664,1679.4017055597046
41.12061497504022,1689.0871914259344
40.797098936624934,1721.63064771124
39.65704712478371,1668.6259080245318
39.7243296624334,1686.9373243853822
40.99130091076074,1719.211627302222
41.23212236354167,1709.7574183046459
41.32692751559672,1675.3100267199407
41.6854320310265,1696.498904572472
41.0402483331912,1693.7816638056024
39.84902805013148,1686.289298995742
40.308421751566996,1680.414267660648
39.926427544660655,1674.583086755893
26.295742759835672,1687.7825513961866
41.51678677684775,1613.7829119934177
42.09829459467512,1673.1783508470123
41.741986811216414,1675.9172164802765
42.097519675096684,1666.3825283172796
42.23428597318002,1659.0960294390354
43.14549820754111,1636.566600922597
43.23851577990359,1645.0184594685722
42.84981600795455,1660.316813492836
42.7499802533914,1625.0238540274588
56.73083351799825,1616.5257208020373
42.28282981241446,1622.8345567500985
40.87965557575939,1562.3708602425036
40.46900127960504,1511.9289897476524
40.29686022162565,1575.6615502433465
40.256283672442095,1513.2209631095682
39.77346784470857,1536.6366686186527
39.96010371600717,1520.8447304444412
39.40086225292056,1561.2670924226825
39.078846049850355,1532.4111882868092
39.619031132606054,1548.730821534711
40.46396936646997,1567.502726039133
40.604366775762756,1530.2786962880532
40.27203928623881,1546.9927376527967
39.9713277088974,1562.2478538559667
39.87830597444799,1543.6483443319462
39.81883187809959,1561.9557095457376
40.022185790420586,1537.6885977920156
40.154680097281826,1523.7582877813309
40.24375500492192,1540.0211265929647
39.900554839822085,1535.9203619991251
40.163473151488986,1541.221302264958
40.27443938240107,366.7348431381322
40.37449014983906,1530.173535604044
40.45454259059025,1533.0581291515707
40.74928687047115,1529.7459923580623
40.995915501000724,1553.7085563837118
40.76109421466691,1497.838999856761
40.87209342599089,1539.0762306326585
40.334885485957784,1530.418568588817
40.708967069933934,1534.841438781983
40.34249928181877,1560.2576396293116
40.04131316961992,1522.2119729100527
39.24183938008994,1552.14750044859
39.706372686609114,1535.8645895999553
39.81017291370822,1548.0866651488145
40.14025981509444,1522.4279051730064
40.085905764987224,1556.90379605175
39.754257116754445,1527.9281752650159
40.06539968222253,1548.7456895684243
39.65132520880191,1508.6008088475126
38.7645718615585,1564.4910991009758
38.80036554429117,1544.3645366752596
38.533763821295466,1552.6187901571798
39.07513948071948,1563.3050705502733
39.0688544494541,1552.421141203811
38.98464268407689,1601.4848571681787
38.870815280377585,1569.608353426397
38.9748060521199,1582.012926857401
39.12283812435729,1576.8726367419406
39.110353968593685,1572.757723740844
39.198970551439,1583.3956251265404
38.89748266000453,1559.6436226623484
38.62617939689227,1578.7965104723403
38.73522119500926,1565.6230930255049
38.46355786508609,1589.3788490523484
38.24866018828136,1565.548801399389
38.272878012008974,1555.0024868274845
38.49408371609147,1642.1698719500603
38.737769687401055,1622.4888935978652
38.6375302167399,1651.3181414686421
38.57953074241205,1724.0267229692272
38.54967267748421,1815.0279002663083
38.44325473878768,1802.3168755693036
38.15177538759736,1791.4158239132837
38.20365348658517,1800.861571549131
37.93567343708243,1794.4582083033326
37.92387735705161,1913.3668199183555
37.80083029862032,1983.9900261424923
37.591107164388376,2111.115792527199
37.59899836846473,2211.941722077815
37.62565015741752,2207.804312949892
37.23690473990685,2192.0901966997203
37.14303898574107,2176.7950776257935
37.04779602120671,2162.501145704337
36.77534281208597,2100.262424800636
36.7613821633088,2184.536133200234
36.730591521681006,2208.9237892907763
36.44737484907819,2159.1212128936386
36.22867488169646,2135.5145567704885
35.86491698667243,2185.838232170231
35.80051228400981,2177.3725415485173
35.74721106745041,2170.7364462362457
35.622651710002124,2148.686807698546
35.28669891655481,2115.9711779789586
34.97543907434914,2094.9520164599107
34.51140707375683,1968.16067330972
34.3933919622471,1921.535442247875
34.20575579624084,1904.371197559551
34.477443285142044,1894.592047122929
34.01174854330644,1877.5905178385924
33.927818247196385,1895.221238423333
33.76234510154141,1924.5282668122386
33.88581946027774,1872.5503339304537
34.04167756524528,1860.2883190731743
33.98254602612659,1859.6773957727419
33.74512692185634,1853.7841542883684
33.6858101856998,1855.5840077718542
33.55062953942531,1864.3090758392696
33.73462837703234,1858.333268235244
33.486674470994075,1845.219252490951
33.480415999523586,1836.939505672473
33.43742518279445,1845.2926676397344
33.41937956940295,1831.9500140633866
33.41595511579156,1813.6903403558347
33.233499607300715,1814.0707260755128
33.078503747770434,1807.3459165284348
33.11011673176077,1804.9308507102319
33.24924395385514,1823.6132421575035
33.24213652651815,1764.7544028846453
33.00447641694753,1789.236993244863
33.30402670453962,1777.0990189613935
33.14565078068058,1793.3862400114378
33.013948698185814,1742.5138147980792
33.02672776430812,1757.4287425572338
32.97910677465259,1761.565198178364
33.02524763561166,1746.5982180638398
33.030283884788446,1745.0807609845638
32.858490481293416,1749.685592526233
32.996365730188295,1750.5019744684482
33.02791807839513,1726.6502052274427
32.76532975088624,1751.6105383082395
32.682459864614955,1742.967739443494
32.924513715157296,1750.9740403990932
32.66087723434602,1732.3334087975845
32.605654964887286,1720.1928997649245
32.71848667716932,1746.3503052560634
32.80195701763478,1736.0308536827974
33.040000038943475,1719.098166581828
32.72955556106541,1722.6516569787866
32.74616921932758,1727.877499439925
32.64129187947154,1721.737893757901
32.640435579269685,1718.6255970022914
32.647073250237504,1729.9172359125619
33.090247689860604,1722.0105763357417
33.02646808987162,1731.7446807485965
33.24982919876141,1730.7568878269342
33.27794266869207,1729.618452993229
33.33806530661289,1737.6795486077456
33.25947958126891,1714.5812909591914
33.32721181068507,1741.0964262570726
33.24910480828582,1742.4680812318418
33.274124575271,1756.693125244914
33.070201184635,1725.1889775957925
32.96196876644716,1711.395217768892
34.070672108188845,1725.0775055185532
34.85631585587578,1802.0118327963978
35.27538678031777,1774.5392816275646
35.958866060443356,1741.5169099905402
36.39183200842446,3078.765391726399
36.899629988903236,1984.658073032484
37.34762926556694,1969.7917518608906
37.476584282503815,2018.0371274851593
37.55881258266966,2004.7395182458504
37.786400126315286,2127.469497691718
37.8040078777333,2249.4664014719383
38.13271617639736,2119.718818508497
38.31319328911023,2073.9643326672976
38.039822012679565,2532.6378591920384
37.92232826810622,2213.142175090248
38.1999679423115,2263.998000604095
37.99817217771428,2243.336700297574
37.806598929919495,3434.8868853437784
37.766191568530004,2197.6882192706544
37.901051597551735,2186.491784580213
37.662093253785955,2133.6298218932325
37.765004833286945,2150.316226528511
37.854810006317514,3278.79831078466
23.821976075365914,2183.510649165069
37.95930265053193,2250.55413447261
37.7850033157737,2182.080475581943
37.66637227443211,2165.838984635986
37.94410165204863,2149.832406511847
37.7517543528669,2121.8945400272614
37.798415265009304,2184.733205084822
37.79584163802141,2194.744122334291
37.74051661284032,2107.095433805996
37.740693191428264,2199.6850078986936
37.85457809388625,2128.2585861082016
37.85898638959078,2126.21825905919
37.82803041773716,2202.763331663835
37.637373678992546,2208.637198199473
37.765828488045386,2136.238730562606
37.67605975097912,2119.298236043036
37.64312097269238,2183.718300835723
37.70943623763868,2076.872861909255
37.58955835971656,2118.0849393425697
37.57140394619245,2269.6911532106697
37.5690513522651,2213.078464527535
37.44077703155527,2141.717911555481
37.80677115264599,2178.3705287400117
37.39956978753057,2100.5921920061583
37.542623756736056,2224.6114040099833
37.42205171047884,2225.6249758314148
37.71877600668249,2137.716666590974
37.77454823189842,2117.585661879868
37.251809054802685,2168.1522022823665
37.632125285246545,2183.5279594017993
37.58679612539466,2107.7735929850573
37.69501552079453,2151.4213952831496
37.87091184824139,2362.507068460405
37.67883745129877,2196.0173457089477
37.5900278510383,2169.2976408323284
37.86549165097434,2117.9470463890334
37.702909872747384,2141.4660055859918
37.669638361665214,2274.663749501952
37.733759724721786,2207.1487233885177
37.513426197021076,2141.493245683222
37.44998122381196,2153.8710404528483
37.427087787161334,2204.239963553615
37.37325247523941,2162.434864221462
37.68356819399605,2162.1990198755457
37.5495256626926,2167.556923936408
37.458913812546534,2117.6770080262704
37.56355346892785,2243.1697002929814
37.50134004200613,2176.0779945440445
37.605468279408356,2113.626252102573
37.62937746751955,2138.899896297804
37.699124288827335,2204.313110111023
37.768844403214544,2148.9773294659294
37.82920614837703,2135.8780999181304
38.01146499503624,2169.9566022455374
37.99516565844341,2205.4756753818233
37.917082114229046,2145.8799835773357
37.91656411111925,2205.9854776300845
37.9509153300996,2225.5896988905106
37.6650547939886,2161.497047304551
37.750890644368376,2160.1800492774682
38.01159763029695,2119.8558476910716
37.93287550111873,2201.155566997817
37.84386183446267,2185.375109348552
38.07287326616814,2105.833761972308
38.24755615641951,2161.5987922152735
52.452857937061495,2106.1141920128766
38.294525147183215,2047.7025030612017
38.527596120568,2011.1380299948214
38.93483915594416,1988.7487445502193
38.83022571130434,1919.187334753714
38.795475476791914,1859.1621613761208
38.83504712406045,1895.4422882015037
38.97757914861209,1782.4327991689993
38.68776268469941,1791.4889948147083
39.090088058280394,1849.8823798653316
38.51949303404972,1853.6082306309809
38.473481800343,1950.8045130169094
38.77663622077981,1917.609454111734
38.61717352845628,1850.8944599756392
38.30502526927419,1825.9692227739902
38.59462477912861,1925.4181765031967
38.71487449269458,2039.887021509016
39.01144652096659,2130.792284309502
38.64437567057644,1985.6839159166711
38.75092399878854,1996.9934208287839
38.88990430207055,1979.6946277566894
38.70054458322075,1983.492438146935
38.9013099869749,1925.089114996904
38.617774831222974,1793.3132328684544
39.1038975237762,1833.4933796462892
38.89906510966536,1815.3553941451141
39.001691294636174,1744.6161434814621
38.62859363743872,1768.0087099327454
38.33631261344024,1793.339051138634
38.80399105161177,1846.4722974334813
38.7611792176951,1794.7533513793442
38.627526858741305,1827.24453933015
38.80316367967094,1900.430400743834
38.744929811302626,1939.8354261473169
38.943244159417226,1888.1118832919547
38.864643024552784,1806.2468910231719
39.06427356990116,1822.899803637169
39.08655617711065,1788.949216169056
38.71524061089508,1767.9109625670726
38.78132894803697,1774.258289719181
38.65885771281777,1744.6681619002882
38.67601560957695,1712.9453585552014
38.81521778814115,1717.1936102438444
38.67881213719798,1804.831789305205
38.955028991553164,1772.7309779171246
39.29122531955649,1792.1987782330543
39.74483848866124,1750.749158129881
38.96452279455601,1720.7782599982552
38.902277177317224,1701.0734427526736
39.39275593880638,1620.349073875879
39.447434166161855,1621.7366701809513
39.22219037986075,1656.7513436911854
38.60909215910611,1647.9045593245478
38.567287475878274,1659.9431125433146
39.039186008303936,1632.0261125003635
38.7280157626272,1663.6223299097232
38.82896765672425,1646.0018593712039
38.78769883896874,1687.522020448353
38.92938274686611,1706.3314612574668
38.91695878567573,1683.638994091255
38.434335485026004,1700.9991016620384
39.59826999000698,1665.5757726054767
39.83756104102202,1666.8642535063439
39.106760707448814,1639.819273479687
39.42563508507369,1602.2855494359662
39.647479392829084,1598.4700863846606
39.92368705219391,1578.566010627085
39.27775504853557,1595.6103689892925
38.70761872760348,1564.4260098375516
38.60160870088751,1571.0864183866163
38.571369374377795,1610.0284281836116
39.094537363316974,1563.712473817123
39.75140379419355,1613.7000671629635
39.65428244561296,1585.2448985214096
39.16799471012183,1601.5692172431513
38.74940781403922,1574.917760118833
38.78645564333784,1584.0883359435354
39.143672744960035,1585.2530057885754
38.591366445598354,1586.3361684805955
39.094575411004456,1616.0903811416392
38.845485525537796,1606.2149671191528
39.379758718746224,1571.4426401297296
39.496231975459466,1573.7591924851686
39.846565001873785,1589.240997243953
39.66154138317452,1566.9273572858858
39.0865338074782,1583.4037493413034
39.071291377198875,1557.8037478698734
39.18094925887663,1600.2126336079714
38.63803275438381,1568.1007101418727
38.776299513646364,1596.8145814102963
39.37597137871825,1592.8816017823035
39.065744646850696,1571.1343107292598
39.042980572880595,1601.5511636482054
38.60467998311971,1567.6658529898243
38.598528318224766,1562.7348405387638
38.63486049609779,1612.7927257076183
38.511865368214316,1611.1377713800553
38.764686145819226,1585.107882309029
38.64646936639636,1615.4920519984419
38.653144457731514,1572.5883768640638
38.7332856055651,1569.5115468034783
39.16891184506595,1575.854619340054
39.562563596019075,1585.0552086216019
39.26277788748665,1571.5971082468986
38.82695541179947,1586.0928900056815
38.659116780052315,1602.835521869886
38.558003569851294,388.6328786908689
38.75095841958275,1573.1125277155165
38.713158246252206,1605.1115595296164
38.46769218358741,1593.5080944176384
38.26039953625565,1623.4854184470883
38.36996795956607,1591.2847074333517
38.57807878713368,1591.130130985578
38.632373829833824,1644.7705106232916
38.52334848249825,1632.5533188841132
38.92434645554918,1658.2541957729018
38.637528400105666,1695.9527412820344
38.784434763378954,1716.3102633285034
38.47081869452627,1677.5387855527256
38.290677000267586,1651.7050866152674
23.915705593108893,1727.089766774182
38.28860452172884,1707.6726655188008
38.24639740151832,1755.772421392441
38.26821988574924,1851.3962871328013
38.509663218843926,1982.4392548761089
38.2859254998433,2051.485212898676
37.963204635818734,2139.553315002995
38.28561008817065,2200.0473551918203
38.063771349861334,2253.352617942388
37.85032408510387,2266.9520566589454
37.56002312165939,2266.044653685007
37.779582956953256,2252.1166066915152
37.323508049623506,2217.3643129742177
37.2867631115116,2248.693168241588
37.24363584680813,2262.3832264954517
37.13251410459078,2232.7269833254845
36.897082268212515,2192.120792753375
36.154229856805735,2000.713268453796
35.39796285853626,1830.0903445724898
34.77258602140925,1765.7789313605745
34.341590571830544,1668.7734886748083
34.089990287397924,1625.561401795424
33.90999890495839,1665.0240073758316
33.51518153093781,1622.4556344041625
33.26329280318259,1606.03683872357
32.973452354258754,1609.2761848571113
33.21362213205984,1599.6222415946943
32.89495903919999,1668.3746159560915
33.10871496009422,1642.4509540339818
32.89354022456642,1650.5118945433355
32.791497815105096,1636.3481973681712
32.765991216767986,1635.6179213173027
32.97785665202921,1620.881789191632
46.72632413005326,1612.6822290512407
32.88053650530152,1614.140367959223
32.938780425787854,1620.254098289266
32.692649394272244,1635.3119247126774
32.399546898892964,1636.6535516255603
32.662199933578464,1625.4171016927392
32.59561917560814,1631.0009183181182
32.3816058590493,1627.8525871800643
32.374813383576786,1635.4909963095247
32.283391113083894,1620.9195489130589
32.566593694358296,1615.1277462562557
32.73439180210084,1641.73548772016
32.75712344273246,1619.8547163862972
32.39407151403057,1632.521634140956
32.28018214031991,1627.8134371176857
32.4731560405523,1651.25385168568
32.5518982400726,1638.9774668085656
32.46862471373731,1632.6711428333183
32.842560842654464,1645.663441059771
32.543063720334985,1652.1928307985706
32.55720036827134,1674.7860907605066
32.777194038567174,1668.9832411949646
32.62081396938399,1670.9612961981807
32.378802543277175,1685.138898249933
32.482462310444674,1648.9977915329343
32.23088810200927,1660.1697239441605
32.3510317887825,1671.621789638848
32.478065888761655,1681.0502667972105
32.48812976457967,1699.2702519481163
32.373940118614286,1708.8209096776236
32.39303501801238,1714.7689199496385
32.321613028329054,1736.8562822501626
32.50639555571842,1693.3649942367588
32.95531326870308,1708.6097022325516
33.09027050214774,1743.361895230792
33.185195391893515,1718.1206451600688
33.12139159299021,1710.982935270061
33.32766096442996,1719.6509871831993
33.31223384762261,1727.417117450093
33.20836477692008,1722.3960311196988
33.790793086824884,1748.494133529053
34.20654429710683,1759.3374790353241
34.93396770345676,1864.8254004857554
35.276390489527515,1967.993906128961
35.77505574546993,2004.3997372814401
36.12005442485448,2129.8086996323914
36.32697594484225,2220.0424763202677
36.39738803480487,2128.0243308643826
36.58523076543277,2140.243365424485
36.58592501390134,2209.587109545125
36.75380681949635,2174.7684906023815
36.71072025729499,2192.916075778122
36.65842924157204,2146.871597966906
36.831410184628794,2220.5378510749106
37.060047285574655,2168.3048121042693
36.792893038523964,2189.9772708248042
36.83718946165976,2149.2871348981566
36.89990407091214,2138.68449483279
36.86538250016066,2235.558895145229
36.76086209918952,2156.5930643756687
36.78782627950916,2107.8820536558806
36.91756338938377,2246.851616644217
36.97567353154243,2163.3686364336427
37.03275384281691,2170.6428939933144
37.0229546924784,2160.8280276660726
36.86692513693869,2197.751127190204
36.8538399161384,2180.412627851717
36.66716532792417,2166.6839743247874
36.91727760616324,2150.8658856228294
36.84802295337501,3432.9912990857492
36.97927847460659,2172.9886152926792
36.89197832766428,2172.338467858371
36.859903228580514,2159.0304104436136
36.92407744137371,2216.497757896079
36.74156887295247,2212.9406481968244
36.87569605036334,2178.195270109007
36.90024855319495,2158.187348658142
36.903557474978285,2185.636095809833
36.72916605906576,2164.096333388097
36.78522759203146,2120.9912357727007
36.77007459166805,2221.393678929114
36.560042810866705,2253.1537661962097
36.565193096046784,2208.284105398735
36.50848680115622,2185.6026848279243
36.62851621927928,2175.4169478669796
36.68816966656559,2101.5409462244775
36.4831651590772,2093.544963153792
36.47951819044408,2090.9478754919087
36.31175013378475,2041.8773959859554
36.53432525370247,2007.8441801800682
36.21581393126539,1990.6770635087612
36.30567939376121,1843.4899066860326
36.114127845682795,1882.6174433662536
36.140461267041744,1838.8444568684286
36.30741959145324,1828.7295330854975
36.111146843305335,1802.7156615717865
35.98873442515636,1790.7885803743989
35.78487463411638,1763.141274964359
35.98493264902179,1744.4569300669732
35.92745682375745,1804.7969481067676
35.69817524108532,1827.14129895135
35.58974472491164,1792.0777797090434
35.82410720653642,1807.2364597809647
35.97713539023003,1791.348790787737
35.88643640844035,1835.496280479873
35.89333638533216,1952.2512893447226
35.751375626087,1954.6110928432265
36.012214025457695,2203.200143355039
35.91550669805343,2351.920890389444
35.69757846993728,2211.81053111896
35.65619844910628,2105.236751338592
35.74489321350106,2038.5072398343993
35.747655632431076,2019.7618350079024
35.597125061906226,2010.026377939771
35.66466088867394,1953.9859262965351
35.64550343777531,1912.9705506829569
35.5618939665481,1889.290077129955
35.494404689390905,1791.2570145178436
35.15338541840889,1752.2242940567212
35.32494414894107,1768.0844541745878
35.47813540274376,1752.673098598096
36.02117431746534,1743.1079972399361
36.115182950731196,1755.8786730407528
36.23045489087705,1960.022373401996
36.50453616760869,1841.7869865418306
36.627349456229595,1958.8576622390901
36.241165404765106,1886.416981374471
36.22606667657293,2028.9215661456556
36.35370318624169,2103.1911152788552
36.32736314464184,2165.607176285059
36.670648895737614,2181.610417215833
36.879173878104694,2157.435907195537
36.565811297485205,2157.060942016814
36.67666109019885,2100.755107775292
36.710169845725375,2065.5041560791014
36.49424440716787,1989.7529750142266
36.84920858955272,1943.301291959854
36.83939923641406,1900.158603355504
37.21775355933616,1805.4268845726965
37.337583945248724,1721.800889720344
37.92855173991651,1741.5891762194178
38.53469987071397,1711.6599150562884
39.167907859531404,1722.8044865651127
39.440642079315026,1764.1337430964375
39.222729809540894,1726.7374965188187
39.44377257639966,1814.3510180509488
39.56568977258054,1773.1489027866687
39.028776012488905,1843.815723465685
39.06389035297141,2016.058694887503
39.204941144236116,1961.9419380239306
38.98134215454431,1889.6740184436626
39.2985101862728,1877.874327170711
39.30700093752003,1849.102988742074
39.46800771145319,1834.1923852503326
39.415250745933875,1837.152646365503
39.3675024711942,1858.6926302119346
39.349360042436025,644.4801468148908
39.3197599600056,1805.116460662559
39.861791504854864,1876.8624640195721
39.72844517682594,1750.4927976504337
39.70026728597609,1774.3895313686005
39.76918783142539,1738.9403788333916
39.28011077404528,1728.714291878346
39.489647536996365,1737.8787195681714
39.681864187339684,1723.7298088221567
39.819574945839534,1696.7136086163318
40.058854537058856,2857.428730003352
40.366371020841754,1597.2943052673436
40.6047141946133,1630.5787593418377
40.308172113720424,1625.6429913025654
40.29237672612689,1627.7655963447658
40.133345810151596,1621.2244287300136
40.14573847827575,1599.1506575003098
40.6660351118865,1574.1687372214421
40.688036132775956,1600.239727744918
40.80981492987699,1632.5960018733522
41.24816959325464,1606.0358156250757
40.95975719230806,1604.8474287773236
40.893038406603566,1631.8185312053024
40.146866417521295,1611.83948182075
40.14960468621727,1599.5577596176254
40.10632852391183,1579.0848667532964
40.53485413743372,1580.7997659002651
40.5782280291655,1593.3515982936783
40.70076084416481,1596.8068727570999
40.566061111143796,1595.0490760161251
40.45335535555201,1606.415876446595
40.335974482829435,1586.7043757623956
40.4107173132272,1597.5465691973066
40.3283209000584,1589.5959993284976
40.46411844905136,1584.0951891728973
40.74766163138832,1565.6545753897212
40.621864775178565,1588.446809745849
40.51316558885212,1619.8305003620064
40.68387825740689,1608.433060830181
40.34115315038305,1584.3753449179756
40.53292698076578,1600.9919222304882
40.585812629086746,1599.1363599247547
40.29157205296848,1606.2134880159601
40.58174122614672,1602.2751213994954
41.00243508343125,1612.9144360092776
41.28262917117742,1622.619246613313
41.26543270725232,1570.752700644486
41.209554222196275,1594.7238784167762
40.78877665762521,1591.5801310826953
40.30882402033332,1588.8589854424529
40.19929448597323,1587.1172448302827
40.47143579833638,1617.5861027800893
40.94996798140241,1596.5726474026717
41.22959449602427,1607.1815317072435
41.39788238355422,1603.8169037926739
41.45684581775102,2795.0384442538025
41.274607817909796,1620.2564951342438
40.98747725072291,1595.0917377464175
40.52745960726447,1603.0111276568173
40.95709389257816,1592.3331000719804
41.00521869929145,1588.7909487133434
40.636705677646525,1596.007338492745
40.85612518618919,1593.4452552522002
40.716994898036994,1619.2439064252458
41.04234414351804,1612.7293071964868
41.04947769310972,1584.2122125722672
40.837959156048285,1601.7573355164482
40.78453508251891,1600.3473640795864
40.998747001970635,1617.6139986003932
40.798286557299996,1579.1271925885092
41.04230337718772,1592.3855217418502
41.23790675055649,1604.6679899140463
40.97541352355964,1610.4034541046512
40.70091663510728,1592.345843453455
40.82238098158511,1599.9976530760468
40.4314568460339,1601.552099208819
40.1422976760106,1610.3152489190531
39.87393262712207,1591.4771058797407
40.063765857549825,1593.9471249566718
40.30136243016384,1579.1993590887175
40.36278221174178,1600.892475257029
40.09288619108753,1572.3417092451466
39.90911517348905,1586.8518822184833
39.93633481611161,1595.572958413555
39.85256125977117,1602.35915427879
39.706776418377466,1623.4878341152205
39.80248683365515,1606.9598499540043
39.85237129082379,1603.7422667202854
39.90362823733918,1607.009525487394
39.74272575313434,1614.8891435013013
39.474561449971034,1605.653115087183
39.42857103645106,1584.7137000469713
39.30882323171793,1620.9667897190343
39.22518418489938,1629.520765632819
39.33355737976038,1602.5746465146526
38.8117106347753,1602.9974367248708
38.90265268808763,1620.10168795826
38.86034346032663,1604.0563704822566
38.773161758668,1602.7767812866446
38.65931420641506,1604.5056472982137
38.50093718810392,1588.148508026608
38.342674887819356,1642.775841485445
38.437742744340014,1697.4215437267997
38.27123623000351,1679.1012306867963
38.354961660640505,1743.9388449561302
38.24352670057236,1781.3070667604031
38.35028982483879,1742.806456919673
38.278117700251855,1810.3360939081297
38.10978354304977,1953.244616462664
38.06633078350797,2064.6145817100187
37.822396107801445,2181.698959134095
37.6846817245397,2151.8093212678687
37.1159814787521,2027.4608116191725
36.87523459634009,1941.3029106176587
36.54465339350321,1807.398125291684
36.26074532258738,1731.9579158802865
35.99359062672095,1687.9707428409288
35.60071432830237,1654.9432292621723
35.37836611623332,1655.5673239464309
35.22018876002489,1631.225021314117
34.974562596834254,1622.6044504304436
34.50607066534832,1618.813939848514
34.452845669207896,1637.5734981510586
34.25840468519687,1631.7274148843624
34.18209579676124,1637.9818956413512
34.22351023854139,1620.4177621367987
34.05603562864259,1623.6785316166781
33.95859535716133,1630.2576611460183
34.326646170525144,1626.9868766325774
33.934202310150674,1640.5923513398407
34.023997333620244,1632.5820310980084
33.49286003308888,1617.5557045220887
33.485791597455425,1642.2374723436997
33.49862899576437,1644.6822456864002
33.6214986597798,1622.9855019942909
33.438014542093676,1642.793314795942
33.37876885315218,1635.2456331471012
33.338871802214236,1658.863102371638
33.02216396389733,1626.1594716574925
32.816617940945,1661.487744422364
32.866502909859676,1631.2528808587535
32.846920496629245,1646.0351645333794
32.68829010079917,1636.8041320770205
32.72712841983575,1644.0493668183117
32.6205164123957,1654.4829248470553
32.56858076069811,1635.9736335553075
18.46655921360499,1656.3620296670927
32.51515118799403,1629.3143462611229
32.553014874109124,1625.3041022781672
32.62264752850321,1657.7769776471334
32.43778025738882,1633.8232271914155
32.64433030683827,1630.0747706664768
32.6550814022003,1646.7709153786946
32.87111732089788,1663.4145613982287
32.93217955904376,1669.1670165876722
33.05627552117417,1669.5446798898804
33.29061660449128,1679.2003964833648
33.24666673528346,1679.0738655144123
32.98699960277165,1674.8372545953696
32.91343016470536,1673.3759747991116
32.77399662417044,1686.0267686594361
32.83027973798703,1694.8683630391502
32.61249121366821,1683.8546350966938
32.932851511903785,1680.7875564222227
32.813718927268454,1669.8127412703004
32.798172837267856,1685.6838094032348
32.68262537228538,1681.777364264721
32.83741880772166,1687.983808880876
32.8880292568285,1694.3105620692932
32.94809039502785,1719.6995521808549
33.39556707597176,1693.7862356274009
33.6540201624093,1747.8490893565177
34.73867640164072,1788.7918606566996
35.85338378562409,1914.1846943655403
36.70575672914392,2046.9418105921177
37.56999618198054,2124.2850582165393
37.8688147666737,2142.2019250923604
38.309668888870036,2276.6349541107643
38.730739692656826,2136.8882790118905
38.88421811838009,2262.551874332305
39.16260772491837,2275.789580894955
38.69196464709796,2190.4198831465296
38.666733038060805,2176.0818554262933
38.67265975279058,2173.9789288729016
38.39213697232684,2278.3081292267543
38.51736551624782,2275.4445480032846
38.497771395541456,2139.984779677918
38.47752775227036,2274.227586960188
38.29759583729561,2257.473118407233
38.218330675804424,2262.7706726514916
38.33405784427479,2238.3875255366115
38.359482567647696,2211.21135225799
38.432052035861545,2151.11899067672
38.48410978935412,2206.9238542316234
38.34336738920392,2196.771053744192
38.486742144526104,2205.459441143149
38.37078954533429,2256.4141624628
38.42940956487231,2200.6859505311095
38.25792342942777,2249.781555629338
38.23727184473087,2193.3636431479026
38.236897219129375,2183.5864024148823
38.29201659379282,2176.63898465
38.08538594158577,2230.799472619013
38.26238693694934,2262.218408724908
38.00012573985916,2292.3913930872836
38.12764476939739,2285.9675056792175
38.32786668325537,2244.3122625417473
38.06529763551998,2248.0737175893873
37.90775100850825,2241.554430386108
38.4573039555953,2228.6960630077247
38.76038685535038,2155.411709195552
38.84318329458769,2181.9033348941566
38.85801795886784,2190.6422308036854
38.91835840145746,2215.5009435928114
39.186497741790745,2248.4943489300385
38.62373964357908,2272.483072546509
38.30116384609627,2266.267985185442
38.166509092981734,2273.073995145969
37.971925522834375,2255.183319899848
38.357136758678,2239.0097329055307
38.22191431324529,2202.503567203701
38.754072885674255,2192.540750820281
38.47827718246843,2141.704894546627
38.47717107098845,2099.2557390685124
38.36112491288139,2013.6419063204378
37.752537728471516,942.37068958381
37.56820527518157,2155.241478820686
37.448058735131234,2223.078740708752
37.526355794536656,2179.480385430552
37.593560465630986,2131.2767847582477
37.81230989616533,2092.072192126217
37.18265207871591,2032.3945625598337
37.316717118196934,1995.1183288367592
37.06206999046731,2054.1994387466916
37.10705997053121,2012.904391939259
37.02732314426404,2042.2311483774706
37.16127686583518,2010.1152262751411
37.17785500331645,1965.407066519276
37.15152603503539,1942.2537586407784
37.2676503354473,1880.1082235664162
37.07372744740688,1938.7454729464453
37.090789904391954,1891.7895915879426
37.13218531860398,1841.2711175059599
36.90204492172728,1803.0478172797318
36.58573125901404,1801.6266587481541
36.4488973224281,1804.9232031399365
36.467620202387316,1791.877909873806
36.82663894207515,1786.7695600781894
37.07636348461812,1804.6548668905066
36.961049205698345,1798.7566029258237
36.87482011395633,1864.5757573237242
36.725663004056926,1911.2734642767177
36.87204960853574,1881.7707093630033
37.06884582983712,2012.2975102676228
37.203226713129375,2003.3839431288534
37.068082281619155,1991.3280323917807
36.60566099647173,1902.8214132685355
36.43930854390081,1796.7691310360196
36.25974047160589,1764.1266265245488
36.32488857680781,1775.8318222288822
36.908037437528066,1796.274588933327
37.15730420943858,1786.5086508379911
36.989278296581226,1804.163954235973
36.83919238113208,1950.0680182223039
37.400665073128344,1984.1972902982473
37.82713243400647,1990.9077812956493
38.06868423362212,1909.2603935483958
38.37471662473253,1912.3345700167904
38.70142113370909,1873.845520323735
39.22711538485282,1836.933527956743
39.76740963432426,1921.741670122952
39.51200888023642,1862.2654322813785
39.341114573484695,1812.2470966143067
39.7721539356737,1769.0491448117205
39.50379704376739,1817.527345442671
39.37913154965525,1918.4226215525875
39.75442772110131,2036.9661911232504
39.43381287665376,2024.255439695193
39.472225472359085,1904.74908264227
39.65495608639765,2043.8509917700385
39.82530058723441,1878.9595547014865
39.320798062433994,1843.7861776823452
39.40651594320229,1787.9687475684786
39.49948055390115,1806.0749484965509
39.956956000599355,1855.2319057255309
40.25282008175624,1804.4162088630574
39.90544903687925,1782.0729570480653
39.799755316087584,1817.0140250591635
40.081080025506665,1788.553698844292
40.236238561366974,1788.1423656471525
40.10454022723422,1744.583703553441
40.1582810781166,1730.8194466853372
40.09748159282944,1735.8695478039315
40.14603892230882,1695.1125749402408
40.07652459589809,1679.3836766642503
40.33769748721025,1692.1803592281635
40.45396541765297,1733.247495554214
40.523939062863384,1699.8543693873776
40.35362372819918,1657.4069676784006
40.30298877753059,1653.3383007849209
40.414452587609276,1674.065412613622
40.32294330233319,1658.1715823523978
40.45343435962027,1659.2267597513717
40.59572914892622,1644.2128219743654
40.767886923781006,1647.3422652188858
41.04044891501898,1653.045712094339
41.07776289217631,1643.5013142462305
41.16498161247881,1632.8928223336547
41.542824784779384,1647.2824861551053
41.1934968803908,1663.895325468846
41.331969620147255,1650.125109989641
41.620150430086724,1613.1186686230617
41.80557837820153,1644.6872788782277
41.928834416532474,1653.2163974879174
41.7788647552148,1654.5497925425298
41.4675820063189,1644.1087145127685
41.64529531643352,1643.7834798561887
41.056978558521415,1645.3845817951376
41.10519075622901,1659.9081654122015
41.15201894454163,1657.584081668402
41.023330813607586,1656.887332920233
26.330167201931157,1683.1266456639557
40.44837382204459,1655.9388667825626
41.05817300471577,1652.5247180891552
40.37731829156923,1675.9573153032475
40.05522144492446,1640.0881422804005
39.60396686796496,1679.6021050857264
40.61387948093348,1634.2483228338692
41.314499154576396,1627.547720651411
41.196888720516945,1660.4032193412825
41.613193784054715,1665.432911931277
41.18829478355643,1628.1576973859198
41.1039799363666,1646.7044706312315
40.75961488608115,1643.6001181410113
40.59245562062287,1644.117446574352
40.61808510362307,1640.0968885183643
40.46309123742758,1646.4351801688804
40.371555877592876,1645.9972672954225
41.1595256992762,1630.7083527557504
41.25454085866797,1639.397505905756
41.539757264147994,1650.550496203652
41.75330279899878,1662.0725434272576
41.89334317414296,1650.814278324533
41.84782672208257,1651.2026030362183
41.921063470595094,1639.5999710483015
42.06938875968139,1667.633741879165
42.06099792675483,1648.8733118173782
41.92110892108323,1643.1063372327542
41.93436054335246,1613.3380085303756
41.63833680150867,1636.5865058368752
41.728021367602565,1652.0678868589766
56.177170223649185,1646.810038410953
41.71210337912089,1649.9808011259188
41.48442480694038,1661.1468279295057
41.56103252907768,1613.986944149809
41.372506659262214,1645.2414992150277
41.310644005481095,1667.62691251441
41.37129914291671,1627.1550776708586
41.609424157346616,1623.5061207894653
41.37113430494583,1632.288434678282
41.328133625816285,1675.3816710527408
41.20138466531234,1635.5239714525517
40.99472185111561,1661.6510922768525
41.032109579274874,1634.40615364414
40.68393903181093,1648.9721709052446
40.7546391443699,1640.403540746342
40.82133387357447,1655.339289647452
40.82315149009911,1672.8868859927607
40.842054699557025,1645.8060171181519
40.58270893023366,1646.6006192387485
40.313787724699694,1723.750708342485
40.40753626749002,1722.5859393995033
40.15262577886,1716.2713423642808
40.149066833426275,1677.437677063379
40.030268371431575,1723.709989356318
40.011854003509846,1752.0502350193685
39.91071829024172,1737.064996023778
39.65496787064264,1770.242189774929
40.11204143128977,1774.6222868888904
39.844843339073364,1775.041665959374
39.94809069728571,1797.7154300443613
39.89789849024825,1830.244245941231
40.01628217135975,1828.7142862183605
39.70010332014767,1815.077311463988
39.6326331788471,1928.203758071797
39.49815678620197,1932.5865569009245
39.87502347001827,2029.6416815306543
39.8391693654886,1959.454589970143
39.51277849272208,2001.558828774511
39.43547786672084,2054.367491524811
39.511188910265275,2128.2383702459215
39.24207512063586,2145.4274098997084
39.07269831838235,2104.802415326253
38.79207354418374,2111.6304829465316
38.936191656849054,2236.4650307149504
38.4301129581172,2226.1412143331368
38.158748167179304,2227.077263468114
38.11711102968305,2221.289657202871
37.83966459464183,2213.947598812758
36.100171235432846,1796.405312938553
35.23751346980944,1686.488784706041
34.641354066431326,1672.7076496410587
34.56105990218789,1639.082123348069
34.359783951381395,1671.4196761610683
34.0548114683031,1645.9692141731625
34.61864613099984,1652.0418505395687
34.97301634641653,1646.2559050246546
34.98337071712305,466.11562665364045
35.15930050462951,1665.2545132057344
34.60790320745951,1637.5925792790435
34.15145322055717,1662.777836231527
33.74590252790499,1657.865894315386
33.86655996740187,1633.6270567474278
33.56141421769096,1687.804756158501
33.527635426100495,1658.6882367958292
33.583867977909506,1646.3596144570988
33.36093244639831,1635.755706945635
33.28477432172161,1653.5632292975379
33.33237824120269,438.0195429924229
33.147495392308,1643.8819365033387
33.09697687860611,1644.756346446341
33.20087270499863,1634.3114516316032
33.029189814527854,1671.0880031498832
32.973706737770364,1668.5527724139797
33.03009786488474,1655.289640205826
33.078253396716875,1670.6920607597735
32.93574533792085,1639.119934662716
32.92643639312337,1652.327103680527
32.89961488903571,1628.1403941445096
32.77227442283862,1657.700824063764
32.8800842026148,1652.9561674255149
32.89353936783917,1642.370722297588
32.905758170468765,1656.0782956445419
32.97908310131713,1652.5755795003136
32.78172725266625,1673.9913808976894
32.873592468701716,1672.4529698345357
32.79152037883152,1676.9921240129845
33.16583658048499,1692.5334762658085
33.18854391645593,1701.0160254521231
33.17391410535028,1694.0661086457394
33.413569570752955,1686.5967547700006
33.665406845552255,1689.4439697497241
33.50684434197024,1707.8022027632928
33.54412948765408,1695.2027766860783
33.33156558874891,1690.369789516053
33.56071359324683,1692.0850025858472
33.329389642857414,1691.182156458981
47.440859633496615,1686.2428652050955
33.29834183964131,1706.6296778736123
33.0479924765009,1716.0744583654177
33.087335737999766,1704.4966611896361
33.0730785214946,1682.2449549960768
33.14631194022047,1682.1552469784485
32.943792224467025,1687.7392293095768
32.6954215602409,1686.310274872747
32.715391554136616,1684.9454438802259
32.946019068118645,1657.814963206813
33.49989210241217,1668.5102733681042
33.78976587010786,1662.8070219978185
34.37703007614618,1648.9904474041869
35.00049564682078,1662.5188454165232
35.21615555358355,1677.6330243408515
35.38432935296551,1668.109101335608
35.32613919556486,1723.8065379371117
36.257754612108116,1813.6354483032283
37.26549449209595,1926.4858828224149
38.271164808985134,2023.0984842827413
39.00904432715776,2117.1984965348247
39.16735454824348,2276.3607681215362
39.669172088361066,2307.772202714201
39.83080395019263,2187.9249616120114
40.27108906078504,2469.7631785488034
39.90542981785127,2194.626360460938
39.592380445862105,2192.5087400808466
39.710227032509835,2390.2939866506595
39.700003886432576,2340.621859746714
39.75671202581427,2222.0225206509795
39.785346866310725,2220.6899516484264
40.068009976419035,2258.4258571844075
39.702262698326386,2224.925845625715
39.84088292180245,2116.393054374256
39.8099711967679,2134.3605947836095
39.683835523217816,2333.596116474534
39.87061163176203,2244.2311425858225
39.767019416506415,2113.1133557454123
39.60010086978294,2080.3070160080074
39.8795797623077,2064.854901730863
39.72794254215499,2020.481667068387
39.73587340525214,2018.5373756993217
39.71918496612771,2008.7268304413487
39.771941251732066,1966.7914539304006
39.7868231824118,2048.629479039746
39.774658164795056,2119.3475088635414
39.67035135773215,2279.506420652585
39.87045815156162,2366.802754130563
39.96817302682672,2297.3469445072105
39.72697539603308,2223.018612478557
39.59954740597365,2198.2957012000925
39.520699607560886,2183.706917883641
39.633741768117126,2174.400683172487
39.70307515230689,2150.2604453935255
39.687971926925655,2173.313323134524
39.27734761102046,2170.2175295073393
39.56578051446972,2194.917520427098
39.40830538530299,2275.410760329397
39.25486461851653,2358.2843829891744
39.286521176737544,2328.759265538274
39.341190791055496,2319.9875984774894
39.455681942936884,2341.8956266110367
39.428367277397065,2319.9145726064016
39.31164923025671,2297.499678700268
39.1674928769639,2235.945037006241
39.330452021729926,2178.75452923066
39.326687262789164,2133.0027855273484
39.525113985545154,2105.3228532174307
39.499961705096496,1986.0352432155773
39.502274055466366,1999.2614250362506
39.32904618558928,1942.4917312599446
39.33205419669046,731.0302022626242
39.572146894210086,1910.3960162134263
39.61109772714195,1900.1963021064385
39.4927313308337,1917.3920393369674
39.4472452643835,1944.6110609393704
39.41226067740252,1965.316029173463
39.39531074095311,1974.3349340855298
39.61456757462375,2046.0015482471497
39.403415573546596,2165.855809950268
39.35324874785566,2204.867354986183
39.28298757833126,2279.307367450217
39.10600458010855,2367.3797369631866
39.255610745640524,2386.603825971297
39.34485394138909,2422.256619852482
39.31984407602316,2338.781587211386
39.799145880323294,2341.6984647777845
39.700236569332475,2325.6194184866345
39.80118207932718,2333.9996380108882
39.59510424068502,2328.115766407236
39.733981955671894,2266.8749256146994
39.522286060295976,2237.881931125172
39.48231065359514,2231.908162617243
39.4893361625527,2233.88511197608
39.444463008986794,2187.608010679864
39.38128422588909,2158.4853177833775
39.38073780869368,2122.419965192855
39.13629898307585,2055.9623421444503
39.197070899849514,2064.9205205728695
39.08255483563056,2027.4053688607391
39.23588755000707,2020.0498477568535
39.143723592557365,2026.9462510910435
39.11837918191651,1966.6070812497087
39.377165100069476,2009.88958067773
39.33143797960563,1928.7802622817173
39.664676181010265,1976.0391779989436
39.71826359293375,1960.2248266256004
39.81243020892097,2047.7001385778206
39.85201736259301,2146.42250558502
39.76861054594005,2220.6269658417273
39.93242463459232,2190.647599723141
40.00795784683466,2268.716057586441
40.074059284003425,2185.678800936088
40.14548430931408,2106.7607507283574
40.102450593660485,1955.6231189227042
39.64031824549021,1947.4885065786416
39.58610476805174,1952.159533777694
39.82716694164412,1919.341399632278
40.084767583722076,1882.7537317003985
39.93840078530935,627.1086054116213
39.86929510853011,1840.019187759153
40.05849742887292,1846.081624119788
39.606446346586125,2001.4840318431861
40.31411606319355,2053.508126585035
39.95775387576295,1969.0058049866338
39.92974808469048,1874.0107204396822
39.98973980200559,1900.2350191289893
40.04892916771715,1872.9728654168796
40.312963211889254,1883.827204344329
40.10168592465018,1796.87218680359
40.42088265410342,1811.4149851003585
40.73946086292516,1809.9350232643842
40.92170309499822,1825.6232370139649
40.44075204037927,1790.33525799577
40.33381545392048,1758.1743171351573
39.96802545895995,1796.3673147406555
40.02065645781349,1732.4999470229488
40.38323246952617,1724.0254923687514
40.872061518155235,1683.878164796648
40.72722183830755,1757.7388020890025
40.49838242745777,1734.6213700219623
40.74482973808315,1731.7764200639385
40.95100436731432,1708.7174371845113
40.96866351320579,1689.6417016612581
40.30496217299582,1667.331900231007
40.616740076086494,1667.4097830857695
40.590874959366374,1695.4844035136862
40.91345951465871,1670.7602844541054
40.87469803706531,1678.1170231983876
41.33396618142786,1688.0008150339527
41.04554845633446,1652.9998241564513
41.34770201086509,1659.9157005114525
41.38268719909439,1660.6009958844986
41.24974659609577,1645.3584230792007
40.813710865261456,1688.2928820075385
41.217173789948355,1648.0996556917416
41.33084399645416,1641.5335177676627
41.338063118151666,1674.318220992084
40.33104195009233,1677.7501132508346
40.74087469963058,1644.668244270309
41.55123445019451,1662.2047719345446
40.95347504136592,1667.2087762351368
41.29140150475913,1660.6239107298993
42.37650650400063,1646.3507456435248
41.83935063169735,1662.5345097191407
41.485701749590405,1645.3154952259872
40.49250738085884,1673.878249522318
41.06103678981326,1648.8600994050712
41.09275580377398,1657.8148274071577
41.09862010921075,1675.2759367428298
40.85269232412541,1665.9571398857115
41.203713050295505,1687.2407657222157
40.97508371289178,1653.9787821069813
40.396178002782314,1662.6475260650295
40.0573850567561,1679.7851576192563
40.48423031899638,1676.7533701524544
40.7348646070605,1673.1341531725418
40.19938850778314,1690.6297604908646
40.1660748987785,1648.2892151901092
40.07355900435165,1677.311182871311
40.099441198207415,1652.9085431804094
40.16147918395848,1674.388440025099
40.620612269752534,1671.2366268209462
40.20495228108095,1670.5831147527824
40.289543740474834,1672.422863640069
40.661600644474824,1639.180523171151
41.00870227470125,1686.812790165158
41.016941958900105,1678.9284850189733
40.6062564447676,1691.5930849102613
40.61511266748839,1694.6847448577746
40.57667573109392,1675.1859739672536
40.50704523741754,1695.7525769271804
40.25336727285513,1655.610185781562
39.90728792563787,1670.399273619541
40.70934153063979,1671.1559068096628
41.565399315686044,1662.4800131736542
40.97788709045066,1715.3034644116801
41.00279463194423,1684.132960585347
41.09049217536479,1670.4724857092194
40.5841139277331,1685.4544931198168
40.53827608390312,1679.7926237736247
39.887854432090364,1667.433368936308
39.957208595065794,1662.891134006376
40.38805758010574,1674.4611250905807
40.631027160557224,1664.0753530971303
40.3904125696217,1672.3501050435466
40.7263912480845,1721.260450287281
40.918418832279485,1667.6144020714526
40.57296016385526,1697.7536598816816
39.9377907779605,1707.3361392991906
40.23656180754432,1681.9087507887302
39.87888731707169,1681.725989845636
39.78945426028355,1656.4166124755652
40.302881694132296,1686.8149314597301
40.22467183694333,1663.4856910023398
40.52025398044309,1680.313675907702
40.401617694661965,1718.8623029427097
40.03565549392535,1722.92591058834
40.23004202890647,1707.8729966869541
40.320331328691026,1741.5613988230448
40.27572603765611,1785.450281979313
39.73022637689411,1807.0370062695226
39.8143985824178,1853.0069844579016
39.76573735193321,639.5469200171401
39.46016304065165,1790.7178594744316
39.35571899364439,1866.805621954787
39.58861774854178,1975.6413665218142
39.792746106370295,1985.4481752381053
39.822378489334696,1981.0715475062361
39.583269141392684,2094.663682108019
39.385463644918104,2190.495948027051
39.709737320669944,2202.258391637677
39.54327435949298,2157.2366755978474
39.591940536906286,2142.737511111135
39.43197578813044,2109.2614170177653
39.370720947102384,2145.7534139252357
39.434980792047824,2114.6337685975004
39.16317883358106,2259.0615319141234
39.22492248324085,2155.3378297016
39.16150550480561,2170.844645079801
37.76801428793452,1831.678444053809
36.929306889854004,2899.062611066345
36.61637133467289,1687.3319839662597
36.286907186297,1695.6789893675223
36.18437158923777,1695.0678264907406
35.892935477718055,1675.6891417423665
35.782145292401054,1699.2773036021752
35.80267104887972,1674.8003562072622
35.71543181542338,1684.925317289881
35.65019622451017,1696.4558920410539
35.558808948901856,1694.574139507808
35.213931953191185,1678.6751842959202
35.43028585594895,1698.076174913638
35.282533959081334,1689.2484153771013
35.23216150551583,1694.5601650741055
35.37654349361492,1695.6331100910595
35.4373384316301,1675.696927542361
35.449425903932166,1664.8491565600616
35.39198911986162,1706.8977663000985
35.25030442180963,1691.4211584970271
35.32358305653786,1677.76390964426
35.291040966498485,1680.7360505949966
35.21618747120333,1724.496059892829
35.04905567617339,1697.7396109834856
34.806150271700716,1702.8659343397655
34.97492867811725,485.4452525199165
34.750658851147435,1699.7216294119748
35.00685100855373,1694.1266673352156
34.7535470698937,1701.5976979295358
34.901565503866394,1695.1201300381106
34.85278179824414,1687.4919300039085
34.97223809006067,1664.5824204533585
34.65026966327853,1701.6415556098477
34.56553566925793,1691.0470644449383
34.15665112803705,1690.8513408531821
34.33148945376037,1690.7856871682175
34.20868222081014,1698.8740530242594
34.28681568281796,1707.4638738178812
34.339896929019055,1702.4562351805153
34.45246864356609,1707.49224148212
34.203973990999444,1695.7478283718333
34.30912645944476,1716.2389229389728
34.236521180328964,1705.8938114229416
34.28380146856237,1704.7743809410335
34.10515705434412,1695.1054559332865
34.2576737718026,1725.2778224992944
34.2534312607285,1714.0750190789752
34.257229611352635,1702.2064194031482
34.14474928296263,1702.674016082739
34.025442656595196,1718.3178185608404
34.10780249211726,1700.340423704115
34.2097167743669,1714.7122738456803
20.1603591289548,1734.9514735796856
34.19767156661681,1697.668077350412
34.14821198858061,2893.241275767355
34.302786828163875,1692.9091718988705
34.14587618834595,1720.1209280780581
34.24011085034493,1700.9206273141508
34.670812833208274,1704.7648194360881
35.06965026637581,1704.0923779559967
35.30642026574737,1710.972236099728
35.672505974420844,1716.4120287685807
35.66593851731394,1695.7655577581236
35.84864386497935,1706.9220734862688
35.95842506762301,1710.1391946232388
35.839821387614975,1713.8691467776848
36.1456681449351,1713.4357688342714
35.985272876787484,1711.5869600338845
36.2758464169115,1725.2700129758045
36.197948630496654,1727.2274822369293
36.52107685311715,1738.02961420484
36.21297908414239,1722.7125868731705
36.25724506981253,1741.4210943155772
36.28566165163667,1750.8601323664711
36.464600997558385,1742.240046592269
36.41447738348968,1751.2796849779406
36.27489485177685,1738.1926724420691
36.29760874183755,1746.2921321496729
35.94973377608483,1746.5120799737401
36.21933319135566,1746.5649735373145
36.168466130497315,1733.9099075445747
36.00919417851467,1746.2332950667858
36.04572302571105,1735.1663974134215
35.82476795409346,1731.0955007163839
35.60757814230599,1745.7518376511957
35.446607044671374,1739.1782841058994
35.313159216405985,1734.6526770095516
35.140514973537655,1693.0388426046159
36.016455823123266,1711.0344697251267
36.59548256697396,1699.8136745895413
37.044997017804995,1689.5842497899337
37.609176054081374,1694.1859450074035
37.99732122200135,1742.6187795493431
38.17022751877253,1758.4778148687778
38.56009905847175,1761.7759331980506
38.898780376671525,1793.1338510575333
39.04950811076801,1940.1431597341386
39.48664636946964,1985.888793350262
39.82268313578656,2042.0725126269685
40.20021984883733,2188.3504988146196
40.43818507448336,2245.8459453380297
40.56779831996762,2102.551205032978
40.03024240374918,1982.9206361014146
39.68620034647244,2193.915963310309
39.605198890450474,2214.903617939659
39.571893563132335,2315.1405083610025
39.76840307453692,2357.8977009812234
39.915803001330225,2430.630781626549
39.72759171730248,2400.192118370614
39.73817145125561,2377.67999005635
39.69210215543594,2423.3440233887077
39.83580792948659,2443.657547591924
39.61608578178205,2434.50849155421
39.773501133073495,2411.4348857175473
39.6000156141864,2374.643493400058
39.836112840027205,2323.8287165467846
39.789949413603715,2276.986349949655
39.695076469898176,2233.0289274856323
39.52368472284145,2199.0874105550347
39.751412496678036,2154.0876292318717
39.6387870926927,2088.0110717527755
39.42521923767724,2074.7923849890667
39.302163672309604,1996.0405239668098
53.46898244457182,1959.2052982019766
39.55867242743378,1863.3441858422761
39.69293792267166,1890.3105024266629
39.791247884940844,1867.9179675137316
40.176273155550675,1881.3475057077344
40.48913173690747,1874.6206810110734
40.09163934357214,1825.6598682975819
39.96497161945064,1856.5680368549379
40.051344183105876,1877.988330554424
39.95621557346459,1894.1259741928795
40.004297570440045,1932.1140172212658
39.786187116244975,2054.0194924989587
39.60703183594972,2033.3051501395726
39.805052361250546,1993.0326222350573
39.89017697331473,2124.3837956177995
39.951376314895015,2141.47053077129
40.27022191913201,2140.1744925243142
39.93507873737675,2147.1828926380294
40.44439177999668,2157.27127576697
40.38885764524877,2128.2135944721613
40.27593643252935,2125.266829560775
40.086435314945945,2141.3554748664874
39.93718547899981,2057.836334510816
39.648008984193396,2021.1133648583727
39.80866007665842,2029.1210097829344
39.66172475253849,2020.1702255951845
39.640877070451914,1994.55178725392
39.881016012376236,1983.2822481539765
39.87533141501463,1944.8483498235069
39.59565582828573,1894.3546164732893
39.90199317690752,1921.3411589123561
39.80227627426181,1889.5740313988083
39.78877316584327,1934.3722420032138
40.110103955864304,1960.7322046235531
40.09445097458688,1965.2731575899925
40.06307633699335,1988.9806953912573
39.981969719954236,1969.5271043722737
39.88911227307939,1956.364113278555
39.7284580896438,2078.598243874496
39.90208890743163,2069.0352194094
40.28994100520217,1953.9202858342544
40.64246779864891,1931.055527099496
40.07078100546548,1932.5700188843643
40.43225610417472,1893.0387856278523
40.46443889613738,1869.8618140700594
40.400807223744046,1902.2634455120483
40.320305507983164,1827.811198019257
40.37944841478536,1811.4472273002793
40.20770136966574,1879.1983917143207
40.493577381773754,1840.0765682412634
40.44994977003585,1902.0653983502325
40.93655243213575,1954.6301006130147
40.70456460237809,1864.1850199223531
40.68176854249848,2058.7373456949044
40.05402105506611,2031.131999248811
39.845388290389025,1874.5064080636566
39.197829646661276,1765.3787438206298
39.43183028496064,1742.94895055761
40.27796589886782,1800.3778842187844
40.64267036026354,1775.700353084747
40.765060626755,1751.9181155723866
40.79856434282317,1807.8114820930805
40.3669884256884,1793.8838818223326
40.17040643701617,1817.1411301895073
40.4398189803923,1831.497935389572
40.61139252688431,1857.0542274592385
40.66605757175582,1839.0059167939694
41.05323914326698,1793.5300708333098
41.572669261739804,1789.3770130041735
41.22087571686209,1791.090319203814
40.19328386382844,1850.495762997346
39.81389708162604,1792.5942252703317
39.60924057123739,1732.6372342056393
40.16558175618557,1700.7532567087608
41.08005222855997,1756.9390664967027
41.01737823597202,1758.6634526154144
40.81896810114087,1717.567755913851
40.39027585799349,1774.8032071765901
40.50638999199235,1759.3691798172476
40.128980984338426,1752.654844684046
40.28269793677224,1773.412189995961
40.322313929876074,1731.529886044656
40.60438373563122,1717.4876726575242
40.994411861711896,1737.5145329176096
41.234300989682566,1707.8043580889569
40.67498715729317,1706.6021135013764
40.949725303072,1717.9703333203734
40.850641731335045,1705.6654298027977
40.52299462225252,1714.9069725235815
39.905244294232936,1721.170154047603
39.853964504692485,1704.1288584214753
40.38233428218746,1700.6888959709945
40.75256159824426,1700.3952625348634
40.20757699757699,1744.2482584980673
41.07002998144919,1691.3100914239085
41.39440988371527,1687.5748915365252
40.83098465226904,1715.6298168965857
40.43265165013497,1680.8768226162586
40.924809269846655,1677.5845238247528
41.225441074972956,1716.4006076216747
41.87705538085779,1694.7577287256227
41.11461409600439,1703.510729622007
40.980438561411106,1705.1345400072742
40.8081202830252,1694.7075574612477
41.04143702986548,1707.8052904766898
41.74590409301723,1714.4884535654414
41.398979757626606,1664.581795049986
40.2716837388366,1715.134115375286
41.095338013341284,1706.0354401969353
41.12540587973402,1685.1967674714022
40.82551051652048,1703.6801219054082
41.423128635743865,1702.847750147588
41.069989877473844,1710.7501686187713
40.95611628183974,1705.681011689709
41.05306776644329,1726.170512963095
40.72386681736676,1703.8177491299582
41.71650153231853,1676.496049927495
41.459526340696414,1718.3093461653652
41.71326151028188,1690.177912916875
55.543276594968376,1698.1280156659511
41.13176764812627,1729.3536617166126
40.982889541034865,1706.0533630683583
41.16738628652038,1693.6049286748114
41.50752775047972,1705.1308655518271
41.43064326138202,1692.0280455269044
41.48092781984036,1688.171998551354
41.647328997736835,1721.9294675703559
41.55513309302269,1719.7392374302299
41.08066576771011,495.8006285932938
40.54047189057073,1748.1559839664883
40.78424211446895,1696.191486380857
40.42791174150527,1712.250196948762
40.253598261870756,1728.4560433446125
40.470858471642984,1713.4795637429206
40.59676513916532,1720.9017807736782
40.370138117709985,1702.022817270273
40.26104092362288,1703.574061523749
40.24713481329571,1697.814793136664
40.41624892093041,1698.5270805797652
40.276214838215324,1735.6318046646265
40.10557316365261,1719.4346590806372
40.15568313932881,1756.7669016354307
40.152958232480856,1723.5856146727394
54.62820505694066,1736.912552855984
40.32811439749253,1782.5377116819757
41.175433886718054,1746.9058438658526
41.186891050916095,1768.0885202540762
40.9147184350099,1758.422352580635
40.92126070251639,1749.3909605832512
40.907774139070625,1754.7507927672982
40.53538009310692,1761.9140822554052
40.70756327394763,1726.5203390908687
40.240417310424576,2918.615812506954
40.85095687185857,1709.5790909771067
40.96198514970048,1711.3421966880198
41.01006259597902,1732.3386329744467
40.93315462630213,1740.3271098386463
40.57523123457101,1729.7598433664239
40.35548032012493,1726.3270752225299
40.553705960235874,1712.2737017148233
40.70663885315538,1720.9358874795525
40.670298724575545,1719.5160405240172
40.761053191054195,1734.2840159545085
40.85970135002155,1745.2414504523042
40.78875500352214,1725.6580508898624
40.63011838660316,1709.6181107485072
40.468285985466125,1711.7650528401566
40.10770361080675,1755.2915207976562
39.36062536241466,1735.7848665404724
39.04353259314263,1725.535530103893
38.82937108212363,1755.7661083027433
38.65984848179927,1763.450330066818
38.42735105971738,1772.0388567379366
38.28187173016836,1776.300324499183
23.990590138939705,1790.1487529336887
37.92602451550022,1788.7027842145164
37.530780743271634,1799.1255393168235
37.01945979396279,1757.6989629097309
36.66292633318502,1749.8695292087864
36.553269482098216,1730.668837246681
36.19699508323141,1726.3545535872277
36.35635011206969,1733.505210072877
36.2542652043412,1745.7309857015769
36.38352148912021,1727.397999700398
36.55866987028652,1727.817817333123
36.44366765953637,1721.9821553645138
36.51798270635369,2910.4876754808665
36.38255778573267,1725.235123234346
36.26595520302016,1736.3836569212565
36.219947903483494,1716.161687700929
36.55969351820649,1733.9691311581182
36.66942760461765,1711.7914812239378
36.38752775833558,1704.6702468333779
36.58525850398911,1708.2081991827083
36.63916540308731,1749.1081973115797
36.262343256065016,1729.3596297885708
36.33526274963543,1715.0726406326946
36.36524818523383,1732.5014043919189
36.42088620539788,1721.8903566887955
36.08351789235323,1719.1737303696407
36.56817676734451,1718.3457447451492
36.0703756799176,1717.530160635449
36.35701572491733,1723.1683393845988
36.27424692912112,1716.581745497978
36.137610395287055,1706.2773090781895
36.18442442158604,1727.7939033841478
36.2410633539806,1706.5730588815268
36.28753448037278,1714.236250041019
36.3534356329324,1701.7885862846067
36.323840884184605,1723.445206239652
36.42990034451428,1721.3847216782458
36.225996008859134,1687.0083083021
36.36762455900677,1725.1744045579112
36.179995430170884,1722.3127125044994
36.3326359713578,1719.66034998137
36.47109517471584,1713.0460784165277
36.308233319390936,1713.4199313554184
36.44927323075716,1730.4200417696447
36.288252746002755,1732.7559795737102
36.32683778891716,1727.0633044405133
36.23446019223728,1704.6168308490767
36.06232696362703,1705.5260266045775
36.227065661234036,1706.93582903454
36.09126167459263,1743.1821650305387
36.06049337121201,1775.4287454557825
36.67519584549527,1764.103504496963
37.38412410186545,1772.2063648021299
38.25819473503237,1807.1714098632729
38.70216280444315,1890.666218849909
39.43221517500968,2007.080517417368
39.54305974261329,2054.3060976321017
39.83261807148176,2149.883162652519
40.07977995069224,2221.37960724862
40.33845742870329,2265.2760517545958
40.75314140196656,2141.681293220971
40.93244668119338,2297.2215489633695
40.88331498982783,2013.310740434496
40.738951843626175,1928.656573797748
40.6090007256095,1921.9013968246156
40.6692647215841,1955.4206783101527
40.946685343185095,1934.1464828019807
40.75877967574171,1970.0579814476057
40.58325529915533,1931.2811371624061
40.70313725291193,2002.931382523137
40.63702218317219,1958.651798533612
40.49673583296757,1955.2713809666375
40.67334344399891,819.1129099201171
40.55678165834462,2024.2655944628282
40.61240916484023,2033.7306913291773
40.71098561317987,2037.9533157354902
40.686148934113845,2044.9211740335666
40.8422461921585,1936.5483444084543
40.80814205591679,1922.4901724268097
40.73967272751266,1943.7049898129085
40.53944232127911,1968.258857321859
40.807282849322505,2012.328088382942
40.53113998708326,2004.556721717001
40.59648778203244,1926.7673626490705
40.283110994761664,1969.110015774388
40.51768315555789,2014.201983348536
40.611279521772786,2117.0618598478613
40.685156409933455,2190.295306184531
40.58130835804486,2144.007680624931
40.540873853776596,2166.3457320793427
40.68351534479293,2127.789424718618
40.76988354319231,2134.9148022529116
40.57145338080783,2043.6426953264581
40.50072938822302,2060.740824460273
40.73262447136426,2038.8736077704991
40.69376813545767,1994.7537488600426
40.75220031304182,2001.9298026304964
40.704973813380384,2053.255096444535
40.68593448522046,2009.72394535189
40.46804124597337,1989.154895533753
40.657475286659,2044.2486606052485
40.6863827416642,2157.6801013242703
40.78222263967548,2089.676039493382
40.53596131258047,2090.033072555674
40.51438095235464,2126.8465301992587
40.771189484237844,2160.4865952204764
40.686064767069496,2150.4621216497612
40.04437495214822,2048.4554187246786
40.16799965195962,2169.886568356964
40.484671327587186,2301.5036862431775
40.498097092881466,2303.4257046139373
40.756176362554136,2342.0400499716516
40.55436030040617,2410.190404363235
40.59247988338402,2693.5021006030547
40.25790139157523,2339.670670003866
40.37906999325622,2481.5078994151045
40.183763614841965,2340.7030643161524
40.20190540809106,2566.8656401540597
39.85188462410089,2306.6602369727093
39.54248314203435,2140.446297847231
39.23689588374803,2203.2950317073182
39.507282048329564,2570.4459055276684
39.6768521955171,2414.62723168545
39.88740535554711,2392.3622017010703
40.095015683772885,2334.168482301732
40.135420031750684,2359.5465106174993
39.99458885022722,2376.2535828265127
40.10130321448088,2304.495635506527
39.62621268922832,2254.0125100448454
39.343226653804955,2118.128724623746
38.93551414786603,2078.1131229187176
38.89880764211381,2123.7890417644294
38.98312718922032,2201.4251853484457
39.2823079158287,2179.8875291634076
39.63577822565107,2159.0890410985453
39.86876103925042,2166.2844972493967
39.97007767091668,2136.464374570226
40.14816196554441,2119.2757166251986
40.087314232375164,2117.4938925678375
40.20889448225303,2129.7334776896514
40.014241940247395,2209.2232237306007
39.569975427425135,2305.3937990777354
39.18926356970653,2349.1320706004353
39.075118388675044,2341.959160550163
38.807885702017316,2421.597557988826
38.61559390119186,2434.3432556401167
38.53675693768505,2440.1824159949806
38.716201409444736,2385.2969389515815
38.301243361298724,2364.379559072817
38.66782968425525,2232.3093524138812
38.435449614980115,2189.748057640487
37.85441309742822,2099.0131051574435
37.57822859585918,2128.980052391553
38.173324950425254,2095.8297034289435
38.30948073459824,2061.1154572424066
38.611992812178364,2012.4986613652793
39.12159541067088,1992.947080905124
39.20206684012096,1986.2793299469554
39.78943225796531,1953.6668209826792
40.38704507014709,1970.979439209001
40.41555775408932,1935.7242837326276
41.20117315742923,2092.451096398295
41.8146139668266,2069.7792348352564
40.99867911411663,2099.439716711733
40.27064001365658,2155.850392014505
39.67462800019102,2190.758298973616
39.151130226085684,2307.1608796376177
39.41256005545197,2329.763384332337
39.753369405719276,2273.7117981581596
40.39437561061172,2247.3897515693507
40.55354971376171,2200.6869711692375
41.04372302152074,2239.988048541187
40.87527941463598,2206.2129841396086
40.26735590884614,2398.7300391129615
39.97506789975311,2335.0889693998215
39.991371184369115,2314.2746193250714
39.941660397715125,2295.2396426600963
39.83089939509114,2287.691816937575
39.88474465953081,2260.927281228858
40.328396451660225,2266.7098803857543
40.17878156021227,2306.510771903985
54.6928289819208,2388.9783139624433
39.95109916203721,2282.657550595506
40.169471982979935,2265.9242971581625
40.968594578859964,2303.8113687610958
41.29100029896539,2299.7201906523887
39.94022196634579,2308.1584179750025
40.65816176016518,2270.1979700677266
40.924503478556716,2334.365495683753
41.11853138385148,2236.7647630376027
41.22256966906432,2154.845798034892
40.82249290751332,1981.4342319219882
40.437523266891155,2011.7003557890253
39.17927962778734,1958.6729887762256
39.10617233647737,2067.789365388163
40.42215492293507,2015.7168333506704
41.64588773583684,1927.4409902136358
41.51859532826295,1847.6559733932759
40.59311516736058,1965.5867934398675
40.937793457162705,1981.768377297069
40.59750175108769,2018.774355848202
40.83329875198916,2073.6578633273994
41.35524143424711,1977.9297963601985
42.073221442268796,1937.5006117300738
42.56840088303379,1925.1819477129093
43.37806550261673,1861.2608710470386
43.75221393025291,1854.8885019522972
41.749488040182015,1911.2590769352546
39.01852961204975,1865.9859432473256
39.82883775026185,1881.2768425800818
39.07054153712433,1875.3125303874879
38.91728572994133,1842.2374122367264
39.6770944429709,1875.741702685397
40.294330600753675,1915.6509123558399
40.54497993683033,2071.5380691248233
40.561815973062366,2174.869327888966
41.466358234886016,2140.550512891294
41.31680443865995,2227.326587727037
41.780452450122844,2178.796417209647
42.36703882372087,2120.6946430971043
40.82599207710805,2077.9717809892254
40.48047057074521,1969.625825012298
40.142607211518566,1975.4910522724967
39.996542742451126,1971.5875017188819
40.506983177394346,1869.4478576370884
41.810779850655784,1869.2253408179472
41.27160353808167,1912.355328008817
41.294412523742565,1873.8438794830968
41.1864502663171,1908.1230635622846
40.61022153997878,2097.963777851043
40.358859335032896,2070.2580749526114
40.987107246863886,2052.01101965593
56.11860134855033,1893.7949327188467
41.367828987815045,1978.477639183218
41.52726014288071,1922.6277784869121
41.0500690653308,1963.003958347017
41.05573064580047,1870.421738114393
40.996534417115306,1884.0100550793695
41.16630215606111,1886.4205405702864
41.10778974403056,1906.1262870716491
40.997661128967316,1866.489109547165
41.46880216183014,1854.9892877755128
41.179549784225394,1870.513623772173
40.62397512499368,1932.1169874302514
40.64838769796066,1875.7340985818946
40.87343469736763,1936.328169908296
40.49939906395677,1942.0196672919228
41.196692479020044,1945.0950103170837
40.3480484614502,2178.1711191340246
39.83049256379455,2135.9485202826295
39.2657268204875,2164.2064816640395
39.39766561870236,2262.016431196289
39.66625613653738,2289.080688639898
39.85751831433338,2428.9195756336467
25.719658644491833,2389.9000794608037
39.84740702450591,2348.6545713033393
40.05598944760452,2352.2173188278693
39.87413802027922,2439.3756842538583
39.46910358313998,2335.545456183485
38.92617480137655,2322.6992975436424
38.92430087641068,2309.3761350673867
38.55460930600873,2385.033320492493
38.14198786604992,2352.676643440048
37.78923460229864,2304.762842364863
37.68858035565938,2335.596236180133
38.025831740931196,2310.401397906449
38.28696918568724,2276.396502175909
38.576972271659585,2364.939438128269
38.8347973225994,2419.1701139825714
38.78969350607929,2312.241474669827
38.87584031021554,2332.969545866725
38.819480544711205,2420.7810355904635
38.665796610982675,2381.0284934390984
38.936887815474,2337.941558866147
39.25789427244406,2326.100245842688
39.35487753496814,2301.1221026494677
39.19591526336062,2303.6237883424915
39.7078564965646,2386.412883682422
39.4106160126924,2415.5267088463697
39.401903014704395,2413.353217808518
39.214822725995234,2382.365969311778
36.97066574158544,1906.278023426788
37.06262330684022,1859.6291836496875
36.5561740985385,1804.5142736400464
36.32195946417998,1770.9317306031212
36.00161097280753,1771.0627911440438
36.247999926299926,1751.3048969537394
35.66880019754486,1779.1314701112453
34.88119007016968,1752.7463669027609
34.609554365561166,1765.727115898966
34.66857520649499,1790.6232294612519
34.40522334268748,1768.013082681272
34.341940562292386,1806.5968287417927
34.3649972026045,1777.3301070628302
34.21106709990614,1803.152907773925
33.79567529606204,1764.0880103060504
33.54192566371644,1790.421304077803
33.326553726530854,2976.3216179241813
33.18407240741422,1800.8709134796256
33.30157030910732,1792.3050671984329
33.46564754596919,1798.7519000286136
33.480936245269774,1794.9340326268525
33.19848415668529,1791.989202708694
33.60639334372638,1798.1043865575323
33.47356660734412,1815.844443422309
33.656707984880185,1819.8102130999976
33.796452971542365,608.1630686822077
33.725285212346876,1807.3440852552662
33.86463434300883,1804.6123959245774
33.604362752425786,1812.4029994903663
33.79112707492,1798.2961503369888
33.45842678441598,1801.7490146336595
33.19717564066535,1815.3211957404158
33.1720760266425,1816.3017462653468
33.12999521133683,1791.305139884811
33.225954682686044,1800.1193801406625
33.29239393430905,1799.802975661953
33.26244079762304,1807.2540006337108
33.12756200579676,1801.9891780874686
32.990371579668505,1786.4321975056216
33.170808163251216,1802.2656064653615
33.027252000663424,1798.2071306921855
32.95472128185598,1803.1196975567627
32.87815422659338,1802.273302791014
32.85797158799717,1798.0845588578604
32.68212662280304,1802.5795701725096
32.7855696997454,1793.7613310702222
33.09558599860702,1780.2163228100815
32.708208768392154,1783.3755028623696
32.670835259134975,1765.5396715200914
32.70510012985823,1748.3142482471283
32.638337156303734,1786.9530133271821
32.630224744419166,1775.4365459058968
32.90921639949197,1764.2376661674116
34.1862832219505,1786.8992948982975
35.084327362483634,1778.5105076786426
35.549774841311375,1765.7379383727637
35.93332283542294,1775.0801385784669
36.59632586510189,1888.4072292934839
22.834030920181032,2003.0200400477938
37.05103519255218,2061.831865720488
37.07609069517762,2206.200881852691
37.068544643346485,2314.4851578255107
37.32064449693593,2370.3343754477382
37.72255346935143,2435.5792449700957
37.69186106778976,2367.6757646740966
37.955312129437345,2348.152903516683
38.209105583721474,2280.0188215396856
38.32295767748404,2290.3126425660566
38.01179721957561,2395.344753899816
38.32441299137,2428.055062846717
38.37468804568914,2453.740784141706
38.485082172102565,2498.1341452497936
38.55685671911402,2438.920090386347
38.787658301250765,2428.4795822741758
38.905750981249156,2389.932513703403
39.227984268020606,2353.362306777245
39.18585900018517,2362.1640769386436
39.00568735561198,2387.167156137959
39.295822392073326,2303.6257447543
39.27370703944357,2333.5485486097123
39.28483509547331,2335.210709630769
39.24675934465901,2383.7936523905055
39.20081729507621,2487.131942467683
39.363098158263185,2488.206396773896
39.497074974667086,2519.408711215317
39.30784112283612,2509.27574563907
39.33565924219657,2450.616344988881
39.187660480222945,2428.2707953602403
39.56770684022517,2440.0628203871997
39.47582234851822,2451.57895682054
39.631361688988235,2384.3025625522187
39.34017104217608,2392.3021545005868
39.4560143349952,2328.9037235798564
39.68978048303053,2307.7913885823286
39.70146397981668,2323.5958368423394
39.5418462229952,2362.9067154215218
39.80758702105454,2384.5962896024193
39.56749163788125,2448.987752913518
39.685869563137686,2431.170141003544
39.7833696275097,2431.4079282290704
39.567818064987684,2419.747276564708
39.685064655601096,2404.076729628324
39.78964886333536,2370.192356329164
39.60907360269447,2363.477814907681
39.74223520453233,2316.5651708052246
39.740325880123535,2390.7484209208674
39.58616286587278,2387.4995085579194
39.62894636318389,2377.903138210653
39.685307047879775,2402.434822436302
39.736245989796274,2385.125829740315
39.79547568520489,2355.8197047387794
39.5371359794589,2357.443444072996
39.75117587716344,2285.5043886449575
39.96310080811705,2269.5216354466065
40.187978609608706,2381.738836262686
39.99050391214145,2353.695408008247
40.139572709861454,2322.9085164309327
40.28016389018394,2328.7355807167933
40.224969422514384,2337.501438088408
40.114612529284564,2435.062859029116
40.502266374884684,2467.2951147847366
40.35865332760703,2400.6248512823176
40.24017238583695,2383.4255811097737
40.18964496036334,2335.5831367177634
40.233558818086266,2336.547167787478
40.301341414835555,2314.9399793067155
39.97977750000218,2227.539227848537
40.12833686116775,2204.7678232011517
40.16074980047219,2212.2359836385594
40.14162845569693,2203.2610128371643
40.2772178546512,2197.9576154329225
40.33434676228895,2177.6658967475423
40.4417416018554,2172.2035352454873
40.23608385221956,2114.7512416269346
40.50372595350862,2140.602842152219
40.52066189593085,2248.3599389233386
40.61897236348604,2413.0585244909785
40.50329116499419,2440.2250669939917
40.5682251157877,2425.5708426790598
40.42154631291557,2392.683184163454
40.25575121831498,2330.5703600893016
40.50282701630716,2290.8582804997004
40.359456009458164,2264.8102603295283
40.08621053223982,2192.1464910795603
39.72425494400065,2175.4175069468633
39.459001326747455,2127.9384767434576
39.91549250313657,2063.6355578056337
39.45949245162653,2095.3221853188156
39.028986550906325,2047.6017775377659
39.2955361599429,2075.3222118968133
39.30919519490549,2058.9367903873526
39.199127890211365,2048.3148068782048
39.17243823175137,2041.4602217868648
39.42737226241841,2206.1565426017373
39.876834499966336,2217.305772524037
39.98649919193167,2316.1995105432707
39.63142761392724,2395.7830067578043
39.874760904644745,2401.6439412444242
39.76306694090156,2371.4930482267205
39.790106313631114,2314.232497044275
40.028096702694484,2221.793821826527
40.369779447708225,2178.7598966074993
40.71132859333716,2236.4938589573885
40.87151542301983,2215.1579552016647
40.79413761488929,2196.461738200331
40.75722600215768,2139.2839543709074
40.98618004542407,2097.412583462305
40.926007350498075,2011.0888575295749
41.38955456596583,2013.4123980421455
41.265356536497436,2016.7488481190921
41.10253007506503,2127.18119255017
41.19232740935577,2111.0615939363142
41.15844982896092,2134.894661004748
41.33102064701028,2121.2691188987774
41.47214446813225,2011.053590677619
41.271141035158934,2015.385097604921
41.75693128603118,1998.4328835472181
41.645348096419305,2007.5651727527265
40.803105097614065,1938.203288408608
41.246622543149336,1947.5147071916717
41.85706766197633,1907.929771178498
41.848863170227496,1901.640068799933
41.03367970701245,1932.9701329610239
40.62532769486061,1951.780798017709
40.61314622852082,1941.7527024075468
40.75698113244578,1941.3859037638802
41.07454748288433,1950.3049049466113
41.27246432828158,1930.7430491395091
41.451105699994834,2076.2884501462786
41.59539284969053,2121.7635030727433
41.766909994611,2156.932874474511
40.98833770687012,2160.9098027104933
41.237749402084376,2086.6715281870024
41.25296618203614,1982.4033052742504
41.3154728218855,1966.7239634072403
41.2628281383926,1999.182427400793
41.13854804947181,1978.987434850088
41.14380395748487,1927.805627570467
41.1743094889008,1977.5144150357028
41.363860257634606,2015.7149420480673
41.63584006825358,1973.3423022026802
41.08705037849049,2071.564702497035
41.053069340958324,2126.5199078783007
40.8134943877618,2160.347904096061
40.92274660064038,2094.82114251964
40.70008121404868,2083.8530547056066
41.11035499931829,2103.9705433300905
41.0665612662646,2243.255669567296
40.88005397717565,2341.788287940108
40.70286751037296,2308.9606289661783
39.93811302284957,2286.480157460906
39.39547905914569,2341.4894671011834
39.46425350862073,2303.713852886761
39.15907918561274,2278.327538961678
39.27868978573267,2259.8838097511216
39.07188630776131,1074.9856780546725
38.91159230193783,2319.74692343751
38.94442773170324,2301.0803151947025
38.936270673757605,2363.4856453143348
39.12735320986792,2328.8815432507417
38.751343072406186,2328.9470605683546
38.516307812970695,2307.6560033512555
38.2176415395099,2353.627222179256
38.0508696017744,2358.4751864135733
38.103953107323996,2368.7140841710625
37.83144122399057,2336.131396628856
37.575868164863024,2298.3381509183114
37.72076409152248,3516.9436249055098
37.27060177033538,2320.4485848080726
37.59416382222087,2269.9829446284693
37.40221759792978,2243.2930145809
37.2140524893431,2306.5438392662936
37.062697579618394,2287.552896125792
36.969559040191605,2271.8585110109575
36.88082391252798,2310.953529376229
37.14705086410005,2363.6100876937617
37.570378434624416,2421.897695222886
37.999498528281535,2405.224379767083
38.23550850617026,2378.44766695903
38.70503359972291,2343.061540346837
39.08297933430769,2382.940739268666
39.09743328348925,2517.269209656255
39.21547731498349,2497.9915553837263
39.23771331296682,2485.5855155309064
39.168496350253506,2445.049901830639
39.22395661137041,2398.985182996961
39.22979609209996,2371.475167395235
39.29926702202755,2337.2682717417224
39.1642787804542,2375.3858757466223
39.098374076879146,2429.9361620885797
39.14306911480455,2420.3675598789914
39.21798584790403,2392.2969205594263
39.25722926216129,2350.5037536722875
39.281378753295726,2378.775702554031
39.19378684039325,2440.4359331134056
39.056295354335546,2412.632252124436
39.22558670844172,2439.4293945697746
38.99027916748574,2423.7017142604186
39.122877477693464,2370.6111487071576
39.288279347259696,2379.1892716837365
38.990674349647705,2383.303946913155
38.90616296346555,2390.428198684026
39.201753224738894,2399.6046413723584
39.190573633774505,2372.812352318454
39.19496054860105,2355.558581726376
39.12507421601415,2443.7202165905483
39.16080655902621,2411.4613469905175
39.513384147977916,2395.8320013828866
39.27187517736309,2375.6236677675397
39.25449618867941,2425.109129295719
53.65977319839273,2462.926087185688
39.36088932200302,2402.389016891788
39.4371394847138,2392.476896069614
39.483678241500826,2370.11133003167
39.3188409197287,2445.587381890532
39.364400539481124,2466.2709071715467
39.45516977273478,2435.803554901553
39.34869203712005,2412.1191875065115
39.3748415964494,2401.465268803541
39.18432878373391,2428.538996930679
39.04559817666984,2342.4673831783975
39.07623185986592,2386.60774747097
39.02832483946515,2406.267873025068
38.797394900669566,2398.1827212253547
38.94516991184692,2387.2962822074837
38.94377552853646,2375.964361425841
38.712325743105865,2342.13351275485
38.91165580060796,2316.9323315596866
38.86283180899049,2312.9571257828975
38.719971967858,2301.662964230622
38.43146402004176,2287.3704056080123
37.633380852683715,2288.7905535622185
37.32816426756605,2274.0629779512014
36.70168665424845,2281.757069514188
36.4424754244817,2276.3856645810874
36.039868988970525,2279.0822832190443
35.80458277421165,2310.42155718627
35.52073571610954,2282.90146358089
35.513157747721266,2291.4033244117795
35.132857016042436,2311.2722931482404
34.85668153365373,2273.2013454589815
34.725879066027915,2289.190089188175
34.6442614142732,2258.821426789636
34.32253749483998,2278.3363533748047
34.435355981888065,2266.27245567732
34.29625089999061,2269.550501056702
34.259463494056725,2240.9706297558755
34.212216367111736,2260.22943494439
34.30297923322233,2245.108502738295
34.40594366615727,2234.4806891259236
34.554939871988324,2190.029880204981
34.39643188598366,2149.776778690076
34.40612860333272,2123.7183394363115
34.35530251376268,2107.2076281941813
34.31263616123975,2062.656244364581
34.12755634321784,2071.8619163825933
34.32421612537252,2059.404921261404
34.254206319938376,880.2647290217797
34.37938050786852,2071.8666003429153
34.46160002317492,2059.356651965892
34.37170544110869,2068.649936543505
34.37281232543886,2061.3121631496697
34.462360590390816,2069.4377316363607
34.25499659406469,2051.4652268453533
34.17393460276673,2011.3931261884406
34.323097883454345,1999.3066442637028
34.345948027009676,1986.0129143477316
34.178782795165574,1986.337914465115
33.923206202991,1945.0152315595137
33.66606173658422,1920.1688739172764
33.488274140367906,1913.3496294070553
33.6080296436902,1957.1929101859357
33.65665985900587,1908.8490593785227
33.878632104936536,1898.0601668078216
34.51147523990295,1873.9171781507341
35.23995494825463,1870.7457253512616
35.63168713762665,1887.7346052812181
36.15670547119021,1900.2107751028852
36.6772023491518,1868.5887998193339
22.73903038950019,2042.2318508890442
37.86287317291388,2110.787973947723
38.60673444907793,2009.5036397005447
39.19646478308182,2021.7646677108933
39.495682195749254,1983.3022372631513
39.663756838665726,2002.2484805758284
39.71006519545716,1955.6385051435486
40.20942918247584,2144.897833150495
40.22414131774632,2087.437372990859
40.23833427090969,2153.5432523441455
40.05761859109141,2274.364589202414
40.32969950804666,2407.2365963042657
40.736023668314225,2366.737326396927
40.49501867383374,2358.4826362086515
40.50850038716169,2461.990298481527
40.69223150887268,2405.9245992612605
40.365302638234006,2369.2754857192576
40.72647542549217,2353.7774495448975
40.72642022371258,2376.628300834771
40.6498498285568,2340.9825849470503
40.94628898269752,2427.6304485387955
40.93071434894058,2447.080669037207
40.828416348960346,2368.990814444417
41.19907562369299,2339.3907063203515
41.078741808102265,2439.1292669126155
40.962468054117636,2356.2675695099138
40.94070951647443,2343.7166173941278
40.72747844359556,2348.281074636148
40.99928081350643,2382.4989478280563
40.99178092714274,2411.5253498321736
40.83165271610309,2420.1656639560824
40.7369755403384,2424.7477205988307
40.65269381767905,2405.4701613851666
40.75804766895078,2406.284677903407
40.67847825852133,2404.398169041443
40.610209741022004,2354.046659425367
40.51069873803238,2360.084027695161
40.433043224239526,2372.0798964349165
40.53294352868963,2339.159266227205
40.42990212853422,2314.944878184035
40.37334292574885,2349.984470050307
40.437610100078764,2366.249885524486
40.25337059113362,2379.0873105927203
40.53913971063563,2419.99581159828
40.48916403965542,2395.098310245112
40.66857920345656,2434.969297590662
40.8019818469336,2454.4656783901632
40.774706555598144,2449.7544928024527
40.53581045265369,2392.5535699600773
40.78103714196453,2363.9908714030535
40.90944946097402,2394.546091596635
40.917593186813846,2383.640115078541
41.02134884382143,2377.6688474592775
41.056037335844564,2350.3659233897897
41.01691230599798,2308.367760231839
40.9662367641516,2306.4600556160585
40.7450977622958,2365.3623459211094
40.406916869777724,2475.3196892837555
40.59235523289519,2558.592122266343
40.59993478608139,2554.5669207579667
40.58507318214096,2489.1663825394
40.40612333604242,2484.2801536862785
40.41838259632426,2503.015266230867
40.291955440350094,2437.0473406657766
40.45816285046765,2495.529814508666
40.56595394781279,2481.1657975286275
40.40598220216343,2467.3946701200184
40.20445167237877,2436.548091490442
40.33053261465557,2427.5290142837484
40.33097938728845,2388.5265039159713
40.207095558589096,2403.7978211064333
40.30616075273442,2360.811870142843
40.130353726342946,2355.3763621534417
40.2025419340533,2393.8036617432435
40.14279240555936,2380.6601315047164
40.22481823730726,2379.831290897915
40.361231905058204,2359.464217808162
40.315676262324224,2362.5263218939754
40.54335962920783,2411.9563854508433
40.392592530071894,2453.491081887124
40.48303521592115,2443.92829625754
40.41576173120684,2430.2700331401747
40.51460736096139,2407.799794393214
40.70131226144299,2395.615652792397
40.57076360861616,2387.221303709301
40.792841374631536,2375.0846844309553
40.61528886693649,2365.0236546739075
40.75734847573317,2353.829624590181
40.88799477081692,2372.278342836552
41.09623724199783,2446.4530990004614
41.10759863377439,2406.9482442562035
41.1514323598448,2441.7460819014896
40.83145300455419,2392.2777399125725
40.88085704259933,2381.932481735781
40.88199349515958,2386.7300751109997
40.766350581603206,2393.0215126828984
40.23161687030378,2430.0623695324057
40.14371482083335,2380.8829068637565
39.9565485726046,2368.1769957833585
39.784688654519734,2394.4860161088804
39.66919171842956,2394.739016281156
39.72660295927201,2439.3334053823683
39.56898172890493,2378.3494322130937
39.51216407821752,2362.012179070651
39.4228273957102,2362.527370610716
39.2777311027713,2391.950951588879
39.39943697535739,2425.2382439012295
39.2143812920974,2454.494645998051
39.18925111892257,2378.2771476507305
39.25804478384203,2350.6489051434205
39.109057722937294,2387.8987221467896
38.997135167408786,2443.705084212687
39.283628449416824,2461.6774672866195
39.204363372829434,2433.708788358006
39.190402940734415,2406.3519028614455
39.10535947436014,2377.130643505616
39.11313274178144,2376.152608531605
39.05570007562615,2444.568783113871
38.78176664625484,2514.194324283747
39.138015660922385,2463.9689337118325
38.994527974964264,2441.8654914059443
39.14812047997833,2406.484215381846
39.162522308895575,2380.656482430127
39.43110834943326,2370.3474173589802
39.37609539298134,2449.646828024797
39.190182872492755,2493.945532372024
39.350588077518,2532.1499493800975
39.37411813168192,2451.5084241044383
39.46652842766834,2400.9602069115153
39.57008668515799,2381.968461271308
39.47246983342686,2409.257091629399
39.509572033151144,2459.989503205692
39.504923776852735,2434.691915244619
39.602284314261894,2370.4321077509903
39.371805026193606,2384.0162784524346
39.54739669380071,2451.4063495070677
39.478217850970395,2485.825956368053
39.54907810628466,2406.3289705579423
39.43617352180999,2416.930577559461
39.545979695462535,2407.6850168092246
39.64773216311443,2380.702572366097
39.6626316922182,2444.078307183998
39.67265464724119,2403.308721112335
39.442106308981245,2364.5430431453515
39.28324877740049,3610.826614784767
39.32035328986909,2462.833341454303
39.17959171465475,2479.4220696041652
39.38532884666873,2431.40235816529
39.28796492956701,2420.293700952608
39.34326033950757,2359.8889497084565
39.35313291011575,2433.499577232905
39.50322075663043,2442.737182345305
39.25257404590013,2410.876176136456
39.345660524361975,2422.7568352035655
39.28453367279904,2376.380396491274
39.25306749707292,2442.0702591363897
39.38351560758946,2474.7071154693044
39.001549150361356,2453.013687210612
39.22091536293074,2416.537563799222
39.25820740413023,2393.899168578836
39.25833393608531,2379.5854622969982
39.17927691595639,2431.341704569101
39.04658113505001,2470.733500954413
39.15877364394622,2426.141764271011
39.05587988232284,2384.317597439751
39.03048991208405,2420.2843767683225
39.126586574525064,2458.8814079055055
38.988893313551294,2422.67516216931
38.969026477404896,2410.5473448479925
38.77388243872517,2389.96451761107
38.99144509099732,2390.179203218439
38.619232896726004,2440.326990106584
38.723638173256646,2438.042433487271
38.49183190113001,2393.4145176241636
38.64096747963228,2401.6098198974323
38.758136230576646,2402.423547730784
38.68369722747132,2395.4417739421933
38.78808686984297,2413.486748918297
38.638021303482795,2452.8369630993984
38.76104483327798,2437.122861988535
38.40875615682858,2418.0995819839363
38.3154430361637,2374.859699435235
38.46755531382749,2426.528696237715
38.41347133843405,2442.358124620001
38.665403526427234,2426.55325224683
38.46031042104972,2423.4154558327155
38.982812329539314,2449.1287182738665
39.27599602942492,2405.375596752004
39.14102692468557,2419.796056856953
39.363138613521656,2458.2080534612796
39.434994756700746,2438.127781021836
39.44352433967737,2453.3959078524053
39.91704816719033,2427.6162117809877
39.940686204364,2519.4901449250774
40.3520456090297,2572.2041185310673
40.348675101136905,2525.3011001327627
40.850444250891904,2483.966018478135
41.475735186525,2448.240829495635
41.4069012395758,2382.8911900665285
41.503012456151346,2429.7614632187297
41.865949156410295,2474.4187584646497
41.5123912874604,2597.9930515750893
41.41550494239178,2719.129918461269
41.226035324611175,2637.514745340402
41.19926614095165,2628.288282245542
41.193580702836215,2593.1009703533273
40.97176437255096,2512.4866159220164
40.838994552596105,2477.3926306948492
40.617754667574914,2437.8366794486938
40.5066005003879,2426.5742934186537
40.01426383046896,2419.781020175429
39.96869839922822,2480.5658071441635
39.69251278439966,2500.486178780359
39.53440531374262,2490.314601042496
39.40363184929414,2469.8716799717813
39.479911898658685,2433.0354291701933
39.50056277580145,2421.332171851172
39.36812586827852,2412.8960914225095
39.26871399121154,2390.939205073493
39.44148668545874,2406.428161609565
25.021629225108104,2467.1081798779987
39.27140328127786,2488.700574088376
39.56776599647571,2442.255003111901
39.615811545118184,2445.7617488727074
39.34659887326946,2414.236252620096
39.21261591816814,2385.1445863025683
39.369179760425254,2434.13968777266
39.195124452523686,2456.110119555172
39.35936069735134,2425.343636811399
39.35100054100232,2401.3573348444443
39.106393168807486,2393.4299441656476
39.34950634978313,2444.373765805104
39.149004765214066,2447.612854755039
39.0074956885632,2468.4780867865966
38.88963109737023,2406.869483420352
38.875263115459,2402.125715883193
38.8787556408654,2368.7174426080833
38.59553329611816,2358.5273051771296
38.613925124583204,2339.529275878634
38.04713029711378,2341.348622603996
37.39549737031476,2340.528474944534
36.83123431568101,2338.584224672635
36.51174228734058,2380.3970708718025
36.049553537190796,2332.234786930084
35.71467074579111,2333.0171806900084
35.569374675740285,2324.7425921889367
35.35822012557253,2333.3642861341395
35.08703801438167,2338.7640318967856
34.82586927486454,2331.9467145679105
34.873201893049476,2315.3004297411344
34.62815352573706,2298.8288588503674
34.45707994277527,2300.4378468999257
34.444508833849625,2270.5392757220325
34.19767702117056,2254.5015252202056
34.214552153259476,2243.781252041374
33.765010611817544,2205.2349484533793
34.03159864101402,2204.555437919775
34.14531789727329,2194.977207582518
48.495916008092536,2200.7470895648066
34.54339303264369,2168.329329085784
34.18856034908046,2167.2333103803776
34.30867079352702,2170.158352470288
34.32272017021635,2144.4490903137166
34.45980705491739,2153.946574686964
34.64057454513497,2152.439456987512
34.739140839687344,2136.863949086904
34.52074359283218,2112.2694742924746
34.256650253143526,2111.3963049365016
34.56298024074417,2126.688726938638
34.66591247995355,2135.308232953755
34.338062711648746,2110.9553583981124
34.52760724580732,2106.468544037887
34.39940575526356,2109.838784938588
34.49543581248386,2102.5851656495006
34.56520241521083,2080.711161483049
35.15595683418304,2085.9278566946987
35.54073148455028,2084.1337195153465
35.83199521039984,2089.624988616187
35.47552302075805,2058.560844109512
35.950570352463494,2049.2958968702487
35.89947843269815,2077.1781862421612
35.85161773135755,2030.6158765204584
36.475110611185144,2006.9042884914747
37.49605912393581,2137.8199704459566
37.7472130688118,2247.7709857531113
37.98996043175667,2326.0101014888774
38.31642076329939,2415.811760509642
38.62877528362281,2417.023499905178
38.46480000044447,2399.8923135486366
39.424052238010304,2389.3661038613654
39.61125670688254,2459.2723346951298
39.54476264494319,2390.863898997794
39.840359466538956,2393.110458470347
39.96439421845815,2351.2192936062274
40.048989062681386,2351.356424765181
40.137624625985865,2326.409209832551
40.19571888250378,2297.509017340566
40.376996828260715,2286.7469612438986
40.22317441109561,2445.389705705721
40.207301596005294,3715.531124829066
40.034203193247365,2345.7300948605366
54.32879759674006,2656.2843510437697
40.170328517438676,2399.5811838966833
40.04143253282804,2453.0034036926045
39.76998085790314,2407.9641341523993
39.75081849603549,2392.489052306239
39.85959666509379,2511.8464739784167
39.82024765059232,2446.8551761148365
39.79451874901087,2398.8362589650674
39.88628532199206,2675.6720840513167
39.736447805333036,2434.200549895678
39.72873353468478,2411.884819562899
39.8209383900229,2426.454971812375
39.526857390511566,2400.9771152715625
39.49749451084965,2380.5274009814752
39.65605954112761,2346.1589511973375
39.66914520009972,2473.4932107601544
39.520597147643514,2581.1158560753574
39.65272227734155,2628.6532075396917
39.53482183007598,2569.654921776366
39.47405749657037,2560.9665686365297
39.474754071904215,2536.9660248622167
53.521094872654885,2515.145863965682
39.3329278198065,2430.8529001641587
39.37224933924017,2467.5464689437695
39.3090090662841,2435.837033517424
39.53569877777183,2404.0908209738163
39.29721159067934,2327.553839033196
39.25151945218677,2318.4270119846083
39.15387828643374,2274.6385705276352
39.339915149966686,2281.111346099905
39.20384424355339,2249.3410707390976
39.20535994482809,2228.4377960593893
39.20941708957754,2169.222006908824
39.219434274300696,2159.579530279376
39.082542675285936,2136.2967429320897
39.06846642069897,2121.025356552532
39.04044320033862,2081.762620626575
38.98302463826816,2060.7945364240504
38.9005112047863,2052.245428300149
38.91887353586488,2001.8574635053046
38.947976817466056,1981.3815035321118
39.137959663670614,1938.609057685033
39.07783919853544,1936.2313158726274
39.082662312034586,1932.7158930718106
38.85345314986893,1962.9077368544768
39.05347873028205,2167.417657739506
38.9977960634588,2287.7645459878327
39.0183102763262,2351.936246647366
38.82002729711032,2423.9407529744517
38.71980677682814,2349.7218438119908
39.045634305975405,2305.9045971894284
38.9026335565374,2335.2297503554473
38.9408091354169,2280.753941255939
39.09213653982006,2254.4299293056065
38.8173606093401,2205.5729208774865
38.931932928240535,2182.5338686796867
38.92376636719166,2133.6908876710645
39.04404931698083,2144.872865418148
38.73954572679726,2088.650176548088
39.02102992405966,2072.7687876487767
38.68567833880895,2045.6200147071645
38.66963048747732,2024.4518266873436
38.676463703764284,1976.3361530013817
38.47425398007702,1995.355085804201
38.59036886582957,1967.9651200736967
38.65598787428687,1933.4150915499968
38.71391425628411,1917.5882928056596
38.35153578938679,1948.0892272366973
38.54775286089418,1915.431386299067
38.43455984770354,1919.5093559617785
38.27076342051491,1954.6220332430257
38.41485574442424,1982.6185251838497
38.58645142460491,2017.0055394177487
38.366431155827684,2187.7778487071264
38.60455804380965,2300.0651398875475
38.65044919010686,2292.053789554941
38.48187000393318,2456.3731833833417
38.45755581812889,2625.7212584465788
38.47297157135186,2428.8248758806712
38.637796673634554,2459.109975390401
38.442696721862305,2332.9699457671813
38.39796157281782,2344.9307682119816
37.99065477233488,2213.2312484066006
38.357188101896696,2230.916697041687
38.05964444352932,2188.0609040208537
37.69831040155448,2241.4058490699654
38.019244110204795,2349.6216950023804
37.809783992429516,2393.419703327705
37.973811042463,2433.3825138790085
38.09839250826058,2511.89309775256
38.33074284329805,2492.5991197111143
38.0928121691278,2442.19729941067
38.33292972803146,2369.672454742206
38.34838568866067,2355.6904257476117
38.122980084002705,2357.278358653758
38.22639856495934,2316.5042687848554
38.30461911899446,2259.6218311135285
38.46912197760475,2228.0122391366895
38.56294464017333,2194.038622850756
38.25247725865543,2249.724641291535
38.37731922936075,2273.3915147283747
38.4256536953872,2254.101244249909
38.93186363436438,2217.5163175643174
39.74865015128226,2163.5675826607758
41.01530885940363,2188.9117289358337
41.90013508878514,2214.5873836189016
41.776783595495075,2274.240931065645
41.376948556017155,2304.756109317904
41.24925975805366,2402.6328844974387
41.467006326332964,2405.2880056205877
42.224353414546165,2480.465311903965
42.312371655899355,2296.038847211034
42.09338331835907,2204.3566697809806
41.67987946357802,2167.0010912042676
41.60252613303959,2186.3223581180446
27.079937506576872,2179.696706867437
41.81004445506636,2143.342666864566
43.0402500426958,2092.228774669762
28.386093113183495,1963.2746852952732
42.655451005973376,1908.7598991503835
42.81880581441084,1881.9998417031534
42.155052089160314,1856.0174058821474
42.47119893940144,1811.8190651872283
41.37346577182988,1810.8840458449715
41.92787900600193,1804.0913919755533
41.77188540341534,1784.1971894396495
41.76546262972644,1792.4908031534267
42.03547076493866,1785.1752164454865
42.610697692686706,1761.8517513460404
43.43937517985904,1759.5889999453047
42.366261309249,1751.3371481314139
41.6791472173897,1770.417666344304
42.552484924162925,1752.4495543305318
43.90832386237968,1746.5368863234203
46.02276861246696,1762.1477886103653
45.86747904897477,1716.2901509699689
46.05837166007336,1736.7954642528757
45.55642788989573,1790.0337422673342
44.96009189997423,1832.9154109335698
45.85407534530457,1994.1650994134252
46.71907261485097,2074.378229950075
47.286679023379364,2108.0085910980497
48.24091391301148,2168.231506242756
46.82109423219654,2235.2618300865197
47.9328896216343,2418.7671755563965
45.69883478028012,2319.7505642879646
46.08997699605402,2341.4415280114854
45.6469758019661,2315.1466490320945
46.857437557355134,2410.834162909601
45.743810078371226,2216.5336754424616
45.53841604610051,2293.64422688902
46.0681013660098,2333.901746261899
45.03986859554459,2336.4031246438894
45.52766116919992,2311.7572894032846
45.11481281387718,2191.449562883823
44.48384129788002,2158.1272407984866
44.91379531851513,2125.875497748156
44.35196240272438,2124.5563549343724
43.91428950429203,2091.5289644211266
44.33455646114737,2020.6588464429133
43.09266964062889,1980.5536793354813
42.91054080244125,2044.47566369751
43.72984739590947,2024.5515330353041
41.7834797365507,2002.15223022281
42.755742552289576,2023.5734441259146
42.61766599559852,2030.3753296238388
41.93213483619755,1965.492743892581
41.14572470221523,1950.351858466505
42.41833703772011,1957.5395534305842
41.002213664848526,1946.4727170010744
41.811644958088266,1988.958712115103
41.44152818734335,1934.225536352735
40.87794943466332,1913.796719559066
40.70968525868588,1927.2254413187916
41.44197564251254,1926.707675298234
40.92898995552194,1949.4376413344348
41.92570835589915,1962.9031799183383
42.00576598048713,1985.126047547675
41.945991113903915,1986.3895583888743
42.943128246209795,1981.6129080877188
41.8463784161531,1921.211847959971
42.3830495846152,1908.7055157609834
42.30738237855981,1900.875813072291
42.27038678207629,1857.4969021467125
41.9347042052069,1843.6692165364875
42.78275920837851,1825.373057139751
42.16142609762588,1822.865880527368
42.378844752271135,1832.8123760282533
41.58510463357406,1803.7216831471242
41.81551673772985,1815.7867788993617
41.44758535449138,1808.9078459329608
41.58329769139789,1803.4546908665193
42.09536250314105,1801.0640255874089
41.43950123381447,1814.0631329197831
41.714513387503416,1889.1572667514292
42.47406089259578,1941.8338231861546
42.06074426649816,1978.817105209886
41.84924163152354,2153.5413369171565
41.9838579688097,2269.3960296441965
42.07250680623793,2369.443868077159
41.7045241175155,2278.2796958833196
41.378763457353244,2306.4347440320275
41.09367589596,2421.660694463605
41.18471458421345,2512.7408657141796
41.19249744814718,2451.057443667589
40.77113621145462,2496.339178309091
40.625262174520245,2506.3949144719536
40.69657018341597,2497.3085922108103
40.60481333773903,2486.699911422278
40.37527127714734,2433.323396153647
40.38222560241944,2492.355799629974
40.13799436017564,2411.623657546779
40.040032803720514,2437.448578120836
39.68638958778347,2435.2409721445574
39.29149978615772,2396.8757241994795
39.21128368241641,2404.7282623905903
38.8863778854285,2378.29450422425
38.73436062248252,2367.4046539408646
38.42937579105029,2372.200132983876
37.82399446342983,2350.3671765945746
35.66234278532221,2135.1264315865037
34.91472373953435,1985.2270297854059
34.51862158492432,1937.3563302419243
34.00781667576831,1909.6625366902467
33.866729500548914,1902.3605717325859
33.64620492388996,1903.034017385801
33.83941316864216,1898.1568591574844
34.14559494932051,1895.116362530356
34.16404362842798,1906.04124059424
34.352216518952176,1922.1546917278802
34.13715302743092,1908.3118491247178
33.9071550018703,1902.5247023910458
34.09682636998215,1889.5059200869991
34.00605869751589,1891.1813356034506
33.77329612262334,1908.7107647450334
33.697594139551455,1889.769323718247
33.87025142551176,1900.7432948964238
33.71689190729877,1912.301760458824
33.60268320619373,1922.904544528753
33.723162002399306,1923.0109226341103
33.65651642511084,1920.8828825129776
33.93400317723958,1920.0169530000694
33.93604779684446,1911.494236763511
34.231964921481776,1928.3904144782555
34.564264307369754,1933.1042175357038
34.90207241404365,1929.2573369373836
35.01717300385861,1929.2169132551976
35.146129789762696,1919.7237109725188
35.04238196108791,1916.6470113832104
35.088138184979684,1934.9222087296666
35.337161874308535,1932.7657834696297
35.251677300199496,1955.5890228059388
35.14282021506011,1937.5614120090495
35.17566463694088,1925.5963586218772
35.036347996285215,1952.4069380894641
34.92451522398289,1935.8269757678972
34.843704490892236,1952.8942123199017
34.861231709586846,1967.4682787942515
35.18595156639235,1945.9798973690833
35.35021385184529,1955.6366436723356
35.25090317362279,1948.8849297733468
35.11293591857809,1977.0916289110005
35.381766507121846,1946.7491471046608
35.72090545604557,1970.1608675752723
36.110884965647955,1973.6248020522808
36.39091998896309,1947.5265523090038
36.22964027910864,1959.8901523500895
36.66218010576945,1960.2213285540051
36.80800037584051,2003.866314936016
37.96216818233373,2084.2573710187394
38.48771110353613,2169.4187864148585
38.74138906486434,2311.9596960271974
38.951431547113856,2455.198287360151
39.466459035070194,2455.5493237491755
39.543940152598225,2402.528760467123
40.04035374765463,3747.9827853253014
39.8434071158359,2456.4832419305567
40.04053286586846,2415.7985383464897
39.65881664462333,2392.869487696791
39.903899317170236,2379.7486439002723
40.13333173600381,2361.4099649039144
40.16344709781431,2337.343358203847
40.10275803079886,2326.5173018318837
40.1148459090269,2307.68133747088
39.8656152155221,2301.260503556995
39.97523221872888,2412.3347653776937
40.24098209929939,2479.1411074357898
40.10678279545338,2449.7597159274997
39.98976089934134,2434.2390256202716
39.87705660137336,2420.293309318299
39.719917037429006,2508.2402145993874
39.7725286602668,2470.2769928790967
25.36158232735504,2430.9378509333656
39.618575623789354,2438.6077978002936
39.57710694939453,2401.7762262995006
39.47564167385359,2473.8423932571395
39.361846641943956,2542.5873150087546
39.39067577234174,2504.5296860088592
39.311204279938515,2484.5929945361627
39.41605730350676,2457.167528337952
39.28838317429308,2445.927073450905
39.23811122096909,2417.870455477436
39.138420273855004,2464.1915558330084
39.076613104990805,2500.6147921339257
39.44572092071094,2481.8254850249577
39.40707448071468,2450.8439318877195
39.70097903825306,2436.903635266048
39.75762140180967,2421.4815428233055
39.87393145619299,2490.5331778934424
39.78890383496507,2462.3751198290097
39.906274518706766,2448.0103318140905
39.781091135809106,2429.818923888735
39.83630431062113,2428.2277548671877
39.74255424226287,2469.305113287289
39.7585121885189,2415.263057960923
39.97577921518938,2498.4894981537172
39.77763650595439,2516.5041717250906
39.99586909807718,2510.279853933159
40.0117781739265,3689.169981206908
39.71549483667345,2498.098642399384
39.91901160955143,2464.7182619568794
39.77221581893714,2443.101038877986
39.92686535300366,2388.7264647116053
39.93150574226388,2391.132400711163
39.71391675294444,2418.1533097774745
39.70572490660769,2440.153176800192
39.83757261627087,2550.39485600101
39.68537525214535,2550.1326355215288
39.81841159533827,2555.7462957364796
39.744831304797216,2568.231304729911
39.889480440916685,2557.4104407434347
39.650631508740176,2537.958437897203
40.02704868778322,2527.4389682824135
39.77231813374843,2458.0322545458407
39.71522347473987,2474.7360666109516
39.71622519885729,2445.648644469348
39.73691858651418,2400.093455110849
39.95223260384705,2346.236107467722
40.05113927291106,2389.906808817146
40.11566919716324,2420.5712284916535
39.98571353568665,2464.6041830284175
40.1148450784326,2503.0160521387306
40.17493663701768,2542.4761176284433
40.12555374727617,2586.977954221108
40.17471475102147,2647.2469865398125
40.37297319058686,2622.4110128440675
40.32934086796956,2605.360411665541
40.23327428581328,2583.1577727685726
40.134420584866156,2567.6281281801403
40.31872952611577,2528.837828876627
40.43025748996028,2479.975928051539
40.41016792015527,2505.601032968253
55.00106523899585,2484.619912056136
40.866088964368224,2464.697763970983
40.64391638257209,2439.1787911965994
40.91823627866054,2404.3853155801935
41.26856305293167,2411.4606745776614
41.24242645434545,2522.775837755231
41.316233905170265,2675.7142572937146
41.27343235962108,2767.312370715469
41.15090924004615,2649.3687342333496
41.31720100901306,2591.6119137680353
41.2275228154314,2525.242819411836
41.1473841270856,2478.0338124262316
41.26359279751442,2428.675823988054
41.07176173713701,2387.397109300642
41.05118018572176,2314.5801711119725
40.703203964770296,2331.374867653872
40.69116125152077,2326.440049121529
40.44527986144303,2284.8694039857946
40.19601972355801,2271.0927002431226
39.94739328773342,2246.9919098533956
39.73333253904133,2246.6613679804277
39.45162311356093,2209.2240250880127
39.65094026858801,2201.4660545192983
39.72323718672998,2188.717179782537
39.80522312997765,2332.0756729654304
40.16777359405924,2378.9233637328393
40.387052289892,2426.1303734578305
40.41982358286745,2478.13927086272
40.861568995319274,2512.769285254678
40.96747087057489,2538.158866957674
41.50992275285766,2514.8025646497726
41.88857261501835,2471.5553787398076
42.21160514088104,2464.1413827072593
42.60082641226414,2479.1911105261597
43.04574276863151,2476.918829384121
43.23902856594763,2467.4145357564616
43.0697563059564,2490.905262137849
42.692016960292534,2428.0461759185296
42.197562042426036,2287.7546814365337
42.06842067447783,2211.4227482492706
41.57810793054384,2099.6460981753435
41.68742512495371,2098.488311129691
41.78306415025047,2035.16424514163
42.28952013927032,1998.157739207961
42.52795233114779,1988.9577016222408
42.615347515891024,1949.7232738384446
42.90896914369635,2017.406041886795
43.199293839459926,2088.8277807662053
43.30882726324829,2013.1966960311156
43.51027979612475,1985.1763919674286
42.996062752965585,1949.1070312410827
42.86827030171274,1944.57135751479
42.51059826200485,1897.2302758517787
42.12233934725576,1878.5148993575554
41.70569711949433,1891.5456916943965
41.11852675133109,1866.8904574884702
41.401874373729356,1895.4443228901364
41.9959879270644,1901.5742895105004
42.938078891451134,1857.707516744379
42.448155395175895,1887.821920196486
43.00864878055445,1886.486450828695
42.910809521718555,1872.2960559804555
42.28450999929656,1913.1333537879163
42.93150253548757,1870.0295750642892
42.56363069704125,1862.2670626477645
42.21554077236752,1920.9254526229079
41.04492123386238,1860.1850215092081
56.08572547570894,1871.9298469273165
42.76783574372354,1900.3124574387566
42.606957821487526,1882.997578007385
42.9191859033036,1906.83219566777
42.62941452641134,1888.0697843790963
42.870805859711275,1869.2606095188348
29.07142640172785,1912.0641518127945
43.51943397492464,1869.9664290598537
42.75124832172739,1912.8749286605414
42.68626599616354,1858.2817232762802
41.891075525848,1927.7710353573166
40.9185971909029,1907.2387374269558
40.5673534518689,1890.3453124305681
40.985245466276766,1873.1297196052099
42.67003155861052,1859.6407557768903
42.29107393423722,2001.0593731684362
42.00764000175303,1954.1541127725632
41.993372208214275,1959.754453598558
42.41295899327038,1910.0024113970778
43.2474285650503,1898.225682885622
43.75337506640562,1929.1184393738995
44.22407339301775,1978.8903564347738
44.274558745593154,1931.3310549385797
45.05291166971635,1899.576378136699
46.32328210726614,1865.3355528260543
47.11735677114713,1862.5243061355432
47.23556201127572,1888.8813763385442
46.54420349466158,1941.3643502329778
44.38095599591908,1993.0798296540552
44.806339180491904,2007.7519693847146
43.68478511995582,2059.985237045742
44.37285054768762,2010.7991419898208
43.41299451631485,1956.8903095271166
43.76956654956166,745.4756004139119
44.30685843169309,1965.7182386092065
43.387078522146055,1894.2786653385515
42.31189103572977,1903.3870256444363
41.32176841758631,1889.8703251528925
40.12529538079889,1877.4614446568648
39.977825721666136,1914.0757234449168
39.95748874410921,1895.1671630185479
40.50252715720082,1879.5163867487036
40.49978068141293,1894.8981399538413
40.84862641506565,1940.292055717675
40.82894425683734,2022.3081583824219
40.86490306173605,2165.307557260025
41.09553152404084,2240.1888073582804
41.26658828954736,2321.4035336938396
41.27050220306481,2438.325671638338
41.40700477165907,2415.9947718214667
41.581794555684795,2404.440781689902
41.74848168543058,2427.904809230998
41.536281882958136,2383.904454204452
41.62219036626483,2449.1374853293023
41.39876019998013,2411.386964677043
41.77365705006932,2425.552574141448
42.62532303334079,2430.897577821711
42.977960546785184,2360.469257104913
42.701911432549394,2332.402919546975
42.21984308654188,2348.97161013435
42.05008769186949,2322.664097011622
42.0802788458804,2301.8964185344917
56.21077210170813,2272.5881164217376
27.626283759567233,2227.6736599894994
41.69780487772103,2215.0781131427043
41.678163905836385,2364.8675455015355
55.77734372648236,2458.0980783613095
41.510459461638874,2389.654913393577
41.322453305415095,2381.8154696794372
41.287871060879105,2389.076109659988
41.10973413800458,2379.4942156936168
55.08236557952469,2383.9219992009153
40.5380568544856,2417.6099688034133
40.53183162647185,2387.768745554605
40.479537298646775,2384.120404684841
40.52205259473313,2396.5873577475913
41.07254181241076,2404.1100572954892
42.041129271392045,2377.602349712311
42.70548498452493,2385.3141454773277
43.03643330597714,2346.514528171385
42.98098509565311,2326.5901987034185
42.9270630770926,2291.9089504219655
43.01951740299396,2363.630417257845
42.792103378098275,2449.7212290763664
42.448303287738916,2491.2707709559777
42.05338034573691,2406.560561765294
41.95847273987939,2314.651194911698
41.782850662991166,2249.658097658318
41.816596441866274,2247.6654323421585
41.941754499905755,2237.0674631196625
41.80929152958065,2195.2187218696276
41.417069554225975,2209.1562293929032
41.753651921762824,2172.460628408772
41.55800856772656,2182.928284295678
40.524988107922,2099.3949264686416
38.72996512846552,2029.4149646862347
37.55497744938645,1993.949557712178
36.54275857839173,1984.128825877347
36.07091302198494,1951.5212522489317
35.61358869331079,1946.143735328077
35.48066425265043,1947.6287732219155
35.36791364420928,1958.0807455028848
34.97573398979297,759.3416868947161
34.89144612628256,1961.2591392244155
34.70922645270963,1945.6282150508582
34.589438605565164,1962.0852879224935
34.68838665367762,1973.361511567128
34.55906217920928,1975.2082076850338
34.59825896737628,1991.420817103115
34.49682694208984,2000.9288207334175
34.37697476276074,1992.757602929067
34.13378284203068,1997.7725906546113
34.45534630760722,1994.9097451663806
34.557373713213885,2000.6450773150286
34.84669929003002,2031.3953673592446
35.33258103248066,2008.705988863327
35.866648220683615,1985.9259754138411
36.06986884952653,2017.9072164738493
36.16970787390156,2008.0755905831875
36.23383991457824,2044.8419749720906
36.143930083024934,2011.194291667457
36.2961582062928,2071.047851220085
36.27523247135548,2053.6452905631136
36.18926073858574,2026.5243600096337
36.01037870165447,2010.7867132012861
36.19906623839202,2084.9997102334546
35.975615802402494,837.6489214490812
36.11223146983623,2085.6013159595177
35.94168827607322,2057.156585586085
35.809074998342,2092.9537586418955
35.889706806218726,2088.4164493991043
36.11293151216083,2097.1974876064933
36.52830903645872,2109.661749107261
36.45986870982591,2072.4688521847515
36.56007192301196,2111.219749739236
36.69984502572281,2103.237994953276
37.263875042372476,2071.1428773159614
38.35651955681732,2083.859904570374
38.82028038044949,2202.6952252874103
39.17472447400988,2316.329967210918
39.687497238720546,2418.2857495907774
40.166598832161206,2501.4092266105054
40.34640735137781,2463.764069613301
40.8053590999571,2499.1317129706513
40.9585476953796,2418.0266823478196
41.28969579028423,2471.858639100391
41.358558575589285,2497.3508260077433
41.52430442880402,2476.0912286459475
41.41170727239728,2436.96357082503
41.513428278059614,2415.2168196500693
41.33825994049877,2402.9339373321973
41.39460874244325,2385.1133294596875
41.594584470278036,2354.1394248708975
41.70389091276603,2347.071918735751
41.50083682535734,2590.4241081894515
41.454671210340486,2441.021083465519
41.284916120046944,2457.0802274421094
41.23525241814936,2692.279255794155
41.27678630546415,2456.220013171994
41.28068210950356,2545.3903381906457
41.21645933565203,2558.499653140575
41.184743520753486,2493.286701013583
41.06230796840622,2471.619784502157
41.01855271753868,2467.188579652694
41.11648644795738,2455.263871515442
41.06443784941922,2506.967506126334
40.83375483505574,2699.5185386600824
40.693480594589246,2497.0559129618136
41.0752403071631,2488.824357432851
40.6301677938023,2452.1638922444263
40.96952663735432,2444.327372783048
40.90878979355845,2608.717102713107
40.90153960178537,2569.2485035737136
40.756533508843745,2460.5656369234516
40.68764266061007,2516.504986209953
40.69898298183887,2513.7231172633556
40.73124580626332,2463.802760974708
40.866347391228935,2465.0994314786117
40.946534634394524,2486.4759605521995
40.793400407364885,2445.0493389388535
40.73595768332702,2430.1548223640802
40.739633250357016,2599.4170197493895
40.68618330397462,2746.5836037254467
40.63790013521077,2630.0083940493155
40.681711179798555,2523.8382460930384
40.72002619206283,2523.311118525664
40.61625662351308,2509.7926126209427
40.666800149064024,2476.7112000441157
40.799681687612576,2468.8879078947666
40.676885009205435,2519.1043140385364
40.730086484707016,2591.1085038600977
40.552136439995806,2516.906088602978
40.59957028186105,2456.9171079221114
40.78184815635512,2452.1216945888686
40.759934771791094,2640.0810109875893
40.80525581930776,2681.258541701408
40.782814488121105,2537.579435481596
40.75041988598484,2551.818628734576
40.6858394776406,2548.5898728172724
40.63429013875465,2491.7028720826975
40.60535961509485,2491.0762871808
40.75900707523053,2467.6608748133795
40.94093372371155,2490.763403774201
40.73171169711567,2456.914018816533
54.99595805058027,2406.7198209908493
40.703346234380525,2513.8450589752283
54.79029311749173,3846.282857437334
40.98358508080603,2560.245391646849
40.736559203386264,2471.9141316085
40.83730452462647,2482.891544409136
40.870339047830875,2509.6306862531546
40.782768598338066,2451.0937869220825
40.85589572655056,2414.8873858528996
40.97411353158309,2365.2331406171393
40.62304872715639,2405.643918787956
40.87777894074141,2421.003521564541
40.907738181104676,2611.010169578454
41.129813674720396,2686.2618698445262
41.03434968277111,2577.9007859282183
40.817243459114714,2546.5316982506693
40.92846952480793,2528.683146610563
40.991203913455834,2502.886011833239
41.007766246386026,2484.4804291901473
41.02682091056749,2466.0190729936025
41.03004069660068,2488.507640656708
40.9071595878518,2504.99254374672
41.15938092584549,2485.451544453861
41.03980758674534,2447.549858692825
41.028925823310416,2470.4042212590202
41.19161178739624,2562.7434518229657
40.98928161408081,2695.7310040496104
41.28104969288009,2545.008408641308
41.177327370448864,2528.6919819038976
41.31221053136549,2528.8333629366653
41.20199611697732,2466.955672290938
41.187403739954476,2530.5332055686567
41.125147128765526,2517.4264176236893
41.38790009597795,2435.752838618526
41.080060493290134,2469.770558146555
40.95876219399814,2501.777954603046
41.03563466759498,2514.5932174328054
40.62727228697331,2472.777993370045
40.29152551392521,2524.942784490849
40.204255484629456,2448.571864732019
40.075912819194585,2527.855954117833
39.84891492244097,2596.8223789505255
39.903803620046645,2632.534110528974
40.0841314366854,2603.1041965068534
40.17273361736994,2539.485263079118
40.06109551870291,2542.673816269028
40.15185229819109,2488.715502203646
40.3788871312902,2501.1347182945465
40.66390527847052,2480.7079893273576
40.60643649565314,2540.1851134494946
41.014509774855824,2532.8800210753125
41.353246581555865,2544.432189131942
42.03989815840124,2496.5278795749755
42.52246447704913,2484.598013931533
42.65107451838696,2491.1016300583374
42.91794297329858,2570.414892350228
43.081758078924985,2538.6837003709297
42.960998318581765,2477.963266245119
42.96147488322984,2454.771766638662
42.778687005793785,2361.948594670301
43.143480018813634,2281.679740886695
42.914561701757634,2194.5133687943535
43.03838251096681,2062.2410460780056
42.95716910219381,2066.3348169964247
43.210272796329036,2061.9657565292546
43.07951033413819,2061.0083683541034
43.35392192639334,2086.3030056840935
42.32140742305363,2031.9129822062723
41.40182169521806,2008.3944578089477
41.420263612966075,2043.9380050157622
42.54809657678282,2017.2982316232278
42.96975851298252,1964.4978635457512
42.8172268625469,2048.7578005149358
42.56845021394233,2037.4753506522484
43.25555506561466,2074.9670520022846
43.44724348687898,2007.2578838076856
43.07194705126782,2013.3874075191538
43.05542360569815,1993.7978239711697
43.096085333968354,1957.8253310864693
42.93055905403584,1973.6769461019485
42.78659756226004,1965.065765187875
42.77130164910007,1926.1713865088823
42.96291223084523,1948.0475795550326
43.34913895194907,1913.1307618219257
43.076742650423945,1953.2357075911727
43.06867613550848,1924.1551175270463
43.28187272944815,1927.7944780014316
43.15371214851247,1945.5233900541878
43.37074508941454,1938.5954303443236
43.65990700657262,1969.0133878803463
43.39184050375438,1963.19757869685
43.27066123305128,1947.8277582672556
43.52329357904867,1982.3010022402245
43.565470667227146,1958.5218011587085
43.45321544107466,1941.4318055850954
43.875155046713544,1949.3309587495055
44.03033844721658,1919.9904136413866
43.96742396753062,1952.4674152939397
43.95145783208534,1937.637314340821
43.60592594399206,1940.129041992004
43.81851086616829,1917.5545968389638
43.49723610793124,1933.71924744907
43.222211010491534,1915.2167439751784
43.59175494166365,1941.0068628364302
43.4262356936462,1916.991913418757
43.11537861309491,1897.0168059531236
43.54947057331163,1963.9255423271316
43.5889701850062,1901.3266178073643
43.40374650225036,1916.4960566196694
43.5959803401139,1903.6324079849633
43.70652260835513,1929.5101935569119
43.51873408214517,1919.9148037800423
43.29715333452894,1895.6634212978379
43.39997016206223,3131.808009020727
43.03542846330199,1923.3025340111876
43.24372632137117,1926.5731265504771
43.28018403162654,1948.8934995789273
43.515064079442595,1928.0662664053552
43.182932024362216,1919.6828577360013
43.34431341214836,1951.5828202102525
43.38335440282275,1897.2884513834954
43.309711179528904,1958.0697126328646
43.11711114354881,1916.0425134288635
43.030504010075106,1906.554954678853
43.14441323215935,1931.5126601148365
43.68371156326427,1931.4955734619748
43.58053465244849,1913.9255349239063
43.2706760191881,1928.2093506519045
42.76595440493834,1943.3562980088668
42.91238316883698,1921.0572421488012
43.20977724093724,1955.1786986591362
43.4299305521534,1938.1031491847862
43.48862040546586,1929.3676211501424
43.33726568218759,1955.6080710346448
43.45608043307453,1938.554265443296
43.505533234446446,1963.2032950177681
43.1152356147015,1947.4127985002995
42.68642917387419,1928.696177197281
42.71260783513425,1943.2293870413139
42.64318995950261,1944.1732747695007
42.59256811811205,1949.1492368883971
42.93253345962319,1964.1494972529886
43.22616154892629,1976.4551113800485
42.957788144680734,1938.4103782577615
43.27070348280087,1982.8992908965256
43.00780285799988,2037.8220641677972
43.05025957695052,1995.3094823517072
43.01639787675833,2020.613881296175
42.722764309849325,2014.7176063558395
43.05656729421659,2011.6258130658553
43.03505812062017,1976.7508394443785
42.66985886525826,2032.1217943798524
42.825359030834775,2074.970609464186
42.733343255692255,2150.6494173097244
42.78127429457749,2308.2203764088226
42.87301555593075,2365.6167934493715
57.00655353177791,2372.546432316264
43.04751382440909,2372.814264857403
42.795845693361734,2366.654702464416
42.989560990589126,2345.191030786859
42.86258336162976,2343.239969195363
42.725942279574525,2412.551071287042
42.624848880262896,2497.3794793135144
42.22802363781706,2541.097883477767
42.185818343302486,2524.466874667355
42.01605943853063,2521.8008222855206
41.6651963014748,2546.391811556735
41.43812251285672,2541.042737929628
41.19467849273402,2528.7893767581854
41.15723780366507,2524.5479308197673
40.902950452643594,2522.5213655756615
40.03669152834105,2397.406817768596
39.155965568552375,2216.1758600326807
38.527486973187564,2105.3788335625572
37.565782050924064,1998.055577689428
37.41496582063259,1986.7284909184914
36.760193831746705,1958.3195897766368
36.53260707593034,1973.0966475651812
36.50709048162152,1960.7131942271599
36.43502302470153,1975.927836235366
36.240711299748426,1950.0757838568363
36.06737214056146,1958.1335110515677
35.976635441784055,1973.7990006626976
35.90381478581897,1974.8112931461023
35.6378478220781,1964.2532501012083
35.72114853777083,1979.5415655559482
35.804856603563124,1966.1644376629183
35.594159515607544,1960.7136828975645
35.35118799306986,1988.6535899165265
35.494078505241404,1964.51860495537
35.68548626791542,1962.1801658726258
35.355494281594474,1978.5475379765285
35.78869507543401,1970.424615904883
35.705373804549666,1968.606095581732
35.547456798766625,1978.347087520932
35.81183456810966,1990.293242877525
35.63397484399125,1983.5923789089925
35.86466481343439,1982.0103397444343
35.702732889212356,1993.0553007425453
35.90331502055145,1989.6959083966367
36.49382030616576,1999.7088137620194
36.617400376593125,1984.5645486408223
36.599323739365204,2017.0439990502655
36.654525429807606,2014.5205656507346
36.79310417394544,2026.4435931203316
36.67230062401116,2045.3183975070237
36.740694352246265,2008.5350838279496
36.59991281510597,2004.0673673954786
36.64271669599134,2028.7833520128572
36.30639087636894,1986.6903568370276
36.55510487348921,2015.086057838972
36.26761820723679,2019.3103805392343
36.19881262375115,2009.8819221744232
36.309073038915216,2016.3358523781271
36.26905677133034,2002.0834483881652
36.089710912105026,2021.4404340610236
35.80382699675211,1993.372321659428
35.793954687860676,1996.4876174332594
35.79533112716664,2010.9663978643794
35.79603198864339,1992.348021520906
36.055992401040186,1999.4743307094313
36.19231802332011,1990.4023095185228
36.3537484100104,1996.7174339583698
36.37143148400733,1991.1650382613038
36.59545375900539,1996.316473115537
36.52784002123762,1999.0484591458346
37.28182279595161,2009.7248348883018
38.29273765333248,2071.333588692508
38.99469982847384,2251.3376552224245
39.300752953877364,2253.9005379638756
39.962407699951896,2327.8972391462594
40.69542506193263,2304.483804962518
41.11182794659966,2284.43270171636
41.13986371600966,2266.8798532528285
41.444184951832526,2221.501109790179
41.50984513533059,2242.128251076965
41.8784222530097,2227.138524256098
41.771463982108614,2368.1212877636135
41.854232114057176,2481.291896818386
41.90882421975083,2619.6341195044006
41.90494434147834,2630.8150564522757
42.28598358660778,2527.1010749656325
42.14966337475815,2500.4932229094256
42.40659378864964,2579.9932269433275
42.38598098834495,2688.3613327812773
42.26213035638268,2702.061006300136
42.608620155954554,2649.0028289082866
42.645869073813735,2571.78168857283
42.5174956914302,2522.966467556052
42.44738043205444,2532.753208078254
42.49430044815831,2459.1274168009377
42.31025959868499,2483.048732539606
42.274722310195216,2460.7084088685533
42.446276496617884,2531.5736446474016
42.145421133860836,2587.084176992014
42.26089278747632,2561.9576313168254
42.18938773723648,2547.509427401782
42.41948124033141,2543.3776727743852
42.44897260599269,2535.1751944150647
42.44132493541385,2516.489781609302
42.66078326949258,2469.159314948667
42.549739834133874,2523.1787984001694
42.64814594516774,2565.78173554658
42.281219088681254,2507.6581334507896
42.12979777469593,2481.4406064894915
42.124614305053356,2447.616566925424
42.27298832694726,2426.3897536788163
42.24662656490172,2402.5005795518778
42.41524426174544,2397.378198843212
42.210976472184825,2389.4585588690725
42.786322549545176,1208.8684757706728
43.02769689174592,2586.5881661961284
43.01043307170988,2699.7381961056503
42.524037892682855,2698.78056510334
42.513965244041444,2602.9557467118616
42.50356989956102,2567.357930901937
42.458379080984415,2511.0120794532513
42.287078824723714,2492.0735282066153
42.363460499528436,2532.09238119594
42.36016303809285,2526.3818285634197
42.36168937182205,2505.944782310495
56.33682024642056,2523.3795568473647
42.245960725644,2505.8287495090626
42.30055585294713,2548.364287189337
42.11440705574938,2533.5725132692205
42.02813270694203,2510.8353667848214
41.98383562798602,2521.855704034386
41.87922820831402,2494.5110116181804
41.847303613023925,2483.6620021550216
41.73001945537511,2523.206257316686
41.71814845867512,2486.830862626657
41.698697031320286,2517.5606558877807
41.72826042429655,2538.171232324148
41.69092627760284,2552.5207261115766
41.655930872259546,2514.5650507203286
41.774147839005856,2512.9790398489154
42.03746862700394,2514.4177259750527
41.68241044803573,2506.9855157410684
41.791092198915464,2552.8081600848554
41.69301521978319,2544.7341130157192
41.839907810123975,2536.4028911576715
41.729204968092546,2493.137249913064
41.8054402197817,2492.3585943364546
41.85564324777668,2526.5994058765427
41.71829172854642,2553.108846837694
41.82834854008429,2569.5755430651225
41.703930554345156,2558.7875995981085
41.94483805237362,2549.342000337121
41.84935370461946,2551.7776388911484
41.98892316266291,2512.924053269727
42.13362149704841,2522.8415624472163
41.7464742547133,2493.364781450893
42.14382732274735,2491.4803941658365
42.04816887512674,2532.651855857861
41.9356333882605,2646.0219743493994
41.833806360423935,2632.7749291120067
41.879236410521344,2563.2278238391855
42.103252649091324,2543.577098021884
42.21421287236514,2533.9081666844754
41.92185524817695,2508.5550976752056
42.218938126108426,2489.5909081726513
42.00491818630749,2430.69903180227
42.057512234421054,2562.826154236218
42.23703160414159,2704.2387190412173
42.23536438848051,2732.354700043059
42.30987149092641,2667.3067877195735
41.97857460098109,2627.4748968918716
41.961583378144276,2626.006351748312
41.94989303248127,2518.875645901893
42.27854447590654,2534.93965577231
42.41611868541446,2515.612142403436
42.87047192170917,2500.4764541019595
42.61317264875605,2477.437919884819
43.06125903230108,2491.8906403788224
43.25905794921573,2614.48994220289
43.57164256397534,2733.894472135738
43.20547301878881,2584.1434993439325
43.27584892746286,2496.737819380938
43.444026855563564,2445.0901040222902
43.44589530735787,2305.4534937072367
43.36806254957309,2235.922091979939
43.62860486102801,2155.3635329983513
43.3645028260132,2084.825418946695
29.140047733230123,2073.7350350415823
43.33956506456194,2052.6134609842165
43.75232999340599,2036.6257403796335
44.1683667091248,1993.3354093543521
43.60494784938048,806.5753567138211
43.16376369979197,2019.538878715895
43.387938052471455,2024.8870998466002
43.48246827280961,1990.761083661307
43.46432964299486,1972.4373207183858
43.5075695617337,2003.9302039331183
43.36396746796092,2026.2299749716062
43.399737097450014,2052.089249709529
43.49285649477612,2084.644503652633
43.676330739740095,2023.1023333685498
43.51024268092479,2020.26647413148
43.6976671040874,2005.2525868902553
43.49853650641984,1998.6178935846606
43.04148759732696,2018.1504269685809
43.32308395435354,2013.7142630113117
43.252658209253696,1988.6125876499577
43.55530492791554,1967.120254330564
43.58790492426722,1957.4399002404255
43.882955103369746,1954.4182138570152
44.14173186014306,1958.1596017360876
44.2338373013752,1948.555813208704
43.888982728861436,1952.9555130609124
43.47312154140022,1939.5941882331515
43.0081627680939,1970.4111609529718
42.71037360308119,1944.5223334495442
43.425537068702965,1943.9640060632062
43.582026225517616,1939.0538744255762
43.632229869312795,1929.105988124631
44.343630076010115,1954.5209646657179
44.29800111708947,1966.3461853032964
44.44587091810503,1998.145152729831
44.50238745060794,1941.0266471248424
44.33481440688561,1972.705618650919
44.507097188302836,1962.3898520906178
44.862758253814434,1937.7588082504658
45.05780871936295,1959.369148718815
44.85404977086456,1947.287619396161
44.933026616183014,1969.1922738013557
44.88351243437504,1934.644715554702
44.744817958053645,1964.801624460165
44.92549449267742,1944.2267988984524
44.38793137313428,1948.5168279185207
43.91976856561668,1928.8793049547912
43.83752343482271,1962.896453193335
43.88633182595197,1969.6758688626753
43.94374288258811,1943.7844525163202
43.94230066547719,1965.010144284434
44.05814168949846,1952.180909465043
43.766757135184065,1939.0303768277593
44.17026825234593,1949.36948122406
44.01717006393606,1937.4138962292723
43.97171869483081,1943.8388845550548
44.3770464575502,1939.0244684133515
44.2923992070705,1946.755057351679
44.372126874163925,1927.9714074150104
44.206507063491074,1965.242401860387
44.196593392583,1937.6697199591713
43.96787675691634,1944.5645878627029
43.78468557924689,1956.9898306351045
43.709052805121964,1966.267656283756
44.03123806352481,1968.3151206328866
43.686675635173,1944.2968362107586
43.4465244382604,1949.4600900378898
43.50022805385255,1974.7927135016907
43.05094346936467,1931.161161705466
43.41432564886199,1968.6696753690767
43.930689364313636,1961.1746100043438
44.2735695454497,1952.1409206659869
44.34260552076168,1977.6579725611841
44.44026087981801,1933.689554137426
44.34139774552645,1928.9338879187142
44.25384666200296,2001.7998142993874
44.161101166224356,1970.958157955097
44.04914632526294,1954.8306054024883
43.956668235497645,1937.941796436047
43.57576241197337,1956.915364716539
43.794827032406424,1935.2694649226974
43.51622864371531,1943.222067956346
43.6332355479706,1955.79880671857
43.53706012057468,1951.16398403634
41.992220354528925,1966.5302819275416
42.18265379575152,1956.195832664575
42.64532951411651,1934.2086691973232
43.03965560044271,1987.3468131338445
43.470843285114796,1987.566264119234
43.68032759714916,2000.3118514704024
43.40309694993976,1977.7151274888984
43.09828560050512,1973.6866110886824
42.85967205450969,1969.8810999570976
43.02672030921649,1961.462214376365
42.429185852480785,1968.8202106845874
41.928766891607346,1967.9632666811262
42.113170251828,1939.518720857342
42.293571530139516,1973.8699736956537
41.64934331182473,1958.4439833789443
41.37861488354311,1952.870504599859
41.30757376264327,1950.1838278163398
40.98068888507294,1984.9598933262337
40.702977318932724,1954.6957998063153
40.40561129578201,1954.886298537802
41.10371709700841,1971.5582399680975
41.13237678104612,1971.3980459108388
41.330317316808966,1979.797158858772
41.536903093422794,2054.0307391623455
41.17508562801817,2213.0260947552315
41.42561955556995,2353.4768972041375
41.28667791727396,2438.0466443008527
41.13263832882467,2422.964729653864
41.15208373147496,2531.471455070198
40.676380861503375,2517.326818119093
40.44647009376864,2541.4590545974615
40.46432279109984,2476.653247396431
40.21773690894244,2459.9321942332153
39.26820014633957,2353.5155536602915
38.59388838328006,2282.2214360314542
38.14452200452409,2188.426877260212
37.62806259316099,2098.4631434961548
37.03660193376153,2045.197868212122
36.59940742499082,2017.8237130504192
36.36863260796232,2018.0688326135496
36.16529800282912,2024.8312058175145
36.40867772200228,2038.1904751493844
36.36038022661208,2016.4557624624326
36.1075822899622,2029.0849858902009
35.938163362266934,2029.567103921731
35.685337185619304,2034.0873890918294
35.59855261119877,2029.7723393624512
35.631025789605765,2075.2560943976287
35.79289347921082,2047.8436482729776
35.89968256150618,2043.4290541947075
35.88452575335361,2033.8771882660103
36.04344211073594,2032.9781898747988
36.38098684489184,2096.8687191979757
35.999458653971615,2056.5296516192275
35.94427231701418,2054.056592778253
35.99374300709449,2046.9758931700112
35.55452248372541,2059.2673503338715
35.820635887475625,2069.530275504809
35.793982754598,2044.6832166543643
36.00162806265739,2055.523254371655
35.98288359966041,2076.530874988034
36.18270007792006,2105.0226930344957
35.90603104283295,2046.0796821024928
35.925703174815226,2088.9640464849253
35.95403841575014,2087.8374025283133
35.882149660299376,2048.7352082000803
35.91272621769534,2067.0071979717277
36.1906009615509,2092.6492392339114
36.49697253973093,2108.8700944995953
36.709380472918724,875.0157153665214
36.7345738713592,2093.860244932969
36.713048546640444,2089.808331352833
36.59193911490889,2088.6379866098723
36.503474998155056,2076.5194402206816
36.73749551543962,916.8063249062302
36.72899607981868,2129.020714801858
36.739276475625886,2135.086786075548
36.79809378291293,2147.5229598948217
36.57872880297401,2109.2789999601423
36.794581688548796,2091.005557001658
36.724422901751126,2156.8206096716385
36.46170757407246,2086.2074682135712
36.34143742391674,2108.2574573813317
36.15476629778921,2143.074697691405
36.08677765787661,2139.0784498801777
35.854142671130674,2084.1922289843087
35.96243558592253,2112.3201832053014
35.82737977023934,2068.684386786682
35.74855223427611,2104.5943122926246
35.846863111498664,2082.780404869027
35.838717446171934,2083.4493585078667
36.00695816531743,2071.535845742729
36.07857187426697,2083.3064553312092
36.173774886776535,2106.5316833999427
36.397361847816214,2096.2010016536215
36.612916964921254,2059.3585051314058
36.83489418280596,2075.1779086732586
36.72788584935685,2110.9038996027466
37.069550068808056,2190.2261404637547
38.125377385081386,2172.9418288680554
38.91819002605153,2259.201121606475
39.41388582454577,2421.6196201269113
39.964253017213835,2510.988890177875
40.29735072607962,1415.2527936617248
40.6094274783965,2535.766219359871
41.062089557304674,2505.4647042288425
41.37147838238096,2634.9754138850103
41.10963811484327,2583.29315860098
41.50543783133393,2561.2510295587876
41.74155538474082,2538.3592490983197
41.82774189878181,2500.236685576147
41.99494132937285,2527.7712179320324
42.064766431278144,2579.08504765055
42.35994873500111,2644.903928641832
41.95707410809843,2667.4277276796006
42.11192226920922,2593.17408020616
42.42687058379727,2573.1838581001025
42.501829214379825,2542.351050376045
42.56380301498902,2517.4862224107032
42.44750000738099,2479.8333064200833
42.428468209862515,2560.3936972488705
42.431252186178774,2608.412613032388
42.44642389162033,2634.918208700332
42.3227088214545,2627.905633697697
42.26111308580715,2603.682770460742
42.572978736638134,2608.001492808894
42.40477713438435,2589.183050135266
42.39446887889403,2600.1331130163244
42.73722923168224,2591.0773034350987
42.70643085057776,2547.256889923837
43.026746823119154,2549.4344800379904
42.90187834575167,2498.6609407383007
42.76442255076738,2518.91390213582
43.04225847789382,2489.891516070877
43.0002674855904,2550.342339958036
42.89147562235881,2679.8449293923095
42.93469078948648,2806.360306190184
42.8873176892747,2784.5899170212324
42.99635789983692,2695.9455718558406
42.73838864137721,2708.4304281530385
42.9217986014751,2724.175113752386
42.8857620662554,2693.5816124450457
42.859313431192845,2664.384026312048
42.94916286645491,2639.7124692895804
42.94953420966239,2642.3637400295197
43.053067584540386,2607.674140899736
42.91436761146156,2579.5689737938424
42.88859715784898,2554.2674603073
43.04518224940276,2531.4948643644434
42.89747004933478,2528.589637666886
42.91287827656632,2524.464100058638
43.00977794403288,2487.4096965677672
43.111093296843976,2553.462844553607
43.07824424008419,2614.2017699208627
43.04806055573839,2701.4968199131044
42.92393557552528,2809.0182400067006
42.85419225121413,2750.8173490763375
42.806012960640665,2721.845612097506
42.850831222524036,2696.5135602563737
42.727611187227694,2717.01400059948
42.614726994205625,2675.6267375764855
42.704840291103125,2645.211533957975
42.87440936678868,2628.6621126142836
42.49398627405658,2627.8870954751046
42.612160291832254,2601.22230297184
42.616613877227365,2594.943190432601
42.600631996789204,2571.968938266181
42.36733275586283,2558.2935925897373
42.53598662643401,2528.00216362412
42.34184301874218,2521.6628552508046
42.24742797005128,2587.7318443117856
42.54681022551137,2684.1246303052358
42.38499836921581,2643.287633428329
42.452274080188616,2631.5335685427854
42.21419194405051,2598.7256404947657
42.11973270245892,2592.6385535225527
42.22273854618527,2574.9571639984024
42.22518210251472,2534.844655988876
42.263808651903204,2522.4810157459697
42.34141905780119,2546.3942037809575
42.22698826882189,2631.2749732463562
42.24938614806479,2722.006001879632
42.14637368718451,2680.1848787411654
42.24176291278441,2663.678963479461
42.461821832353095,2605.1425289643457
42.50405497776285,2600.505394729552
42.47321188048346,2571.3491268279977
42.30326312399296,2535.249555918103
42.34681594624062,2508.7536748095763
42.202084106779566,2508.5965045611333
42.12807447733731,2622.1577091502713
42.13371685163495,2671.48628262091
42.03550748949363,2796.677210853261
42.2118523473902,2709.4961975570236
41.88873114313883,2609.1187118076523
42.09457644621828,2525.028770612169
41.955427763492196,2465.4248342250594
41.90296729760213,2396.115734143495
56.26859807012448,2369.549378189821
42.22562209434972,2351.656236905467
42.06259493646979,2328.7440435292933
42.30307450539351,2298.924186327012
42.4035313023843,2349.3514150914216
42.48124385113534,2478.261122889944
42.53450102949846,2587.604486147732
42.84959953014664,2596.5979896456724
42.8733513547433,2695.7083218884554
43.334304012711115,2681.715150011347
43.62459913894253,2615.5062829909857
43.705002354865485,2596.473383647838
43.28126709637493,2447.1334053414193
43.79708632952254,2452.1968953699684
43.74502050183163,2467.797356343868
43.87543810621317,2443.6720041117383
43.75665695927817,2375.0886665174075
43.83606854551562,2376.7653187441438
43.28315340567843,2219.2695069033584
43.87012124036544,2214.9313223999907
43.6936136928218,2129.2207958825293
43.83507965714267,2108.001569858447
44.067488575938725,2132.2504975539796
44.113483114479635,2110.2085143317527
44.091141332439214,2103.144162019681
44.09207098823708,2124.1912694138828
43.79975779325753,844.6663170021443
42.56208898207561,2070.939179675431
42.06799749817645,2076.9704216225937
43.30402261743229,2011.582790067817
43.413458992268005,2107.76362078397
44.28166813014357,2036.4188892300135
43.32854657486237,2050.441391295254
44.028928588481904,2100.9561988451856
43.88240493321161,2025.9166653016991
43.3393541540072,2088.992887632651
44.31154929398291,2051.6942055408817
43.78888106294949,2100.652124125392
44.02966886128579,2040.7346285637038
42.68784813387529,2097.768187725672
43.12965022187317,2036.974196172896
42.11657347338495,2038.2074774845423
43.37400546996905,2027.107575217115
43.18196675054061,2066.916663963727
43.642299222800204,2068.2996735705706
43.1005665562913,2069.0325312002687
44.53449813419752,2063.106702039417
43.269008421602535,2080.9479802777632
44.2485437538515,2075.677181996916
44.122540828163594,2098.9702051577906
43.0725322182139,2074.448056789014
44.84096879698794,2077.391917187007
42.937146467148196,2035.3614571039634
43.08562513972112,2028.2197130009636
44.19226037170727,2085.075604085556
42.877564562347374,2089.1980840280758
43.641337487129654,2079.9496558014807
43.40588742018497,2143.4759946862746
43.855206325283305,2165.4657442780463
43.6672318598024,2199.7776672970767
43.331568848389715,2180.0503885027156
44.35149496899919,2139.2726236675926
42.88056878620947,2128.3494163138466
43.52976544216723,2145.620931924638
43.38399185414561,2209.0723460199806
58.8643848854269,2148.7680768337964
42.664368424971826,2136.2752261115475
43.62423572190269,2131.2775083618053
43.494547731251814,2162.4865466966385
43.57943761672119,899.0017623546446
42.97274815469153,2122.3258102517466
43.40937111677083,2226.8874970011348
43.670083950386115,2206.5462127118412
43.369082332007,2214.22253996779
42.89781730866717,2333.844059570267
42.82649531681279,2427.3701673130377
42.44326767571979,2375.235633177391
56.59564719128517,2370.861718119157
42.63342418879495,2486.337541110961
43.01958351692704,2543.961122702052
43.174980350913316,2459.10236156289
43.596783696224385,2514.710209308865
44.10404783573365,2435.2624637977615
43.93846924327269,2402.6702738547565
43.3835235016932,2393.1347304942046
44.6331637798601,2249.2564169712723
42.66013413046653,2141.8741689011904
44.2996697416004,2154.191623797349
42.83028269285448,2165.9705596366607
43.90677575545889,2179.44032667376
43.58412421936751,2188.637219547572
43.928967432614314,2254.2894189554377
42.63600083771786,2228.855212496651
43.60578389118432,2324.003125526931
43.22976938972062,2301.4645758407946
42.97743095872595,2293.2037138338374
42.8310509527046,2281.959510380859
42.67512313468968,2418.263172530604
42.896294795327385,2403.179517958272
42.96410638541043,2515.145018486627
43.13407146696278,2622.9659473217507
43.528458370772,2641.732783145616
43.798673324021394,2595.2780696029063
43.22823937309988,2444.5493286235883
43.10724569038324,2494.297369431125
42.958471488276885,2622.3489666930554
42.7349675833629,2512.071818376893
42.598238317908574,2509.333938760154
42.295506948327166,2631.3045809886107
42.20011830398414,2596.2138576987495
41.702902844069655,2567.494831842028
42.06849162323404,2564.7466978894845
41.95731931254684,2549.9138710563493
41.790171042333085,2527.6732234069113
56.026564537245974,2481.9608978099127
41.44535156726313,2573.8630963173555
41.03578409637003,2588.4653853898894
41.04088392264178,2588.132726584245
40.65036680909447,2614.7809766633463
40.65345813937006,2622.30671027467
40.403240607156604,2598.430992671415
40.24644398921497,2560.943681207345
38.90718427689512,2423.648080924138
38.31031095117298,2264.2952581545564
37.7698279933867,2229.312687998015
37.29310476628922,2180.312013918542
36.87844526412234,2132.0119677398447
36.69045461578931,2125.150867671329
36.638629583857096,2134.114564894941
36.612991812216165,2151.187450960163
36.72673643195387,960.4619835766453
36.35686230990166,2126.53807715329
36.732844837608994,2149.8439363707835
36.24901898685924,2162.4958413592217
36.256274447309096,2161.5531094260914
36.30394422546393,2149.5870616671473
36.485118530428196,2161.4037190917325
36.73741419943322,2168.72894202359
36.53704667096153,2185.5513466260554
36.43034431032749,2135.510280276048
36.69529526979843,2137.3648591975752
36.35395508846851,2137.1396749283435
36.375952356446454,2148.141828343617
36.106198108267975,2136.8213993273025
35.72774182494837,2146.4743279078325
35.792742887016246,2122.391644519317
35.31398108481517,2105.4596972036325
35.3374920512062,3293.641497349868
35.21570950900933,2124.9327137082973
34.75159040152336,2088.243722008437
34.73431185433053,2082.996018254972
34.75162122400887,2078.692311827026
34.94383254976684,2091.3494410187654
35.15629015622088,2076.1779298268975
35.084896138326314,2088.402481564616
35.319745809403614,2074.8398627079514
35.78193904553801,2104.748905453825
35.49162170180066,2080.663250602609
35.412758239783635,2081.3708571186103
35.48591411569943,2074.269314730179
35.692796490784204,2084.4218714934614
35.58623467027266,2092.6191762054436
35.470962675689066,2084.268115450247
35.61104625105094,2097.7689221281457
35.08983326903214,2104.019376374201
34.836661914683816,2095.8807326332026
34.7702024293296,2078.0721823085178
34.70905422437137,2084.8516154239787
34.7947263012492,2074.9261064042366
34.55777095840194,2088.6526412568955
34.453828451486515,2077.8929173811102
34.6194372799547,2070.6627534028844
34.78687429735861,2075.6648297676406
34.817559025095846,2085.5452733521083
35.15189672982824,2084.377027454242
35.10838668265214,2095.571486288264
35.13318077150234,2110.907501127894
35.51851252912168,2087.62391059404
35.783110702075675,2075.0277538296777
36.12106164963599,2088.9147007562524
36.24310173706894,2081.133787302814
36.448295690102285,2072.3957185648987
36.40587538056697,2099.7057140072693
36.353480864775285,2095.9029079360334
36.43820615719054,2091.8358768475755
36.50401747185154,2099.720878802077
36.322667560112585,2083.9791701378495
36.31696056491951,911.9875633731795
36.51647175586017,2150.3398739781787
37.61962255345268,2234.3129089222507
37.946599028702195,2295.0005846506333
38.78919992584021,2472.2675748141423
39.274851022103405,2514.5476839082653
39.39650501035885,2621.075353337794
39.8693034291759,2585.379716683239
40.03627373851907,2544.3957797443763
40.31588026153575,2659.903517572304
40.26633530092274,2593.9279539566023
40.24196912880956,2596.271274448845
40.285215121586106,2653.927597487179
40.460612506223626,2532.2824066218864
40.22302764845146,2613.439959061803
40.53944097480763,2643.937493495281
40.364340735163765,2655.6157730000773
40.41312676774359,2648.653124293631
40.57417006134824,2560.47590594454
40.4793536198959,2541.2553648473395
40.473226924185326,2578.140473679419
40.32983553937838,2655.5576044675636
40.37592120743348,2639.9653880800965
40.38425888660259,2636.917344293279
40.41412767691952,2615.222328829177
40.38594943669001,2578.8173916536125
40.56221310225533,2615.985820553824
40.59865858627681,2679.4366771040313
40.48003726767816,2611.8660563720823
40.52499505554173,2586.87040265426
40.43707805797308,2575.342400608655
40.282273004562825,2535.384348880252
40.33370285650511,2550.8811529002496
40.38833469085094,2610.150804915602
40.252538292379484,2651.0151973081747
40.3467160359272,2670.037819457508
40.39911465086425,2617.6813571824305
40.380702108171874,2586.7229882551487
40.3195561972143,2568.7334032179815
40.50719848539978,2541.9772293748056
40.32768776578848,2564.836584509094
40.41325288668844,2590.5674358247
40.342071983314256,2680.0386547771213
40.41886096403985,2705.2751504557086
40.60914770223775,2688.505012235585
40.3287504003771,2668.6817161741346
40.13280852274341,2638.554857216599
40.17384494574001,2606.852224201434
40.25431528971167,2595.0859024734364
40.3506735330049,2583.662429692479
40.31440580749047,2544.599359867808
40.33862946423895,2550.2845031646098
40.25758544469487,2558.540272467429
40.31318558605847,2612.6004789665235
40.23462094281877,2674.342337340282
40.52628695368448,1514.8714752877122
40.25282349923412,2715.598264570739
40.45541002278521,2694.55194723008
40.27643371020123,2687.160871955807
40.33979413722633,2662.4181705128894
40.25701829271834,2647.717708422477
40.666886627801105,2621.219095692564
40.49929722069537,2602.4295406335036
40.751658241526854,2590.7979561303405
40.509003778043585,2591.2080295576784
40.71013005269046,2574.237630817449
40.682643714221044,2577.358957677794
40.62676157460626,2572.4168641085716
40.80882342516114,2649.78107443708
40.75281443832199,2699.4398266519256
40.847414470489724,2709.749320940725
40.99392120076921,2717.3186606905433
41.14180545169998,2720.081316859764
41.17109098462856,2733.7538367223415
41.23840309022516,2698.7246296098947
41.29244785576452,2661.147179435091
41.451439343063555,2653.04424171151
41.43917711157564,2652.421424982016
41.51155890117056,2607.5647549938285
41.54879326114972,2587.522054058395
41.634640242162874,3781.314582307404
41.59637910529757,2580.28783283241
41.59943244777347,2558.769423586332
41.78405464259404,2615.17461452215
41.629239417827506,2604.9346048357147
41.682146669852244,2643.8897427668835
41.62281136132073,2666.5140449912
41.02107449067809,2678.9092258570527
41.27504220726801,2676.3482915244867
41.08252630832014,2642.0961760642667
40.73878937934049,2618.862045132683
40.308756537479724,2591.2271759290575
40.63877108019342,2585.7721813510693
40.646573392657544,2548.2471256157455
40.859892768973,2640.6017801931994
40.88130300685671,2639.27849340616
40.691018083277626,2588.8029812428113
40.69087184201952,2601.7375697934294
41.20601947390112,2581.8719323309874
41.33058315321938,2594.5833792332337
41.315165011414436,2548.4350707251483
41.52213848394255,2540.202982581347
41.95206624117429,2647.6796995016357
42.119035885681384,2675.235070392937
42.409454705757284,2750.6894546598937
42.74551908833408,2742.8363707759413
43.162936026871165,2688.637499174036
43.86135687646512,2608.159366974437
44.148529974604834,2624.8474039534985
44.426726988931094,2576.534972785287
44.6563221405175,2587.6745959320206
44.79630512182129,2659.726926226771
44.46035218798487,2577.5695349790412
44.05288286186075,2457.2250615780504
43.10706576592382,2325.9084721838217
43.10611997731337,2263.5867267436247
42.767485597451476,2220.8354799240624
43.168322695765504,2181.7155890670224
43.72745734442418,2143.7015334780863
43.39367830838545,2078.984487634886
44.19845389146816,2086.123960052778
44.21879836680401,2128.115227882687
44.01303864055848,2178.7571069440587
44.16517316605701,2293.363953450142
44.20039391623463,2163.1810973408574
44.48322426723938,2125.0883814426716
43.982091645628444,2069.8150363331133
44.16960541860607,2097.3932906855234
44.686455814703734,2115.107533375206
43.98984880699803,2102.4037799726098
44.41801277854637,2132.448962151745
43.44595325226132,2124.538617063138
44.24440332891588,2144.525180354403
42.75265008836114,2052.7142878550744
43.83674762822353,2101.3986398214342
44.02973485430422,2091.5142772671575
43.9290827391051,2091.2485541029223
44.41212037540198,2124.7537201514865
43.89454654645003,2145.539006901417
44.62571345116531,2099.329301208009
43.44283821636384,2056.7026411981033
44.87530891799325,2051.9551528748457
43.295584000033514,2097.835930296608
44.73865102031252,2103.6708105316484
43.80068125905356,952.7829897585607
44.724194099697115,2154.0302895091995
43.49561126017325,2130.8732712752058
44.87071629440361,2153.2333708683227
43.224762055077264,2133.2416719247303
43.99006239235476,2132.432303682639
43.53083035694125,2081.6001282850193
44.41510578878857,2076.503464727481
43.98996381834277,2050.743962790646
43.72761335334086,2051.450759150038
44.94097144608682,2048.3068027488644
44.46937788558293,2058.4101168844436
44.23465769764124,2070.2481246199154
45.360046651203746,2105.3737851800847
43.085693708411654,2095.165859291391
45.10756179701476,2097.371706280816
42.147133962053225,2033.4391847697555
44.31420176093638,2075.591118640984
42.890460612203626,2068.8646190094278
44.39493097880912,2017.9079153529224
43.19911728258465,2064.352156519768
44.85135675047833,2067.8447348237196
44.07120622708001,2102.7231249963675
44.04364349868981,2108.0751568148435
44.732363602673374,2075.761702519842
43.315239499023775,2096.2199651590645
44.864177299710306,2039.8659587852055
43.925807339859034,2045.2692832422972
43.60581540853328,2079.824912553591
44.35043087658273,2100.488684823054
44.19908090062661,2071.567389210475
43.45114447885497,2073.734401832134
43.68734745431395,2104.891696681578
45.22458726101785,2100.9870635269804
44.47283923407891,2060.420944107451
44.12330387771058,2082.235113301271
43.353277742164025,2123.832269735464
43.37315336775367,2077.358419910278
44.18457261947839,2068.45761918557
43.327318299259005,2057.5782636304275
44.54288083095635,2095.5258381732842
43.70429301552775,2100.2472914966543
44.53844588011716,2075.7287420675907
44.66578113243794,2078.754467230748
44.169654327594756,2133.6386157049164
44.12625195560838,2107.33856709219
44.075363950800856,2081.7379406341206
44.46579654864463,2045.8918247544088
43.269364324575925,2108.549498437091
43.859499470832404,2117.703685569689
44.06669383650453,2067.5598336300523
43.838619988691924,2043.2930938798104
44.01097874186622,2049.741377265771
43.77602197951056,2101.563882717848
43.77273478532029,2312.9196672295384
44.22147993763494,2245.419924113486
44.08798045864807,2275.0987171712845
43.968674463930796,2289.32346344531
43.81792355798853,2372.405447434963
44.13529411005696,2425.956908562674
43.94109898179156,2421.72412950789
43.6940557630691,2435.965376995515
43.71794381111749,2358.133517486772
43.40841331009617,2379.24403496541
43.355559250875515,2429.4079102504556
43.05464963149905,2519.0392507265037
42.8699469068538,2634.467041640783
42.676220641171184,2554.1464322146257
42.52391061629686,2603.8547405840054
42.293389073400725,2599.979588293805
41.89482259992359,2582.261093241337
41.88751633848596,2574.4804853126166
41.574614440098614,2542.7924411111135
41.00867575187324,2650.3521579119433
41.464633462478574,2629.1010308773366
40.996765522389595,2620.411327923842
41.088092782905946,2595.3763672150426
40.79545441071592,2519.7936517532535
40.229664872255675,2532.3323688417054
39.304231459734595,2472.0718439287925
38.49141133246353,2351.433491633944
38.222137110077824,2305.8576808681055
37.721390471757346,2232.5938151836276
37.26183179142622,2192.7542404808914
37.194723178217714,2194.666916200353
37.02988444067113,2174.6492227901695
37.140620312968466,2186.2921369293185
36.76849582377244,2186.362466321876
36.79261735782663,2193.7725643840686
36.62207444099769,2194.4446616745763
36.39348783711499,2192.8481266135773
36.275083876444384,2175.2743729578806
36.42546964558068,2181.9011315434036
36.09024242611046,2197.9013014059256
36.17821419897638,2183.7572205763763
35.85380525387942,2211.4631723252874
35.72727884864433,2183.616551979303
35.47280164488316,2189.792881613056
35.55652263805325,2183.169903725983
35.4235423024093,2202.436483354495
35.507809383358065,2213.562483521101
35.40013020475567,2191.0523179592433
35.25666470711292,2211.795558075964
35.01854750008425,2219.487711119602
34.964461377109124,2224.2065079549197
35.12720176511412,2199.944924650053
35.25046035470373,2208.4870259761187
35.44579383751942,2245.0257545399054
35.53525202950499,2219.7940962781777
35.25963949837198,2262.244095516736
35.32683086114786,2212.1322273684127
35.199156010911594,2240.2991608878347
35.444488709236786,2263.533979739939
35.33061921295909,2244.7154293395834
35.29509242383564,2220.4963651620665
35.0858222868943,2273.6881309065834
35.22582858686701,2250.783549772624
35.171786244104894,2241.836553299448
34.913387818157624,2239.176633611327
35.08973520307879,2230.7508893144914
35.21276492540666,2257.446420209937
35.17668279383674,2237.613710302042
34.99765247953138,2255.2502571348814
35.20610337141366,2246.295472497972
35.112684598998015,2253.840481041374
34.948432640362995,2255.95487129428
35.25052531679717,2263.4008193797945
34.97696120071606,2255.2578972423826
35.293748801826546,2265.2230543483593
35.00228151145299,2267.968736781913
35.15566439445924,2258.673872891762
35.085021520680286,2296.9409326755376
35.104683052785724,2262.9384527088578
35.631671855643674,2277.420105450497
36.15438844572972,2295.457734678172
36.22646765028304,2271.2275320816834
36.46543418433816,2268.7581073903993
36.55714283788015,2295.294360573493
36.89028018998566,2277.515722099687
36.535623493643385,2288.5176939066323
36.314843702874356,2278.224124249311
36.217815135684006,2273.8281305160735
35.92567567824155,2268.2068964228984
35.85722083434655,2264.4302780015078
36.394601196519965,2279.7704372664903
37.4985447808607,2259.9671890936297
38.194947481004334,2259.501552923114
39.216061674056206,2368.59052028856
40.15394736465525,2519.4034045001054
40.79423688813957,2673.7997427663804
41.13920852130565,2558.6788478182334
41.402026983528444,2608.61609764475
41.57244674565419,2818.264311418501
41.86271961556998,2604.8547854025232
41.906966199225636,2817.5392973546464
42.20954322634719,2699.811915034483
42.309089581209534,2593.5046318018635
42.41268830692172,2777.406964989037
42.57177701325174,2757.7083292720063
42.318127276188434,2678.621664316868
42.134278150893145,2641.0064129253583
42.21916944357274,2594.4781366544776
42.06328822417441,2580.6217542367904
42.043274490009026,2547.196504874025
41.91010946837556,2575.404854052253
42.04723223071058,2668.512878157737
42.052467082490466,2790.210727016929
42.035003276269826,2802.081758447159
42.13392332638524,2750.0154823185317
42.2296881498821,2757.5851902361446
42.38835964999254,2719.890679555107
42.41565412242189,2737.8477761340373
42.1050269207269,2719.62848154511
41.892929503185684,2706.2514501110827
42.03273370980797,2664.1382359969493
42.076488627217735,2625.839376197009
41.977113796510096,2627.149728660189
41.90323432915174,2595.595142381209
41.83552047068311,2597.3946620635606
42.03564648559268,2655.6134065830533
42.14214922689098,2739.9892562910945
42.29459970985947,2777.233565786766
42.391890652217704,2704.3919622259764
42.369642315176954,2654.1694107334597
42.4370533660178,2619.4060977760164
42.143858013413414,1419.68057177039
41.94958782049137,2577.7342560939896
42.18296267054562,2590.6790837723
42.01545152056328,2586.0496604626446
41.84890264587813,2802.876213310641
42.38825242105101,2919.2647099344535
42.35872093032496,2898.5764671032703
42.701566491685995,2849.842041892972
42.20371084407836,2715.029737234262
42.154810765319354,2748.3677820337434
41.763413266940226,2754.2073233672395
42.24718882557079,2726.8746442559213
41.784668519641784,2716.0557825261158
41.820564580128135,2717.8130066401327
41.91379719604714,2671.213384757805
42.141903594319345,2638.613650410209
42.277596488963226,2606.7598726377964
42.104188151579564,2578.7693959810276
42.603888939143644,2593.5288880461612
42.51429801854397,2649.8045744087913
42.42770145468356,2559.245149359406
42.41059553322728,2648.4173664975315
42.034244773835,2644.8812450715054
42.09321361846362,2697.1305351370906
41.97037263958074,2702.631483753873
41.980223870911715,2759.3344699175896
42.09744821288616,2755.6231632416884
41.99697455383418,2770.245318808703
42.069364725803766,2746.2572941461613
42.35087336161638,2716.917284498039
42.400923579402466,2668.427886753318
42.563513038847546,2646.843169421591
42.559532866077554,2625.590930802603
42.18168608848093,2604.999670200664
42.29577851173161,2599.3609282904736
42.23568623022982,2595.3803428127235
42.06667401850071,2573.12372353798
42.1497163878527,2586.420914929004
42.00540683272919,2649.265785734288
42.111367983628476,2676.0134816851264
41.948159809605244,2753.877457715065
42.02554637423455,2790.3101170610257
42.096480446359166,2822.130529983866
42.02418486111023,2848.9679845543565
42.041257280121386,2837.8514132557775
42.03873755523276,2824.424061931197
41.93755031871136,2797.4065565524934
41.68275826764762,2755.279300185485
41.5424828977751,2694.981009935813
41.18608556310595,2665.536623771885
41.213704244112364,2729.162060698864
40.98042559000092,2670.550142508297
40.834256316843096,2627.019474296964
40.990619049766835,2635.720634497243
40.99451505209858,2626.862293546322
40.9731721410717,2665.842123705304
41.27849436037995,2730.8297975724636
41.617414947575455,2737.3535413249265
41.63956338007718,2686.549207432728
42.279384546764234,2619.6482918528245
42.39160167940338,2582.686158720877
42.62207629657277,1377.3858969052144
43.102727190262726,2645.0972843511204
43.52632824950268,2653.0550432085774
43.86651617909584,2726.745787303201
44.45906683354701,2786.6150572487713
44.88343317345154,2827.936431632129
44.39239558268111,2642.690475606316
45.076491063045864,2599.79210620978
45.059645910384646,2529.455987575605
44.90712424921764,2511.6419047301615
44.22780316959403,2420.03041766469
43.637951722367774,2312.6235332555166
43.53870768748206,2260.293705488865
56.97856231829313,2155.9847404898305
43.823455429825074,2230.2043217450364
44.36038289399481,2313.153086978692
44.2119038706941,2293.7867072562303
45.07442348844528,2298.788937836349
44.45860135107526,2293.578220498642
45.41516268179401,2286.0298556694725
45.18456313391039,2258.5585093771506
44.505823822886484,2320.1466334712613
44.999003458029435,2480.694821424385
45.23346519421038,2307.526229262856
44.99820869309038,2292.507920067719
30.5962687750896,2274.1208027116527
44.60157965908658,2283.4461212368783
44.8453276756098,2376.044816009641
44.329961124575064,2247.77578584468
44.37274806894303,2216.4816353356014
44.198761681974915,2195.323083004174
43.86478564797371,2125.1913498445897
43.795898657040155,2069.363639171516
44.45064839219516,2066.1057615760815
44.73524946474083,2048.9395963002034
45.45985925373309,2036.766301176677
45.32043602312237,2062.470270516614
45.02770088291687,2099.884839547388
45.69658727011874,2067.505363507335
46.02700430657811,2059.411733124999
46.73864465353009,2032.442647600856
46.81417964656276,3243.851401666878
44.86509235127078,2144.2672811255925
45.93346174743264,2110.2684187119735
44.58166138912949,2080.337942399368
46.16495931782073,2063.9987235484296
45.09714957503674,2127.5735526763556
46.90480417864073,2134.8162922251686
46.11948858534703,2069.356767724058
46.00203367905395,2088.4988553443222
45.61016869837981,2122.4915652151144
45.59330417941183,2088.462961719092
46.63907328620775,2067.858433638856
46.01523398688069,2071.756332180062
46.82897258496469,2055.5632106038765
46.78576858241972,2110.288615996098
45.57249531966951,2071.444390289623
45.83175844804654,2051.908473722057
44.98320432736752,2114.0113665169324
46.1459971539251,2061.5223931961914
46.46317746514596,2044.520416957227
46.878183995571916,2073.8015269999614
46.079785539863934,2118.8179836230925
46.6572158911645,2068.073432758198
45.67598323187356,2084.213580820836
46.0425568656956,2074.7527671723687
46.54794969836195,2055.015637838849
45.72826282275997,2111.929573957416
46.520296929576226,2087.697426417214
46.2026920940597,2138.0634414140154
46.5474336358746,2129.4202075825883
46.52738522335111,2076.088989591357
46.2791187977855,2122.6201656867574
46.56303237305017,2098.068057237475
45.06077563475724,2106.926297790251
45.33958152346385,2122.7890109252553
45.791474942739214,2162.6309638747193
31.464579223086222,2143.1916813514276
45.873246346817616,2114.9079643763903
45.75241012339923,2199.4322301243246
46.0523694543931,2279.6982483428087
45.388830005678706,2178.4158538152988
45.18170800264298,2211.494440761927
44.453425664470146,2207.478258350045
44.135853925943465,2215.67158737147
43.63920709546383,2186.1258930873178
43.427417872610185,2118.7298752667502
43.228185880778824,2142.5467005338587
43.99067738897509,2137.616934290639
29.830862011249156,2243.75025881915
43.90882164345973,2193.236749255954
43.92803515702837,2273.4807294445072
43.73935270101836,2404.9600615596755
43.75447352191905,2452.249663468761
43.81932749255414,2465.7568199751418
43.7050474091072,2507.7490165416566
44.10728898089249,2666.747178707413
43.990632808120026,2572.800655841036
43.924080893725886,2513.1337844072405
43.67459654408555,2472.6189947935995
43.75587034612782,2448.725093491941
43.6352445558293,2435.8882369328676
43.44539917836407,2354.9596623956804
43.52312283950326,2494.701423473834
43.43609232929198,2497.2274391245282
43.201144457693715,2596.2812614431696
43.10646245390618,2675.214934790126
42.90798392820321,2610.510391803201
42.55163517218,2636.9034483934333
42.5532700590323,2594.908525224851
42.420317344263,2600.4249656619686
42.318437421172675,2683.795675230266
42.987731827806755,2661.809178236384
43.06893844228736,2641.155629975817
43.322003482461994,2575.45230231144
43.36418695637572,2776.1629920873374
43.84305566407753,2796.992955382824
43.83022528136236,2845.063526722821
43.878000259148635,2815.7618385523792
43.85210761274945,2725.8239341064864
43.81229075715869,2659.6720002616685
43.69275503967236,2631.8728240570717
43.533305970126335,2624.603404667401
43.651370769405226,2596.6709474512054
43.56879177578536,2587.007133509804
43.51817533217779,2558.927687382186
43.18122102549536,2576.3257532115967
42.618941367368606,2539.247639832885
41.530442324235395,2490.1043006720583
40.48015692969574,2398.15949571096
39.964428738493595,2364.2351084642028
39.34792636593853,2307.62108818703
38.954819242506474,2286.6250517946587
38.37163119145232,2221.5179601949835
37.92994192307296,2155.8937217961
37.621157038728114,2132.515354150587
37.74531745424426,2122.36373517564
37.294887362051504,2114.628639582001
37.08053197927201,2106.496346907589
37.20100126012244,2109.2104650596893
37.01607017898524,2099.209958994447
37.01034022013193,2089.1207902888345
37.0502390512962,2076.339607520354
37.33251396063535,2094.8163408938644
37.15668255704108,2103.969704172404
37.130883895715314,2082.4042783578457
37.27074173182565,2095.3821494664808
37.380440099350196,2108.228289467048
37.276220548907304,2097.203265458585
36.93566061839242,2099.404924408163
37.31959304941071,2102.5218425482067
37.26411005049431,2108.380011541129
37.23843262238813,2100.6553023206616
37.100959295970085,2097.5151760512863
37.03465195793364,2103.538764173146
36.93758943042664,2136.537071666163
36.96543004848433,2118.4218438674643
36.86339739709919,2127.1332942820013
36.91130865947084,2120.2631404159943
36.74661599635072,2127.720042735349
36.543895261908986,2121.1749101014316
36.54008160066238,2111.041379526756
36.561374503853045,2108.0762531023884
36.249171898097615,2126.5772943005904
36.03990590694674,2114.5597267520525
36.11619976858267,2110.900215939466
36.25866956595749,2132.148840839499
36.11669558880193,2115.0417105635534
36.14379473055314,2114.010330522805
36.16507603792621,2098.2337437913093
36.23022534712436,2147.5619004441387
36.35624794592235,2107.5212438892104
36.29781666521292,2111.8453658991
36.400022800685676,2123.151259137996
36.37849866939358,2117.0982817675435
36.49938486980989,2130.6413434240335
36.520050116058144,2113.5532317851976
36.873477109526135,2125.8504135924163
36.97365354844046,2126.193598434605
37.441841774701814,2119.6290197622775
37.28843340590433,2110.3715806341293
37.485123686378536,2102.3672898695554
37.31971692666687,2141.4836110064807
37.500567758633856,2124.6476896109452
37.40691468915463,2135.3742610032523
37.448540303864036,2119.1689180459407
37.97866503130654,2206.2363130296953
38.94500520046673,2270.041236021053
39.71601011599852,2512.497915076029
40.508377707780895,2604.269217715644
41.1671752618433,2526.727742106691
41.548923127591706,2715.756386512573
41.83403921822328,2729.9409196502947
41.94660117285349,2591.776447349801
42.30023735142403,2623.972598259116
42.2824174187253,2645.713370067734
42.37485391789971,2576.013116285711
42.55025891476852,2654.1469986330685
42.72455407668386,2682.256510913635
42.900978226610775,2732.775848800782
42.94052982783424,2731.941762080356
57.29369403965255,2677.091201351217
43.57166510821949,2652.387052111843
43.34014896022528,2685.487626634612
43.43441299087769,2674.807077562323
43.47286927756112,2611.2453150545825
43.71257093166008,2636.8782662859603
43.78363803872148,2727.0832991256525
44.00360039679902,2733.4622515101646
43.93669514434744,2691.802369737583
44.011941508158245,2663.279927154237
44.040843872758614,2654.265959763408
44.09744991646048,2602.499257412197
44.104712975028114,2630.848603543215
44.121992971952636,2742.4795511731463
43.895603250519386,2693.0720006397005
44.050779029683156,2682.186241843694
43.811099281997954,2659.4416475565054
43.50255943578249,2652.948960869813
43.297692935971654,2630.2195552610874
43.18486093021832,2607.7932327671333
43.49781738909667,2627.5369283803543
43.55320897261228,2568.5016187766087
43.60828538714078,2579.3480215253144
43.44662865031224,2559.9547998971357
43.674241491224805,2608.7291380648635
43.29037761247294,2626.981843387546
43.575668761943305,2716.8516595591645
43.54589360356608,2757.705871296027
43.53987437215697,2828.1268059504055
43.59222837547583,2836.575180101063
43.47253615828744,2854.6406048564654
43.512450761661945,2873.494533435837
43.63579619152149,2830.2634856433433
43.50842835900066,2846.179945315647
43.57644233287856,2825.9040617764667
43.700779695261204,2811.5749498100768
43.61450435511175,2760.9623005429103
43.70347803156072,2745.785800786086
57.93422661450417,2717.5484770986645
43.61834892400892,2694.4663838371
43.59099286199712,2662.4775087813314
43.65861269714579,2637.754095987766
43.579620489907825,2621.5890170332327
43.569511506714576,2605.707655116669
43.884210835055455,2605.073853270016
43.82594584667902,2697.07892104401
43.559358299050686,2716.733073223657
43.91171887288854,2704.556627129259
43.5334474928932,2732.5493095270303
43.479630235213754,2682.3063769243395
43.44589170027383,2763.0862198645054
43.29326159865121,2752.6670737908
43.51714625787782,2764.191610131067
43.432805294115425,2655.2249548150144
43.216875611503866,2721.6227219600514
43.21188838189287,2716.901225827678
43.20173532096484,2717.13181600637
43.08084948427728,2688.132537171294
43.242132524734615,2642.1600830394586
43.210105725370624,2622.299804253122
43.349682008784185,2639.4987911254007
43.31524967611117,2713.0849020974783
43.36366659319522,2719.3045229282675
43.3175565295015,2714.003374835119
43.307800143808116,2712.0492966871543
43.06024365759648,2719.7061628746687
42.93542028943753,2711.035189748976
43.098451970719275,2689.1448730554384
43.08438304066246,2685.7979241960156
43.210719483811154,2618.1594912791174
43.05413284730287,2591.6077424812765
43.36657185518023,2505.434678262688
43.31338290699847,2666.990159913103
42.74407968649568,2695.59355969867
42.793870789922124,2693.2230232201664
42.80240082290384,2678.174554049352
42.22078095419234,2683.955698495051
41.66115919207265,2605.723633292963
41.677221499173854,2625.7333703834342
41.27456064212913,2670.3305061953765
41.37898861620551,2621.1524116172995
41.41877777968047,2751.309111973097
41.28775540631018,2728.302049428444
41.35510891820003,2731.0249604288274
41.62187614755557,2684.339905606401
41.81610170412577,2663.6461392489027
41.55488767467128,2705.8880879290946
42.20609182600373,2746.694337484946
42.489669390332,2714.335206330635
42.65687706318813,2649.5315591469957
43.14452039074156,2718.719038414295
42.8597956322364,2747.082318421224
42.730242725265086,2686.5585984499003
42.65943599710933,2747.2603544383237
42.22797534358847,2741.533883401886
42.17051663386762,2686.305800005664
41.789288065219225,2655.6292890678533
41.636375374401766,2676.7126562506674
41.47388531310938,2696.142904414027
41.75587428594245,2728.3941348645612
41.714170533126506,2727.5575463164005
41.61532438820342,2666.3795113648666
41.578428989623305,2712.6176258953874
41.5705979374181,2762.2983258602335
55.93745314082912,2700.508610580889
42.198315677728274,2673.762298781733
41.991649248284915,2688.6059901834283
42.08867083624769,2776.988972058495
42.805011576409385,2727.573022575142
43.69888865753172,2657.5813907039665
44.81288953231898,2620.1689731400593
45.80902814420709,2629.4667681382116
45.94576346283307,2588.695863873717
45.540892607523226,2584.445863214122
45.95154221061262,2576.750180425831
45.815987736483834,2550.786056017978
45.83270771184803,2565.378018831578
45.69721592246202,2411.4014902383938
45.578090067615676,2357.7469111464325
45.59626458604625,2436.8718227860254
46.267116379280054,2462.604859398721
45.59800553720227,2359.2153224791978
46.02542193143398,2279.4389032499057
44.33447262547166,2262.520164062986
44.56035276404454,2251.4591181627475
43.49980102672842,2346.314337692368
44.12505228322738,2364.8789702834874
45.503557252350305,2406.7776839129747
45.016174934052756,2354.897183175399
45.11120582778955,2343.65740022903
45.851642238261846,2326.735942581524
44.61501481477016,2291.4645032022636
44.73444326925092,2317.8692393877245
45.59101214227684,2294.592352746665
45.54068504398737,2330.1581224437286
46.389176524509,2326.831801683852
45.17727335389503,2346.502694570263
45.30110894256529,2312.399200047875
46.04741812267214,2347.393121482557
45.27108651573826,2377.0453217214435
44.51691898993653,2481.010773928298
43.855005387179936,2487.729503400404
43.57373057256899,2581.9872210059275
44.33312089062724,2722.1419505781614
43.8935476959758,2739.9757018877635
44.16539665649983,2677.993076552953
44.783373308110484,2803.4015666165174
46.3136594756792,2749.416545012903
45.856614524552356,2710.9857445246225
46.233129451272404,2693.4973294090514
44.616069443246126,2566.213067090409
44.89126267376794,2473.7671067906226
44.202361617547595,2381.582185418806
45.32381154444594,2383.313071561768
44.62572095314978,2422.707441579293
46.08613900561743,2473.450985906581
45.98929887551465,2392.953721963109
45.366957042735294,2347.735090951286
45.849531766604564,2430.9216716367173
45.29213126115928,2314.110042179953
46.19731948015496,2270.972656391131
45.29708818174068,2309.0885923871206
45.602045589229746,2328.7870954947193
44.677464275858405,2354.683651370703
44.7950338747267,2431.6405032287257
44.81036697512225,2574.8173935276354
44.63965079504118,2495.958743028413
45.24713792082507,2665.4879478244957
45.88563249704828,2696.5094324396023
45.86855096931941,2684.528897678907
45.75181427135564,2619.946318671525
44.81788101424635,2570.587116202045
44.88162282992681,2604.2918946377813
44.97705766761082,2569.1330860175294
44.536641083811574,2561.3797451256423
44.47500840391011,2583.0978506355973
45.42528266978415,2729.5070215758738
45.563079896154576,2666.4304301037528
58.69027416191386,2437.9577871647234
44.35705741443509,2541.722823673491
45.351789123528036,2575.3263963203726
45.0621298237056,2496.9530003201103
44.51373400705016,2594.5788129953826
44.28022157314111,2652.4739819445113
44.17186104875597,2604.6107758648163
43.76627796802559,2746.8523337089155
43.84837721169795,2719.651143290029
44.02132631332975,2755.890746166378
43.68230087288204,2725.7954121452244
43.63284943926185,2701.421997227695
43.59749266970023,2792.1450321624725
43.52577785591772,2830.639993393061
43.19036614014297,2717.0752725324974
42.21158178999011,2743.060306329173
42.21277751176717,2744.6918545670123
42.294495089960606,2756.5969650720162
42.40548725020515,2706.77305856489
42.681519476158385,2742.5563128712956
42.87572287487405,2767.1469164977134
42.93138561179865,2751.234436002083
42.888850224444866,2657.894240917302
43.08970874113989,2841.9738324618584
42.91879857993623,2850.499492732812
42.935897513672955,2773.9122771641178
42.910763034643736,2765.773182019438
42.65097532479785,2732.5844278919167
42.601766828050074,2746.652796610081
42.37903943568767,2691.0254766081925
42.12527207250087,2703.2845064179546
42.45882446060326,2659.4960053849877
42.17006561436017,2628.2085194683264
42.3239971496889,2653.4944880789317
41.35068378571727,2522.0287273927124
38.853168499627,2350.8140194296407
38.90545961957508,2309.7718898476696
38.27480240627784,2257.3326234368133
38.13591096295592,2279.644725587389
38.02797500299897,2279.364199756349
37.80977771443344,2282.598650413719
37.54261564184908,2262.993798742494
37.5508501088051,2269.697388566904
37.45178675197316,2266.098702531942
37.69643550767985,2283.223987838583
37.64862129115649,2267.9510242879346
37.68385945375695,2267.5008779376853
37.45776377863652,2260.282212330307
37.7125847119194,2274.2920240396356
37.634534847571665,2282.8033910130493
37.441446711397916,2264.8205919689126
37.09443749810863,2276.3331816816985
37.18743357691524,2277.554058616554
37.13188120470831,2273.5731195358585
36.96240577580116,2273.032565002353
36.93683970653781,2275.7812117422227
36.915646932746235,2293.0922246276077
36.93127684676802,2253.1354904859954
36.79992128771819,2262.2619513973023
36.64019777970594,2252.2468291061996
36.68049814804995,2229.5948683168526
36.60694433755922,2254.719352500796
36.43835755831245,2254.4978415655246
36.455205831007255,2220.5656554119278
36.470486743089815,2225.354400599083
36.11501574635184,2242.058951332413
36.19074251098854,2220.486886656411
36.42025544243269,2236.408322095075
35.95826793165633,2213.8446559899594
36.15785255848039,2216.7678616076128
36.3365173768987,2212.6456258710455
36.212170677882256,2210.6902278732487
36.60103677570452,2211.0138616601757
36.52861112928355,2213.2237949973687
36.413301300506674,2200.3436621628525
36.46561166515255,2219.6457120831783
36.38144748599963,2204.8005719852317
36.50737761202009,2206.970604750857
50.66222400097662,2202.3958531758717
36.22107901487222,2205.0506298169093
36.45629809624805,2214.172124772871
36.277733135764045,2216.957983483918
36.32292034630212,2194.2888177333175
36.454368832263306,2219.8195438111065
36.688967229494644,2180.3941247748608
37.03101309683996,2203.9016039344733
37.328038809362155,2208.1963074894097
37.2801601749421,2209.257249186427
37.44802304054524,2196.5456561849246
37.4771193422912,2196.753525951036
37.69061063349494,2208.0621808538626
37.7172558955359,2215.9316895239094
37.90426359262943,2194.5131787310365
37.9142358087804,2190.9154573619426
38.026733053543495,2224.7822645536035
38.32212560670368,2196.457553287191
39.37168121236439,2272.788020190545
39.978411063485595,2464.448381856594
40.59634028298339,2608.85166377483
41.04815961891354,2646.845615404628
41.39980834766022,2708.878156309514
41.58266023211627,2714.8107215840723
42.11459404384422,2702.976593513634
42.23748157583789,2658.4635882261427
42.48375502777071,2703.5317920945627
42.601457786569625,2664.934444232722
42.813218840643074,2666.8396849943547
42.94455666662339,2679.9929697812813
43.21928575073801,2681.3476810914153
43.46325128110122,2667.8691977102294
43.60340526797526,2648.197243563394
43.9473480104422,2695.413901945416
43.860793797633676,2714.2002942769805
44.21949279668597,2693.893712425424
44.19943683297092,2720.0800952670606
44.036937261441935,2842.4946556710365
44.055783902746924,2865.129488696758
43.84154785213836,2848.2853266008174
43.93364458268309,2845.1804759489487
43.73746227530326,2835.9116170822213
43.64223995593022,2752.6020955055446
43.687883094521155,2758.7396397133953
43.65368791042061,2761.3007454903995
43.57587238879636,2682.380744088658
43.7685196648571,2710.3522300662516
43.72153764123364,2646.0267519068234
43.539694563719635,2647.1289009786406
43.671574736815344,2631.000433556157
43.61321079485648,2664.9546380441184
29.40465101638048,2692.341306629656
43.60599612584995,2820.963348290089
43.50742326464018,2839.468888994314
43.52076398811407,2884.406688090998
43.474437328722956,2921.876500190634
43.617697454528226,2906.6743795011653
43.62114036341817,2891.714308150292
43.61432323919991,2852.830324603394
43.60422724551381,2838.739518795024
43.49561860229976,2842.794702120782
43.55318474376374,2813.3399080613567
43.62347464919495,2797.034049427898
43.60440794290861,2790.844773474015
43.53790378474049,2723.321493730753
43.58903375231111,2659.8063322986936
43.618573403014935,2662.4713059906308
43.58757296818025,2632.539062279253
43.48674029761973,2649.873046745426
43.63035282437859,2666.6046335553556
43.76547420465919,2731.510666961086
43.58964534325857,2759.838031069654
43.84170357982268,2836.3261964069816
43.985312922243324,2837.969877416728
43.93387600815323,2913.0798007166977
44.042247533713436,2884.733858645908
44.11990619039351,2847.610805521801
44.3062682673869,2848.961963318059
44.21146157632178,2826.1642025081655
44.18441679092573,2825.2262009844
44.11408973315417,2770.6411062591274
44.23896544995806,2769.565866069962
44.08246342926772,2731.7531603025027
44.17881814741737,2681.5380826992327
43.74225318891055,2683.0931122289144
43.55513133862516,2681.2420160836114
43.740143554187185,2653.6737515962204
43.57401584157603,2746.5299705220323
43.66475445681267,2781.8813437528393
43.822257028177326,2847.027756271671
43.71509669491438,2741.2180179074185
43.80563457035121,2716.398609346622
43.723930989808636,2719.3507574997248
43.747148304981266,2644.0814570992234
43.77540913402831,2736.635796504561
43.775576859497136,2678.757350900561
43.68226455787741,2695.8337467831275
43.75742506553733,2669.376047332383
43.931189184451235,2694.5435908086683
43.88640793391737,2718.3597238100565
43.850312731733105,2746.8971119417733
43.81886363376985,2773.1487221098896
43.968184633956994,2775.9424253667667
43.82315234388856,2719.4548325331352
43.86605947346588,2750.006495635377
43.5485291518677,2685.7129574856017
43.455471483930225,2723.8944884416333
43.417061736898034,2684.634562550909
43.03937067298538,2742.5033052473764
42.16696147625541,2760.988864860486
42.05037412010715,2780.148150419058
41.73864432792917,2704.5450695958025
41.739037203067255,2740.977312741232
41.748138814570595,2768.4124322465855
41.587030436255006,2748.0790493134928
41.77216150380509,2729.0677355039134
41.67792329630123,2738.8337850289527
42.2395761867633,2681.7391381531634
42.06705496146216,2734.194431915526
42.01114720519174,2732.1633634772134
41.753312573012195,2709.5018868550583
41.69927099226183,2753.16037297482
42.10711871511849,2790.9732756188314
41.89406158147095,2787.4086655838937
42.19908699018649,2704.8179502261146
42.09442992007379,2716.875587866487
41.91131740993879,2692.774604504
42.104733040949455,2703.6745185837276
42.137060924166136,2659.497325185213
42.27345949365103,2743.016617669017
42.30427120282615,2716.6378834783645
42.46318378923812,2754.9046811555145
43.04497165573029,2761.808229494507
43.1761638441582,2681.2334044804256
43.177458259958854,2770.772086948795
43.04105166508384,2798.568543394086
43.18632917128129,2648.498688302929
42.808560213499945,2667.3706298566444
42.61160815305529,2836.2195016837622
42.70043338029539,1604.209002340694
42.485331044140366,2795.196335700636
42.84288591274877,2768.818365900496
42.84354841095541,2790.5199020636123
42.68680431343148,2716.4214154735464
42.72308263310619,2705.110122646294
42.86550901004882,2766.405014564239
42.77976704424757,2790.542502841608
43.006155795571814,2791.8847844739307
43.262686494202754,2794.825802426243
43.35825840860201,2741.121476330431
43.39309173649296,2730.2019090514973
43.285250501563226,2680.8443662983705
43.30894780440606,2719.5415188044817
43.331873616097994,2752.7241147900554
43.445775140537094,2774.3422880952694
44.11453675515595,2800.571202096672
44.01682135475906,2782.426783045432
44.07454789790701,2758.063882259499
44.25066338637487,2709.9577241431994
44.31002859823279,2720.683431209808
44.24164192019897,2766.1507317175765
44.56350459183625,2823.07832304584
44.897895081447324,2857.3683770741536
45.50866915555618,2845.9427256033478
46.27872916030883,2772.4616079626376
46.80383408608269,2789.359472621386
47.371291120055375,2735.999603944664
47.68020989514001,2711.5462495857446
47.880158896217864,2718.0921382111474
47.68498347551137,2694.9420349690045
46.4890785547275,2674.414917140796
46.281320375385796,2458.2537143234654
46.7307189675969,2434.7813406731957
46.68783001448386,2338.8755177410962
46.334658199613514,2292.5794606617646
47.08374820139444,2296.7112513658376
46.60501896645951,2247.90673974034
45.822685327771694,2248.744449822065
46.5461321233535,2275.670634198743
46.534638876393046,2327.7251849142585
46.3609169504426,2303.772728749706
46.11296901660261,2319.6198357134017
45.169810668705814,2376.3951660955163
44.568445955772376,2385.43173799595
44.31935938772328,2345.5509402097073
44.218236102657364,2330.848605239399
44.28719868514762,2312.3845002603957
44.536044279185816,2317.45566057232
44.65387572410016,2456.7692420602366
44.12448280941714,2500.7768853201687
44.421574257621714,2651.2648771616964
44.2663466464295,2641.405280436788
43.91742257938776,2629.6541633681954
44.0698761547045,2653.7191274804377
45.23390619934277,2596.0524616695525
59.14030247255151,2374.21795663743
44.702997530572006,2339.033108188437
45.111467473619726,2383.0824220324375
45.46342374701816,2440.699574902561
45.15397999601129,2286.436972341071
45.45392687099037,2323.7711418303634
45.17639767272345,2368.7785122360215
45.519474854162226,2352.3379355067914
59.53712417197495,2326.0270570514176
45.17147472255162,2294.6730592060067
44.88912380043764,2406.335314781638
44.78892816007338,2530.1419648081123
44.791396633448656,2480.6464034868904
44.93129001591697,2532.0680806083947
44.9019854568305,2667.0301659134725
44.65736497658655,2684.217575566857
44.51898623694265,2655.515286418674
44.65048036169281,2723.776802409885
44.63602633340312,2666.5888990727003
44.93601071621319,2617.9509722421985
44.6848762710905,2680.8564690109233
44.24811568143715,2591.6547520095933
44.26399992858632,2650.499159874724
44.22279217495202,2639.6207563905264
44.42058825615216,2671.172704189652
44.590006416300376,2652.3478030483966
44.390105612742985,2659.1611960375767
44.35761391465853,2744.9160253559544
44.24489382434216,2728.7919494929392
44.18520813317713,2633.6217126780093
44.32112714304262,2730.8490051004424
44.20509502397483,2727.6561515811295
44.08004994948986,2713.559466063745
43.83019008636289,2632.069258202977
43.82356496834781,2734.7828649926896
43.62387050754633,2729.247871432074
43.38351358584707,2711.1465389479276
43.063080214584744,2745.9652344323504
43.06348010586014,2748.509539544349
42.83348442011478,2721.449890777219
42.51887871279561,2736.5281384516034
42.30314117302592,2733.555687891139
42.003513672045784,2634.378494598539
41.794576332473206,2705.4552124812644
40.92958932877459,2529.3219876105495
40.201727174312104,2436.4843892137746
39.86657269841678,2379.465802496361
39.24733025996423,2297.5003509862054
39.35377353290416,2275.5738625102827
38.91543404471063,2248.1362749577
38.476369353654064,2228.074377920548
38.22199166946547,2195.47377843109
38.5622770805908,2189.7941381312644
38.56749971837704,2174.8562012182992
38.61504038808661,2195.143144840737
38.47661490985689,2167.059415497414
38.50932882328571,2179.100566189784
38.26992058306691,2160.241110345285
38.22846083671071,2183.2306335812114
38.058904172791614,2172.280280803686
38.30273306253062,968.6366262340075
38.161589639476475,2179.9678871229576
38.13133508178404,2179.619873768614
38.23597987580317,2162.3039709400377
38.01546751268066,2175.0210151423967
38.107089875304666,2192.217879943758
38.13063219476911,2192.324785291238
38.10843504850011,2178.5545975687464
37.996632839522135,2180.888826972865
38.016787608325814,2188.833124104809
37.934102066478616,2185.6998283006997
38.084042063737336,2182.1890894447592
38.00494191887286,2193.4716587299813
37.995917502685785,2188.5075373136733
37.862033266314114,2203.6278758240137
37.87803627000282,2199.3794970956474
37.89516816669061,2209.721847707674
37.92414700078696,2192.2175356284365
37.772525100561715,2185.939779105274
37.58683178094465,2184.8544833031438
37.45993404201481,2185.0598361058837
37.703659252578305,2186.7959806069175
37.53386980453761,2194.828186523198
37.48905187081235,2182.045602031047
37.512989178985464,2179.3815196740256
37.283422031959645,2180.810531905382
37.33703333228854,2181.601785237741
37.357591920656674,2182.649735010776
37.38679496859856,2187.230884933005
37.51209218894809,2174.0358645154483
37.45833552506465,2180.2555894535462
37.37802840679521,2182.1574751633248
37.3704955232146,2195.874666464194
37.13767370311618,2178.183177622396
37.11969484990851,2183.098341519688
51.111185890387134,2190.047125420852
36.70537562907164,2178.762977354698
36.606288279745016,2175.507951939653
36.906925730766574,2188.8927797587476
37.67823732823172,2183.3723729482695
37.665732460030526,2190.542636403967
38.061893291988504,2186.892516553944
38.276324664606946,2203.5302885415244
38.25424792081908,2193.8480696115034
38.275896835982365,2185.515822713351
38.48892935776233,2185.3247084981754
38.294915253874336,2180.180018315582
38.509898426872766,2196.726091268315
38.75203265492097,2197.551525073658
39.049863012537415,2286.597427930188
39.90015553999436,2384.287538047193
40.96569409667378,2500.643673425744
41.61618302839597,2660.2799157601953
42.13464024349858,2633.5918086613465
42.58351187453174,2802.815146053609
42.837425318289505,2713.0087179883817
43.146923753673185,2670.202313722535
43.36147048618868,2869.6828226216703
43.47793515532916,2724.1748370881955
43.8021929772916,2700.93015302037
44.15470288681014,2656.7795036190546
44.29872734305979,2713.4640243305807
44.66086482509769,2723.490624137255
44.8020104078006,2645.4473937350313
44.971566117021666,2779.65953079446
44.843659641734305,3983.0138572319524
45.19016512809378,2776.4812322358484
44.84869287392505,2725.790197984589
44.44565621234901,2669.9419548578508
44.289780725348436,2706.7880741481063
43.92815634299754,2733.559774020723
44.10353840626897,2715.895809842125
43.92288811471652,2660.9332410074717
44.15277498912792,2612.2591061912767
44.03572202969815,2684.8309422664065
44.60568397393129,2684.5221184644065
44.85199999910316,2714.0989638959954
44.75535600832232,2791.8814130174032
44.629497424630486,2713.772155737872
44.65136442457487,2810.137804100791
44.63054070289569,2810.011598207352
44.320824673881944,2702.4126736063463
44.33394220561699,2716.7746897074694
44.34815373995055,2693.3329875293775
44.37740236127043,2794.5188490507926
44.17058332697161,2800.616341765216
44.38417539661278,2760.4271600306874
44.933142314351585,2644.023012913946
45.02560786977725,2652.021672180911
45.220711862466864,2662.8410946985377
44.92285590659273,2677.769464308921
44.884362027711475,2720.8140969303454
44.427828317277076,2606.094681675243
44.05028125426876,2684.435631443465
44.43940151726285,2828.5443893198976
44.46291335114579,2891.144085671654
44.3777360102887,2846.7260826617485
44.22305079853569,2901.701142974727
44.65427740632188,2868.143951579921
44.60068190325836,2858.541939326189
44.52242981669556,2826.262304882709
44.416293424343095,2823.6388382932123
44.65553368200959,2774.1740285194783
44.703960775334814,2753.2113462614666
44.50151541336241,2747.214292614004
44.76885234642212,2731.169937448035
44.721275136753604,2720.6209409548846
44.73995428342985,2725.4996259372388
44.71837239811731,2724.8413543097845
44.65956042397712,2835.9437117520442
44.498131709883054,2841.5232914387375
44.32985693007718,2780.828991919108
44.47010738558528,2741.86323983832
44.258373878028316,2756.511392387559
44.313959161777284,2662.5402001039984
44.46334299573816,2729.575996690717
44.374719171344665,2825.78256308912
44.49575685456705,2694.0074099798626
44.71566751976094,2738.217850391666
44.72361411600856,2717.2386539043546
44.63670489531556,2734.7818496613727
44.807622202072864,2735.4734181228573
44.877040501250214,2738.7367536526303
44.92104659914287,2781.148203475989
44.68594985319562,2743.2335463229447
44.704858572158685,2726.3438525377433
44.79981689937054,2701.5735595533383
44.616220909333386,2596.7231013231362
44.679561976301706,2593.3703504252985
44.669759210317196,2758.5605435045027
44.772225585815434,2861.610706586149
44.64992701163163,2954.0234285393385
44.78129490646211,2952.3817937805875
44.79046681706896,2847.5498004844353
44.603036174441996,2863.662922090005
44.56372708953495,2795.0295856652983
44.68990070730881,2787.6834993175653
44.704207133385395,2764.107223505587
44.71522024372379,2750.1142357848
44.81753621890052,2787.3147697905515
44.799676874587405,2751.4629368750548
44.6129822556709,2729.519886076383
44.998899225105426,2747.9235012369695
45.00457116793709,2723.9286643573387
45.35013234447936,2719.5270194022487
45.0003368422865,2695.559440427369
44.98093128514902,2598.038114693192
44.77021030321978,2643.0311350488414
44.92697486444851,2658.3474508364307
44.941693749892934,2800.7413727575404
45.45375661762817,2811.8155739550725
45.36083290186363,2777.267346205561
45.22015736698705,2694.1543872628963
45.33534149258329,2662.7135786550316
45.66700647049156,2690.3300412984318
45.50630143809716,2665.894267991259
45.45629299074418,2629.157957249301
45.51405450075083,2557.363952960417
45.50787041564476,2639.8920648944954
45.779830349046904,2621.0842350945118
46.075147532371346,2528.67232161468
46.32121232459855,2477.7177687217854
45.949455951590124,2403.4547247651735
45.97707943192429,2451.3774844549057
46.252814129821616,2409.3692728810665
46.04674794775884,2352.778406098707
46.258059863425245,2310.947083030824
46.30635693014722,2288.902571951173
46.19545345131945,2294.492389391662
45.33420308113111,2335.8607665411496
45.22832405594278,2387.1756254740326
44.89348299647412,2401.533807532493
45.10391001945099,2359.207031860453
45.708198900153455,2333.888052114595
31.480527522017244,2278.8790645471768
45.63318833970611,2242.6315912971613
46.11591945920752,2221.49522566443
46.025871407008054,2222.093583195343
45.78099594252882,2211.8142592766826
46.08967846233424,2275.085646856458
46.06925499839358,2300.7195891474166
46.0577213330275,2352.792482549105
45.808074537752724,2337.8824156606383
46.05569214106769,2381.2404902973385
46.094265533520456,2343.8602315402277
46.88309369592868,2322.9062564053947
46.84220248476302,2395.9625756709856
46.53199323440066,2287.2607426288846
46.84848022676883,2222.4052147305033
46.081308948266255,2236.113623390557
46.098382444557345,2181.6434724145606
46.85126269618232,2125.786498296213
46.83791819426633,2182.7596136267903
46.861869341279686,2233.6895371053242
47.93519259896387,2192.029291651269
47.547154718812365,2233.735303357754
47.91818813040337,2265.052553191752
46.938052677384306,2240.2680786305646
46.25006619754715,2245.240102279662
46.08033279959031,2218.758216203799
46.38865756059464,2181.105893531323
46.700003665962655,2139.811770736565
46.627653489219625,2130.854067688023
48.3983945002217,2158.787940702283
46.99388009606042,2188.225660772816
47.35742611267722,2156.6011257901782
47.569085656803566,2168.8259443765246
47.77912147199477,1006.9844096990296
47.63950038805219,2211.0155205478973
49.06118524360431,2198.1846049908413
47.56694326662796,2159.819285590691
48.84795660488555,2139.21649342634
46.569262079549816,2243.9164664855143
47.956852359356844,2179.805028014648
47.300231333659745,2232.6466023655844
46.82954649114561,2275.991843454629
46.52515071036581,2179.3292452124456
47.270701575076025,2225.609848044607
47.15296204740402,2188.709411138421
46.965450489171445,2189.5437020831455
48.9487225865759,2213.7449823081115
47.56560210419906,2272.2592236240935
48.65135605204675,2270.0489403517354
49.501926397305695,2265.6214628725666
47.781500638295896,2300.0383782092777
47.76118629289917,2195.870995504631
47.294279465073934,2214.311954252178
46.89286435654337,2259.543828232697
47.730714500079856,2170.6737762926464
47.47225176934093,2206.568471496057
49.38073663069527,2196.343330711065
47.327021759727884,2178.2401740110645
48.571743191282636,2160.6548533491095
48.31884319835256,2172.343591013216
47.800452632657034,2253.460423564125
48.26189827015533,2265.9678167464017
47.33447171658837,2358.788855828953
46.24736638522805,2282.370007203317
46.35137391888742,2270.8000063622635
46.0233871052172,2221.708274674668
46.51219628174974,2199.5119574547975
47.09289107785112,2261.2567520835487
47.30315143825578,2268.8748584459145
46.64195059271377,2209.8740356546023
47.519709784912585,2201.1625868656884
46.886590062203084,2291.1290246127774
46.030178451868046,2227.908828540886
45.599224812938736,2277.574532237759
45.41043022976457,2348.8174254648757
45.371861324975285,2279.651188132772
45.65218756231306,2249.21428024374
45.953332750948874,2223.258560565846
46.43725564636963,2236.1817502492886
46.53759532387999,2183.7616132404373
46.53575006845714,2251.468367951027
46.379811383793005,2229.4444823653107
46.50397997436744,2305.3856095160586
46.627008630856906,2261.1650417097117
46.79690019626055,2280.953691902037
46.647595250287914,2293.1972942540847
46.20729150580409,2444.625934224636
45.698543372916006,2353.2266453228876
31.297537149189868,2363.225842978166
45.01340468598142,2342.680998782569
44.80401521103789,2263.205411515716
44.883110177988215,2278.3036550082725
44.99786328831803,2245.1500121556724
45.315305497852165,2240.949473347204
44.994963301608244,2247.463632973906
45.16722376882986,2298.560967774121
45.11020583601173,2335.2249606134756
45.053746821003784,2430.3788188598483
44.709855976784425,2408.529694012944
44.87364455935074,2369.28600963113
44.77846151463376,2382.7090111816733
44.85616118943017,2336.186212157717
43.31727366299202,2319.1979420348143
42.08604897259564,2283.983383497056
41.29420417254021,2250.331907834733
40.55396954806891,2250.1368742561526
39.93555110375529,2244.4119934103805
39.612120603582184,2218.2168333303093
39.364144800917586,2216.4816870331742
39.22934324144474,2215.006918865638
39.346214664968265,2214.7845716797437
39.15787116753167,2221.5527060419763
39.19240583083926,2215.473119166441
39.16279464224114,2234.7296633537826
39.239871025667604,2227.2808457470674
39.28108648317121,2220.050318181739
39.33115460806444,2219.426820251211
39.03655254591163,2208.6292712234545
38.88835658335132,2252.562247643462
38.862916047747206,2247.8633447192287
38.796083896941454,2221.405986577568
38.55618702007321,2210.294473394979
38.745096744826355,2221.6687851882193
38.85283643630603,2213.804858529458
38.62268259493405,2221.994299145201
38.85032798193859,2237.04390856585
38.85298401693039,2247.3182188471314
38.72533077936,2228.6874135041658
38.6438152040522,2208.9529126992516
38.908892368348006,2224.2778454432773
38.73941394276997,2228.5846565095453
38.38220520439682,2236.371228459455
38.581759756301246,2227.9038016974637
38.406817875063815,2233.3723417801652
38.45946560255748,2219.5057085937538
38.521836413642504,2224.404038245062
38.37356200482536,2221.5059509135504
38.25983978893088,2235.141705275961
38.489912008230974,2245.810554637034
38.2798360854038,2238.7128047552774
38.5226033695627,2233.6921773828817
38.27754737205366,2243.3851514223315
38.34388808400182,2234.597241890633
38.38685204954678,2236.584006975625
38.56005298279319,2237.6773164698884
38.424309661948,3442.975009690425
38.408579709281646,2230.8741869187756
38.278303883858584,2244.0398119323077
38.397329406687575,2244.505666539404
38.30885755965371,2239.4206314386356
38.29183016023695,2239.7654510425336
38.139938552521215,2255.9175076070724
38.27747040246136,2247.9137876617156
38.55276931344976,2235.0522862094376
38.711612403021284,2245.525520640427
38.70590539838237,2232.0597913820147
39.04607788040993,2246.660550521315
39.69421312090119,2215.530188294745
40.66357058991069,2201.541900141373
41.37852195616574,2220.4457088370077
42.187568981293836,2209.0713890282254
43.120112514340946,2221.292869241225
43.261988885881046,2371.9310704243103
43.86403159565864,2518.933116702155
43.927427301045256,2391.3453325176697
44.3417718846393,2532.7912925151163
44.696621974467845,2574.7142513330127
45.04289047995212,2528.6989154418616
45.31511766314507,2526.740364199339
45.724245005389534,2500.1828315047096
45.64013013866514,2524.134351356162
45.64936503075182,2532.9168900691675
45.31268763831472,2555.8626241553097
44.730230014520885,2554.056498036515
44.8262866245421,2615.3405069915098
44.9494816553091,2797.414547759996
45.107499533723626,2923.8219154543954
44.9973223268449,2958.205896915387
45.29743588953161,2966.455053210404
45.144042540231794,2980.573965556976
45.2648632070954,2968.355384848963
45.51394948693833,2859.370833438076
45.27683843686471,2676.592389065313
45.000083562505004,2644.893982307145
59.47070920478235,2693.29165138137
45.18944562735697,2723.219485459515
45.52007437599282,2697.0070122732513
45.261470529154465,2677.1746940963303
45.04301060900703,2592.2914895556496
45.164169444088486,2600.9229088766424
45.281632329684676,2654.152791889418
45.41945934320786,2668.9388065498624
45.096036459710014,2800.0568242354357
45.349301318008415,2743.9898591792116
45.371348421692076,2682.002890819411
45.28389565706294,2652.389360909324
45.40571498460089,2614.362226018464
45.2352164812144,2620.806750207708
45.037883929002376,2624.1653464336505
45.436344417368176,2661.5042255222925
45.112766605600065,2698.7959932062604
45.246254235927736,2784.343818758557
45.29873291168573,2785.5534718788294
45.10957271427732,2739.2071306728576
45.23945706376459,2784.1841001073476
45.165111959072156,2736.9107668060146
45.131480290206085,2719.1883933353133
45.23129065374225,2732.901914101676
45.363455363117914,2757.171862487463
45.44899713906691,2877.750016254129
45.26325546002555,2859.6261522063596
45.43833979119374,2967.2753572520805
45.17373747926317,3037.588024754031
45.29394504534978,2994.915560709308
45.18591332680383,2950.339419661293
45.188818615656984,2948.0159779234605
45.40665973729376,2898.1769268544194
45.22788289650169,2778.046730109003
45.21049445372063,2746.971134449455
45.359118246137896,2718.4002996609247
45.268793837510074,2666.6220867789393
45.07516026495783,2643.6205731358623
45.62786641583503,2634.1695747128824
45.37486666275057,2565.9339917879124
45.358148648064116,2568.445852909597
45.28259217616197,2543.118280564914
45.01063272310833,2515.0125790488646
45.0253880847454,2563.278599986279
45.35970701678082,2626.911118085266
45.19900510997513,2685.6088849848584
45.19483916397559,2594.5869469505383
45.199977651247536,2565.3240203802275
45.33788292679729,2551.4570429521245
45.533686959017516,2573.5436283367944
45.04037191329339,2590.2749731035233
45.23968549323469,2641.040225482029
45.37291166785367,2797.2658327024737
45.57240881389852,2763.1387834054185
45.35047293584172,2651.4194334295007
45.34778946271688,2666.2345212429736
45.74071169977052,2685.2657597641983
45.532776111816055,2700.685840402473
45.3377267030367,2690.667691887384
45.07905716422767,2637.708688233035
45.17666556827166,2738.1084308095533
45.30954437809436,2851.653200944085
45.44895003756599,2889.4504938896644
45.31374727823524,2732.647271141363
45.30632560535987,2695.6989730825367
45.37878598882364,2705.841555123702
45.30225502632331,2756.261301076751
45.385421336218755,2736.7483217153504
45.441842549720384,2720.0660439637313
45.419141596798745,2682.0111191901765
45.340931159894154,2657.635804856005
45.322532691205595,2661.5956581722303
45.139347630416815,2708.075711192541
44.99570676303146,2726.5901073796226
45.38993448149327,2744.8065870380765
45.05723334826108,2731.7000471329693
45.13192776694436,2723.367725422016
45.10887719760987,2754.2624006461283
45.28758427297358,2754.849511386901
45.4179030307845,2820.0301170005732
45.33128487341907,2875.5679226040766
45.43708369915906,2889.4751020330514
45.30767790738834,2763.1707748432536
45.223845684053714,2675.9802045438796
45.23753215911968,2643.9626895088268
45.43086274000501,2612.657532597359
45.65244957665195,2595.358491822246
45.618488386045556,2616.712909188788
45.50583126228737,2601.5976683465055
45.8237810167949,2577.3482077693416
45.91988743701746,2557.349024310895
45.85304189955767,2687.212350456227
45.55813596991149,2723.1960258300546
45.72904600950881,2613.0423932707436
45.95138754347751,2556.807037115351
46.00015725951943,2498.2897779653827
46.05785432562859,2416.5339377995588
45.80984648392143,2421.9374913735314
46.235686960943376,2424.3371066990885
46.14790960753372,2491.5773303621763
46.09971131172736,2401.6790020211633
45.95663496997604,2340.4329360135553
46.1261695431533,2357.291943652557
46.4487665378298,2399.0745071540236
45.972729424632035,2440.1562884571185
46.13259901163519,2440.191619229345
46.330954061993246,2532.752022904863
46.27693770807595,2529.125189100941
46.577202125502666,2451.5943603789938
46.605486214736075,2378.881579976022
45.92259923014116,2405.5132731983635
46.392900511355634,2338.7976406435946
46.76334716629447,2344.492860691528
46.12325493655827,2473.848176982653
46.776826941678934,2398.0011100335937
46.61745042035168,2421.0161581316534
46.641165888940556,2428.3275481910205
46.508729087702186,2350.995224504835
46.72410147710406,2326.125525734118
46.720519292707806,2414.7107553318865
32.28079127787615,2314.633326398961
46.476554202935276,2340.534088745243
46.63659116716103,2299.820677284847
46.97501620387089,2343.9234056969376
46.62141277858589,2371.346065108205
46.47713243488224,2325.077592978295
46.437000306457875,2345.8494068001182
45.743550263923744,2327.7712182147816
46.18396657526727,2296.108152706007
46.12976253958196,2284.3022271964605
46.288739092484185,2262.121862889572
46.34102553098879,2278.7673250634944
46.010418012696725,2249.241457168354
46.73129839728521,2248.0647571908676
46.836724927699066,2280.600303547139
46.54973633800485,2249.501578275668
46.67689185232162,2306.2082106125617
46.69263728001141,2322.0378858882873
47.07144790067021,2321.9490877682665
60.96668896165346,2346.5430819724834
46.05321509324219,2273.9426653745213
46.42661101460744,2275.4127357346633
46.44035211419201,2244.594444652939
46.60035504792218,2261.9038980614177
46.63329870136228,2247.9263492456816
46.24672328185986,2297.244210595336
45.655410354726904,2303.201829823896
46.23716102620771,2254.5878019712713
46.1092392198601,2284.938639959955
45.89391616359397,2245.0696282026265
46.21751522065442,2257.16842514355
45.933472778127864,2268.879802988012
45.53111876367416,3435.637668344465
45.74354136704004,2297.1851586983253
46.20364281849996,2285.5218632887018
46.12426493883201,2272.564325784734
45.86041347805667,2247.839155207629
46.05382334450814,2367.729771461393
45.97844496840078,2427.1596372109816
46.36860649828832,2376.839065913181
45.715408359289455,2426.7239265495846
45.76934484476829,2333.74697913032
45.50177204433305,2375.430113747131
45.08309742343117,2262.6489481144004
44.88804904554431,2243.994435922872
44.5006883153424,2253.1731061217256
43.723097355186226,2230.462488970804
43.79895666583761,2212.5972431714335
43.401473461944676,2213.4679026802114
43.0192430708336,2219.089399377779
42.65325561485402,2195.6179587458037
42.6477665982543,2191.522122267014
43.12606195363201,2194.5564070079618
43.511051593998275,2197.4001637049096
43.88115166074213,2212.0595429152017
43.94790707120013,2197.80600603962
44.268035825302704,2321.6282614289794
44.53075501520955,2469.4915276457323
44.441843569520685,2579.310646879331
44.78742791032476,2622.085015117255
44.94502197068607,2675.8963868458964
45.0610603493697,2773.8569621202887
45.32543754734201,2737.3526693914614
45.383715057629075,2690.2078993887985
45.3195153918938,2732.09256751417
45.153788127573435,2751.446998025655
45.256087978356206,2717.4724270987667
45.3613103102818,2682.9817947220704
45.0738294874925,2684.3349248154273
45.07125989442959,2660.573576309566
45.13717772973836,2702.2939690666535
45.024267242584656,2671.702691748345
45.018675307136434,2740.0775351043294
44.87790226787518,2722.7365095215455
44.80938455758519,2703.474507162383
44.49742640430937,2701.290282069194
44.599530149888224,2732.893080119138
44.11476488978771,2745.3104509155896
44.16074772965183,2694.63068135775
43.822558432358775,2688.4363789731588
43.21652522302075,2596.1813509275194
42.29154363257379,2512.746425916409
41.93910416530397,2429.6094465578585
41.01684847958151,2368.0708607029997
40.96649927176106,2287.5106604450784
40.681907028060564,2264.262958270469
40.546200895856586,2249.862108535758
40.44862023566881,2260.5001113951876
40.395082691505294,2241.26577120039
40.3288260459247,2229.4476060763564
40.33879165627653,2218.712109300427
40.60386913955891,2238.089642575007
40.75109655718317,2234.4617642173293
40.96286048531242,2249.77053149496
40.75526266446954,2258.4488378133474
40.952212736246416,2254.6592969498633
40.77263465832987,2249.009156808921
40.88702231130304,2242.828241210507
40.74422713245129,2263.784111912653
40.63818703485813,2281.2166162573876
40.53992439447028,2266.6655868191388
40.41096327267559,2265.5531189995413
40.542756427211756,2266.680035344264
40.63631585355044,2255.773999848202
40.48414792539517,2270.2237174170286
40.35370851148756,2265.598397663809
40.32743633102215,2291.6709641632406
40.40101517600152,2300.535942245745
40.30985084354651,2286.373535015129
40.103154514918515,2286.2956823411414
40.03962115884988,2276.31881231393
40.08221561893313,2270.590537954665
40.09692005526996,2280.445973021864
39.905545190384345,2290.6746271351053
39.820421273790345,2297.4744337538923
39.94946839449408,2322.923835283632
39.87864713894005,2306.2529593384647
39.9074433743824,2325.980663700926
39.86117208740676,2287.6916613151743
39.85847419774997,2301.325236529271
39.73768862503913,2307.5353178770565
39.75756162044853,2311.0972323274864
39.70462253703149,2294.7271087305944
39.59962809045088,2338.5797714528144
39.61801091181421,2327.457508182665
39.516305080531495,2335.4681501033265
39.46942957096151,2356.561217009358
39.202997083008654,2359.9691769976375
39.265180016594066,2378.9461420493144
39.283831888804556,2359.5120395654462
39.187168935592354,2404.984211927337
39.06644613902316,2343.1528895776664
39.062883459422366,2359.2693058023233
38.894053929178696,2404.055389422905
38.9895521117311,2399.6347175466003
38.69335057757368,2392.9091499635056
38.79635297534876,2374.2138544952504
38.594682228506045,2375.752667143288
39.11907970772812,2356.2531246954313
39.126348546521214,2356.7645126900434
39.39244179962037,2399.068304660169
40.1716987748154,2350.4554535571215
40.79893610024695,2342.9132050848775
41.68270311928983,2308.1627844873065
42.175759620970155,2315.9682352323584
42.57590486636574,2270.586505931675
43.136695273737615,2276.073425511426
43.419331532588274,2275.0956168028374
43.40975357066372,2252.715872062081
43.63580197978492,2254.278603501981
43.824522686528226,2248.579161724024
44.237735998360364,2228.9210585955116
44.47234447922118,2232.820416330908
44.62694225229521,2265.7174420288316
44.701242909177765,2310.4464771770754
44.56283328584409,2335.8700340666614
44.93373370915174,2474.972424958202
45.350165419491475,2538.7167866104915
45.47737514371345,2598.9275011539125
45.5817546929203,2653.2169410818706
45.65958797188153,3175.824867727025
45.60980840678901,2972.684811103899
59.90400245413137,1811.132222681896
45.5251668696491,2929.733870451398
45.15078255188331,2897.6654475767755
44.981778680870946,2975.5248099101373
44.85275178128424,2928.4542695542214
58.98987230054374,2965.747205901322
44.894825364291165,2961.5997064940984
44.80425517490332,3005.551026439287
45.44295800855781,2922.21878925585
45.338792335730915,2879.173356215443
45.692342948561674,2856.116510052986
45.950283070004225,2843.102018997677
45.802574644944286,2857.8855198010824
45.69836652701687,2817.151601597585
45.35679283930275,2803.498653684989
45.31544933208955,2785.8337021727802
45.059951643008304,2787.5685401987184
45.120839583700175,2760.2877290886127
44.95675797787425,2743.382870143063
45.18142797487039,2756.764095894965
45.09333842276859,2736.530759199469
45.05448433367856,2723.3772649161083
45.09800746652007,2735.6294628480155
45.27444134374263,2782.667990060971
45.344701984680626,2825.108728151361
45.74317582618769,4160.9856659250845
45.69371459847579,2987.949246621136
45.898557988275016,2942.4040674075613
45.7370817119035,2893.8270230190037
45.519216006523145,2849.338518825126
45.26125826886704,2829.0862588844825
45.25126422867961,2766.1435789865072
30.992640622174992,2742.3615978123325
45.20521843855853,2758.2283283194383
45.25428532729448,2738.4249530684147
45.10708203243115,2699.8537787213877
45.295909461952895,2740.975917314371
45.4123525870216,2809.186068629906
45.25473582694832,2904.877006934257
45.17083378107354,2936.21357346084
45.22603379383442,2943.0220723916464
45.20349299041307,2947.0305367286883
45.43482022199952,2866.8279684670515
45.22398958085291,2874.401535533825
45.51257135961397,2826.0215360406264
45.56268308669204,2776.3174662154042
45.40649533454463,2795.1161504094025
45.22757290688077,2760.846793056182
45.401737522219534,2840.2556201540474
45.42524925466575,2903.491588677221
45.545223699429584,2905.547454241472
31.405318024962416,2866.348927238695
45.3147266059811,2863.59261628455
45.58093046354489,2829.5885877181313
45.28893346308459,2833.1034229467527
45.25399534211865,2794.5811541667686
45.27107044629278,2694.797722034457
45.56664529150453,2740.32840473572
45.219896153738844,2839.9289364644414
45.1311499065676,2904.9143156854707
45.08182706027829,2944.751764798203
45.101246406036154,1719.4904746691304
45.34184536765882,2850.5567100494613
45.098871494941996,2874.1198307672503
45.26173293112263,2850.418638380439
45.40275760906812,2762.602071762234
45.685558911448396,2817.914931467237
45.742630618847244,2761.947243987528
45.64753303927971,2749.14233762373
45.658704282646845,2753.9812004039104
45.507392298416555,2790.866353395778
45.37288973852027,2864.9675813209255
45.35395879966197,3058.0784587569733
45.30500009372091,3098.5589079987694
45.34603254986139,3049.7317901309466
45.319518221863035,3048.809709909166
45.434148900892794,3039.431544766833
45.445383775103195,2982.850842725812
45.469959384943245,2959.1939927127323
45.52132946390322,2958.976480548963
45.549760219286924,2921.808931323156
31.575382289445717,2913.715132844398
45.78172795122816,2919.5268175729834
46.05339049592894,2879.8046978300486
45.67517621499698,2825.3275685933813
45.54498569620527,2802.0968005052873
45.5599616968838,2767.3091558275273
45.51428407210099,2775.69722137999
45.96512281350235,2857.7031123695106
46.41976505905524,2876.632496505742
46.53597707603314,2911.1982314372885
46.54706005340722,2841.868714375987
46.460322161230344,2734.9965124688174
46.83528899999952,2802.146427768622
46.75461039955112,2731.263050016722
46.56885655798871,1438.1783255499718
47.07680391059748,2606.2390591031044
47.15591294158904,2560.86728859464
47.008421395376274,2420.514653564336
32.49843305036667,2513.0951878717265
46.1226809471012,2460.2039585455655
46.408922592953076,2418.3821340043683
45.73758891857388,2383.680232006005
46.516261752764365,2509.0569938305107
46.28076822604058,2393.915495979529
46.61280669139128,2377.9971070212723
46.41472135379989,2436.8919569924765
46.455591971882555,2398.8492649548143
60.989074431643104,2358.7559488935285
46.25857231978986,2395.4279635447047
46.765294772976105,2460.592096124168
46.935984746082504,2463.1865246430284
46.86260691468324,2388.237249939594
46.763137489322375,2377.5718419040486
47.15650550980136,2414.514416059432
46.712117463226924,2341.4839356640855
47.12686816497161,2381.394291836219
46.63455443758979,2360.5457004928767
47.22350523146607,2408.939787490363
46.777318015696494,2399.9510562314117
47.636020748847535,2411.697953501336
47.82006721024367,2363.243563295226
46.535072499232335,2364.0935737917107
47.79865408712325,2402.7942360338056
47.35655912053397,2403.422365109041
47.80097718395986,2383.314428053542
47.61828622174494,2432.054371991224
47.3561546091079,2357.971575162143
46.7304148416403,2344.8404883354906
47.111323554920084,2301.6248056319682
46.861047740260034,2280.10943868465
48.1986002984611,2254.924841816846
46.65891344224585,2253.4432548761483
48.54814262985265,2262.560921227178
47.599058671358364,2317.173197084483
47.95662441965284,2308.8254910882674
47.91528210749327,2303.8362419103923
48.14160820032235,2333.1143171623958
47.907705669167555,2288.253474738852
47.89102529082575,2250.2183818120257
47.4528628983699,2259.5687205174695
46.2341849791279,2250.062794925622
46.28434746506376,2232.5420317155067
46.22062360421294,2240.6957407168024
46.25310263081859,2225.038687870892
47.293579871400766,2223.91984452063
47.22627523761318,2252.0333412476452
48.21324323728762,2242.5898029357686
47.014906582850585,2228.169996060204
48.37837324384469,2253.826808947144
47.25906251679777,2281.6889720976046
48.73161209364376,2305.5846614922884
46.8688210083734,2304.398064388347
48.66363430583715,2312.0243530777134
46.638624534857186,2338.282936362752
48.24062160799673,2328.080800776959
46.128692846384396,2321.1601122856273
61.74457743700259,2361.1449586276804
47.28257622744177,2343.3827029279164
47.12805592582188,2327.3909694153554
47.30883695531131,2282.445532318632
47.53181829100477,2314.7551003673307
47.88470421801433,2265.1473504026744
47.72532500631205,2252.8235699260267
47.90307741961694,2304.941877419223
48.42772011074003,2258.5945184239267
47.88953291602716,2236.1010253252343
46.73583461274313,2269.5636784434682
46.90624616118736,2284.3302362321383
46.16844718996492,2265.6078871392324
46.51963727285139,2253.597634792796
47.34395346071382,2236.027928803465
46.46809152019631,2231.8908992767037
47.84362267950225,2227.7126920307605
47.14948077709951,2244.9461431410323
46.72400938545533,2312.8804655248778
32.881585351549546,2323.365401007493
46.57111259152355,2377.764918687528
46.517192815288766,2406.915094419243
47.23863244983577,2374.1812431146004
47.35697288130504,2337.2002437132774
46.953847702682886,2336.4079534520797
47.23685878654453,2312.7394120424715
46.22167529767354,2284.416866261484
46.22426782293116,2274.199144120542
45.96851194303132,2294.897200376135
46.06163321477321,2285.5220881753166
46.24690830900175,2257.082964822451
31.763856192111493,2250.7579305709623
46.6738497288362,2257.873701156618
46.09872026049398,2239.641210009278
46.16042515595676,2248.1393444066834
46.32652207640052,2288.1895840312745
46.10581147761735,2323.712391564649
45.88116524577626,2300.606275873195
45.572222136024706,2330.5613096463812
45.39705135003476,2299.091956075652
45.32167898217884,2301.304913818437
45.29148601942652,2357.6326294655396
45.32383027461549,2419.91863840908
45.029982035100794,2364.8451372610048
45.103713784513644,2420.2439356691293
44.98970454809712,2569.3516582427715
44.78440954671012,2553.08526410207
44.78918980370765,2742.3077224823064
44.24097566428726,2659.577819538378
43.507538893070674,2582.0665019944036
43.13999636851172,2502.508890561045
42.767439794318385,2481.0243589069323
42.30498985695332,2438.210233774526
41.97527996560239,2412.3564420609255
41.74221707230536,2360.785342158441
41.73271602569715,2336.629714963956
41.39371017890919,2342.3658975388844
41.21258600508151,2344.4720608294056
41.30990880058011,2345.416826492146
41.155827668682,2333.2319690125537
40.98584766009202,2331.7098158107156
41.19466705909892,2341.6133063416187
41.06729917701263,2361.0471039224867
40.73032315349171,2365.1141601693553
40.51668591010808,2361.63752270937
40.53845459805347,2318.9701485034875
40.14169555563023,2351.5247099937915
40.3062686970249,2341.611175301652
40.16356442353077,2335.659345666043
40.140194387870295,2312.0623768460273
39.93174591661133,2339.789601982141
39.903924670577965,2324.4800185179697
39.45611649728596,2320.452438927346
39.66267033466967,2352.5040694760505
39.256093522675464,2349.9769032339045
39.33514561351221,2354.0798980399322
39.26216350410391,2388.6344505723278
39.1997955124412,2383.8703502190874
39.19695227910866,2387.60855910156
39.14507082864729,2358.6210004980026
38.859636597073454,2404.4913896374833
38.985113858946974,2358.8185675097952
38.7440014312715,2428.043397125706
38.65278894970669,2434.693360888688
38.95870504835649,2377.197305061072
38.91738658548343,2424.0817959005826
38.69645370880537,2416.1620342187525
38.65511510040232,2458.6255445419483
38.72204486474584,2475.2687297507778
38.75678789216915,2412.8459280876787
38.70023658423331,2482.6342834290235
38.48458193703834,2416.072529195781
38.84421335335651,2479.8761502872094
38.29655910875495,2461.1298932932978
38.372144708905836,2448.0289770681443
38.254558967852404,2477.815566225694
38.222452833196996,2454.902499676616
38.14193056557504,2454.0683045761452
37.98939060341259,2432.551300649862
38.08056696386955,2440.9198784658133
37.89994595172236,2408.1912479871226
37.81583734880559,2458.86801155225
37.740559165710366,2455.121776545059
37.688570778590545,2445.985799342686
38.3397348314637,2431.0666445997613
38.84158208725394,2429.570754980215
39.084175446022925,2424.9058584063105
39.29702314949622,2420.0981849859236
39.48286097009178,2428.6158049357873
40.345600750371744,2395.4360965654646
41.01020369013491,2417.821783144878
42.039135375210435,2444.334299682526
42.96629090455731,2408.2534941926824
43.41714623410998,2401.288705245918
43.94701753085092,2405.781765946836
44.14241216246807,2348.3321747282507
44.37426817669422,2433.8154560000994
44.497410814776046,2533.4068993875085
44.69410213556846,2836.170818635361
45.143785047024934,2732.905612899701
45.56591929304125,2846.9622362555274
45.45443404557797,2974.77946278907
45.40879894221432,2784.440136551489
45.631119704171496,2782.538960802691
45.71654115603246,2818.74392349423
45.68492209186126,2815.3813353653077
45.84364038995646,2852.720991897452
45.755384087329276,2864.3187158386854
46.04117399932038,2865.033651591717
46.220019836010884,2866.729274891225
46.11343762888705,2834.7048895313037
45.87066084815669,2829.171860575504
45.742160747163005,2790.4616897689775
45.764377819027814,2829.0518368342928
45.319532696380065,2873.086710864495
45.35200909189517,2862.225539741949
45.189972048397706,2800.4548046584105
45.2560542104245,2800.4881780917385
45.157540503320504,2787.4240232203347
44.97945656836934,2799.45551461537
45.53509433296942,2795.5824669357803
45.468627892423086,2876.9497628139306
45.62452837701291,2878.918304526478
45.84728360761366,2889.243264583205
45.827140771279026,2916.864873543896
45.902211692831905,2909.947265852729
45.666449328477185,2881.422624552931
45.8151981045939,2873.9346175188866
45.996762442987986,2857.95324049352
46.07217933265609,2845.6572904672194
45.893599221060356,2833.3329680691377
45.643534356078945,2801.366291316146
45.44881921546258,2790.049820229765
45.65262501459501,2801.4762713926684
45.44307975658733,2806.940348571745
45.423812184028364,2883.0405837514345
45.63770567495375,2901.8328194283877
45.84610564319345,2957.9754213376987
45.83180977981309,2958.342142756806
45.89909978985186,2961.831112879184
45.8462016514957,2924.392592829815
45.653273940098245,2847.7190395807684
45.72809280113071,2887.2331148576436
45.55592791125161,2876.871135169122
45.38227349119754,2821.531477012088
45.135044752395544,2839.2775147018206
45.137377326260875,2811.4694525040736
45.21688824646126,2888.8504952897183
45.48614109053907,2823.129595969058
45.28903706357973,2806.256756245732
45.60164641782318,2877.0941558011305
45.854644901188664,2860.4828243270695
45.77239265442246,2902.8954877317074
45.8356477267802,2858.0678787632887
45.59087543008168,2789.7934831969583
45.78171373898002,2843.089464077082
45.507098323336805,2831.6127572385635
45.55904489400331,2864.585509323515
45.44083052574611,2828.565758851055
45.41706131517326,2827.229235470775
45.44746559757859,2826.9370400069506
45.580926009163996,2783.0652673519708
45.3726932548083,2825.6695665215
45.40665294076017,2862.5919953813855
45.64701637090166,2979.7597223347475
45.50924840103348,3063.0037295514253
45.33561178498921,3019.8534993593867
45.33934684752991,2948.846194264133
45.36805096488237,2852.731045247515
45.63070907828511,4105.35572193866
45.552311918851075,2874.9555651857618
45.30206948339082,2816.695546712872
59.547446089896155,2794.0439766648547
45.53822042894032,2808.8647232656504
45.486709292257615,2759.2690678281856
45.457864749463184,2827.0323529652405
45.69935482360529,2859.5475267892143
45.75299201627021,2878.136413041677
45.865195870743506,2846.0470653037714
45.940446304435355,2856.9620315805596
45.775947732358944,2869.9044691756208
45.838663329840045,2860.5021008998156
45.62781715098879,2843.205004412948
45.57042407376081,2814.5854471718458
45.63424650071774,2808.63420554181
45.32781091302054,2836.4733819249304
45.50398793145393,2864.5731385040417
45.39551445613411,2945.264592101147
45.3968909367455,2979.0788836762517
45.55599643292572,2952.6384498992657
45.917031411779746,2923.771828777116
45.8562634133127,2883.6274304155922
45.84387922438354,2854.4020596732644
45.832662944068964,2834.844879930224
45.519939113469306,2800.5546534339114
45.61950121789129,2797.763121081844
45.446730003201594,2849.288803131017
45.66152787550419,2933.0017393614517
45.83344204210998,2944.577904717613
46.20135187911312,2877.6102094276657
46.54409454657533,2835.9861529114532
46.805625794021644,2807.0689167718506
47.098730821341874,2865.0632004088357
47.178054091259376,2946.473568223858
47.4329350165586,2819.88326593691
47.43223436182143,2744.509839477172
47.313561422070606,2694.9892837752
47.27108022203443,2636.181638739747
47.83611306991786,2595.223905700549
47.49669026243025,2502.5005477847135
47.38122311304579,2421.376941990229
47.19681313527808,2416.516507150681
46.43331996999737,3692.446230290215
46.50981216771285,2410.337573061638
46.51341541230295,2386.3979067471737
46.36697874597522,2358.3748067441115
46.32126363831257,2358.466499560937
46.940937119511105,2411.1259631243106
46.4191052560355,2417.632371967911
46.85517590161486,2466.023745596388
46.72472265413579,2491.3717375395454
46.75280082324316,2439.1254417117325
47.23601558502844,2492.89802014085
47.33416656148865,2403.960048245604
47.99379798897694,2344.955936323421
47.76562370681626,2357.196195841841
47.735893603977885,2366.8939113743613
47.652470450745426,2328.4712535292238
48.062565378091506,2290.5101878770934
48.36353270756266,2281.435085819568
48.67862754539924,2285.8630897367393
48.3257208783663,2278.7067327535506
48.14333494595785,2269.8351175899033
47.65698280046479,2303.3105531784977
48.10815202743221,2262.4964076374763
48.07231808999212,2250.48837906851
48.207000544694196,2252.4504627022625
48.418165459385406,2260.9899015201518
48.95725965609611,2300.9414298690835
48.29480021050598,2263.7050757670345
48.42587365653753,2254.8099618007886
47.88093366755801,2247.2473420537945
49.009031581413765,2255.77664407388
49.31986102234137,2319.3728431554823
49.025459765695665,2301.838703054429
48.60972701271184,2280.3893981453207
49.48870297387984,2266.784733835223
48.57870741818692,2241.30709557612
49.09279896781713,2253.681793666381
49.17762861809769,2260.5549265681952
48.59068924496211,2254.0960895014473
49.03600884056441,2267.2232309563888
48.88053627074562,2263.1855509012626
48.39015035120894,2284.915219040466
49.13213716226066,2282.7001304302503
48.374379565358964,2252.8155759978117
49.43118634926559,2259.9536836806246
48.90126519571445,2258.984426207839
49.2831539615145,2254.3519319251754
48.547751268882635,2288.2620386934686
48.53180651746768,2276.0353346143715
47.87046009931677,2271.10347180564
47.82814274150378,2257.4761550082
46.240679528683,2265.34420526868
46.992262527005124,2242.159114858029
46.579325729156714,2284.954282602991
47.356196374300616,2238.682488691745
47.980160883745846,2255.1947240833165
48.27702132857759,2318.746029356323
48.03345201870578,2284.1334851772626
48.119081178173886,2269.641796218188
48.186891597921914,2256.5312466506366
48.148400391556095,2248.9578408671096
47.685415526244384,2283.5652507352806
46.17991872522681,2256.2836567927784
46.36833722217376,2274.263783690226
47.79835955777796,2266.7284287021657
47.85362779312487,2246.8058295235605
48.1736658808189,2253.4367656321965
47.50880260161364,2275.7519183815625
46.73216562638092,2276.831782798464
46.96597801754902,2264.5189043817063
47.15935209871506,2276.5242208409204
47.439887736085446,2295.2061667601297
46.57936296143268,2297.624473558726
46.552422081506904,2299.7411660796442
47.13832861900036,2290.401392758655
46.65222406062645,2277.849259907361
46.80384631101549,2349.9741166262015
47.05259975008846,2390.0957765869375
47.33653807074941,2447.389318703451
46.89729506455854,2460.7495445197023
46.82463714051766,2367.540814528504
46.534957921174,2347.298507834504
46.29204413376161,2329.624922042334
45.89782093426389,3491.9474692199838
45.763123043803844,2298.3332361468697
44.885818816447845,2292.358859478646
45.028913350758884,2288.580927964548
45.30414264897833,2271.220652866505
45.209660933221016,2264.4236853659386
45.220154548432134,2270.501982279366
45.25100572285784,2284.320919665434
45.06686876678012,2334.966086495525
44.94647890847412,2340.9312845127215
44.76377431926875,2464.098991214363
44.85883423099543,2500.3645779752665
44.644786154018554,2640.899515064174
44.55663768860178,2652.7107301408955
44.5265916198846,2727.4765267668713
44.33768459422345,2726.2077721149553
44.311878699210176,2687.193681333467
44.10902532265713,2709.2499402266203
44.166786242559795,2724.1979461668748
43.8594145357206,2698.354906299132
43.979307469577314,2674.6650317415165
43.70347009813861,2655.5536351363094
42.18096580823595,2411.147506925083
41.74049890451063,2382.1083880203882
41.51569368119516,2329.2527842888535
41.54254623258032,2310.0897487837465
41.67878774995382,2328.4057086601406
41.962184272418725,2305.0171517526396
42.028192394242765,2311.7501447027967
42.05499245496969,2330.2075134321144
42.288847155817564,2331.1169702244283
42.27865361328868,2314.8336934573763
42.123680273206695,2333.740260478039
42.21227884269361,2355.652115578733
42.100419627363706,2345.862901092466
42.34972760229206,2339.3862185165876
42.025889787979395,2329.4891598193703
41.953643554991444,2330.2619587566837
41.78629978068913,2341.58015982012
41.82772616677231,2328.7306928707835
41.81164692449381,2338.050678549566
41.61463678324205,2348.1044345992236
41.555960764557824,2332.2725459960316
41.41635813740685,2325.8658550036143
41.451630420841695,2312.4085962373783
41.370965896867034,2310.030993410728
41.210552773722036,2325.0718213684363
41.10782561856258,2318.3501883394424
41.13160044046173,2317.562062066576
40.82516262632192,2313.5012464573188
40.82246227469848,2323.867434247216
40.94590072328929,2322.9076742877814
40.65136667946415,2318.8299166993393
40.64300811834078,2318.156665661877
40.83141027302928,2341.5269710052335
40.595727770307334,2315.320714529614
40.39891780755089,2303.870089776293
40.573893263991096,2324.4596488283614
40.526571866405504,2317.1575000846788
40.43458508856486,2332.357478143536
40.3952478831118,2337.700842397428
40.331150767507346,2323.736585400682
40.05973547824161,2308.115391398178
40.0983838370957,2308.913315510171
40.3238021020043,2353.4811446404306
39.948273734969135,2317.3955054142543
39.91101431422995,2310.4674468634576
40.07425905727051,2334.415025755887
39.956286393380594,2334.318230122703
39.915600494271544,2331.846878581737
39.7112415531829,2332.802623969507
39.85231592899271,2322.2888540149256
39.74217895857117,2328.313067825849
39.54315875381248,2328.750437925512
39.752109029980204,2313.3564227110446
39.69585187294233,2315.5615151644984
39.48280276201004,2326.594210870393
39.6132035725667,2325.772994252078
39.790608470169396,2309.300943328098
39.95711965865709,2311.570293304245
39.765075915515226,2311.5610200351985
40.001274800567515,2310.2351619427213
39.99200376367128,1111.5038135374443
39.94167299067999,2302.3437367071515
40.07939735823541,2307.0165342380037
39.92798078071008,2317.1367651726105
40.12971045187864,2299.0082370416744
40.04131506670146,2305.854594574133
40.131553782428384,2319.574441285248
40.02686247552915,2335.205629473394
40.06357222372366,2309.1954834996523
40.0538689606563,2312.3152728835125
40.11044107804597,2319.8814101129537
40.755484628174635,2401.1234945116944
41.58037714279767,2535.622064934317
42.357862046817786,2635.8093412888325
42.96284190735102,2780.1744495630896
43.781552905713355,2697.6828942336365
44.0954003197507,2828.682521899237
44.214278700189055,2956.454613379077
44.365490035949776,2814.9758380856647
44.49907944111921,2757.8944241807003
44.857451862612905,3010.7513207561956
45.184475570212825,2978.947094639789
45.11318828998449,2873.3572741039966
45.53322747871228,2838.3930273084625
31.520854417372856,2873.4514147818036
45.92054669695462,2864.5451594393876
45.960845610847,2950.959033109808
45.97193721008012,2937.463336891082
46.17038499480681,2856.972194993228
46.21881244687093,2872.3202529166656
46.210900100896716,2873.349395850297
46.357357292169176,2856.6563148848736
46.38644866411197,2850.1192682409837
45.758291347362885,2849.6256816937666
45.87384718398194,2838.255464158781
45.65842975043485,2821.5196856064485
45.67316964019449,2839.3648314711086
45.50820127543199,2913.7122837702364
45.368722471997614,3019.0536752116686
45.4208872819269,2947.9866247869486
45.404856776732444,2906.4165075919955
45.274397030948464,2889.708040939204
45.388697786368766,2897.5594508855293
45.7284388510116,2822.074312145598
45.93219704655836,2790.907011242029
45.92381758670289,2856.8858344844007
45.9165671492096,2820.2905999193886
46.154937874769004,2876.043164543748
46.362677197595886,2892.5901626157747
46.33433159764576,2931.381930319547
46.079821537280154,2926.3895486750625
46.06856614027535,2930.95209935528
45.65301865867216,2863.1701389076816
45.71648684175827,2870.6098568767093
45.73249132986377,2856.207997080296
45.865209344667065,2915.2846834626034
45.78405058187775,2892.774947602866
45.777215157727184,2840.2599615015743
45.730089114149294,2762.1396619842753
45.501146445613195,2669.5224900668386
45.4690463784744,2649.3140395423593
45.62098307508198,2676.2341640869427
45.79733302787227,2668.9094369947634
45.993358705864324,2684.8668461060606
45.664978964724604,2677.3433968502277
45.94949259633765,2644.935011730242
45.91895487588043,2690.4510026009984
45.91481655188821,2750.5103655368885
45.83040189902237,2833.129652218813
45.92896074555681,2961.4577746737345
45.87108808622854,3100.6490807147657
45.77519094955329,3072.8508510486517
45.568765001216434,3018.2187782668707
45.71272253620537,2953.8522943405933
45.558953120896824,2977.8821902675663
45.597425058901194,2899.5210885228644
45.466236179555764,2874.7443046702765
45.36300163184987,2804.8822757116814
45.151486102706485,2729.801299159144
45.24610765410155,3906.607638312074
45.263199896448754,2710.6948456474483
45.22186437563862,2667.5272308841245
45.21504126904243,2652.693217784816
45.328333443397014,2650.5806242884164
45.230347992107305,2597.886076631176
45.59792259185306,2585.192530021069
45.51442749064282,2615.505271509594
45.34877703605043,2675.4690183875855
45.58399193690008,2754.558830184079
45.364396315078366,2823.4183068461307
45.634790922450364,2802.595418061134
45.46533701849201,2867.352830807454
45.34675240692003,2919.4593869081255
45.03893789520539,2889.406342407318
44.982145293527104,2849.358703090282
45.05063579043744,2823.034394015122
44.8894488071283,2751.7482648339433
44.76387080096259,2725.046668564101
44.92169058273965,2664.9210423288428
44.86214799664669,2613.974276373654
44.9658463403034,2580.981680154069
44.986559105070256,2555.7493046817976
45.251894509932285,2482.402365015467
44.88961255756018,2634.2187555531527
44.904809995282946,2668.544136976602
44.90384615406826,2644.9866226499985
44.77457977684029,2653.0383945661565
44.79840230894406,2733.8999388489697
44.81436706094979,2804.419393491583
45.153547911650186,2868.724685031562
45.5983423721771,2941.0993966923434
45.77070817089949,2919.0619232166237
46.12579131524709,2891.726302920304
46.35542770422519,2871.259590999807
46.71889313676277,2929.104033513033
47.00799541364853,2949.0410903614284
47.35857590609993,2998.0179051206833
47.687353372315236,2903.4978334329007
47.30867360585418,2856.57614413164
47.642341880217586,2819.1521084624005
47.798272243185224,2862.1938661141626
47.66587338339744,2705.283444609762
48.14642731543411,2662.1747518313928
48.1830817455859,2638.9898981606666
48.06070154085404,2548.589367921985
48.41895873468761,2517.5899052330874
48.1179675882278,2654.35294383239
48.05013243462841,2480.6048751169105
48.143688894134364,2452.295057647728
48.047008815334124,2498.656396668993
48.70644679871083,2419.1659258482923
48.7031763162757,2424.293260199495
48.48052830376756,2437.2620262550618
48.152592099086846,2413.7082115987128
48.54033836061373,2493.0055236357475
48.40536592964025,2505.98185566384
48.62287818856271,1291.9971241858548
48.28337735802024,2434.8240256535996
48.09125127066909,2531.3685996478316
47.11423057161747,2569.579949080096
46.893442703650976,2527.5821385505387
46.2309007111909,2507.7361656700978
46.6138986413193,2595.030909459534
45.51272635786729,2589.9875196704734
44.74710110818634,2616.1294512929626
45.35994694590295,2584.614048152323
45.60087649925839,2580.0295974431683
45.460216651237815,2564.3203034125886
45.486190102589504,2571.553111425785
45.346117141158274,2589.4342210980467
46.05919489729325,2691.207383724199
47.095614802342496,2647.842802021311
46.10749263210566,2533.0554461515962
46.617164298321,2524.552913904364
47.063212914575985,2518.454833503631
46.87764369378916,2514.3227201664804
47.04516259961315,2551.43499797562
32.78345481448822,2551.317990648374
47.99589957893522,2564.275125258608
46.8316810637328,2459.03588775184
47.42865540390808,2478.2388461761043
62.522921360894955,2495.9100765913136
48.25177329798514,2546.176174744229
48.465193150149695,2429.3261501945663
47.823075194843916,2471.4361333163756
48.589054236287666,2457.9226881405516
47.17871011542594,2493.3673991833257
48.30382151274371,2495.5165189480263
49.22570226384492,2537.63731430822
48.18388068215326,2625.475894941191
48.8668934258085,2504.67333943861
47.27378958174282,2502.258760820691
48.496852941038966,2536.4092431169183
47.97117121528953,2494.8184432998855
48.648405370482834,2413.970226848298
47.90118378971274,2425.5886227269975
48.30573585642795,2446.490601380935
48.26908634181928,2573.064349427218
48.187014687704135,2509.54763538467
48.3319019065229,2570.008369407386
47.83744225610249,2561.6142746757464
47.424341946106495,2425.2477881471714
46.812862283075575,2414.974114343345
47.51880971896088,2436.780900435895
48.44156497160165,2533.4391993859276
48.12491460291526,2500.782519496543
47.755004854190986,2415.080064775467
48.430566593124766,2466.6633453168474
48.122378636481656,2452.939547775721
48.082145272008596,2485.5252769541685
47.406957065839165,2459.900446713861
47.207212941989,2451.1836183669793
45.97436060588142,2382.196039556141
46.3368146168868,2473.689428480471
46.23896423914734,2501.747875960247
46.65421839736426,2460.3413745692787
46.91881053035373,2648.6563054651606
47.226778888112634,2638.6124226252064
46.737367851080684,2622.37582425153
47.317377912706725,2632.922051187745
46.80197771305913,2696.434190043349
47.54118614222378,2684.4699167016724
47.10334619527999,2579.261436231144
47.16256442396944,2533.7539193666967
47.47491187908054,2629.153743959166
47.45367427716827,2689.63410847622
47.06960023663379,2585.434366071766
46.968614748017984,2720.2392995625896
47.02424141435926,2808.273700053117
47.00161889574857,2756.080383813741
46.93782157560288,2793.2825576772475
46.787995732650245,2919.8916070428495
46.81213877164795,2808.24761978048
46.735028981833,2835.4558392404115
46.577720405244136,3040.824322781928
46.362890877375335,2930.778286553297
46.050474361494935,2903.8216955776197
45.56658207448926,2860.5863959846893
45.37850836824503,2858.5334055954663
45.13090983263385,2806.4192898478905
44.95471166640947,2822.1496360630454
44.796193458012624,2826.6485644581385
44.48069150207614,2814.5084897551314
44.163237209222586,2810.829216330633
43.97903320208829,2804.295758356153
43.7755089174499,2785.684138088069
43.486808139013455,2808.428003918957
42.69277945308207,2689.844154483706
41.77907677876638,2635.17696997599
41.398057415677755,2552.801443540451
41.07466073074509,2534.0989184202
40.531415857351305,2513.9733904652426
40.37526146899222,2474.4311439911753
40.79864766832527,2476.584306302368
40.55681368821169,2487.55092156768
40.514212393632974,2446.1343936446515
40.234638067144076,2445.776863091448
40.09440349684469,2469.951839956635
40.1872778771681,2480.750737559976
39.89378887013743,2455.6131940211585
39.898496558866825,2507.078253781168
39.80297960305613,2463.0260386964837
39.627084468482536,2493.5136660318412
39.52476242228197,2483.952344171238
39.49579611528658,2488.6858002378817
39.48138789471549,2468.5244095923936
39.14365866147721,2442.386565416577
39.524092691092605,2509.1058961316385
39.006768857874775,2506.1124851310965
38.9190104822288,2490.5201685694146
39.16133058034912,2456.407677077339
38.78255510938985,2497.036432157336
38.754490454029565,2500.9537164829007
38.50094426156578,2473.4846278679556
38.733975451817216,2509.6812063101156
38.76615620346833,2485.331653828789
38.80128078539502,2510.0540790131136
38.716013937809905,2477.269655095541
38.607962706455,2481.4415051019146
39.29810886947425,2512.0350108449043
40.153908166460084,2489.712424654403
40.60519279205086,2525.306592983925
40.58544281726777,2462.2927947718813
40.507206606191055,2494.8064050971066
40.468894773940576,2503.994389522647
40.39372505144105,2505.368211399581
40.13831822612795,2479.190922292437
40.17411852142269,2491.9164064408305
39.658138716350116,2524.955579031684
39.438327662259496,2515.8639501584066
39.29185786435729,2545.5133748695152
39.18149186426953,2516.8775726859135
39.324944212856785,2566.5847089421595
39.03735369531673,2494.258282596933
39.07813949073035,2511.886723899567
38.846781149539794,2533.515910706223
38.786536994460064,2569.486297354072
38.918292068994084,2558.438170034202
38.430793105458996,2484.182711680236
38.64291126003573,2524.0460243080724
38.490906942426655,2536.5157575406683
38.76849240961766,2535.1397367973154
39.18494048571125,2528.3458634862664
39.47595934763689,2523.6627077296325
39.852033136789814,2554.3767007301594
39.9622084235056,2534.471688141637
40.096191792107795,2555.9251333555753
40.07095593538404,2545.117105553693
40.24907096143994,2526.0688692783856
40.1108151131328,2547.330485633504
40.036123270469375,2553.7462766951785
40.19395101616642,2556.2584091508743
39.93419094175226,2564.6863263080118
40.145159019980596,2576.896547713331
39.813102456914905,2563.666062912128
39.872657591959396,2572.869825823181
39.9215023917659,2549.063425889112
40.19205086953257,2565.433172045589
40.156905769935875,2575.4533037130805
40.58615800923639,2566.779824031918
41.49611642270246,2549.5125690824007
42.29736877283866,2581.8386367815915
43.120169267114704,2775.7332170216573
43.450096004463305,2827.9346286169502
43.8348716364869,2906.2995231419172
43.899649157680635,2954.7807628845003
44.04276273667493,2882.4421215350867
44.50022006267865,2906.9187771172396
44.66702487350855,2860.323772047149
44.65144132727928,2846.84948586654
44.72239171652766,3017.4276173852904
44.7759166839308,3018.7893827886514
44.84822092230566,2971.5372874148397
44.84398658550347,2999.132651708228
45.187318410724956,2930.601962584721
45.22812105354751,2925.7727082608553
45.32375243657492,2911.1971398731066
45.4374457323343,2903.5601203212354
45.61753879011751,2860.794213487432
45.49975957449302,2880.48581684342
45.290702968606254,2873.7757268591004
45.502589644459675,2876.255692139337
45.50585711159253,2911.1783829237775
45.44112017852885,2912.718028670868
45.70174061908405,2943.0285895367747
45.44695603779142,2944.4888346059624
45.43344941108866,2921.967354431964
45.32110481259154,2942.038493098382
45.82674031640967,2903.0158795070597
45.562083358389856,2909.866271783257
45.47808006371139,2875.915514019416
45.54056594230582,2897.56799116223
45.742650259305776,2911.417751126567
45.61775512880523,2951.0891678245475
45.787783667510425,2922.2336927520964
45.770755434640876,2892.8666471916995
45.98319363375408,2892.247205267059
45.9021300487773,2886.527197570901
45.92887235386365,2872.54904648659
45.83717382341567,2913.1836475017094
45.85770338823971,2993.308403419744
45.71811767978285,1772.4229215423384
45.71513237259354,2906.7128132742537
45.68260641839421,2911.5837105890123
45.62092488580298,2943.336604465484
45.694018078236475,2880.3780625071295
45.891234979518664,2898.872765213183
45.79440609208891,2890.053726346873
45.434564189217184,2860.576032154463
45.877749642318065,2895.0992184544984
45.879283608928716,2880.5544610459847
45.94296623869168,2873.926619864729
45.885292690697284,2925.9062890592977
45.792480527888344,2906.3130759476203
46.098744466606675,4080.9899553385017
45.82479751044757,2888.3670208407752
46.043374405390075,2930.388572111253
45.9313107048967,2964.3308727227923
46.09479586177857,2975.4452876772893
45.93189159700793,2922.2253571297733
46.20309875216067,2931.756096870263
46.34229693962299,2963.3451154810355
46.20096966433354,2953.7828734171485
46.277304901507094,2921.96324667526
46.439506255192114,2886.330824507207
46.42990693828068,2879.1906983064396
46.30396094412188,2881.4170386139676
46.70951037311256,2888.759701978512
46.583079221867195,2842.1874610304476
46.5481832409032,2929.082639696794
46.22020961977539,2948.1189015635246
45.93980801839906,2992.2555429037784
45.89286934356329,3001.074676850147
45.67480361699678,3078.4306785720955
45.83646984385163,3033.504095113239
45.899415398430136,3033.9924193659454
46.119005866580736,3011.942588234842
46.04610393323402,2954.384795800732
46.075504205230274,2938.626191011085
46.104647085021085,2930.8142879745906
46.32331521244012,2898.6023829863734
46.278345118819885,2880.5771856348206
46.28784550729769,2874.510393022433
46.31750142840911,2839.403187676295
46.336104963127646,2874.2853829833707
46.45652422402336,2913.6554678812136
46.41165607489387,3015.355594296519
46.55626211816307,2977.4519429494367
46.29539779821897,3055.6133537014584
46.67281956072645,2999.9516602365898
46.81507640914094,3007.7124965178373
46.392777760316434,3012.425063299885
46.22230247312473,3092.3913068053753
46.25877107896177,3068.351224195562
45.84439658177743,3050.022399214952
45.71257282162391,2995.6213464541584
45.57137539927818,2964.384653602315
45.91952703656997,2961.8992565872995
46.37638097324481,2881.759210053685
46.55453947582556,2860.7678353262168
47.12586351528119,2970.0756212160354
47.118673274129854,3051.469501405825
47.39920656101523,2985.72087131367
47.49061807517858,3002.8971761616094
47.677871749924634,2926.354209080924
47.650189677762526,2905.500896535619
47.68208157700482,2864.2348250211535
47.80600929317537,2940.925735652686
47.825100364953116,2956.6683379271662
47.871523515839534,2987.9306534347725
48.1167477446086,2930.7655241057746
47.42646767639249,2669.2205853837613
48.41716812765496,2695.297653931374
47.906762656733,2687.691092091019
48.624626942195405,2767.5999234738874
48.30699553475573,2692.221579166653
48.95237860074481,2763.580567661374
48.39843266684211,2631.218651840762
49.04577079279329,2563.9156417086583
48.558826407561455,2461.4595452447693
48.733866176504264,2493.234244132611
49.04179347381899,2531.9126938307772
49.26207758830696,2512.636085854428
49.21242657091113,2464.794641102726
49.11510511278384,2480.5610370375616
48.99052897149379,2557.269424179072
48.60397076199955,2450.5156066832733
47.86685971318665,2486.8156199181103
47.316433189581566,2542.679931754198
47.055786122048985,2434.9333898494433
46.570650944860574,2393.426440120225
46.84789591785893,2407.5008373208047
48.11735662399203,2481.272268758282
47.92698816419396,2391.515514824593
47.61215008574172,2385.839496457987
48.33074683535553,2442.279698871496
48.51326240325132,2478.3806442245527
48.66382014195313,2475.7636907819406
48.759248917727945,2471.316675167061
48.6308254264998,2487.193445742197
48.83906066319638,2435.0354540802496
48.609459517568546,2419.576158635913
49.12933380209504,2377.169256331523
48.95856094514549,2383.5343397635916
49.41604592765429,2422.3080738524804
49.675062472160434,2372.821279605771
48.899647141874354,2380.8861746612565
48.70630970506113,2376.876681337338
48.82476751034035,2422.3406242094625
49.208225969362644,2413.8602176444588
49.245637957005336,2382.9040725090817
49.53058757865098,2369.662617165244
49.42134519579986,2408.4438283267054
48.949350044756926,2432.660569844762
48.4539986756205,2379.8266233006566
48.4369242980185,2422.8727991728792
47.701252811734776,2379.6438856192526
48.87062210815283,2390.9468837585914
48.74355749407286,2382.552435303044
48.714082027347395,2393.1797897842516
48.65908649362723,2428.9107396570357
48.274662371224466,2495.6202571529757
47.507453838979515,2537.081645798219
47.25904749379484,2556.976918393016
47.11452024811409,2605.361016567197
46.543085087227226,2606.4623414060343
46.05487174276233,2575.3109640847215
45.9677123015085,2559.6287907756137
46.37573699097586,2556.1251849583396
46.752351568919735,2523.2775328944776
47.051409168591796,2535.813044337815
33.556578584483844,2448.6714443424216
47.44201055596493,2546.76799546542
47.22623117671772,2543.1965773344746
48.06805409609876,2574.061361380563
47.78064954544381,2550.9557733765255
48.201564543447816,2516.0523510590556
48.341178880791304,2464.145772015493
48.09483137036393,2462.1420959950224
47.97640171526061,2563.5833557716855
48.438313048757706,2490.5833419835812
48.55856096742082,2446.062003661491
48.23763850937468,2522.3165384723493
48.123644954590986,2568.8777219961385
48.42699825924187,2624.6358501847903
47.74856572244997,2557.3586960223715
47.57103709935592,2528.745741693648
47.242153726538824,2555.261660160985
46.804220582604415,2518.0298422600254
46.6516752648819,2466.089673223597
46.80567147393854,2618.5290111045697
47.25138208442018,2568.484198084256
47.339567693917715,2545.6013492463826
47.367703394121015,2553.9751331219777
47.28437962274854,2652.5021287306677
47.40620962408243,2788.1068333370204
47.15768299211621,2844.732211590056
47.35609788063819,2909.1354391668274
47.1241553146492,2937.757112275647
47.20826431739139,2867.250684811915
47.128218126082615,2910.9268923153363
46.931223337808134,2911.0431017135465
46.81531644900491,2863.4229496245707
46.71957188474378,2978.0421550584124
46.52523808338641,2937.7685522349248
46.4095365531779,2924.588090859211
45.976332982929726,2919.9113846238797
45.93138454410868,2923.1980978761467
45.68566437949025,2877.495087832732
45.53922756719058,2850.061968377362
45.21844684995587,4074.670879526772
45.00739481449466,2834.194375880267
44.70537746769834,2888.796600933941
44.48857939152357,2874.5124059438685
44.06663006127405,2816.847303398415
42.77184166416137,2660.886420797539
42.43335986694551,2595.076419109011
41.665807834919,2525.491438959621
41.42804279986517,2490.18200534736
41.1153824185662,2422.6405955813343
41.02204982738984,2420.2937416053314
40.83600029991803,2419.4188878831374
40.89178246813709,2410.0110121633943
40.95200768394429,2412.5495811960227
40.855487968983645,2408.7486363582484
40.68111770424957,2411.1803704322947
40.531464138995545,2412.7196444689307
40.46815064503311,2446.2907078791654
40.280659269374276,2393.6844954230455
40.33685945185897,2415.051581981416
40.43202243722217,2427.9876671899574
40.69864815879628,2455.8213219494746
40.318976726232606,2451.420816915491
40.111387172821125,2415.9999303759005
40.17269091979079,2442.0951583741917
40.206850991447595,2435.9582131929114
39.93078258709615,2432.3467818507384
39.93150282441435,2473.593763098485
39.6887479351346,2423.4512309331044
39.60476564268002,2464.0404574219087
39.69302790316243,2410.9390323707935
39.450636223229914,2435.2265400983633
39.372312234018125,2420.582922082542
39.50171039331545,2428.812530610106
39.03052618036246,2424.2463625648506
39.41378948955303,2414.1810912190704
39.001611301867584,2428.1602290733695
38.998363899049394,2480.562343499486
39.00038205941055,2431.7058380429526
38.76065260065913,2422.195505105868
38.72953065051754,2424.8587284713494
38.810335692122095,2418.7048585044904
38.87173997150391,2412.288999257804
38.638618268049655,2426.131963299062
39.12869820333175,2420.045881955605
39.201826773116025,2416.862426814047
39.5280680968134,2417.684246304999
39.5176359157572,2434.287066992909
39.44754812542652,2420.8452677731952
39.59655678082612,2444.4663604778934
39.5287070888688,2432.634233655479
39.656408184236625,2420.683885981401
39.74845639135042,2440.5883200210396
39.73012157976102,2424.2612735555012
39.78429057090883,2436.6277200535947
39.83559774269326,2451.1906300443743
39.576725374992016,2429.625755134623
39.77592202553658,2477.7527473461023
39.5010421272964,2432.9110605677997
39.57791857488425,2437.878361876312
39.649138790660345,2470.453005278174
39.700951469469146,2461.213880584736
39.65980794384795,2453.4288850572866
39.66465405593921,2497.8543466100327
39.793771998825875,2440.818835761953
40.04251320733617,2463.936551657563
26.44933420073679,2455.560556479205
40.96321943283172,2454.831673977221
40.71381309825635,2460.1612130722074
40.83634681939604,2481.3921264867176
40.86852717027694,2507.404420406713
40.61183970212633,2481.0757050766383
40.62924305871563,2469.80008124904
40.34944344574677,2466.853611851505
40.133918383445135,2504.1441139270582
40.719729594620276,2485.638270230545
41.11212343154596,2509.9084235091077
42.13389609984667,2555.406476345617
42.96685204567133,2697.9801628779696
43.5159667665612,2773.5820280850157
44.126151067597206,2843.619169228913
44.35165969614357,2937.9990837572486
44.8887908311826,2825.706842962356
44.970930533563035,3103.4857598563913
45.15712925760324,3005.522670051627
45.51769550478468,2891.7882390289083
45.264213309039604,2977.54788507522
45.50738355833116,2936.4369601285052
45.65822794768748,2945.7454127224564
45.79107742122245,2934.5921124340143
45.91536868111821,2909.7721213079712
46.07968614315236,2880.7626862232246
45.97372501744036,2873.6758502088514
46.071382554548975,2915.8842364223865
46.10639135229339,2953.84603558062
46.34667140333174,2997.7030224892433
46.35021279060247,3022.962849802686
46.12898476037235,3089.487574726478
46.31650035734792,2999.901505627625
46.317646844959015,2968.4693464377706
46.529863612212566,2953.8374853341265
46.647380206459346,2969.0837513664014
46.46608438298762,2934.730084521658
46.63527300274767,2926.2392773886318
46.685916897975105,2915.315591201477
46.63199390859337,2894.84890511822
46.857479833234535,2872.883375944026
46.714333204402834,2900.8849438037705
46.81048475662623,2948.862873601367
46.84344570173948,3013.015245124356
46.88705879011464,2931.0629093287653
46.66901155706498,2904.822838597824
46.78763056398516,2981.4047857284395
46.717173151816596,2993.1062090218697
46.42842164657377,2959.1450917409097
46.20628265802589,2961.969911137129
46.32565395968804,2911.567596268993
46.35858952476734,2831.522334460611
46.65251109726774,2893.0950658771676
46.6247109081668,2906.602869415886
46.517519096200616,3021.9568957442757
46.57089064353079,3010.8524411955323
46.819198809799445,3026.2434702958303
46.73749765775909,2965.9251318901247
46.59274141491113,2898.7641772703996
46.80635529835562,2915.6312036434006
46.71672780808017,2974.906193452412
46.777392860034766,2895.8483614748534
46.823311670368746,2952.5292840618486
46.70483986591972,2995.0513143549597
47.01235939486195,3036.88587911276
46.79872148478222,3119.9239793613415
46.73979496803341,3050.464369464281
46.57283934577107,3012.1211152693804
46.25718923009717,3029.7436895891537
46.16673448792445,2953.584587461405
46.3681335317697,2923.524040272252
46.389833997897384,2962.166101867272
46.56101094552026,2945.3177386430034
46.56251409019137,2932.072934272421
46.53097213381352,2859.9041025808733
46.35130734466375,2898.187821391843
60.74377958704123,2970.8272210489495
46.51381802617522,3009.8317552911813
46.62618493154282,3018.4285088563956
46.730853615157905,3061.024582075517
46.558012225274155,3007.2958886525284
46.70716028118184,3031.29292042048
46.59916809854312,2985.622735289944
46.589705128598965,2973.0246383376084
46.55198629241255,2975.0301551309267
46.45926149170787,2937.9339074176737
46.55972116749848,2903.018698073024
46.587234149184575,2880.775755719839
46.52492107733683,2926.8414391241113
46.72216047176267,2895.0873363003307
46.587039569739616,2985.750343668489
46.65006719597994,3028.565617727928
46.84772604438278,3014.9387964567522
46.64161211268096,3041.6351258323393
46.669507884787514,3030.7961372287054
46.74458182276166,2992.9517419214753
46.76959949966616,2959.836697098508
46.898818649824726,2934.3253541048252
46.960537595645135,2887.0420128828328
46.89209958111282,2902.044129819858
47.04712169465235,2946.3085318335357
46.69670100345084,2974.489181155458
46.95234668699359,2906.020490381478
46.88887801816878,3005.6940228584526
47.15095394951097,3025.714134213129
46.61960019666746,2993.0377597935476
46.42140939833085,3011.255537457289
46.60750858556086,2925.5507651841926
46.31001966365986,2990.197744448184
46.118443683306204,3004.0088474309764
46.00307519142696,2936.495437330387
46.08325406525937,2895.2118404936527
46.397656702161726,2905.955221050258
46.554262809752444,2958.0993802758535
46.94510181197272,3009.867388989465
46.74037036330457,3030.4320873537454
46.97520750996436,3046.788605961759
46.83335959130651,3002.1237102518326
46.842680217633585,2980.422071545102
47.054728291596476,2890.5051078721563
46.945252042275314,2826.4335451778975
47.0340912719965,2767.6852334584073
47.18829357642007,2732.2625366510747
47.07758135952413,2705.6898363621094
47.479900047658575,2597.711826830519
47.780257867829,2568.8289260633146
48.37580574074967,2531.8959536226184
48.40648539739203,2522.469897475577
48.15888611661761,2544.6691581712707
48.56176257122813,2685.1415352662943
48.680804883757794,2832.883894433608
48.80917811530125,2809.6565325055235
48.43648275310416,2621.422875505277
48.99533521307063,2654.8574916982816
49.02164898995599,2511.493587532534
49.381336088674736,2591.603312074178
49.52658392453574,2562.9287765224203
49.80615984510165,2462.463472366985
49.794638829630834,2470.393618605265
49.683108950638434,2450.499812322571
49.73760068474775,2426.614286399589
49.88954022607585,2394.616772332838
50.25505347593032,2451.1029477693396
50.30287143860663,2414.6292344082844
50.06112542311294,2396.3105002626853
49.640856285973165,2411.626087367504
49.87744177227414,2409.234305534564
48.916819989789445,2388.7602389010626
48.68504710622094,2379.8242875403093
49.48767891564181,2407.7011927368494
49.25304213367865,2426.126822207762
49.41439780823136,2414.9755479427195
49.17229886779882,2419.1471776366925
48.8444951363342,2410.7425689711545
49.12401035967334,2388.725417586754
48.97256261415176,2381.049101521291
49.124466081855644,2419.146723146695
49.27785439998252,2383.648885686204
49.26180929970863,2370.586794844301
48.92355377594892,2385.3306415011443
48.53381281012176,2368.311993582497
48.98199591471204,2383.1538047806926
49.264295306259896,2388.9590970716013
48.927835082068164,2384.178444398334
49.22290816361244,2389.459310030514
49.51544960354618,2441.460324651393
50.077270268810096,2423.7422334918574
49.50059151814649,2395.4872023173007
49.37077950110239,2371.6613950312417
49.370339332353126,2417.9644488027134
49.1129806367892,2374.9719219659837
48.479476971649675,2382.2443123742232
47.713653393058834,2377.7072098861254
47.87045176043129,2348.243808316296
48.715298279878276,2373.0605970522615
48.625642623875905,2392.039420797763
49.52586317478998,2362.1495634186035
49.55470874569323,2372.3948213328867
49.75191430482105,2411.1959734114416
49.81393221268871,2426.665075678984
48.787833461351184,2392.980394748151
49.87875360377175,2353.9592223833906
48.540183368883504,2392.328125618815
48.003878317548484,2356.3780230041043
47.54046562743595,2373.6277045671336
48.77705956777275,2363.8684363380303
48.65751141731529,2345.730520470602
48.591501550426386,2383.362694191287
62.635955082641445,2359.7847824160435
49.49735869937425,2357.681669497504
49.35893529410096,2363.6403186921925
48.72949452980707,2449.304166498965
48.11727665790622,2434.3322742821642
47.97736114869702,2398.650278676367
47.86761382958698,2384.676797368763
47.201246942003095,2400.1142513180403
47.8804407603464,2428.320565849079
47.963348927224104,2407.7109663584824
47.994578972382286,2385.959316292381
47.999861266667644,2383.340816005404
47.81739194176204,2387.300537338893
47.70855085432246,2437.3340980381595
48.20507512059788,2414.9186962717617
48.28331506687044,2404.9329974213247
48.117558876475485,2392.918091889395
47.863286481330164,2477.395340691004
47.82483486855393,2576.356028946476
47.686904819324496,2555.113453547374
47.78072595455686,2508.8709270564386
47.682690389828636,2467.5441572171567
47.69507617471432,2476.3551592509657
47.450950184539195,2464.1470472156975
47.37398587787468,2528.3244969777234
47.07800325715458,2550.694426864563
47.317930735985,2537.1516360787846
47.14967827584121,2510.1114688593943
47.18526031510889,2561.9037183466735
47.20460416696425,2676.6117270758027
47.000162937105756,2691.424076621362
46.89857477259224,2774.788614639997
46.91308342161852,2879.4027146145963
46.76182010638871,2904.619262943147
46.744821299414895,2876.282742848929
46.459070995524016,2939.298962754607
46.42627038414251,2903.7561760849044
45.639711863148776,2860.4033584183408
45.17660820440777,2760.7207064090235
44.62409794805102,2687.7375090332885
43.86631602328614,2612.2435932597364
43.67051268994598,2568.0989161229004
43.25149958589657,2561.409831931177
43.1953596737208,2482.2089795000193
43.00303198386814,2480.375442553159
42.56094446219589,2512.1864997047214
42.272353363895206,2443.895500335184
42.110796315465024,2490.565014500543
42.12979072415969,2439.4666903596185
42.27073717097909,2425.2341044173863
42.0443228436558,2441.4259486011088
42.03471819291222,2445.8639805197527
41.95625032535468,2441.257235022263
41.6671824488447,2438.2415745654457
41.565133378877576,2426.88740465456
41.658843030347235,2435.114336552432
41.525692252541035,2422.2601425817556
41.42323227020867,2442.9037185610478
41.24315485773627,2428.4563303024993
41.16758101169127,2436.8666559165995
41.093573522668635,2446.693964126799
40.85211939596838,2453.926024985756
40.85444248310738,2472.6999521125026
40.78936082533944,2461.819154491876
40.58535450416604,1281.3087254968673
40.50329360169481,2482.347625779239
40.32465451905878,2475.6346282308937
40.290287369572084,2460.604735252171
40.09752485241215,2460.4136327474253
40.27072811482202,2507.2409745814048
40.16482453839794,2500.6199420457424
40.01343535727875,2481.8667322689134
40.048134697872875,2513.256079353593
40.120691237054785,2507.1554936780717
40.00033657475,2528.5427025778285
39.850290845531084,2496.446292134598
39.875806952599426,2493.981200442359
39.80472349322915,2516.247972743175
39.807292772186784,2531.4796844527295
39.651419887927005,2560.2255896957004
39.466872274266905,2526.956941603262
39.389891892704156,2535.493658956841
39.65794445599811,2564.356521696364
39.03023990067987,2558.0703357614434
39.25444278282106,2596.660619153388
39.14805250982559,2563.416925627356
39.20703458068046,2575.0029328543533
39.244168906705,2562.9238940655605
39.15010832316388,2557.574936061851
39.28853982270071,2548.2925096714625
39.45540426785952,2563.652094121723
39.498121025598294,2555.429083583853
39.66770584604326,2515.2967104513245
40.10531397593199,2533.1006933454555
40.411514726552085,2563.1610012557926
40.43309736112869,2548.6560002055994
40.51924666320846,2511.366033795259
40.818479652288985,2551.3630891673283
40.679911981871896,2525.798934851172
40.7207180406313,2572.606026829922
40.77644132243435,2546.76955772062
40.82364091504087,2559.381716096878
40.89861924655757,2604.717304781038
40.905389061210506,2576.149111301204
41.21169445865804,2575.8020226365093
40.91870678733521,2585.078528724535
41.15930630011175,2587.049487466231
41.049505983186805,2601.182018558713
41.0717828002239,2605.8221324365104
40.937646059961715,2594.079999145245
41.95853224519979,3789.6130034968983
42.6428036628508,2599.298587296653
43.530322111617735,2686.24621151471
44.29310486419142,2904.6416216820217
44.64101917632786,2926.7525339109793
44.911531149204954,2874.791961268156
45.22039158038109,3052.020820092808
45.551027739329925,2959.0448330044223
45.535163021930565,2939.4625099876785
45.596085185071615,3208.8143864483563
45.877474636630964,2981.164188729049
45.9964755879523,2956.0411034791814
46.133445562703656,2950.7194055286955
46.320745137448505,3011.8523948192787
46.23973819535988,2980.660701963153
46.63096116235691,2928.341105177732
46.6839156956478,2950.3373266829285
46.846345342643865,2984.6662587044816
46.79583850585261,2973.1124428267744
46.92398788351797,2961.0559049032677
47.10151703242447,2946.726036474303
46.94269666916726,2925.4136540873424
47.188097694553086,2925.5756566101454
47.29897710464149,2954.81823240172
47.24813287249433,2992.7055154206273
47.18697837433021,3015.721763396541
47.0330757997023,3042.0894677095125
46.87050231949293,3081.693817109177
46.72533590943959,3115.776987808336
46.58248972175046,3077.1836869363124
46.77522012352288,3088.3217845818112
47.055440952638705,3067.476322141697
47.18062303139526,3065.5893686047325
47.17905037992521,3005.839832551753
47.37478156460212,2991.2004092185093
47.36272292525739,2970.227904344831
47.56870239005971,2959.947833541517
47.23455829128018,2921.376031024453
47.121221916355765,3019.814110683465
46.958105414060924,2963.069010746688
46.546344887840206,3118.2230910219037
46.79958603730665,2944.883842965883
46.50336794652412,2968.3095019981893
46.664295878160736,3019.8873066330643
46.94703698823376,2976.3929438964196
47.18367495243441,2969.523425183183
47.018724254173875,3006.864923897276
47.26940210625323,2961.425521006557
47.0002600833791,2968.6334350494567
47.29783155464172,1721.044266807215
47.26228918743387,2900.0199628319424
47.3220778069542,2898.6446695539207
47.33926402426198,2927.2353093770557
47.30255220980962,2998.9759142122793
46.903215993181696,3072.924054730478
47.32999468983115,3097.75367851676
47.20158965685269,3096.78723452161
47.301878314510354,3084.0276501820836
47.095688167315174,3082.7859635901455
47.14491211243835,3073.6639679649525
46.964488311771056,3055.2302381586933
47.09383205170914,3042.0277973359316
46.96400391705983,3004.602738208988
47.09028669817248,2956.3040819257476
61.24408289554867,2999.3887808861537
46.990106899067996,2957.4325229362007
47.222208583749556,3004.227549324013
47.1071992347417,2989.0339552052674
47.23921296768238,2998.8663476315037
47.14322692556688,2952.7648249445174
47.112495402635446,2930.212380401952
47.14445506937434,2988.0466699483345
47.05203205653555,2933.7883909247057
47.19095609185388,2928.3880403611047
47.07072558469432,2977.64821491961
47.25443066170726,2913.7429463626813
47.24012516881483,3011.4432806053383
47.043034422571125,2988.0714054535174
47.05820865490419,3028.2547933994347
47.084421647576434,2997.5995026498913
47.2255207850961,2985.6834651995846
47.28157602872561,3000.3610409468015
47.21889755983787,3020.732398272035
46.932128884071076,2971.2994596749754
46.74268443253557,2938.1754947647864
47.31734167973873,2928.200657991896
47.190828876977214,2936.9223252210804
47.15463937046078,2990.8580148278734
47.16065895740649,2975.012882106389
47.16133561820432,2996.9589719985997
47.304119198819976,2963.7652457063123
47.386758263605266,2950.9843213172894
47.41839223303254,2943.004332977988
47.54864955360175,2924.6225763523826
47.30577887591832,2949.194258941093
46.868884791795885,2995.485275978243
47.08356847969617,3051.853731881636
46.85743338410562,3041.708701879468
46.863015155720475,3033.622234080573
46.80623496172968,3020.2450582452907
47.133514198265985,2952.5640740803324
47.19975211873445,2954.5947428573563
47.34288859691168,3033.441618688288
47.81976946331508,3110.3709986872254
47.95800472996224,3103.673466514081
48.22472700034085,3053.1394209886594
48.28291894054286,2994.570449472517
48.599002569629135,2903.476670160109
48.366459905734146,2945.7290472353257
49.019586701264416,3000.063061855836
48.48777021720323,2957.6275483212457
49.23592189355445,2899.7175356890993
48.59112880198934,2787.334956286988
49.105375618785715,2669.8574841607765
48.795693776486814,2704.899834334684
49.713096071977134,2693.4643043863384
48.540352909726266,2698.684513911365
49.46330209919262,2664.929119437928
49.30679336404756,2767.0182423354136
49.46846791942945,2668.978240401759
49.59566231297819,2660.2374935582493
49.6787871565556,2601.201446076385
49.589553986943116,2591.333479605057
49.638160839657644,2575.409944723947
49.610445076416866,2568.441118369334
49.94762778645689,2546.52679823753
49.30049835667436,2505.294667610584
50.19636693169625,2522.022061013825
49.477848701491695,2495.6724104386303
50.35316985325068,2488.12614046329
49.31506749674201,2490.61622025656
50.442904419649835,2485.579509214955
48.878424742953285,2476.4607742508574
49.75452635701069,2477.954728408074
48.907338961497906,2479.491128753449
49.83089925085082,1285.2893484965662
49.24382387694525,2486.3937037311703
49.16138073991279,2476.162715535167
49.86315265953215,2482.828729013753
49.07952428139524,2476.377800013184
50.06881069792918,2479.0934814748553
49.40591301429324,2473.911628272543
50.26392560601418,2444.9504915528655
49.33938395579377,2461.720303056399
49.599518163801534,2480.8341480547706
49.497707377056415,2508.350990666347
49.76182857862764,2462.3661856784424
50.35734846644722,2467.709709278118
49.09435406447534,2466.5099966951907
49.632163411689234,2473.8713648337457
48.39333384745973,2425.1643487567103
49.28894204153394,2472.056431242618
49.527192118066836,2461.2345580644414
50.076889142415816,2479.5852454780215
49.547565582035254,2469.7310413973178
49.49064534737784,2518.7227684308864
49.63566313997791,2456.0545703885177
48.47728702947969,2487.5819584377805
50.40243503690212,2461.1377783710336
49.47069876446108,2450.80352285992
50.69214636241735,2468.1138134496796
48.79842957968482,2480.450108929371
50.409949287522,2454.5308488724468
48.45776604857335,2432.137548919606
49.23375812923928,2470.8887355836314
48.02532269409565,2428.8632614974763
48.88460615310656,2414.72704477046
48.533740757452655,2520.2813941037684
49.28533030133431,2492.6387992789355
49.4316747995736,2499.7955612211845
49.59842260936192,2426.48373745712
48.85447515986891,2440.2629816833432
48.92034905764708,2519.094854660893
49.6248931885913,2455.401302346557
48.63294090566801,2506.146528400265
49.96844150819964,2436.023691634321
48.719803026830256,2504.0349282423786
50.294247682974515,2431.775693521912
48.56867933812231,2484.807243628622
50.09706520091184,2455.9890898992717
48.00297536534719,2402.8441993416955
48.93383162021928,2467.130837564529
48.972777107899596,2509.718019112217
47.98602076070016,2470.3591719604215
49.32766883453246,2501.708829831262
48.11714408051963,2485.8678456226853
48.58031137597179,2521.188146988705
49.4233133028211,2488.0410279313
48.00855919354488,2534.439989853347
49.560862543394634,2528.3669103819325
48.20447833651353,2536.6907513906035
48.273115965658405,2609.5720251095627
48.29371825110934,2514.756730536156
48.3774934452308,2545.3155475477115
48.76599308532256,2485.339492357189
47.72726972987316,2515.872259249146
48.282309466512416,2758.9950360026123
48.74553908666229,2534.2269630734863
48.300467471973285,2555.9824522761774
48.20361748549232,2694.2937549516637
48.27214580323242,2559.124505892892
47.785507399545196,2590.227627366444
48.385422158072714,2655.606072346476
47.355416548470004,2669.6998688136246
47.95128378549514,2743.683295008427
47.98649686711292,2781.7329716249496
47.65507952893557,2718.1803083886266
47.996058945736294,2670.6026141263683
47.51056831237146,2698.5436159510564
47.61641028113603,2758.9957663716305
47.348494447176066,2794.353608229951
47.26085141776427,2780.600147015092
46.97603113024469,2778.160702618351
46.954648961901974,2752.2498785905673
46.86872892127667,2744.4470041716318
46.16492411796217,2653.268897731462
44.65923680070554,2513.969916263495
44.45582605198114,2459.362122788876
44.029346948853494,2446.2200282741314
43.55123108706505,2449.193177390511
43.47579063211598,2424.225395426858
43.09010194937727,2431.9580214625603
42.858554631339175,2420.042082986356
42.57958329829604,2418.979795387048
42.485721472512395,2434.8933529076066
42.940532562773356,2446.714987121025
43.30936318941795,2463.3859062775173
43.02071899580409,2446.1362355953756
42.89270887801363,2470.4260860670665
42.680978516559165,2454.0620277381186
42.77312504791339,2447.101994519119
42.99028870589429,2465.659569796516
42.744916480598405,2438.232407133804
42.45525993099518,2439.8628181431495
42.63142619312123,2447.116171828591
42.556469993772254,2439.6752706946604
42.268540834560206,2457.7734729798763
42.18764791223008,2452.871871920867
42.27573026108074,2438.3925692042467
42.24838330509165,2451.763153655542
42.47101999799159,2446.8163725718596
42.229126677268255,2458.7582793265283
42.06936424545215,2430.215438809365
41.950606526643966,2454.7433240815267
41.97013017878288,2460.8106211445192
41.73062363302659,2461.7884719084745
41.68003335378948,2462.6703838782914
41.66676352263998,2477.2799249947434
41.48576628580325,2482.833556665506
41.331792390503196,2473.711552893513
41.650194922502195,2490.750147784775
41.18018477367896,2494.586421623998
41.330522117688474,2471.8077808025414
41.19428642667628,2479.4167311353635
41.196699850617165,2473.363335819835
41.12010304583329,2485.022145871704
41.088490852917644,2467.5196779511757
40.90294923358643,2485.4388312701813
40.83665315864283,2479.0773743796835
40.70509240379623,2482.385451291147
40.98137485334392,2465.043638037221
40.83843439330397,2473.7523181846
41.02381172043694,2464.6315954987504
41.16248277599337,2499.044732419046
41.170130335506514,2488.578549643298
41.064932988855034,2502.7878199665297
41.14996682596359,2505.5658136157685
40.94201620998968,2480.2186538517963
41.0055250924226,2491.6609532253788
40.73414106701091,2477.7008766098693
40.6975836473656,2455.4843137421312
41.04822323939612,2468.9418767534908
41.568600848707774,2467.982792675744
41.92916058594065,2471.6831948440927
42.07628024156846,2457.531995067194
42.438037278098356,2480.5082809729633
42.66009046610742,1267.18488979095
42.657072794432004,2466.698830246251
42.48553427758952,2479.1192306563435
42.602476332296895,2473.3671079633377
42.63852839633452,2488.5286555000475
42.81054535098467,2462.83679794613
42.28429805861357,2496.4584525686105
42.070629615894134,2471.2647330738196
42.1002140210733,2441.320126622216
41.965780451274284,2480.1497317665244
42.24778618338497,2456.671577291602
42.29787979397151,2486.2796397337415
42.7540827769523,2568.2324156332515
43.66610866034806,2640.1638130732035
44.24836799939863,2708.2379659004087
44.60834052548716,2695.0849433540166
45.010851975929086,2651.6865515668396
45.3473552017079,2658.440543723523
45.58505733920116,2653.123548359931
45.67029997070787,2706.650822272489
45.84463308511399,2728.0187014711028
46.194406088225804,2746.6004137262553
46.08315946596642,2701.13515378723
46.19207591421207,2681.5041993457053
46.41156866322376,2712.1385043331375
46.41528345688793,3868.2595511862623
46.87633900711678,2803.8244110061446
46.69512292906751,2866.249228674578
47.00016956921431,2857.1096155414625
47.27719471598949,2865.6008451786893
47.22927348017345,3105.118688767822
47.27348906015432,2991.606179940966
47.415195407924216,3123.9838833036324
47.618589398712466,3170.124298573328
47.34737601626661,3206.515812302968
47.32367158742497,3164.3733308058945
47.238824445102395,3191.3756521421574
47.66710759755816,3208.221769908554
47.456263322367974,3138.2172613773064
47.372380507073984,3152.842034241653
61.46673860375651,3095.785148851288
47.450872435802495,3115.926730120568
47.33142144818696,3079.4145562245167
47.37439692119969,3055.2046920404755
47.45622133793387,2973.4270423919393
47.5806848891183,2961.5547482098673
47.81556587970195,3002.4698538135663
47.99517740529696,2992.074042307926
47.78714839944884,3041.1474133383126
47.73258388309226,3013.4314515518136
47.647000903913536,3018.375949148385
47.650867367286345,3033.5357649191683
47.49893396378097,3042.6832449000467
47.672136356637274,3012.6809118697256
47.56012024292113,3024.3042583331344
47.614991538651424,3014.502458020569
47.51584181397659,2978.8942903306915
47.54294043354386,2955.003113720913
47.51788215530782,2923.5402385968086
47.49521471766765,2945.640539229356
47.746473845727344,2933.733335980999
47.55254512337478,2935.6847388017477
47.460838734350325,2951.288195745746
47.48063312030486,3070.0655084433592
47.55861674591402,3128.6388504079005
47.685767439822826,3207.935169338512
47.565282713314566,3165.263951657429
47.80655278995909,3125.983278360285
47.69888912165397,3108.3160056156125
47.69916645850857,3054.0487273827393
47.66384040582898,3027.1350995222974
47.71933179189764,2991.915004107744
47.637560429942866,2966.3914490963466
47.781775896874976,2944.8729922466437
47.90173778040502,2970.4976100974277
47.858512750535354,3013.772164360964
47.730664342195226,3060.3976649962565
47.78732162918974,3098.0244451287
47.83098814106401,3097.8627240323613
47.82682675746349,3097.96154453244
47.71035752317867,3051.705927715516
47.999344079855575,3028.4107141630557
48.01756252562183,3010.3838475070334
47.89168887943336,2978.309640751786
48.253622755766585,2970.4759199455084
47.83579157760532,2917.2862664409695
48.049400209327914,2943.1991071245748
48.3534533486104,2952.8905334743927
47.914982776229884,2941.405667111616
47.51430104569474,2981.178659060135
47.754982800373014,3006.4882101189924
47.740903886842304,3064.206640100182
47.52782590649079,3240.8911305900115
47.50670757268793,3224.0522900566184
47.8074595153261,3125.4295855088885
47.28201534956189,3052.228046434934
47.183570192193145,2944.26365276253
47.0625899931056,2883.587637965512
47.09517658076138,2883.802712137551
47.160466821021885,2778.9471511119145
47.217490383628224,2779.7460311731174
47.25250390771454,2789.314049305199
47.01142921807552,2763.523767333951
47.217399971945966,2766.5957160841185
47.3249488156269,2885.5595621730986
47.127934569901825,2885.377193461398
47.119599984968275,2825.1247173856123
47.022592854100736,2820.497731164606
47.44295548683143,2794.4766422595976
47.80224888618308,2785.329434542021
48.15469412207964,2759.258329030282
48.45845799537685,2713.602641319655
48.59284896676429,2704.7647540021235
48.91126846110092,2695.4495359190255
48.59158817821614,2685.1750744960887
48.845674523473875,2687.397694569966
48.43445751537547,2701.0421869038732
48.56243504583165,2839.850032428711
48.60793603223691,2824.318093260854
48.80906964182743,2868.6664031312716
48.895930507688576,2860.034433738518
48.89073155849434,2807.6336812251216
48.773291659981595,2720.897398090095
48.81789544508776,2706.89777055551
48.64224492835284,2696.926044207051
48.855327658910184,2701.938956184792
49.116945326962934,2755.801765002076
49.128751816767746,2764.7981360968724
48.8962112006723,2700.505805832049
48.66246395191391,2678.340509974191
49.12684283068774,2697.5746888647814
48.630241375691455,2802.4529643340215
48.885099868816184,2739.079625567308
49.33135564301462,2640.6491756956725
49.05499715662085,2595.6192933523103
49.060424997563345,2552.7400500923836
49.06163641879061,2573.3026106372536
49.542800435555776,2623.6247418524963
49.07342314727626,2594.554301807003
49.28280365999131,2581.169359447981
49.411145792051826,2584.4727720333817
49.135968628652606,2695.312163705911
48.687335311683654,2675.7109400066665
48.482080751894046,2661.7814410216333
48.46154570314806,2612.5669638046443
48.677013529204636,2585.9230974802513
48.53775562582481,2551.353044736294
48.91943575910104,2493.025291517163
49.21912471252111,2473.957627638628
49.27665020939285,2515.386342903573
49.07023104811538,2610.3532350497962
49.875715401267314,2531.096623527969
49.28911872246664,2498.218541110174
49.05856940110247,2505.2103873396204
50.12267344750782,2478.636315667246
50.04192587855988,2488.581558699658
50.086294834665,2406.6273026366257
50.5221359943327,2458.7378190893414
49.78174197052235,2486.1878013887363
50.44312662779815,2431.1096712349427
50.40595318005526,2440.0697319393553
48.876715174073425,2423.489492303506
49.08193770972249,2465.5576121485446
48.46055650691566,2479.14713436348
48.26326913638919,2447.817473040099
48.41333180796492,2461.8503606088793
49.453580486459984,2460.371083973938
48.999255368985445,2443.174531084131
48.67490759271889,2455.821494400964
49.31081871253533,2456.0385095221463
49.612119938291656,2482.423786001479
49.263722980764086,2442.2233761055195
49.36039024073202,2443.134926988868
49.08403886056506,2458.607823518778
49.764400471174056,2457.657682342211
49.41837412323008,2437.471600504926
50.043316372522185,2478.8495761884155
49.504472155857485,2454.758875111638
50.36732396699631,2476.8931047288806
50.161993006857244,2464.1677564011684
49.26440029867851,2503.6009288997493
50.21410091941904,2515.0272457972246
49.65719707878059,2478.595004619109
49.99232021236715,2480.0661312036364
49.421335447532606,2468.2078202950706
49.27036692168629,2565.553248281054
50.57795058509599,2520.117627557691
49.33897748500201,2469.1832266080214
49.19258266744673,2480.17685921223
50.280565737513896,2467.2841261660906
49.660546731907544,2486.409529513979
49.7362211625571,2495.2698988903394
49.80131280729045,2523.0800703086225
49.8531667459293,2476.391770230474
49.17385168011107,2510.4806745229953
49.95997016863409,2476.4698883840256
49.038329175869066,2501.6250364103025
48.9214323858876,2450.098581328643
48.38231876615183,2489.768301033695
48.87548610452036,2505.6321561679047
49.017019487482514,2490.7571568883586
49.34770900060974,2498.2453791493194
49.5648730535688,2466.1521307056314
48.89042058833671,2466.5121663500404
48.977022370265445,2500.2838783839793
48.84753516961993,2487.090835765748
48.724558790083165,2518.7669108884293
48.7098157866753,2498.234315475837
48.57267301183943,2497.8000578771025
48.62612135055543,2482.018665045677
48.437776651315396,2501.363732941394
48.68963408215172,2450.1345401599797
48.59801730869273,2470.2425918915824
48.23413222971611,2534.4188899677074
48.363373775484746,2573.865885400633
48.210877265720576,2614.93352560335
48.17678859907278,2637.3223251077106
48.125896804412136,2601.22034319085
47.97329048399986,2591.7156749337832
48.299009673382656,2668.7992823699315
47.78633060777555,2644.8962883794816
47.551613003384645,2628.7829077151137
47.74941353379722,2671.0756659506305
47.77858877486669,2643.284218892032
47.74845402276399,2606.1812107182227
47.405112009025174,2597.1433917899835
47.30330764945617,2685.54403048513
46.82724047579139,2604.7105174142093
46.13967582304342,2492.2382261747653
31.687851956120586,2437.123877111078
45.66556167585274,2460.0327973595645
45.43498394940943,2446.280257698433
45.34756634418018,2433.4527630784387
45.205525201520004,2442.0142288598763
45.10274955194174,2432.2297529914863
44.812664625884985,2439.8080410419257
44.77615633574281,2440.3124847511426
44.6546836164906,2453.496669257059
44.53695000372611,2452.8419603426632
44.30292877683859,2438.009910224931
44.226573560942285,2437.9576460445305
44.08304726961485,2455.4953099575077
44.34932442808682,2462.5530121834545
44.43985539841177,2466.152431567114
44.355497882573516,2466.6908080363623
44.38854679532558,2465.935154046735
44.47120376453549,2474.476275928971
44.385075034715825,2488.6851524691165
44.453878169758525,2498.848530176361
44.166385656024076,2482.1232096078293
44.30512832864732,2494.931641336266
44.16257170879777,2486.2696226768585
30.103279070448185,2488.979532383595
44.255931040085024,2490.289965455013
44.19548330800938,2490.831725758008
44.227869286612346,2504.431725200871
44.20735003567369,2495.5269252882636
43.9845373515084,2503.7815228821946
44.02297350594327,2517.594689104263
43.90951255665299,2513.745923424948
44.04155050497117,2492.1377629812227
43.78388207457505,2499.6322364695
43.95887891506959,2512.431983083235
43.885460810947734,2491.3666336507213
43.94867956075363,2511.5811299386487
44.13677332481571,2511.8137847301487
43.79974568688386,2510.630891998908
43.76197938612451,2516.6241386048705
43.78141639089208,2532.3147175707513
43.89197476870078,2513.4497776684593
43.57798164225873,2519.140202568793
43.759404683810054,2507.0853772086925
43.673385225125884,2537.0125729145975
43.6922034560611,2521.759782262222
43.90255189612654,2519.849189321701
43.83489683231606,2515.062307781382
43.76706498375235,2530.265258470434
43.63186703072771,2521.112076318458
43.64421133655415,2513.432760095455
43.46155744638429,2523.0193467243835
43.46355807151535,2509.106896255093
43.64733734325188,2522.4104170028304
43.37834339625584,2521.316558885738
43.51506081103943,2527.4639924867756
43.60315829276192,2513.6355839750413
43.59198077430497,2517.420748718154
43.6539540083439,2517.2595875680054
43.691642013170714,2534.910623647466
43.77151331299369,2512.8217422635043
43.674250816747886,2518.2394267610257
43.8422694063819,2537.563154890918
43.870725568046595,2512.3239697245294
43.826707946752606,2528.842286687061
43.77135208945578,2510.378549454571
43.75703701387937,2518.3967462507358
43.74310538390749,2514.3573441335343
43.7770056872034,2511.2930581738988
43.97730833629498,2521.46467183466
44.02836825289438,2516.2428693857833
44.349016558781976,2505.243602252315
44.81735981784307,2578.9927523120205
45.774905040212815,2840.4738790966057
46.48041130414437,2654.6593449846177
46.71390043094286,2585.1687022320775
46.96687564296619,2645.9233660281197
47.60389978498696,2856.241573567075
47.608565008985636,2683.867348221137
47.60201519638155,2733.6006626439184
47.807826594043114,2967.025619004712
48.00429778215408,3106.7976069354954
48.149992327945895,2821.25650326921
48.37752065508247,3085.2213284342934
48.56467240860914,3174.1830635508495
48.234457856088355,4097.174277572966
48.528421384453836,2969.896424491607
48.53984188832909,2935.5014019089476
48.51144967034053,2967.3338372640333
48.476986888778875,3156.6613317162537
48.51116402151918,3187.666933528594
48.561986735547954,3248.650031490085
48.68794613788704,3239.5848724028037
48.391601772024,3208.0713779239604
48.70834923229025,3206.099224855212
48.48183757423481,3127.522940037054
48.68757332475624,3090.029351874572
48.84251886340374,3057.946264054858
48.28383352337177,2934.5287602772373
48.413721927227726,2920.4147176332754
48.80097347935052,2868.5772059832675
48.42651945497896,2856.6619225816794
48.35576076389415,2823.559405625927
48.277167795619405,2840.511490764202
48.20770967997757,2867.948667098196
48.32626883463612,2824.2162209715552
48.222922887804444,2866.5411065677567
48.14799886147604,2964.255312463051
48.286178717134064,2944.435791653388
48.37612377260754,3029.823722651744
48.199975698493446,2984.9081637265595
47.77708743247793,2955.907515985557
47.7765438841659,2916.6445375177423
47.585018131156424,2842.776441642559
47.55119881147047,2789.9512651180157
47.44927052957427,2800.9953632723955
47.356018319590596,2798.125463205881
47.516785526555836,2770.7124796278563
47.28820369238755,2791.410697438523
47.31561429246509,2801.580130254022
47.535492907252404,2853.86819308601
47.31032326036561,2935.7197660137385
47.38619882501924,3003.339228429987
47.22069314847721,3053.1219287525328
47.12427292942877,3007.030289974885
47.232845554236775,2960.8839453556643
47.06642940095436,2862.6827093452785
47.16109163817795,1683.338636577947
46.81322094001999,2762.1081473732106
46.56031990327703,2804.9861933527895
46.64323451661053,2730.3795942432507
46.79830824981029,2702.7414684495934
46.97527235237915,2678.3576673932566
47.17830869154466,2676.4263989235574
47.24551406933876,2670.587659081624
47.27107436313758,2721.28109269601
47.501774488807456,2677.8196731955923
47.70235311193001,2682.502879862727
47.7526097244547,2765.2000822022706
48.04410700395502,2896.1609749451745
47.879834146506326,2938.0410262453693
48.15667716132528,2898.7292089996513
48.18111648252308,2989.1566004895067
48.19699611209592,3107.560208442713
48.23638250202294,3087.8211133231653
48.384656796503165,3114.569803902353
47.95956077965189,3162.486216733853
47.92241719953214,3003.03601841045
47.78927889978823,2939.6795758050857
47.67691311967394,2894.874841354259
47.460902863146785,2865.3308713794036
47.62569016907938,2827.8588664487606
47.506495286177035,2755.1043427904383
47.71115356528453,2723.486562478981
48.112239120679135,2736.805583867642
48.00479004756983,2685.828323475046
48.131858800730114,2677.795192725439
48.160407649567205,2677.555511335243
48.33170827129487,2657.2704977117987
48.23920159189102,2673.662261155298
48.27643000865132,2762.1770735861433
48.455566235538285,2798.6208978990653
48.24921897830967,2844.6816226875308
47.988986368244284,3109.467829363846
47.58224825153648,3024.842729325295
47.380895023396675,2910.329357541298
47.7270887721626,2870.2313519220406
47.75385427443074,2832.8174240875232
47.77872710752367,2849.5952610649524
48.00325500892735,2820.63657879328
48.12296373640574,2812.333615764218
48.31671104340156,2829.8943804250725
48.22945126862507,2885.3771552773505
48.36853440894778,3065.432056219232
48.58289901388119,3060.0359953791167
48.70348035581316,3100.5362449105914
48.874788907632876,3025.7724673736657
48.81181531235197,3013.442385453459
49.227140483576136,2921.1771488988315
49.097521128368385,2899.5906804554993
49.05381705799017,2899.9388346271285
49.22820040518904,2844.0844876388483
49.83723434516484,2818.8228110719147
49.4683862661377,2774.115257147687
49.87445780918667,2754.0438085391456
49.85870718949298,2648.297480652385
49.707023767984666,2602.970373503813
50.35022742807848,2589.3292939856574
49.5886411738816,2646.3833275170896
50.37206208633269,2566.498307000111
50.020951497318244,2626.7416526155635
50.006479736389075,2625.8938458542507
50.51040934602287,2658.277495596982
50.159859931416,2598.352375132291
50.259209440759776,2614.3565978141874
50.24062816093864,2638.0274941633
49.91935572091482,2658.976781010705
50.60445320656671,2566.759971274656
49.734548889822214,2625.910874163419
50.45225064434605,2585.705072250378
49.34501567244661,2677.3886345459787
49.460415553212094,2648.645317463395
49.25457748493179,2687.5303938318884
49.20337040471757,2652.475888806322
49.14247271885957,2592.756224372455
63.20012425267835,2585.510687113515
49.62650755734077,2589.536557700157
49.61364339866964,2620.9889515521277
49.40733187260888,2572.1302692833387
50.049936726801135,2637.0927419010513
50.0263056740997,2622.091581138638
49.53914619808702,2600.347740284872
50.19330419947282,2578.009965454332
49.93015796656544,2591.762261729128
50.18541421607874,2586.6356348119243
50.19233020469794,2524.8012832185605
50.10564734034756,2547.64054423165
50.57882828519763,2512.4530233914465
50.387996336195094,2533.5838998907084
49.97441796858685,2556.8034200850375
50.68178125118129,2520.077175585955
50.11773056212306,2527.086397269541
50.279016789192454,2520.0692049671375
50.06654678647273,2524.331040537625
50.77822680258456,2526.7254753185853
50.28519535260999,2570.608994466791
50.56459643427242,2534.9291529691186
50.493981683944,2532.277675748349
50.43988206156331,2533.3807827703904
50.38585293342379,2533.6782445716394
49.71714008357962,2506.351210017635
49.68014624575693,2502.210366185584
48.779592866623624,2489.928468410442
49.940414874654344,2484.6146755118752
49.505311537398775,2492.62910992673
49.974095885791996,2471.901939482763
49.98373079359971,2463.2305354092537
50.190679558594255,2544.8218261221627
50.89232589132258,2518.703386370937
49.88248410144271,2526.724986281695
50.464045302987756,2528.959948424574
49.6947387411613,2536.448740186055
49.26359052855236,2512.3142344457074
48.55954073432605,2520.0621873742334
49.740618906480506,2524.3069708727967
49.381872304120925,2523.2529862758415
49.89025754565334,2513.347790919238
50.40801494483544,2474.6352893259523
49.78234486296705,2519.4796334460257
50.65256857509155,2492.310995290141
48.85822826720087,2602.211678153404
49.708065258724304,2658.015448727308
50.00563850175222,2596.9881178500664
49.021539709705436,2589.0805238344474
49.005665303967476,2551.2693327551233
48.99608439969668,2549.958983636899
48.96486674892155,2544.378917959591
48.86205813958457,2565.45874058677
49.62151689008863,2520.1258436686876
49.31716806931387,2474.438089911914
49.73828960846745,2490.289925457523
49.13308694949356,2521.9926797908065
49.47439403135665,2568.8938914475716
49.84193931544162,2576.914076109865
49.2494926940891,2595.630607425609
49.47209021700292,2603.598311457259
48.876195131485424,2631.8687601117094
48.5887715573232,2605.571788259374
48.146140221788215,2586.6718819297857
48.15342224662896,2521.402447397893
48.08226363018038,2499.358590503031
48.217214953200155,2503.501071338531
48.68126583589562,2537.4893987344535
48.78666842947357,2521.775639656786
48.72803598719365,2511.239373051837
48.7464350579678,2534.967144790912
48.63862989671165,2553.464992534218
62.69430528552583,2655.0752933822178
48.552053748307046,2621.878688012679
48.34545870110159,2633.3232131929126
48.27094107875784,2629.136476660913
48.13045116068627,2638.2898842958716
47.96931662715656,2782.7313337457954
47.90654706644972,2790.584786437056
47.78702367683735,2866.778552844431
47.643970754009544,2855.6640942257627
47.225737938575605,2718.5035234539077
46.61551519619965,2511.996970059664
46.378688038286356,2457.243089617209
45.92874362926894,2477.2080548035296
46.03161946339522,2487.596404624951
46.08446865601195,2481.013019516012
46.027882894450755,2513.367001021647
45.950913735216474,2488.5015589816517
45.6141832749357,2469.0014736414532
45.42742629518463,2472.683133168803
59.790202081730214,2518.5723441542186
45.5921726716627,2494.70862248173
45.37361587115699,2497.701171772724
45.3620738973984,2492.9679027391885
45.20715345284765,2506.922666603698
45.410487433274305,2502.418821729333
45.29858371160774,2495.5047314593935
45.21374709515358,2485.1631657271046
45.106870618498235,2499.4076965214135
45.24995137364787,2483.6799119282896
45.004797085503746,2477.8411285805314
45.20779769909802,2512.249376476606
45.03514032339639,2502.545334288279
44.886809371158094,2498.02292965628
45.008313813438775,2491.2530648001994
45.00974660404043,2505.09096033706
45.04829055683797,2489.9711108324323
44.90737063806336,2501.8667867435365
44.98907477143198,2486.888531280082
44.93501325397885,2486.870226038935
44.73361139574594,2496.2520014788524
44.63738727094481,2484.5528863176514
44.69282951464106,2497.7397183192356
44.60292447036005,2510.981303231086
44.673330825212005,2505.5325446680035
44.641891473163255,2507.949564218961
44.53689649102768,2490.8500404811584
44.599392151422165,2491.652639120953
44.73998568938012,2499.190721432413
44.58368694411988,2488.277510150371
44.73067031708857,2491.3756925396033
44.71882965970947,2481.3764546980483
44.65979271773615,2484.2056506849717
44.566789549107426,2483.913465808973
44.57364455634783,2479.1312327347646
44.686548042157,2470.594620921421
44.67487731365672,2486.493299957511
44.812775377056184,2505.2095076806963
44.7689797604926,2475.557337476648
44.70218644311183,2491.743635231114
44.91063640771884,2491.2218515751206
44.663351243270995,2479.6945884231777
44.65328726958936,2489.519539326074
44.63815282180579,2482.9485346591287
44.60666365286428,2497.055697025008
44.60325466808645,2467.239684984176
44.512268519768334,2479.6717676321255
44.41114412914955,2489.423091541838
44.4451127151044,2473.299655347547
44.239357535010114,2489.348315019258
44.22273443640567,2495.1641411116652
44.18229397609217,2496.693009004435
44.26993910746262,2492.467486107277
44.31785886909638,2504.3646724381947
44.28211023507816,2499.1662733320272
44.460998361867055,2494.0785442921633
44.3902608604984,2507.969988774063
44.43910229239043,2506.546537026593
44.32139995503627,2514.8937427541046
44.13991450525892,2492.730987764787
43.98381285815485,2496.5791956068147
44.1567592653173,2486.510125731937
44.20605772870648,2518.2879662627697
44.46402286359081,2507.280006539157
45.15375001819831,2492.6385690720667
46.31857531561583,2491.9068615913175
46.778680008270605,2480.4083217728767
47.10340728924295,2483.2352457478028
47.830946461088075,2454.428252910354
47.90221810426884,2482.676355128235
48.21758630614217,2482.8885168623888
48.57194304900128,2472.368604529581
48.70708752032913,2518.7860307114884
48.79364730729857,2555.695562912244
48.88210135556307,2577.324475209091
49.18769949125817,2629.326898351077
48.912900811755705,2643.2690447196665
48.81695796290775,2661.528365401676
48.499358310282474,2682.320793645452
48.67598959879678,2754.8828528965396
48.54735985076674,2820.8298636477602
48.813246601648174,2882.773979480182
48.597884395531736,2883.3864130488373
48.750030897925456,2907.150576978598
48.76212435433308,3019.9075982493764
48.32444962563035,2912.949624911709
48.673104339888646,2903.831829575033
48.69164756226186,2898.4986045497762
48.53581845088632,2854.3629175205465
48.595070350520395,2872.2523121127047
48.739132174289054,2832.482819351697
48.83339596189903,2764.9703640892108
48.95433669527724,2761.0090265738104
49.00907419675708,2722.313074171117
48.85529013399113,2693.9728787771746
48.49342010076473,2676.6700441385437
48.604530828351436,2696.610044726418
48.75258403630717,2734.4736527900677
48.79638466245784,2716.6985138501914
48.75973966853266,2777.1013644979075
48.91324444803983,2936.9327505870956
48.814214838338785,2998.57475054106
48.83630218429964,3009.6505532588026
34.651325583998016,3029.9500800219025
48.67970942319698,3063.3800290924373
48.89087739617472,3060.58188402665
48.654783403175145,3027.2504284874567
48.92206487519023,3025.0960310819055
48.89136464319026,2938.463225845357
48.75655135931615,2944.1294693066434
48.70656765686958,2910.8750418466275
48.476902464784445,2866.5277345414343
48.69373682448342,2840.968326104752
48.497955784625304,2813.9624147251166
48.41683231224132,2789.968033397635
48.177535629698966,2714.6783257726156
48.19181472471118,2693.220274149089
47.85550408679492,2643.7002628538667
47.86100197505043,2615.3169329115062
47.72550248394623,2627.09948661902
48.24367955746064,2609.857855555672
48.24355351547351,2574.168969717106
48.50654884655411,2586.1210054691005
48.722010195372384,2556.294468139524
48.5737203921324,2582.466296321003
48.37764743224042,2556.1577658245196
48.62408556729616,2543.9087629307883
48.71919570378991,2545.614475785143
48.5218044342153,2539.8906341049474
48.78729102494286,2523.9858770789106
48.734630965510135,2529.7407113507097
48.774952121443505,2534.3325851788086
48.89106916233386,2518.9484655299925
48.84647389194829,2518.430398771469
48.87380963861713,2527.3522672532936
48.81320934441248,2560.1326454392392
48.49370677320718,2736.211132029469
48.485685647297196,2867.5876343508135
48.602463787795145,2985.3579578215304
48.457222063541884,3047.743483163584
48.10837994837272,3121.307581554337
48.148961278850905,3023.1794396940672
48.02379093449501,2942.435348335819
48.16259131576736,2924.667320076348
48.480191977439496,2946.341388104484
48.58875347821029,2932.400694653613
48.68464414498706,2904.0315379424355
48.49760981539284,2872.829262468501
48.69200891131159,2855.6526707091152
48.34844718612672,2827.854446799691
48.90079925369136,2826.781530707478
48.714635149036134,2819.314329276325
48.727174119326094,2809.7613449496152
48.48119278367995,2906.476228159793
48.604042830626,3000.4434210048817
48.46173010904255,3080.9430622930695
48.66264724667302,3092.726397418076
48.58541605239684,3056.4273563099027
48.554064830282876,2967.2750783181114
48.68522610214539,2872.6627459634788
49.00346319770834,2871.662928717797
49.308982843262136,2847.348744925258
49.35848369057793,2895.3516919429762
49.63638374836417,2872.382162033916
49.20622706577626,2720.048240519133
49.2145395348161,2785.3007719303605
49.61107423064051,2817.3810496617184
49.298877561170016,2693.4148601608495
49.44448114094137,2650.972519763811
49.73965366174289,2666.024030324301
49.71433173593221,2632.0866683145746
50.0537275407499,2623.649168820665
50.01341622927069,2651.786000275571
49.65976484582458,2591.269587567508
49.754249607963104,2612.5713282707
50.27235472728955,2642.5278606195493
50.07771902842462,2576.811763431528
50.01443219685446,2535.5046087035375
50.196684130406936,2523.5369107221964
50.37981617170716,2502.8035323585977
50.32670079110393,2487.7358766639945
50.419925235230835,2478.3257124970432
50.62649199594064,2483.783280745177
50.441775442844246,2486.470377624584
50.462944785554086,2473.184964022845
50.63880070471491,2472.3591150007824
51.04226349981771,2468.05761293054
51.157401066390534,2464.250449135031
50.8445219357552,2458.7855488734594
51.14640110791142,2505.2660955415677
50.68684978867784,2559.618698852438
50.32664685134956,2520.349858730196
49.968322093028526,2538.797134875823
50.36707614752664,2564.971007536362
50.378640638925575,2507.923570592311
50.79530118794938,2537.1747418689656
50.355546902669204,2502.0717462153784
50.339236284908,2521.8955324305807
50.25026883167226,2530.5991397521
50.11631323995289,2497.8255321166807
49.794514158803494,2522.7614157693797
49.948018343741,2500.5617830830524
49.82451733721767,2499.026042714048
50.099668249165674,2516.931914394697
50.36890259513125,2483.3977848592926
50.139855654626416,2484.173354423726
50.61814015170205,2501.1007588406633
50.42688108795276,2500.9140222899255
50.825065654376296,2486.0591471210105
50.73355250715497,2529.0182019984322
50.922249369249755,2486.4844421639655
50.90769502328031,2477.2622402615852
50.68400993433977,2499.542985041143
50.47610975245051,2507.5514132603257
50.18847469119613,2493.8406001615226
51.04645880702523,2501.0204656667024
50.805840789116075,2524.9711386286453
50.58196290130326,2495.375121231531
50.36368579850482,2509.1725633104193
50.389309346547336,2510.5919910365437
51.10550411199529,2484.2780752211534
50.77467398903604,2486.099913609977
50.18072318918081,2520.1293029135227
50.27834828542389,2504.8174106034844
50.245585612695336,2495.1758938546814
50.55938729592174,2539.4969892414897
50.68556879308409,2510.618387484547
50.99573351281208,2489.8024608164524
50.74404684803772,2498.7583883845923
50.60876443593136,2536.7857709173472
50.47071959520549,2515.72527615556
50.765898529646606,2462.9295873114065
50.5911608323557,2524.670607811564
50.51786988165314,2505.605185060922
51.107270525361386,2484.6339627193524
50.33076544985299,2570.719870946067
50.25185768189469,2496.2788734161477
50.30066099811059,2520.08996200837
50.39457067872244,2503.8505131392394
50.88587559302218,2469.7955063131376
50.42532632517843,2486.9172440958027
50.286425671573475,2498.0536170464325
50.59803669649326,2513.8801117559124
50.374182900925675,2514.340992615998
50.67517044058498,2485.6726099850866
64.59090498818952,2501.3628927315244
50.45850630626003,2505.9483101584433
49.86633875679622,2504.9590222558945
50.445551099236695,2530.5528134128936
50.53288674708179,2491.289159283246
49.8460359561045,2494.4522274614906
49.72251779945304,2498.811279232507
50.204733842676625,2510.304623556729
49.81881588018678,2481.0268854949654
49.6696423983741,2479.1003308828094
49.92406842806295,2490.9518820694448
49.731361943663444,2495.7694866727284
49.539162992832495,2498.784237156816
35.45854977671512,2511.5394238735066
49.819612881987624,2525.338934060205
49.89385061008328,2474.5729669886564
49.66085053682718,2486.672724626221
35.139147915454544,2525.4617469800064
49.70132044850766,2498.0051538923344
49.713199592384456,2466.477893108949
49.30853487444702,2507.0169307855554
49.416700757659015,2487.807912100117
49.41326879595461,2514.7232563694897
49.0831656203202,2495.032688482774
48.89847435085615,2512.3262714475263
49.00281657554635,2509.998255105641
48.65329347004171,2529.564076902658
48.60720026303084,2493.2403084395114
48.57167619966075,2514.3423726935325
48.35722223870133,2530.505369540874
48.30964568715851,2506.302079963557
48.027810506298586,2529.5737246523327
47.959700631574506,2516.310044398263
47.91701308492429,2497.645204229787
47.41341642443824,2507.0148247543993
33.12555692889666,2493.3986484105776
47.46153493697541,2503.993768831835
47.04893544041573,2505.9305377120922
47.17169359107436,2511.3351788136556
47.16834402529939,2504.9131702673417
46.8036648193644,2518.405731794217
46.811593095598354,2505.529065180261
46.62800997556731,2516.891399590302
46.65739526516648,2514.995820534809
46.52338542452454,2514.2604088542894
46.50926092667413,2518.5399316816943
46.42042764074317,2513.4956031925426
46.258561759462886,2508.0066203608067
45.95434178956856,2529.1025756021177
46.06462584775397,2520.075889378271
46.01457191140656,2543.4445425967256
45.94007840572037,2539.0435914941118
45.64455715262844,2529.2228733762954
45.68532564761807,2540.135160731357
45.719121138666,2525.9832673528826
45.3346933742365,2513.9315771236743
45.36766761365834,2536.3882999059238
45.53577597011619,2539.0005195682406
45.74661133304293,2528.2381480718914
45.54855181286507,2524.9287857742247
45.2981709337854,2542.9898563842644
45.07052738408169,2521.7546464796987
45.03195470904652,2525.1912556804755
45.195825743054655,2538.870481975231
44.973480743226226,2528.2108524455116
44.958294184766544,2513.199233968734
44.71447365672326,2555.7117365983804
44.60289493440244,2540.4809729683584
44.38919695784521,2519.529708665868
44.443067892176444,2549.228021254632
58.721009336027876,2539.868691909751
44.32274931074258,2537.363712080595
44.05550420721976,2537.853278583588
43.96114058378359,2528.003495131626
44.05711681500541,2542.8289606900844
43.818101376711,2536.3146076640646
43.74411921920089,2526.297919844865
43.826050678149535,2520.997153322025
43.6890120879532,2543.15010571774
43.9842239462274,2535.4186500369597
43.750480060681085,2556.978033449225
43.6153173918301,2560.7091639965656
43.76817015991716,2541.2407321533706
43.8074160813283,2554.3411663463303
43.56192640378802,2552.8804681609236
43.44946092151173,2579.387093461121
43.52594237010219,2555.292606726377
43.28831672962473,2551.4863290497174
43.52348588533839,2559.1963530787525
43.35359442824051,2547.1854376616575
43.28062277336989,2563.253768631667
43.453942193954546,2562.473640913655
43.51104826508775,2579.826264161898
43.523148403245756,2535.5831483063484
43.82923273432874,2564.896507566959
43.64655397820165,2561.1641691804402
43.61843500410906,2579.7011204730497
43.611564787370924,2575.038508447944
43.514404203293516,2548.913845089174
43.3367028389404,2566.574736097286
43.363690082627215,2580.0694471571596
43.25241148659276,2562.9365173924907
43.13020156907952,2564.4805521536746
43.3306149609298,2558.4848905532954
43.492325194266705,2575.6166292658268
43.74586934929506,2564.1886917931565
44.80087847148624,2569.4739530882525
59.617944698321935,2768.948877630358
46.18733615465338,2881.061063229643
46.72050146152624,2886.866149674243
47.42376740661608,2806.264401660472
47.8576699803944,2829.838630169068
48.16105240431358,2820.8437425627835
48.3083964590398,2871.7305085879566
48.81162621552362,2826.5637683314662
48.92470336806342,2895.5507995222683
49.01384998524064,3007.8601902299333
49.383316052007224,3202.1360947042376
49.704622073842245,3396.612202347244
49.260770981448246,3142.6162729909265
49.16123603540541,2949.2998767992494
48.96920722719348,2874.518416183366
49.30172273944071,2882.940913026793
48.92339846622451,2881.120022400444
49.031847224320984,2903.567197171004
49.31553911421182,2937.621943791536
49.24474396818352,2980.35726312992
48.94343860196358,3060.202592527203
49.128278686801195,3062.1789075257725
49.25578195412438,3042.6106930840724
49.311312009722116,3090.6522270475116
49.18933666232116,3088.614041873342
49.065925137277546,3077.1410545887734
49.01191063260683,3001.424545016135
49.18591468683161,2987.925702333932
49.10127119437454,2958.7196142478324
63.01243326339622,2975.7759625299286
49.03898834663799,2949.4237988915993
49.04950479524455,2901.287060356456
48.98003747110416,2907.681527165998
48.99961670653279,2926.5577753320063
49.088260694951344,2921.979119287829
49.34455802342447,2993.152279784481
49.01940337863151,3041.7513868368164
49.02239111936838,3093.1563525138004
49.220848822151744,3071.0002240507156
49.07819398599024,3060.7596254704413
49.22421729091246,3106.139746136144
49.24350348584629,3113.53757824987
49.17089944939741,3102.4545049335666
48.903361962323785,3027.822489231927
48.988973287371316,3050.05615859591
49.07986017055926,3029.2809664638207
49.304994550977156,3037.0992039086655
48.966067688030975,3058.601575116367
48.9812750050548,3000.07309525819
48.945642153614074,3000.1796343096717
49.127930896806646,2972.0726947004205
48.882276528830644,2972.555992106919
49.17212575363678,2922.4428958781946
48.77672006297146,2918.7141738250057
48.995944473803306,2875.5738423156126
49.1437794636897,2877.6584557034785
49.11574376321401,2856.158100609788
48.95554019841399,2770.4068032632968
48.5217211879462,2811.8826493215242
48.60405892711321,2742.4198821061955
48.14093530138148,2779.4996497791008
48.23156208359691,2718.1279439817085
48.33656132279694,2712.157200134824
48.200119167980375,2678.7286127416137
48.461795740512365,2709.1748077858365
48.58485895996968,2691.643296872903
48.674991045800915,2719.445150832803
48.39258302512718,2717.0516384515427
48.2956573047383,2797.171798508628
48.398841654818064,2878.704416907291
48.2566049910001,2946.68220393769
48.37442780678897,2961.769522430084
48.34466553996814,2988.3253844971605
48.05290405683786,3006.74442421215
47.97546717604039,3002.539046947646
47.98524473126953,2954.664096861725
48.28972439869777,2955.8256972339755
48.32169865206777,2899.4027379852255
48.414418167725294,2904.563165950285
48.27416993804415,2868.8960621280103
48.50097593704146,2859.648123645474
48.29466824984301,2901.5190826987373
48.61563575051094,2901.1728850007175
48.479373345818914,2951.0000764932274
48.22784109181826,3028.2046628172775
48.547131651738646,3117.8674334439847
48.5707953261053,3071.864452541452
48.70843137653572,3111.186855991223
48.831082464586984,3099.6142078054763
48.84493457513699,3097.6527304588
48.759492453893124,3051.3571798057837
49.21735626977592,3088.5431243767935
48.78892460848631,3087.934399536081
48.87338695522464,3155.052570075512
48.818718943044196,3199.912297508229
49.02400131423579,3272.6266147289625
49.10122884271806,3211.4976409092224
49.15880013674513,3147.6716278115673
49.186047734852266,3114.4759804013497
49.289864205205774,3058.137422710332
49.36107238756542,2999.102204976296
49.68680281793948,1784.127188657184
50.02358855891615,2960.8063036939707
49.94388478903895,2946.3218652967744
50.30444789313355,2875.079329976949
49.81195052664587,2785.664538463683
50.2483598624597,2747.136251417286
50.23405425830481,2709.9480611825466
50.4156979474027,2746.903377339092
50.276895997606545,2705.355921684535
50.600353393139514,2662.7219259405547
50.19066628653033,2763.4702765914103
50.86489208550937,2754.151486784131
50.50217154957847,2613.2844454024766
50.840296102994735,2664.6053801345083
50.416597445763394,2698.3127647967126
50.88287282651966,2617.237785919938
51.064588566652226,2634.619407638872
51.11447596061671,2593.7611275764375
51.03508274966031,2566.234745398759
50.61255622494484,2613.5281861998515
51.30025986666042,2627.2739448563843
51.50042401858377,2596.4541837114325
51.21607053101545,2600.2583855567664
50.99200743404647,2644.2046362495525
51.39840575953541,2614.4169864845103
51.261770090916684,2568.931327618385
51.68960125511155,2590.433866053046
51.525551866541186,2637.1948916096494
51.65364560371204,2562.1861550725225
51.72154868934136,2555.9467088386255
51.854102085091895,2632.737188954495
51.72031631485268,2626.8278756090294
52.315251639752,2631.163466449431
52.098127311306506,2570.1275889386548
51.9334413249497,2588.292684606281
51.166179750199944,2609.255808661806
51.29766043365626,2579.521682183704
50.67130514988236,2575.911471870222
50.12052031050371,2597.979114927167
49.99444598299614,2547.0752761742992
49.00113876390406,2544.5449791112596
49.43430175159946,2557.6363967096786
49.869429460039925,2512.9099083332185
50.45695246390088,2523.1994953949416
50.03445302278476,2535.675323231526
50.98538248437591,1351.2981981484027
50.72242389357581,2565.7604812386785
50.542813386863195,2553.430418039471
50.91489755002699,2558.052465217049
50.78782308603035,2571.936497721601
50.58625927682594,2584.4902379923424
50.82003715988616,2561.201626121031
50.603196342796736,2562.7923617944443
51.14045281887056,2574.7133202940204
36.20967934528838,2543.9628188836837
50.9219241657248,2552.852940146786
49.97644019435383,2592.9954974731686
51.286752657494375,2578.661197095252
51.14259917152815,2527.103666017882
51.77036966170881,2551.3544043201023
51.219558564834244,2583.113016412268
51.44765275918567,2614.4364665169614
51.40321931305478,2587.1926151990388
51.302575340846566,2633.0338056430805
51.379738587322926,2563.134175700972
50.45081309737837,2605.6463912999
50.08441460479915,2577.2566427896763
49.33045766932898,2559.7500356348905
49.93929637807105,2595.177343044275
50.86541106249072,2546.8163742323013
50.562671240430305,2546.4414143961017
51.17708007928548,2521.023416974256
50.534028466471796,2549.7256625049963
51.08449438640038,2579.705635488334
50.610553834799845,2576.7616211261534
50.06161342576743,2668.08164961728
50.8384412251326,2626.3742771443203
50.10135643352439,2657.2425578454595
49.41437341449043,2646.5114207033052
49.1693660329636,2599.7350996844934
34.543824537891055,2609.5020967880228
48.61316120638162,2588.2731868411934
48.54777659093833,2589.5776670704236
48.695103260368256,2566.218637225179
48.56809470329904,2546.4458037008753
48.69277470333786,2530.821756312319
48.850331646066614,2523.2593240565366
48.84967049018174,2531.197169103184
49.00195548551336,2560.7873776295482
48.41427268352537,2568.153396926894
48.862528395099595,2560.5802371301356
49.49281581399116,2544.9778795182706
49.15153289021511,2564.165986796679
48.800885584024854,2590.032739469279
49.24079238440996,2606.1438364578394
49.26080394635077,2557.628182371528
49.40175924566501,2537.2795918624556
49.09967622672103,2597.376285155351
49.27015785038569,2611.2416079840596
49.37446270265664,2594.86652050457
49.57340737460173,2567.669474246774
49.69778955417196,2594.4345459971287
49.515689556349024,2636.6091438482044
49.35778841397941,2630.341665878048
49.44017309413192,2686.4948795926985
49.49976569356577,2712.140180227045
49.353304476128955,2670.9266357777938
49.273069372406695,2652.2700659309953
49.38898973445271,2691.26836204758
49.070251238567096,2707.281884738165
49.25723650555586,2690.88466331358
49.059960995030345,2793.363830617818
48.18801996510405,2630.7351648735184
47.946509833212716,2588.8078915736783
47.472380015464616,2568.0256810432193
47.36128582699338,2551.843100481024
47.31991840244628,2550.014540913645
46.87981608498322,2553.3356323508306
46.85442094349791,2536.005963770998
46.62277909404969,2549.9503418951626
46.47925476996299,2536.337722947983
46.55136173862838,2603.9693303283348
46.39919412119535,2566.570796019469
45.8691140302342,2560.0486721186853
45.985431513681284,2560.030370986544
45.74814657961632,2558.478790574561
45.532691240630086,2556.9762526494055
45.638525807624475,2575.1655582990193
45.289895749405005,2567.2893318704264
45.226306089810734,2559.513458606928
45.27751601182384,2577.5833814932
44.95654991530499,2583.0668379041485
44.627464354510664,2574.528154582022
44.48425715121992,2581.7293662626867
44.41405865994444,2573.681472321765
44.30885344985299,2590.9951447330636
44.36131156913656,2577.9470561374287
44.26964535523836,2575.0220269084175
44.30387486097321,2582.237294857795
43.977350505674046,2602.827115121145
43.96819446307612,2576.3142362439457
43.672841146894996,2576.0182521581496
43.824386623582924,2586.4994392250073
43.90966822695724,2571.9349031366446
43.94118511482136,2580.65410648097
43.75686680982217,2572.415193904222
43.63701852318893,2591.6192308846403
43.89211418723242,2591.898425930962
43.82614025779513,2574.8924551261334
43.8426291862405,2589.225504022567
44.20826005682456,2574.7993348813498
43.86162310437531,2585.459625403559
43.98815937509568,2580.228355120888
43.87468996507037,2575.0219626992684
43.91495130001351,2581.1548568469507
43.49135075339062,2590.54962886931
43.86815320315452,2580.1551233625146
43.54229336491897,2594.583385379397
43.62331527520837,2575.361172204154
43.56425280368434,2591.3456513074093
43.49969711226076,2584.1253428118494
43.137347796217085,2600.02560547085
43.339115785065374,1390.2856004473997
43.11436365105803,2586.7336422317594
43.18443327607147,2599.2099201174
43.001092963971544,2597.8449512289026
43.21857945326954,2604.8157953006216
43.31670026080746,2606.3688604053436
43.086714760699834,2611.988957080418
43.12255003614432,2619.3751139049978
43.245671194363794,2631.489278851644
43.15551467584573,2633.6557640755327
43.17305291230659,2624.8369240433485
43.17464561877492,2623.5006363355465
43.2437386536739,2621.2061229219885
43.504182917118655,2626.756233570921
43.32427623710721,2627.510863935695
43.2448159651692,2653.826971658644
43.282735058170644,2622.865088538438
43.32298270295023,2653.849500879587
42.97837531400764,2664.983523586648
43.21696430447154,2653.8648805056873
43.55047774975529,2665.175996480475
43.475426294793365,2657.8028296504526
43.89897329750588,2660.774619784466
44.611433160617494,2651.659148648524
45.5448977488082,2641.2484735099624
46.27620861422261,2646.868323115946
47.110115225362186,2642.8997046479903
47.611850200136814,2648.034611287402
47.96882860363538,2627.946383887612
48.360928124846936,2618.680993780845
48.40247216131001,2735.522969372901
48.881007540697645,2972.6012471613653
48.993311984890596,2923.3309601754795
49.25642378348773,2880.054572616352
49.557576333168825,3072.023041389998
49.70038054001509,2080.7377365491016
49.85818625720326,3446.226043039429
49.79747853886339,3003.0625282578862
49.52498254370198,2801.1195681695654
49.26925004055258,2840.7926702385885
49.40088759600205,2913.2205324937354
49.59752702571751,2934.2607852745705
49.41378408917062,2995.689605804112
49.50221161343123,2972.3462146668444
49.35617232293279,3027.302396096272
49.73679736549145,1767.2351890964433
49.573272698534986,3020.2610674904377
49.354908697968526,3046.102012313901
49.39716229379627,3147.7648361541264
49.37387651676876,3180.7785790638
49.12855444499518,3237.0137746085347
49.21628868043314,3236.3614388728233
49.36930382485792,3291.272186421653
49.11833662844508,3287.203475507063
49.28041959796644,3292.102077907861
49.29807638832774,3263.286921333107
49.25989044380211,3215.193720501172
49.302971156388,3210.290770303067
49.18286396513789,3095.6205016472286
49.08371167442951,3132.36041808711
49.20684050511024,3137.3729081370807
49.16458492046257,3096.696720984967
49.26556480037893,3082.6598763469638
49.34434325168432,3172.072496165706
49.2040339667675,3130.759560729599
49.04990522247283,3099.5365342025607
49.257542317968415,3217.0278243091007
49.1557408810539,3209.835473332766
48.985898450674156,3259.0589603288317
35.05633262417099,3235.021620214624
49.1346334216477,3249.878959007545
49.10473776158798,3245.3962762584756
49.13440723202946,3198.5813153298914
49.11845462471473,3202.1551951483443
49.09272902320048,3121.5605379532312
49.011672405200784,3097.4164746374513
49.0845296796578,3132.1302227733663
49.15875943057482,3117.86071504087
49.14362195966734,3132.561345201626
48.975056213051786,3113.436354607848
48.97252895960423,3137.1999750188997
48.97298281396374,3118.329496904565
49.2855795815606,3206.0569097942916
48.99854288413219,3181.4283780532915
49.02179957908752,3118.9902547770853
48.99552847003912,3150.2660165371176
49.01265577892387,3176.767467394746
48.84710224972304,3116.21899983348
49.36628800629595,3154.9724284164377
49.070151613284686,3140.0326269736697
49.20346894171455,3197.405443153795
49.110224635949685,3150.7457966220536
49.28695476563402,3209.244939868341
49.327319675961995,3163.822526868638
49.27605548215578,3202.2913729840147
49.168081930042206,3111.6141938464566
49.16102474349839,3127.0974818075006
48.93027725149217,3083.4473917433825
48.97361692967847,3080.276435954672
48.75849126481262,2974.6809164997685
48.85404628299299,2963.192675546581
48.74419343033582,2942.773583221352
48.851549078847725,2905.9019800987703
48.84060016374605,2885.5314239357863
49.09430047065832,2858.3782985251014
49.187606024858525,2852.145731771582
49.28820996517145,2852.9405884713015
49.45480179532906,2828.571099189733
49.75804649773272,2888.908821356118
49.388624443186345,2854.1756796460386
49.43733587816732,2892.889680191529
49.28231714413863,3001.1333777073824
48.927410662028024,3020.006155752587
48.83952186434557,3177.0005177668577
48.88285973452174,3090.2322118754796
49.14617554051864,3205.0549616689823
49.137341644909,3223.3958476924254
49.29868733113395,3195.7536039026954
49.31261791609727,3171.1727031746605
49.210607925902096,3153.9134538136736
49.111681423399006,3157.65441083509
48.7825672282499,3137.88010925455
48.85176469944289,3155.1264782028406
49.097593120419006,3157.7937806759005
48.926220387298244,3160.4499108041164
48.7521847312896,3195.073798097829
48.73792522336191,3240.875728571342
48.50093453377214,3047.5360917396247
48.36448657622499,2843.5502396236466
48.61844999037623,3038.507451566844
48.240824793236015,2950.7097178439367
48.50324870546172,2909.910511844765
48.49734817202513,2919.058907440545
48.628661625101344,2885.4054153763504
49.44299453267993,2898.738799927613
50.18420462411926,2881.9513215581483
50.75945097773489,2822.328444232981
50.733527183289304,2859.5601915160214
50.724395805547445,2911.2244218318438
50.758342607486966,2864.144197210865
51.500408120898456,2883.0928284040683
50.78844801920895,2833.0202369097497
51.2765168678809,2759.888177088852
51.13533122526532,2716.683878796162
51.48068159507555,2674.1179231320593
50.75920614638531,2684.124321532404
51.19684634528041,2701.041848222108
51.678273291473516,2732.007850076872
51.433376232298485,2747.822146307192
51.28014653610827,2717.7684996358853
51.80267177730405,2642.122693674236
52.28451238119449,2625.1043140903275
51.8129834266645,2646.8478871696566
51.82210095528917,2590.918692828168
51.72311324300365,2594.170236431637
51.825823189548714,2607.610922206249
52.64531747837373,2597.8879507371885
52.65180545495991,2589.24548396328
52.743645232096895,2591.0089531537083
53.16341742424768,2631.4046849569017
51.828983062812625,2578.515834290261
53.40221449020092,2586.332849171483
50.85657350657213,2640.883313511781
51.81148207842643,2568.5841843459866
50.67662613466049,2614.647035888376
51.023122598882935,2624.9698549877576
50.18688815577807,2628.075414194596
50.320907584042686,2615.253206973158
51.121847932829034,2572.0270419828744
51.03491513182989,2582.657675839969
51.27840822647102,2562.938012639357
50.48421475593361,2581.0696124545
51.692241789393364,2580.4868582295594
50.780133227930165,2576.304470260987
51.8613497832373,2563.211042332027
51.60715085895501,2560.74591998127
51.047743155234656,2608.9341370413063
51.27850120311404,2581.347089311879
51.00850187518756,2577.506264332466
50.598247121454776,2587.9847272540114
50.68629855138808,2581.046456236992
50.542343621479965,2577.8117357312412
50.76129155398647,2547.154118559756
51.1403861442662,2584.6738627259224
51.956952244170324,2585.851671266667
50.83289775579975,2542.422975929239
51.682248427492446,2573.5252725695964
51.79406948686754,2592.0937351116813
51.78381995429485,2578.451285912157
51.13074301413971,2598.253982282284
50.964787317625635,2577.7857875197424
51.617360127852535,2586.793041202138
50.85957275767317,2568.290554011182
50.63632917704359,2576.94492841795
50.95151643973101,2588.514495171463
51.15843965817249,2564.8309896051587
51.22701892066092,2582.3509946802187
51.410976012089534,2605.0329343949006
51.47543846689247,2635.0476709297373
51.84779379748711,2599.576595262041
50.82410940014786,2606.719677064865
50.63938543402655,2603.8498298769573
50.14076246492061,2574.321508344844
50.041652081850174,2601.4367447516365
49.697164503273555,2583.7758721751134
49.7140934131358,2571.7432728689782
50.2244167319797,2590.6957432225104
50.26465179762819,2592.201832969644
50.74637909207994,2581.340138364761
50.57892588207183,2575.1312820391036
50.50525912230819,2620.303749573161
50.24518372828406,2607.7904768730577
50.13507445611164,2587.0382372329063
50.080625323665785,2578.336721592317
49.83424842232547,2580.943877471294
49.759694552166756,2580.255065378206
49.75318723552019,2589.412433092893
49.670700084755964,2579.8485182161717
49.90382329562424,2588.129499718969
50.00927461703065,2586.3712960255866
49.81337771206294,2596.8675620172767
49.67168168547787,2598.5024611849703
49.715240724260454,2565.6108803731604
49.68806742517769,2601.1342183824427
49.53044807959909,2584.5637007266546
49.51055760511602,2578.387517527232
49.38169567735024,2585.1432969655434
49.20508962385834,2588.276004420843
49.303172308088705,2590.531324469032
49.25923548669138,2577.038303125157
48.97495043228071,2598.6891014183684
49.11405835731079,2600.3145941672074
48.929331195307924,2587.4705078192783
48.82110531290425,2584.0952346029617
48.89341619575356,2600.804098542506
48.68211791363025,2615.214951899385
48.906391830300876,2623.29461329386
48.69601758555282,2761.8186626076326
48.29057872590898,2757.9310186102393
47.82810650724518,2739.88898838625
47.529193894196055,2658.5513651060564
47.38012550777029,2673.6550177554855
47.15951187961055,2636.531733294361
46.892636891880755,2663.8606378617205
46.7064826500756,2622.4681619562252
46.678984834613985,2624.5507205126173
46.336081787529196,2612.599582350975
46.261188872262636,2627.6629435679083
46.11452347719424,2626.5466541021906
45.99877715496648,2618.2815762688483
45.99374453733283,2638.3282984417515
45.596711609346,2633.425811274321
45.73539357032914,2624.2437206227737
45.59227198622078,2624.42543520688
45.415113469678744,2640.793583803795
45.32469000612919,2613.5442929003857
45.2994362095489,2621.933179526153
45.26358334138979,2615.756112033421
45.30036230629033,2619.752447233536
45.11257418312002,2609.062912025436
45.09053040697361,2631.13891717304
45.07888723934175,2612.6087877141686
44.92551552102388,2618.5773042491965
44.73620577286374,2629.0984222764505
44.723881955544016,2636.315002714861
44.807537057431354,2634.7269332579544
44.702465862067136,2629.064177563461
44.54017879336773,2634.903950329505
44.48687444296318,2638.8122614265144
44.36390885273495,2652.036235089357
44.22514678920825,2639.2250107538066
44.37993219820667,2642.6496110872044
44.0699588356498,2648.727305449971
43.84824640241735,2651.060767185622
44.19987273398233,2659.5945312530343
43.941791644985656,2657.744319912768
43.91392358075677,2655.485300072015
43.883129884219926,2657.8573630786245
44.0041676469189,2679.1171699073175
44.003150614270304,2677.6492638919335
43.690868398809556,2690.2240136993255
43.61839477957434,2662.8166683387217
43.440165851314,2668.7450421863136
43.26630841559901,2680.7545486785666
43.308540124151506,2678.537378451068
43.3850158544636,2666.2043158131087
43.25282598863225,2698.980384273733
43.12949317879004,2683.5995191167735
43.08723485504827,2699.6180223874117
42.95470192908708,2696.959985770118
42.811251247778884,2715.8041228767797
42.680170031312805,2713.5938601804683
42.78351611604628,2711.1482201399645
42.87295694746668,2699.7661372774983
42.901878668158304,2702.1103472421414
43.37235114870876,2708.4671557715897
43.57569093340888,2693.4933934013256
44.030572115137346,2695.602067424184
43.930360696766584,2757.5770941552714
43.94488252825972,2744.8807752143152
44.20775806101755,2712.0658318114147
44.20960379015105,2752.0416676261198
44.44497652931784,2752.328512537434
44.29592477072236,2744.7261638537757
44.62935966743012,2741.950366501007
45.152428199506645,2776.7232596404065
46.02081222673968,2773.3248284692054
46.6237496386106,2715.937286739028
47.69496882856181,2705.128498852257
47.9758424831102,2717.9840489624885
48.492403062980856,2881.373509186941
48.92634587049656,3008.2821409295934
48.87576256786279,2998.3274384829374
49.23802040521716,3128.646595018783
49.52901944121101,3277.229430335474
49.65358920600336,3178.223303007281
49.919626813638075,3083.757156183437
49.939798111545436,3094.512210053812
49.90284860767521,3266.6298455322185
50.339533186295455,3438.1223954293855
49.954166317592495,3260.3946045180282
49.756622976829135,3137.688914482579
49.94509471708524,3096.8491342040916
49.7768445788103,3168.6385095216265
49.9396801420487,3240.281453661378
49.994837129067754,3232.5153050907475
49.878222141086596,3180.833519044091
49.56918436797507,3194.2866138900727
49.86174697925878,3212.475364609816
50.084079335797995,3193.177910153293
50.08321654204546,3178.2008622973863
64.07574520160526,3144.6430252153523
49.973316199327854,3129.317314523343
50.06902237317574,3147.4299628160124
49.90316705207805,3159.5910273033337
49.77340237108953,3169.5301381926356
49.630778685662435,3164.6794018710902
49.619784025296056,3246.5649912962144
49.433848055360734,3225.3755436407046
49.72401699780152,3201.143697010107
49.89651392425854,3270.3674490524545
49.650544450975204,3200.943015683745
49.722747024084896,3177.6160482004316
49.73018056033946,3218.4034954822077
49.9182418313283,3191.3475274950442
49.790302925137084,3142.8235192634556
49.87006620956831,3173.0336804256367
49.8220401228547,3130.958145642189
49.743221962160945,3167.640973900002
50.02427488805172,3190.17759944129
49.860706981934825,3226.951827095544
49.57353288153412,3207.8049036285865
49.85467033629365,3204.315290858683
49.756071908850046,3219.1483324224355
49.63339579968651,3172.481633861932
49.84020058852434,3157.12284781988
49.724703438892725,3138.2388125180814
49.654325111910595,3125.902942818025
49.78015070057339,3130.903488154559
49.66411289648309,3182.5736127398545
49.617892763450314,3196.9091299499632
49.60780175018334,3242.9614591768222
49.48032357458385,3281.6864845609784
49.64544544058229,3271.638276071563
49.33257067359858,3245.957579048614
49.45679433781697,3268.9584773044544
49.52882046505781,3243.651157423053
49.393955807565646,3134.6106068577947
49.53530803956851,3142.440691943889
49.47017616828279,3181.3913659460254
49.33250313846048,3220.6985654141977
49.567803161212495,3156.549060816582
49.4940143336259,3183.367962676743
49.475302597777684,3206.4006251632163
49.63752409764294,3238.2242832042266
49.559224177555095,3213.281098633428
49.66726584692837,3186.166326716683
49.335309296159245,4405.480437591332
49.48775486947592,3134.199938005089
49.5607802742567,3117.4672310661495
49.59668040006883,3148.033710783252
49.51813593766221,3232.79472290445
49.61235942935318,3242.8363041381785
49.458149166709916,3330.6395877315176
49.467196908286965,3314.330180247451
49.48844789659498,3300.0031066834135
49.57266570091491,3291.0863190545642
49.39785237588141,3272.608123325279
49.80258111368174,3260.545412177456
49.53413177168161,3214.5015660833924
49.76278964541148,3207.341879123047
49.73919012838509,3122.758274134708
49.71882554888724,3222.9011365644565
49.622603330830145,3146.692914329262
49.52916897166095,3230.6851237212686
49.941650889716,3263.7508624737
49.9847648722856,3274.7207826835784
49.76926250731719,3270.499199183306
49.84882454551925,3312.2432174309415
49.87476100609213,3247.2577488306174
49.752839528759715,4416.9279629897555
49.70685625578103,3203.7826781761228
49.74998227241592,3185.7553732010083
49.669286915801905,3167.868786916397
49.44523678571814,3163.808012249615
49.583490906361604,3157.603886713106
49.673228442299646,3151.491155709136
49.45651662301091,3204.1145248205084
49.40989953553956,3297.152684331806
49.207142433736614,3352.840359526912
49.35649216486496,3269.6057535032614
49.0759397034155,3246.0907314441715
49.34052718381763,3202.5889658116585
49.300763789237465,3178.6924355033807
49.25675025943845,3148.7182985771346
49.38209131285359,3164.2845824052747
49.468174798173806,3150.005235709979
49.278436620131984,3195.995456848419
49.43433245713041,3286.75193404292
49.6135083703258,3347.8990650013384
50.41327582671559,3318.1787075291895
50.82291934934642,3258.769452488371
51.02596263929563,3182.962649430068
51.3586901385686,3098.8247626919983
51.42597338463412,3110.6663782159076
51.3388263199418,3066.9906860715346
51.225296085932655,2980.5150633759677
51.83638692532369,2882.1988376045338
52.518883908572825,2830.7043967104737
52.18753849420517,2763.284809682187
52.05935773260934,2717.58333326735
52.00126597829932,2689.177661343734
51.75569085089654,2668.871595367163
51.474031979860655,2659.7331115085008
51.29364573943636,2656.4836878101623
51.293260117595594,2656.53998847955
50.56289352064529,2661.8621950433426
49.47748611450551,2660.719040387977
49.25886970124141,2662.1771513481667
49.93535731590282,2634.188062746236
50.45895141185346,2626.30743870806
50.812001204456564,2616.455245830856
51.33141457267314,2619.1186946304065
51.421920032323754,2625.4689132901512
50.800495737121146,2624.3992434887773
51.6021640031758,2596.7098158289295
51.42444144819954,2616.633413448137
51.15807812993582,2611.7804092167585
51.60524558591803,2608.4733654856677
52.50968992604975,2596.35574412943
52.39228028145068,2620.9781506983168
52.38191256288306,2623.8272501793267
52.014811169874264,2625.803804479847
51.629788154212974,2610.1724974371086
51.72738347580846,2611.6726208063856
50.827869110774785,2616.2884204921047
51.48523945272136,2594.0956933629654
50.66420071903059,2612.3094145776836
52.27414979197124,2592.70082301515
51.64730032629276,2598.4568868965293
52.11147299849044,2584.3317188579695
51.43555578456488,2606.5456059182725
51.50058909249117,2608.2043955625104
51.641528154518056,2574.763322147714
52.934470614909614,2601.525196072928
51.81438342842623,2611.175789525321
52.384594805547856,2595.790425981102
52.25055265745518,2598.3024723823614
51.75149999694884,2630.3108496263644
51.638278129446306,2608.196375539118
52.084812862512706,2592.2246375112445
51.94568642491559,2590.4792874969685
51.629195602889496,2598.3565306746705
52.23397342142262,2606.796785998958
51.02368189029617,2618.0852805230443
52.538229201741245,2601.2095153039027
52.13816847700795,2622.040201955048
51.038245381931205,2595.4470586568455
52.10528401031397,2607.083219944941
52.214175192040386,2611.88700854793
51.343552444993044,2616.3021886152123
51.1413547992303,2607.064073175086
51.30229405004046,2619.9639770392705
50.87527407731106,2604.854735307013
51.26874991538415,2638.4801105528836
52.49729606344843,2622.9925134656346
52.03860676498454,2612.7931378703993
51.90902378143328,2604.2486638439655
52.33847427444091,2579.0486480940976
51.8220448719527,2658.996615034534
51.478748303351026,2625.4290734127626
51.57248335881945,2610.895308048877
51.586986288411666,2600.822492057109
51.27069929237693,2619.0763911342674
52.04240668603738,2615.151024669516
51.53240934552934,2599.197571375198
51.23099781563475,2609.5553323248996
50.93022255691732,2628.2789765440066
50.912370462973485,2621.861390038877
50.59450372873751,2627.7212269768897
50.523146434415324,2601.3133157501525
50.41877655902646,2616.4243781862074
50.5722907637582,2607.36489433797
50.33113890411132,2622.1467945775976
50.06252589434199,2626.5656737301283
50.52539106987269,2614.4358682525144
50.0675444333488,2606.820564487465
50.56601573856116,2652.721849524787
50.40325723255873,2668.39175359189
50.130298391578876,2674.1567016127183
49.772537711144956,2651.6043166005124
50.306824037764486,2638.119034435503
50.815975964667544,2642.789872638105
50.32034467531195,2657.1781236391666
50.19699615651366,2681.0444170591963
49.902250932097985,2671.102683069961
50.25894553494791,2656.4885689954635
50.47843632512932,2659.9886098032885
50.59491344218468,2660.1063622831516
50.2729272694656,2697.4169510592833
50.309108691445786,2735.9324978473005
50.110832098652814,2934.7515462207007
49.71798414983178,2930.8679487665454
49.82595339339164,2917.5279004512017
49.46170429815385,2907.9222057618167
49.14402491919676,2899.6434629461537
48.96125665241952,2880.212469566259
48.501339823251655,2791.8292963599097
48.25299651784053,2768.178048080417
47.70325511891639,2755.546562013552
47.427212651730805,2705.860671960316
46.92862991988417,2672.690546967976
46.590679671814755,2666.5826488130706
46.592232014719556,2672.95911267963
46.42765158040994,2677.854561134978
46.45123870746649,2686.33086659547
46.31290997687721,2675.4716249863136
46.1183217727625,2676.8883326033115
45.8608184731813,2677.4570051488304
45.568359869196335,2684.2305805709107
45.670667664122774,1478.8977084562289
45.346625964089,2686.00133771347
45.09903180098772,2690.560037390469
45.06479623232199,2693.165984734685
44.998640684475895,2694.55173107398
44.982778255037175,2721.6356732793606
44.73412999895538,2726.7741072125295
44.713848605475135,2691.101826169309
44.49638523711252,2680.790596917617
44.32507511075907,2671.353559790079
44.20639769720536,2690.8586403417103
44.229498748316225,2745.130470007049
44.023928686838005,2704.2851673051687
43.89290633777897,2728.9299363694886
43.7585032726395,2720.6413953789715
43.86632936449672,2734.5671664066963
43.914956392197524,2723.2509109884186
43.70774135854325,2729.2734235040725
43.30091140093092,2733.3364894347746
43.479354239915935,2711.6457176412305
43.50023156072861,2726.682486741712
43.367917564043125,2749.774522995371
43.364765667713485,2750.516044145795
43.33243829776427,2757.160996684672
43.292169774802865,2771.4446379492447
43.36707248997246,2749.068992036978
43.28676649575597,2788.2031766708787
43.354932821625496,2757.9042377039777
43.49129541196705,2749.0999825806425
43.36647755621927,2731.0464091992653
43.53368244840976,2738.5016870657055
43.46724675572912,2739.282420055085
43.266830575415455,2741.0796021845317
43.135179736769075,2720.136560035778
43.24681539595497,2762.3899451540365
43.485296152929706,2696.97692979947
43.4325128791498,2702.6028141101847
43.43970952676987,2713.283733678827
43.37078541272268,2722.1486424118584
43.655970558796824,2734.364555281033
43.66961857285344,2709.886044629878
43.87097219246061,2746.6683931311572
43.829376374675725,2733.6940338899494
43.610227389422455,2720.342032574765
43.907184790685264,2734.6916080076508
44.241395401299854,2711.917243844496
44.28214646723136,2736.7663210043743
44.310059797490894,2729.685172281656
44.36792050988922,2747.462725464205
44.434832750632026,2728.2491356357004
44.51867528639204,2716.1765980710106
44.51423739809616,2742.52637285548
44.73738390410166,2734.1741080604215
45.9578158896965,2713.9782183995067
46.72454754639119,2706.5408209674083
47.51326983543948,2685.127860861136
48.222739884122134,2691.559507072671
48.648639544978195,2681.9128561401026
48.861392810365196,2677.7463378013895
49.26744031433995,2667.495016426202
49.43974074682706,2658.164779878094
49.792763770861114,2646.735974394571
50.08728334056552,2765.0728540480636
50.259882384339555,2835.6639471646095
50.78636898120452,2873.892490999616
50.59552658968853,3205.430327477548
50.43104637579449,3087.373666282677
50.265864801900676,2986.2536312678776
50.33280965687119,2889.469483163829
50.51423284917078,2959.496150619747
50.34705678090098,3002.9481747026525
50.40155821187341,3060.4225663793245
50.437405699778836,3161.2024310565075
50.600859949091515,3114.5596126946043
50.777865386850486,3123.2470870229454
50.31884355503962,3165.903857180262
50.35760701508973,3179.075917845612
50.10277838983602,3127.5679654560386
50.0709631973654,3172.3774163153116
49.971265651750784,3186.7436415817624
50.06873524997938,3205.4727056085753
50.22923392703064,3190.471263653488
50.09247311230238,3179.268368606299
50.17388714532365,3146.09829656236
50.22130975427184,3130.8426100722754
50.133167936028364,3171.7314159345515
50.27024480665216,3183.938108611027
50.32565055428494,3228.7986289197197
50.41195226619931,3255.0749082330876
50.20893031372957,3315.2363958662813
50.53788647362302,3325.228402234019
64.37787555759917,3321.978133398903
50.36957540670937,3350.0630667270025
50.25892672324835,3348.0315913745385
50.22514169971147,3276.932041836423
50.06299943976882,3292.198771813132
50.323815802586815,3304.3774903266135
50.17733793289031,3237.0039595879516
50.12618110492224,3218.86906309301
50.29922462383931,3203.340890048901
50.29473016272736,3237.7208404227054
50.20712044875475,3196.778355778124
50.26616371381134,3164.5173434979793
50.20256957065694,3186.0293524308013
50.090568417429125,3230.3923102641256
50.15713804673187,3199.910338153502
50.22679611665291,3278.218174220047
50.40024707494169,3298.7498141748893
50.0113544892134,3251.5447033663463
50.353693380255976,3265.0115409152413
49.86514810657509,3244.7899002390477
50.14132644431623,3236.719254308636
49.98685295591278,3244.3079562962885
50.04517504743167,3211.1246916528416
50.019124831116116,3180.622208220536
50.269469930403254,3175.4052341992274
50.308589295529224,3183.0613016533343
50.301984477681856,3308.675826350807
50.22711059466101,3440.9764343092147
50.06970575005441,3445.244682790457
50.22443657829058,3447.3131695439724
50.153479060012906,3445.7103829322086
50.21467687804791,3444.9457863442417
50.31516910132841,3453.485936009837
50.0966020187541,3455.0733179222434
50.183893790263795,3453.952499402501
50.24702187501497,3446.0467764651335
50.07575101579471,3451.494627065721
50.208066351139706,3447.435508933422
50.20196639755065,3443.0467194769817
50.22769890746896,3446.91120880409
50.147726526105686,3459.9601142094475
50.19610346824254,3447.4956084821047
50.19978095824331,3446.2167012038926
50.17861176636589,3449.6743926728063
50.09943031652327,3461.9521199850915
50.24306077457861,3447.1959613930867
45.278205088690754,3283.5605382596086
45.74559846994349,3250.952185811726
46.48452627913571,3238.995083375639
46.773028333761644,3210.0353724813563
47.058652748294605,3156.5033675439236
47.20103485865489,3251.493764853236
47.96226102924477,3154.5057451401617
48.44646361105471,3142.4605516024562
49.16183694387191,3102.5251744023217
49.63271252724327,3092.2957044672844
49.65181770862121,3088.7911082733553
49.76453196360494,3098.7416159463496
50.05916134345283,3054.6277011598986
50.030743203145015,3052.7267731044844
50.347201644103336,3059.196460450422
50.35242982499332,3096.460263509381
50.15819190129753,3067.1505292506117
50.30486406985267,3172.538317741376
49.760811869455054,3244.3632938714136
49.56544052134359,3443.8072608258735
49.462670377721096,3592.1123423602803
49.41602788639524,3554.411351479516
49.65143478806513,3463.1482086162314
50.0406981570759,3439.4927875678823
50.26994882810948,3349.980495783827
50.79401388331331,3362.0474552064006
51.06685942630837,3284.456184690558
51.44347214529617,3167.8182674678624
51.59821268255483,3124.6909700144006
52.070081917582336,3099.3687290057273
52.342361492825965,3143.2916014915586
52.361281402126636,3148.975873672048
52.46348234425562,3041.3406157403497
51.93863600286264,2951.4434504184333
51.608982770272,2866.7435610927027
51.38415291080696,2838.680964170464
51.33616684786909,2755.848277078277
51.35606941183874,2745.3637378404583
51.67682617399113,2724.067898889825
51.362159662075186,2695.8771697149864
51.36485310978533,2687.142419427464
51.555414572501185,2649.01558925851
51.718813225958385,2628.1064839495325
51.67206484420873,2647.9024814438167
51.44008237937149,2659.453819277017
51.48815421314633,2645.9785519577613
51.25708975622979,2630.153221824343
51.269649645564655,2672.4546551879935
50.804220500260385,2644.4837733927916
50.9840028289898,2631.9911500975895
50.95055990842965,2682.603908056959
50.90751054707025,2653.757479247679
50.95330125379839,2620.9216227627085
51.113511747956274,2650.685253995285
51.881733057661926,2678.4403927976095
51.77730332502386,2633.5648841833054
51.76919865385322,2611.623529994896
51.85134653066694,2667.960746801622
52.542610141821015,2661.345599675711
52.56256477916193,2634.0369468170793
52.56215815132798,2648.531216967088
53.13158460987769,2637.2390740979677
52.64118856979317,2634.4434514550235
52.81849032760719,2651.3046379323946
52.59459649404337,2635.8174445183877
52.259096506036826,2652.2886840717456
51.952458820586145,2643.184401717941
52.483091233781295,2643.8197168788565
52.55162594101003,2617.3444234658723
52.31000565319634,2683.35749531453
52.806493915555066,2658.7413654600778
53.474497189661804,2615.205721051127
52.12725312915504,2651.9163560714524
51.90662913124114,2685.9067779753163
51.97958454142196,2660.2385348321186
52.122940512628446,2639.2856897093484
51.84478467550708,2642.5771168203228
51.69859332032126,2640.9732645297227
52.007610691418456,2624.200026891653
51.692634182567176,2717.292475070272
51.52521315188434,2659.4373687359225
50.93493682305672,2661.555762680316
50.671874424948,2631.4922175983015
50.95067619793336,3842.9629857019404
50.97663540852432,2648.4540574813464
50.51188165363085,2626.803979227249
51.32955024528061,2637.6507212757174
51.50839841447008,2627.9137756717682
51.07279612214833,2748.304340711672
51.14103437220796,2696.0647004200246
51.21192663474825,2666.480559643599
51.771188906429636,2647.3309741812195
51.29973427134845,2628.2112524444833
51.82437146689021,2654.718261974097
51.72210718183389,2702.8556735530756
51.514059703523245,2649.9409443775025
51.09984408565931,2644.8369094665363
64.83006574849242,2645.597721194623
50.621254653918356,2655.6564778907737
50.75511431261624,2639.482525550054
51.039270455660656,2641.934381124687
51.538955631554444,2619.9853320333928
51.48839215152995,2638.4145834667456
50.91171748166664,2642.2011435432596
51.27403615914424,2631.5362997223715
51.32613745728004,2660.3661428442138
51.581938338314814,2640.249739578561
51.88948696818192,2680.9889739895866
51.724308301912785,2745.3825407003924
51.64835096989499,2864.3365222876846
51.436386966819896,2790.1758755659234
51.47483877089624,2727.8606034636764
50.975785636106906,2734.12405766941
50.57902330725453,2690.2446868387988
50.46801080518188,3907.511589454156
50.599399409340016,2673.5876055282743
50.74486602201899,2681.009792435681
50.7582672891689,2686.367312127218
50.972586334747824,2647.751095382584
51.144530253492434,2669.853982487361
50.612059141756696,2848.921632950546
50.63983389009881,2958.1957906574403
50.75324211454458,2915.071329155123
50.82998871105926,3032.7401762007007
50.93682948583641,3061.8166005416297
50.53978991890742,3021.956035324746
50.58577535950695,2973.1856677900655
50.46389898710059,3016.736500597246
50.46467736816234,2985.8213242157453
50.3205825901221,2979.817986489077
50.12081064281262,2942.67593414875
49.87404774798693,2967.7236909742687
49.704874024966216,3020.3693670553225
49.59697986232858,3184.461344143045
49.411226009135454,3122.736148526269
49.083675108172486,3121.5921437057386
48.769977232696995,3096.121698660665
47.90014102449193,3021.5245857812397
47.03524483347218,2894.9596679581473
46.63693612013209,2856.6460630775973
46.21289124132908,2754.9546073897523
45.76466170680909,2736.6905052814163
45.35922814800546,2713.712279858509
45.078780637956726,2688.170520183846
44.55381009151242,2711.254027019557
44.94709440859306,2671.659296016911
44.828353915846286,2711.894345240053
45.101550134662915,2676.3284340414766
44.98307841465797,2693.3966576659914
44.843589023411454,2708.3841870255524
44.8057656335002,2707.767843814594
44.761361248049326,2703.823392184226
44.640773557230574,2698.9075928500656
44.49672431843819,2706.775589819948
44.53327344790027,2715.148779859328
44.525272476223705,2717.0780355455345
44.40380720941644,2740.78146999186
44.23334558237835,2733.973517237482
44.06594731267424,2727.2827795746352
43.87147617096119,2727.825046418811
43.95836526524674,2737.431414352171
43.71065479448211,2746.827666722294
43.59078526922824,2702.580347151918
43.360733251205374,2734.0398565132305
43.34823794853928,2738.720248310972
43.20796114000481,2727.0657865100693
43.48283227488932,2726.6233384244842
43.20741844049989,2722.2539658888954
43.16065183636276,2730.8659910222727
43.09399095382537,2754.296838360118
57.08453986656403,2716.929132885733
42.73777220897061,2714.9487109191764
42.723919122084894,2701.9333837413747
42.72492460624329,2711.255774928055
42.86110794211095,2737.138409240861
42.332218295925315,2704.954532638458
42.578613763459984,2714.20150133194
42.5431827395907,2731.708632048252
42.47663183577647,2710.780829910633
42.456644674695994,2709.4395496837383
42.18590308422351,2706.39010812744
42.28727130245197,2712.8675219114057
42.58672257611421,2717.333982557785
42.91952178165249,2726.8746122547436
42.58725385774038,2711.8853985110622
42.9290996800289,2708.3652214377576
43.02836276667851,2756.459571278791
42.88869708557509,2752.7803138937606
42.95669432782732,2708.5219230915404
43.02977540841889,2777.341414618364
43.304418009432645,2733.17967981822
43.48695593114941,2725.3492079768926
43.38581621566131,2765.306963602238
43.707155854277794,2732.928033897343
43.68772497535414,2742.252233183063
43.74048882740257,2758.265909832483
43.90391296556061,2760.531934223056
44.3959090639342,2777.6333803171997
45.45212829685086,2754.752578295812
46.33433833615602,2727.488223616975
47.19108258817599,2748.983794175103
47.607364356202474,2748.650593438775
47.881617911013834,2919.503319937797
48.23401739702678,2962.9121711675516
48.45233277965057,2902.367829405201
48.68824588652487,2853.4159940314908
48.89162640662461,2865.0027653426423
49.12663256708774,2794.7846371354426
49.23074505683532,2821.5380776603342
49.47970628127206,2859.6190896886305
49.76008088814923,2961.934313419256
49.79715438513284,3155.4339947374187
50.09112169032397,4368.528876738035
50.220629605441644,3133.1086933869033
50.224817003257925,3181.3965896182103
50.434277053315704,3260.611648375844
50.40009702008809,3278.3836900127644
50.61374913428658,3264.227278675289
50.55382893379135,3239.3205067816484
50.57769559879339,3255.7806111778777
50.45905678961541,3259.1837292728487
50.232855516936596,3278.4935035076705
36.250806602243244,3264.283799030554
49.867352792605395,3261.950856954879
49.84536995877922,3243.736275933522
50.30446965466217,3228.8635401635606
50.369525906618904,3216.610320227529
50.455771499812265,3229.052272828878
50.44236087391428,3308.2252609862558
50.472786700206534,3449.4050297851504
50.810246685903195,3362.766445393918
50.644360653156774,3305.1287411307862
50.341681300853566,3253.5554503677054
50.376990818043495,3239.9573548181097
50.213826231481974,3226.2056574196135
50.28006304359802,3211.4114601277024
50.28204902157325,3227.6476794478735
50.275944105494716,2055.80588764298
50.41014726612062,3308.322320276501
50.6143044659982,3272.4470955886145
50.61071404178634,3273.892675252234
50.86306921805158,3232.7738439545683
50.946697616714964,3232.6345286592114
51.0227176264496,3226.0656517788852
50.75080043662854,3181.909122103668
50.94233130762561,3208.8253952463165
50.89476984602094,3229.82836440529
51.00805720033715,3241.0575982630335
50.89845156961597,3251.058784959913
50.97967020766074,3318.736461566972
51.26081521916901,3257.695232811244
50.88686803281047,3346.707550416424
50.932369388222114,3360.663655045645
50.80166549457221,3343.587475930349
50.439928225844675,3351.494898975089
50.274476664974785,3279.6445411560703
50.209995444337025,3242.97285024977
50.39166862507275,3276.264415790549
50.32806321534392,3269.318034774735
50.109545637923354,3240.6575352500554
50.23956492227974,3223.2103587842957
50.151925623942745,3186.576297889351
50.220638008274975,3160.7090347511175
50.104544357890205,3213.343719052019
50.24012288315028,3197.5686503499005
50.16860902058573,3239.5178601766984
50.405921631313234,3309.234140690616
50.21432484122485,3356.14434942934
50.51272411894636,3314.2139255916118
50.58702118392656,3323.971929143954
50.35628717230033,3341.7096966387717
50.36238448376413,3277.8119586618523
50.56052291348776,3332.4778888166147
50.605630826594485,3271.5050651956244
50.774638652653096,3207.5443940122595
50.67155381581222,3196.143698466746
50.34820367722902,3183.3015124454632
50.4572964095934,3139.2477552319556
50.374853053979166,3118.509570369616
50.28393869017404,3040.8284647217015
50.30187203875503,3016.992057224171
50.23013703368947,2962.001332041963
50.365933802110035,2906.2132639528513
50.035644743283754,2956.8479206276543
50.27830335649077,2907.031588985484
50.45998530063697,2919.0604195228225
50.35644552583494,2882.7923909482947
50.54200925689334,2936.6357289024318
50.452752159510155,2921.3488531519424
50.428483138052876,2930.872504512495
50.582918355070696,3048.743705184193
50.75150500849969,3202.807073207691
50.56238544026367,3192.388184705095
50.66148527225234,3246.4996195278177
50.582447945265244,3278.5955211362652
50.5855223824465,3252.5894420909945
50.85540139464574,3231.3854107958828
50.79796519573391,3231.1116502952746
50.71790062392745,3207.337303249748
50.766965857770636,3153.9095000498273
50.65865790801112,3157.8480740308005
50.56237517129769,3134.4058725486725
50.33563846543175,3187.00542684064
50.35882224313225,3344.084509591461
50.230360163097075,3382.3241718871473
50.10125082227236,3347.3250650699883
50.00962506542442,3344.3404593071245
50.02420163929578,3315.3862769597745
49.81782379518758,3262.1718345865966
50.11193924719686,3253.0951671451758
50.42165310812118,3215.9309122251207
50.42959596413216,3192.83610237182
50.34849517933604,3291.7706879287834
50.461666922047065,3239.0740136436325
50.56722857210495,3350.623830765214
50.48371168390037,3303.159014487514
50.71548068733763,3192.7828303268793
50.96846628523913,3132.865290892101
51.206460661159284,3129.548783320398
51.62519823390632,3101.308465240286
51.988882117234894,3032.0611186161827
51.578426860175725,2993.156859348794
51.90107973849082,3024.3867780884198
52.242160641742494,3144.6290126044714
51.59197113741291,3037.8880581600465
51.87739073922843,2927.0998789388905
52.1921591753276,2966.2368978444165
52.37996327569999,2904.020764718815
52.05965840097433,2797.715040406164
52.059197544746326,2788.3702222246
67.23747955573502,2850.713869059815
52.21571337012307,2761.6247539557685
52.93335301845583,2810.5442890171716
53.184540214469166,2846.6349313360697
52.88829134024196,2765.557781378646
52.698479062290254,2744.0792291874823
53.39584261631751,2797.4528948820944
52.51985324452919,2721.428038817372
53.5838971627497,2739.168584824565
52.62877823844748,2801.981292936553
53.887777025647665,2831.3614600078195
53.102896551096805,2748.4745493696
52.84512036483415,2745.421875449397
53.59603028686691,2750.768717918994
52.79128535499829,2818.768848294326
54.29131312996287,2742.025652456501
52.7117757647483,2786.7294582730246
54.05459366875512,2732.9146932608264
53.24895125440908,2750.810553883688
52.74594625650555,2797.8610510743342
52.441629364666454,2762.223269642853
66.7399611306502,2752.230003876247
52.42941123965818,2736.6860498660526
52.05768199005293,2785.9569933146795
52.56707918105665,2799.6892108392935
52.18834613523926,2804.762433257277
51.83671755235213,2792.383918868417
51.49387092646797,2756.082931140653
52.41015817331403,2735.432682765443
52.08668960152853,2780.3119634592113
52.35602934247373,2707.340700845433
52.491601841845394,2708.8533171465947
52.0897966300207,2742.2730084958207
53.27572289599455,2723.5744086035766
52.29082868017478,2755.734749858553
52.353735885076205,2795.796488169704
52.8334419468379,2810.720244822815
52.57180553072555,2866.383209374691
52.97791671370322,2871.7705184639813
52.60177224151248,2909.005613144846
53.222763983947374,2857.4302587850702
52.141913443354454,2796.0886823028304
52.45791700639586,2793.4407840954245
52.72166780081342,2768.511513041949
52.36559370066098,2785.3370504355426
52.5219350548979,2849.8212786579684
52.265822640885645,2901.200569622375
52.20862327970495,3047.7913220383753
51.94833476860246,2922.7844467084747
51.44146275121388,2960.597198761621
51.02453079091548,2869.6404192717387
50.15640402006356,2822.767899107821
50.71696212901615,2809.018844190138
51.18599289189953,2792.8895210422315
51.46435868083344,2780.0315355003595
51.43378181260273,2765.4414376636714
51.29980455950854,2830.296587093827
51.26578996827487,2952.1833671582403
51.12865800277511,3042.9979770246514
51.43687524510316,3071.3649532275886
51.274387483384594,2961.5397533639907
50.71491723517187,1722.7379660856145
51.04929435708024,3031.629295074906
51.1084121430501,3124.023946081319
50.91777730541452,3060.6956882015515
50.860977107241986,3007.271849143752
51.24979230850154,3025.030949770289
50.91717894156007,2899.9869298171034
50.810097131806074,2887.1333272407996
50.62974330752128,3054.213494352385
50.5637949477172,3070.829858119234
50.97918668817343,3086.5549730105945
51.37798035117771,3009.0274369796257
50.59854254398704,2962.7423816553573
50.588622904384074,3040.189663761088
50.10119266872119,3122.2390153166234
50.16569415380675,3078.2352961428487
50.11188523715146,3124.522611640529
50.165584372666785,3221.236027954151
50.13655331237602,3215.711212700735
50.190892966323204,3162.012747569404
50.17837058097895,3351.349372844016
50.040425602999704,3248.626802762202
49.84100642061455,3233.9744026796116
50.1297350909644,3286.9143042599
49.98665087384276,3275.1901168147924
49.786903862787184,3245.556511131502
49.43893298037813,3239.4027771455308
49.30987856649421,3194.3858392933416
48.99381737522914,3181.0542390675164
48.80740191280215,3217.110022898458
48.43717662526322,3171.8228217514766
48.105623394054966,3185.531052762122
47.92122868341579,3191.122583171829
46.95307145980433,3093.042097251084
46.507784866667706,3038.8685935316817
45.83656430946712,2962.509131768987
45.70744771002319,2895.9124381124443
45.38744353707302,2830.195873859222
44.9290755826232,2821.253548449758
44.61111384489912,2791.0485345688203
44.72116709764299,2794.01730017837
44.55362461262881,2799.1951557821735
44.43267996118499,2769.918626110877
44.49232389224023,2801.8727090066955
44.44383276448647,2803.3670894314864
44.273212244768544,2786.6176771706896
44.345708716997315,2782.8631241372454
43.99799295000031,2810.0501401396764
44.09855622363923,2807.4528347569594
44.049941598214076,2781.311529547781
44.00645971905486,2795.356447949932
43.495688636851966,2819.4530320778917
43.45311198607038,2791.0214930545244
43.22582891522961,2768.2588185327027
43.2231061245798,2767.235706897031
43.10608071055121,2776.391485517191
43.129547102569774,2780.1711696725592
43.09133453630325,2801.032358568332
43.0568506264438,2774.4772981284295
42.57091264586753,2760.993977614466
42.47602080075424,2761.0375993905855
42.60704717770715,2765.093491261159
42.8177259802125,2743.2812438937253
42.87298837729867,2749.032880900538
43.142144574301994,2761.13034167742
43.12620765052931,2751.324865348395
43.352428033874084,2767.451363731723
43.360623561207795,2783.183879432838
43.257240300867714,2750.422482364717
43.397562672449325,2775.253585444409
43.28883938436678,2777.8925151521826
43.49867338077546,2783.9774017433597
43.22108621958117,2759.433213280314
43.122731976128634,2808.6477934077952
43.10290291909026,2789.5629585571587
43.02160368559427,2777.0807946603486
43.08757291349335,2776.7899008259187
42.88727518262706,2789.6149405434553
42.69209174477487,2808.870069092907
42.94758186079546,2811.0762328381447
42.91393932697974,2788.4928470746904
42.9415815335738,2780.8663093990704
43.10915243348863,2783.0990878680277
43.12875707326034,2741.2145739453726
46.75246647494565,3068.9580839758514
46.84676404392121,3032.8482945964333
46.85100345249065,3017.9298818705456
46.532219601355536,3001.857842807805
46.86684766697869,2983.377804973837
46.59929374664796,2992.0417170831065
46.65094524665544,2987.453439156789
47.00886050068325,2947.8412080993785
32.97308412614524,2921.625516220737
47.27996443560134,2890.890603662804
47.45092345710293,3111.994000922099
47.826721758672086,3067.354450919468
47.79873930133166,3103.446177194508
48.07840614508258,3380.0161914145965
48.32789342900543,3322.2424380869643
47.987396995635606,3182.3877109109358
48.13551604062383,4478.992491033607
48.112871869734434,3270.320425152424
48.030122522133496,3235.7342395050728
48.211204781425835,3282.225142486177
48.25816131678386,3265.977030641413
48.360793122660226,3259.206127891601
48.28688509396419,3255.8294753160767
48.41628802455208,3274.69443010348
48.51563346325922,3306.0293153003895
48.381839624590675,3281.7763189036446
48.546167383306596,3267.8656207023805
48.42323328782358,3228.7571005476048
48.4880504711153,3273.2999557759795
48.60201870521416,3343.486880937966
48.67760086413821,3297.673983406215
48.860436042994536,3286.5276029748115
48.52151785256862,3275.4988140749165
48.69207087837527,3277.3766005271564
48.80362860550689,3264.1074623249506
48.521020168781575,3278.589659839757
34.67827748638054,3263.8752674321317
49.07893337106901,3252.1099464154977
49.49457512333095,3268.443729121603
49.435490113064446,3267.655423606642
49.51222043874549,3288.4728939338916
49.642723089097984,3277.7148027887765
49.72118878438107,3264.8810270098843
49.8684294594656,3283.4414396634584
49.88091037078398,3216.6963630446508
50.22537812800353,3391.955716623021
50.213339089767054,3391.0512396207905
50.31779041310271,3286.757016958252
50.40521035077214,3285.260689538265
50.55108216929834,3237.443958963898
50.62746190152069,3226.3416510384773
50.94048391869974,3344.4793247970215
50.816911910270406,3350.241515710605
50.60547370331233,3282.6176391097097
50.568371334884134,3250.526409251563
50.35263138991111,3271.115876457527
50.398154108786684,4459.3033685662795
50.36697989478647,3326.844628349947
50.342200299423965,3337.3832035161668
50.209006388274084,3328.245957021621
50.348429698863654,3232.8638498483324
50.371194585237305,3271.9152697359896
50.292875584666916,3249.899220785206
50.44875320948566,3243.506740167667
50.13179460285057,3304.056966569211
50.24807959225111,3327.9759662407814
50.39976793042526,3335.57648084202
50.47720891495969,3328.3075294594755
50.58169752410238,3308.2251783356996
50.594250383752026,3293.5652908326706
50.76136917413136,3253.155625727256
50.685966377476085,3309.1859268872154
50.74352630665441,3312.9333108227365
51.19786306806309,3297.3443798846997
50.99863267087568,3228.0780940975105
51.04386343792169,3259.2473250273856
50.971422182121444,3318.531416393377
50.91573646534843,3332.289603902467
50.77374483818198,3308.712708518484
50.6359723625365,3311.7983194290246
50.61641021875461,3254.6098974549104
50.6152865506309,3274.532938823444
50.60535790228151,3273.9408792501345
50.56353272725917,3236.421840852192
50.50659190628413,3224.6611646386727
50.38795554016344,3286.807707744126
50.37090934284655,3273.043468155808
50.43934822698323,3285.6051059797533
50.36241871524425,3298.438006690259
50.45065862645404,3271.2624004895692
50.09606340439354,3253.1458026518103
49.77119379604174,3294.9368098600507
49.5192000658041,3335.229120782963
49.45833193364839,2086.063657800228
49.21548809503142,3238.125530939556
49.15024025708826,3294.8861300374474
49.296239151472385,3341.840675894755
49.27918145274353,3306.981162862573
49.470554264841525,3301.205549186737
49.58326437769884,3264.742389697798
49.7595238992531,3290.431556478899
49.957755048565964,3365.1003063335556
50.17523473019905,3319.192596768198
50.477945217803935,3287.6407303528686
51.02749365097303,3265.9640470314057
51.32238985808009,3366.4366960108746
51.78415563043828,3471.521841544083
52.137448898140825,3380.6011613090054
52.728198202057754,3312.960078447216
51.993116457600685,3200.2879256898855
52.48447548679591,3259.201706909552
53.00903781424752,3320.662841620141
52.85346457540584,3295.8022694631222
53.16329232440694,3325.0398231571935
53.480960924229535,3267.0982182658654
53.02552154693044,3144.268546050851
53.607962193140466,3101.736368810044
53.593945317644106,2949.177002747667
53.15365110997898,2860.060479527562
53.57425870018804,2916.4615308159478
53.75535836022309,2961.57012730076
53.21581745122602,2869.2620654590955
54.16174586818879,2825.524099993123
53.173611087254145,2863.652550400119
53.88111752632851,2929.9969570615494
54.083047807501096,1718.7753505976566
53.23501243245255,2942.8222520890895
53.71530563085468,3053.5362849018516
53.22285227101665,2852.79827192697
53.75683116555193,2944.0259025409355
53.58737613344693,2893.520815504947
54.36852902625747,2882.810055609294
53.91188250023505,2887.9718170538745
54.14702975877947,2856.073979483136
54.10410167614285,2830.8924780924976
54.03763675604837,2819.190788061005
54.62996659421758,2828.128940257323
67.26117840653238,2743.6693376645726
54.923866984409514,2756.050117339006
53.98224682744642,2751.4121046995965
52.990209738632885,2768.107575413677
54.35503218957899,2752.3765027598315
53.08538843229293,2698.8417994198703
53.63012108958682,2746.8978334328986
53.40547557800846,2767.8295683552064
53.73000431596789,2803.7404427779793
55.16172385471898,2800.0716185222623
53.56033847866476,2789.396337555339
54.82283036533604,2753.8975036700135
53.30309034084075,2759.765350859149
54.82258412652254,2798.0948872277413
53.59384237952078,2787.827655055751
55.15260405138527,2808.6138200725254
53.85673642193058,2838.5127836692
54.852906527137336,2860.138914850122
53.934433312546304,2848.999616935306
54.91545391090406,2790.4271084323173
54.56606224401908,2778.597911948681
54.63608926103204,2819.683572725252
54.294284841816335,2810.3119001123223
53.9089022091559,2771.32020714743
53.77917879924928,2795.4695338446404
52.94731626033121,2831.862097110491
52.54105610943698,2790.0667715324485
51.14973276298517,2780.8127435168776
52.243320976695856,2815.101536504233
53.54740648391551,2764.406947522231
53.16549320016904,2766.5461085718675
54.39952876752072,2712.6440893502477
53.560531973884146,2766.9617586200893
54.6963954787665,2758.0738920553267
53.17269193544129,2842.9593363488134
55.005943956904765,2828.025277093848
53.083447558922884,2970.0110993119
54.970726097937344,2859.1279261699083
54.318677999527125,2798.884650918907
53.93330015631283,2835.2257185579747
53.887222011482436,2905.8216968135703
53.080122621927316,2897.0393293774696
52.38999612621268,2817.768335405416
52.26357692939436,2801.4642729948114
52.12513117828952,2842.874841690004
52.453119801771365,2781.1972976514803
52.15978407084775,2776.3994978340593
53.13150293453098,2766.116769790979
53.97626474801576,2759.4510161413364
52.00505491633231,2769.358361989064
52.60130263511401,2804.973662623571
53.447165368007695,2798.654981139051
53.71866129536613,2759.6035311791575
53.29053411915778,2768.2061373391016
52.859338598763514,2872.915108400609
52.765180123472405,2933.922152180976
52.57483070636817,3021.27941452938
52.33674987439907,3091.8992570755545
51.81223113425112,2945.344948998013
51.8732454551735,2956.6298125673593
51.50332426470489,2903.4519525156484
52.00621779789923,2852.6048315566727
52.239345024113234,2853.7942682113858
66.62322064973553,2805.2400914419577
52.164254052476466,2825.7139960720765
52.20681247308209,2817.0642611355097
52.24585229358567,2855.810673947431
52.2492066119096,2973.0500210351465
52.02127926177913,3199.25771596119
51.91943893808905,3342.15813046516
52.01916862862965,3458.255477576594
51.969325775735115,3407.890426564002
51.909361843762234,3236.455434687838
51.76674830322088,3211.1597339040177
51.804439876724686,3155.751572288993
51.50286629840605,3161.6061534332885
51.37935474376229,3169.3164235517934
51.427402468534176,3156.4546274449754
49.45855618735304,2916.2524693517767
47.60644850756057,2863.1555199156173
46.79701695926387,2821.7265810710346
46.138963627346165,2795.6311364881117
45.76597080301613,2785.4686839984447
45.34485707103944,2774.5251479662825
45.15533803964743,2766.5330618619278
45.01670235435866,2775.8759021640017
45.061760891290874,2772.3186024438296
44.78901160035319,2768.4146343919115
44.89034375258276,2777.40825297374
44.85843808283201,2792.219575099211
44.686772884678405,2791.4756581559573
44.733375790534055,2805.96789621697
44.48242538901086,2789.3484051017667
44.20308720404785,2844.0642461094058
44.23725018108688,2792.1126136547514
44.26571525004002,2817.601843810021
43.98550114374132,2799.2715964124054
43.78933153803929,2819.160995407264
43.678957978142506,2821.3567255857547
43.58190668975263,2863.9930159294545
43.493960681919546,2848.6778438207657
43.714323195779556,2826.2503148071905
43.51216634932906,2829.707860409399
43.40121623790486,2854.9624016529815
43.689144119601345,2867.2560989616054
43.594250440200376,2838.3777717026196
43.5552296763378,2869.928261220957
43.89615713261223,2866.945593787872
43.7235029328655,2871.649620061946
43.474229814353265,2828.2125683813106
43.728287510505346,2881.010141751878
43.70003891086304,2840.226671386894
43.80637325045991,2871.5860085806385
43.653492877541396,2867.8961151399417
43.91022523174567,2821.7837038865537
43.9608660213956,2869.4615475294368
44.35582300274068,2853.846388215588
44.289330218672205,2852.9156344721996
44.55844191738944,2835.8892558637817
44.57984492112641,2867.300146415546
44.739763542953874,2861.7387742658066
44.68696863507215,2834.945867651462
44.893840143044144,2897.2603716535377
44.96715913326699,2885.7483322583794
44.90139993254998,2857.1316584042743
44.791531463401114,2868.8127124609523
44.78133717614044,2893.718359621423
45.01995962207459,2893.364119983119
44.9758275588608,2912.5219748246745
44.905944727867066,2878.3938028504936
45.19260951288755,2866.2983549019173
45.066495668100174,2919.0789526272183
45.08569590560781,2879.084654666399
45.82361524271387,2852.767281551751
46.97174473981792,2883.969316335963
47.48952418769232,2833.263742558444
48.24088044610946,2836.76720717882
48.664497285272546,2829.749752727106
48.73797952866694,2807.048476706855
49.14594117913106,2808.164674712043
49.2004160165022,3046.6703211020294
49.38418468957379,3039.6374251819984
49.57588706448428,2884.5738621429555
49.64561922323996,2865.5050922478536
49.499494133033835,2923.2366182764686
49.67167976216883,2849.4795159850337
50.017257475165046,2986.415994211127
50.10283810614234,3150.0917047477938
50.00758275062769,3162.3913948667428
50.20977275048478,3094.5919648762856
50.063844797770756,3137.6502195134976
50.04347661631252,3106.003128055445
49.88036099642274,3128.31349575028
50.08371613327148,3222.0087994646938
49.933005859524826,3383.087654851403
49.847421301158164,3434.361715491914
49.86082780782375,3520.38854148898
49.52421015591634,3533.8732478035836
49.89680112687062,3570.1836318829555
49.769646229942666,3512.596214917653
49.77231156425559,3467.1599012478478
49.8623446972129,3463.8819614735467
49.65338555358723,3467.683757232111
49.89075429818794,3424.5589994343163
49.829362834954,3411.1326535696517
49.75452994274143,3377.279899697329
49.69502476314976,3381.0445775774915
50.05559564616122,3342.223223913916
49.91078956513291,3314.3949545479945
49.93108054240233,3315.8055296075754
49.91411241143883,3285.7874927537537
49.855275449158725,3279.8849629729943
49.83995353101595,3297.509576077736
50.10928038583461,3317.7465479951907
49.95773233224864,3255.445321212725
50.022169208850144,3296.6554038423023
49.96115810045447,3388.643603741852
50.06187217362804,3395.6116554838322
50.2076015560007,3341.7900414066444
50.10429283088488,3308.6040097007367
50.25970573740493,3322.9437229564196
50.32250766895079,3339.1456213751117
50.56980518751208,3310.776031002565
50.394697019747476,3279.3791455242117
50.396126077033614,3269.7473278214434
50.52665687502807,3306.6001910540344
50.412733903528476,3322.012107022386
50.34475705527082,3301.0262110830135
49.83508627181087,3312.7617373626426
50.1048376600603,3377.309409773062
49.978791425976226,3359.455737670897
49.92406986886172,3317.828320448814
50.00015428718567,3268.771972228519
50.314172029713276,3303.744104936034
50.380175112951655,2101.48820735986
50.492129937394694,3310.3970217664737
50.6129490826663,3368.407596502914
50.445828253767246,3348.4320211189906
50.468387817735845,3270.7405123785547
50.37805814270931,3341.6960693182145
50.17579256070697,3339.157426478221
50.24545978627233,3332.0507512778263
50.20860920454864,3340.37576244856
50.054890744468494,3258.838466209734
50.074364150901296,3385.172516317575
49.88827990355619,3385.710619565052
50.03965827265053,3282.5633378891607
50.16887026346123,3269.535817732295
50.42281748277066,3307.9950010794864
50.655347440570274,3287.2458947798864
50.70129025735426,3280.3308140680356
50.74892394326841,3330.9692346072607
50.84954811593144,3381.847902676708
50.511454971261756,3376.8192531829136
50.276900064013795,3374.6515347222294
50.311582608409985,3373.4003328583444
50.12457622282746,3392.011773994115
49.90981051557071,3370.6121588740407
50.120087074401134,3377.183068729096
49.984982920332996,3345.763655613896
49.98550614908154,3342.143840552143
50.02361776484065,3286.8129075824595
50.41656478122981,3289.596601150507
50.630263685224705,3294.232786592388
50.45877520548407,3342.68193727406
50.774324223050655,3321.6455948721223
50.74537950841331,3326.1087916952033
50.78468423941588,3315.4117246458586
50.93431605066297,3317.393953602044
51.025930286259566,3344.7898684849943
51.26546263460268,3345.9401754911623
51.058496779806774,3330.1935028438024
51.24694288368053,3249.913910886177
51.14532420292673,3234.681095111913
51.23907185285604,3359.5208316528333
51.31816588446008,3364.9431610865577
51.29564368424171,3318.09984417522
51.319336287192044,3341.6352304360635
51.26615891731662,3324.846277482411
51.129961983574105,3293.058316473394
51.19051709593589,3284.3609211712287
51.070695416918596,3328.591804692781
50.881196092069885,3391.12752488086
50.80831370544226,3313.186492724738
50.46598952601672,2106.981863993361
50.17032179293422,3333.7085314648457
49.94745792932916,3306.0235244111987
50.158018143886125,3328.7740154026837
50.168193212387195,3431.701703583636
49.871057971835974,3454.1104887042125
49.594870597350365,3379.4730363465696
50.01304088652637,3364.160653162802
50.329763710162574,3290.508358602884
50.4443176237963,3258.9687007544876
50.5380621853561,3229.6804970882063
50.46419726595232,3177.155181917887
50.748721073486095,3161.8254668224176
50.828509711060384,3144.979718322813
51.041308748960546,3108.923565873779
51.305216560193095,3068.4547014896893
52.05599831437088,3087.981666797988
52.500035988636554,3134.4534795180816
53.13773813625515,3168.280191407369
53.211541548098296,3256.1853704516343
53.06151588733222,3282.4506321641893
53.33968947938513,3343.695332517089
53.358563519553236,2153.171067000133
53.26846950823793,3308.4600666936826
39.146823617219326,3257.453272337291
53.67208052973851,3175.3845021188126
53.370834639180714,3138.998059963507
53.358603677525956,3049.8536037668828
53.16644651482698,3020.9474517641484
52.40050726178939,2979.946235902132
52.00864430732817,2931.774838612695
51.19031702310262,2938.5194117529254
50.940365796938956,2908.1955803407172
51.37562338555766,2913.7595498553446
51.48380963717102,2891.7650306132723
51.996043407500906,2879.335382552502
52.156558206277744,2854.2077628955158
53.172170171348654,2838.6764098916483
53.644116397786206,2888.4285090033973
53.74758456045155,2943.70016974359
53.86923834879539,3021.7644238569264
53.38078978564536,3105.339638607388
53.7668385161767,3076.367603820512
54.144733242517646,3153.0781930882777
53.78363840628184,2922.538902504748
54.00371603242816,2891.4141275571296
53.4081311156184,2906.995925103322
53.14602739707849,2949.5963176534506
52.52380002454247,2858.110558947355
52.401160367772185,2864.134851517275
51.8326079008113,2834.9501400711056
51.43744489931272,2784.2533648146537
51.93227152379825,2762.1183701347645
51.95919201699543,2761.872432726466
52.23411091024773,2753.513242575717
52.354409004604506,2731.6758128790193
53.16008239862229,2772.2485651389
52.87489389172232,2822.602666670345
52.98766408409112,2796.462731518594
53.384054426661635,2824.9285141918213
52.8865600842746,2826.4449410554425
53.72619290025298,2802.6328774799213
53.08905710038094,2769.158269001797
52.83435478197306,2787.8090235473314
52.9804428847817,2789.4641780145535
52.917808863677635,2772.9931288616335
52.69850396168903,2815.0561541848606
52.64928890454276,2860.6507570189146
52.59507089290049,2892.135936285567
53.06126537648323,2940.7825870770907
53.687723071478615,2916.576227344886
54.01319845086182,2900.332363088175
54.11640560651122,2904.024218205776
53.946126563934826,2973.9426085395407
53.867787104221236,2981.6900599500286
53.12224908414335,2904.606799029259
52.677859518952914,2904.1492286930056
52.16709296637816,2854.6213497302574
51.70729647893897,2840.5567416350527
51.757587505225075,2816.0558186278226
37.07702691558542,2785.523153649349
50.91850048033548,2774.282706721103
50.96550362351461,2737.6286582471616
51.43734571059855,2798.9187048020726
51.31163456461426,2766.1366761685717
51.586379656624814,2764.9583350423272
51.596957736708845,2795.9412308414617
51.88414262358971,2914.071827709973
51.62631076555803,2954.1031972329874
51.658246583504976,2965.5041389144176
51.920017589221544,3068.6879900549816
52.48710398693879,3069.600892540287
53.03620898621002,3063.5626874613345
53.22195449517382,3072.992472055929
53.261377206412845,3121.077828230727
53.23702487903738,3066.2697833807506
53.39498586505532,3165.5314659559363
53.21289963774612,3143.9687776804726
53.12954360647639,3128.3222894034143
52.64804805918794,3014.1802301676225
52.83713617183702,2997.689970966298
52.558816702240556,2935.6366055940925
52.596732550694654,2880.160435405437
52.830552925354326,2861.357572690623
53.1931133584437,2825.5570692300425
52.97536863545464,2813.7911382840302
52.68234747051893,2795.086577024256
52.93828855136448,2789.2376239002583
52.83547741230259,2825.9387397004048
66.99579618350198,2931.1902530212606
52.82272014230604,3031.169969963206
53.0779872287915,3113.340811434032
52.77710914372117,3121.3925057123456
52.464867980570006,3095.039431414228
52.39765523140229,2994.4362580422844
52.133490402854854,3026.476548430189
52.020868544964,2955.662316807791
52.42390861992838,2930.304999932513
52.25804420088329,2935.0850668790563
52.25173542181852,2871.8562769102145
52.32024052836519,2873.7725782377006
52.42149537866568,2857.1298224617617
50.7362684100418,2855.276935591617
49.05521636583154,2833.154112252194
48.163122148683,2830.854375449343
47.4002141267388,2823.199994549309
47.1616215420313,2820.898340793437
46.613613526903805,2788.8640373750122
46.411225051506804,2789.9672592121424
45.84101921260392,2782.944175206694
46.19808889578928,2813.599837350514
45.96475466409571,2806.9884232063305
45.92458695056429,2820.3384062692094
46.04436257395909,2804.7394141655154
45.79439557178722,2821.5595077529138
45.66558467640374,2839.5805849049075
45.657189158478715,2835.7837162466985
45.39782084053789,2845.0888195063053
45.41737353854164,2830.2846822756273
45.2731272648106,2838.9181737507424
45.06582094713042,2844.7809548944315
44.91041498485234,2856.1344761146715
44.85799563090836,2865.6670628944407
44.56011243611606,2876.1914179091136
44.54277505220876,2897.0397767604336
44.429785749871456,2853.9574548680794
44.376165732020944,2899.7858442995853
44.20807729661128,2875.1514244371674
44.15325000698837,2866.478320853017
44.15716421518653,2850.492836867745
44.09007373772343,2924.335281634899
44.30564934154138,2869.205269282721
43.9246621386029,2871.8265366668584
43.9612233636598,2922.5855759119117
44.04978875604873,2923.2048929688817
44.324585312518025,2873.6686385257553
44.328123236740694,2910.1798352762107
44.23566159099119,2905.6730546849303
44.32942178173321,2906.7194655192425
44.51785233919819,2936.4500970985623
44.48191469277051,2920.4462676729795
44.717767559774224,2888.4597311593984
44.928787671836425,2936.4087265117864
45.51338358437338,2941.3555966078643
45.77263547875444,2950.712676191859
45.8432073267298,2961.2508146527002
45.728305689393764,2952.8236371232424
45.97531441595797,2949.075815743274
45.719589394291475,2914.6900596114087
45.7375544405851,2947.1302675769507
45.90571793128901,2948.8243044048904
45.9704970120561,2948.9552783648123
45.92336203969529,2984.0191896932483
45.97476526661825,2972.1656202353433
46.395698860386425,2961.441936461638
47.40235983102184,2983.937995068228
47.972664436523985,3211.8189274663605
48.94279111366521,3087.249119352397
49.057554014469446,3282.805801180185
49.495147791375445,3126.627618193911
49.87737364339198,3084.9294293458142
50.03617697134604,3434.525861687139
50.3588848606895,3340.502959138567
50.41214522145617,3239.0541510607095
50.64648077820428,3323.942689364375
51.08172339124305,3424.867445116176
50.96248892572012,3437.1616952565223
51.09171439187651,3365.668430242491
51.4712806713522,3281.0866611058327
51.43786674232753,3272.536636813522
51.53607798502853,3260.0950163598
51.62891240669741,3239.270157699491
51.68658268458912,3158.879910967552
51.73705748766005,3224.4660568196787
51.601610527069944,3331.1009232372426
51.81366673471288,3448.400280546689
51.82340316068075,3445.2686911077385
52.06264242283258,3426.108272563537
51.90606359746367,3365.1663253034867
52.07474798879281,3371.234593049463
52.19223406847121,3355.96709624721
52.16103065141761,3323.253451834948
52.1775610391863,3312.7195198718046
52.134000105175716,3291.8677213497376
52.17791500020559,3344.6464412275955
52.21624249616983,3418.754261282526
52.44789870888799,3497.004316784937
52.38358045226707,3423.8285137176636
52.48923752626952,3408.8974680226484
52.46324108440253,3387.8099155173804
51.77382975849682,3366.28981513122
51.373659861572136,3318.014020220167
51.55733878645972,3281.2488021312383
51.477702721385484,3315.746227967836
51.46627916930929,3240.2553072944665
51.35345252509012,3301.5205459937542
51.31508735223572,3260.1195106143214
51.51507916602464,3290.976231145799
51.42171303500537,3310.500248812391
51.3251757015464,3261.4604087244734
51.201768780467965,3322.3594102999245
51.52851280288688,3474.3588113338355
51.34374640705862,3565.3909020137044
51.1760072680005,3416.8358662117525
51.213796068789804,3365.0656560136167
51.11374032725027,3336.8020573580857
51.29132570970002,3287.562693003024
51.301603705472395,3283.5248824743176
51.59031670676039,3257.308697477498
51.35597053872189,3227.814452964826
51.431170424352146,3206.9449211500923
51.33650398915561,3168.3637432311475
51.54475173415448,3256.6671588756017
51.25617459334431,3271.3951330303144
51.31419754986601,3343.661129576947
51.510175956163465,3359.801403289135
51.38980056875616,3472.8153009513853
51.51791247404145,3425.215153539536
51.219257734979465,3338.777409782088
50.92551724231281,3283.224499889943
51.38035705594015,3259.069415355247
51.397207288970556,3252.915491669072
37.32230898116609,3241.399609721178
51.64556822979172,3151.1553094262763
51.503932623640246,3161.6571531325076
51.43073128129874,3205.34069669373
51.46505851966849,3227.076695155809
51.59426409742342,3270.654433304272
51.29155096508227,3298.945031216258
51.60047752981333,3366.3267142967543
51.59671101940683,3479.9494741769095
51.36939274725067,3441.1590539052368
51.57802397895462,3391.951562364833
51.432924694044544,3337.73861521343
51.613240840678145,3298.1191966949254
51.671533366445715,3280.2033655512632
51.68462163637935,3265.637112518103
51.52065623507043,3252.4506414878756
51.73707070223092,3220.674108772863
51.464021112049814,3169.2369761204536
51.59116912359015,3185.588875207361
51.68825586298499,3259.0046267450725
51.62093204379849,3296.48070209786
51.66850185389008,3591.23148931587
51.5450068440885,3451.4639486824967
51.0487112016818,3374.9777922094763
51.34347124796097,3281.8290140484623
51.34013603508013,3294.37749981894
51.599630821248674,3256.3006077764626
51.480967649551474,3292.960695192647
51.4821632002059,3279.369999722144
51.722345031264666,3206.0003093569244
51.55357360454375,3198.833818657424
51.26081952713399,3314.487973920059
51.246601868742346,3420.485219084606
51.22088843076084,3437.5302983990964
51.10537969757978,3445.1495092949044
51.39951660214392,3424.508804919026
51.14804870096833,3360.505354876994
51.15626985581775,3356.3261936243553
50.91617908227239,3368.0826060741706
51.04768592159941,3330.0755476324375
50.97707022820458,3330.2062361759645
50.86445248996057,3332.6112662108308
50.93556270645033,3327.3471301081067
50.741377688186944,3407.8900331402383
50.83103292416055,3402.270812180297
50.67894453961838,3419.9805958722054
50.66061341338339,3380.215099725853
51.129151385803,3365.721453604853
50.88562764528122,3369.4562470214078
50.90999496408806,3376.676178436922
51.0145230076735,3347.802354806966
50.918157305528894,3286.7909473149516
51.10271286090175,3382.2640157234555
51.21125154387447,3415.927133299606
51.30965320927268,3399.627014371007
51.466175821155346,3359.1307474385435
51.459645287263484,3366.7740745028614
51.7777961731739,3332.152466022416
51.83686794573106,3315.7674634475816
52.189647218506536,3314.823240763406
52.123183037135504,3307.306238765689
52.36353849301865,3387.8913021457265
52.32076581474507,3445.188977335457
52.76770895177073,3469.048381263795
52.83598690110789,3482.9608102050825
53.02625613293037,3471.276071706019
53.284596627549504,3443.4617576679807
53.46863757590891,3402.4204806676044
53.42426293992638,3380.220559605417
53.47922630702203,3323.2849524557796
53.3083994304088,3305.6700809434733
53.505667395386084,4502.346825302551
53.430771608045376,3260.9825102978125
53.676706163978245,3243.366644208486
53.61193539079352,3241.3359134472184
53.347350585310814,3158.888912194814
53.373146032995606,3114.4940187685897
53.55783499582647,3086.094895382512
53.64906639492496,3502.588912288519
53.45923134752636,3122.2210607169736
53.60157909281425,3121.5917965426656
53.62108659888783,3183.578162896192
53.79109560140178,3116.3539090626564
54.06610219303427,3168.5827920665915
53.49526663657046,3033.4406876765815
54.18470730288925,3249.9307878343893
53.755921393123856,3051.0394620207544
54.66570880050156,3123.335625578536
53.63129951565937,3005.7390863785577
54.433764341637215,3065.9615800037413
53.97325607784086,3060.995912617581
54.9813096659405,3047.697394777835
54.216832799772874,2973.1071128233625
55.11651283135765,3079.4453676748876
54.57897110647841,2944.2012210815246
54.48732321569604,3152.0114853230853
55.351848713614736,3019.3298523676585
54.45640227767669,2945.8502114073976
55.349775183295066,2868.6470901455505
68.65076068314298,2883.444698802555
54.48850008732951,2927.1439199621263
54.233071327884446,2935.362807897849
54.64381025022449,2960.71393984068
54.18015853636112,2927.4636262266486
54.90114255242477,2913.5836194208173
54.82495895831626,2872.271767851448
54.67689860136572,2840.4529570399723
55.3517209590114,2794.62270468912
54.964379793426545,2866.074805731243
54.89686053269736,2876.3163347579525
54.63344980511195,2878.171742930077
55.05243756053585,2881.194931979592
54.950847411683604,2885.2371283112707
54.372560500940665,2951.3373753416818
54.54709602232565,2869.461545133829
53.43281770548008,2893.858937670415
52.946608255956875,2877.9936421785783
52.84525439948267,2901.452111141247
52.48396519827536,2855.870714435309
52.63747633077315,2830.495954099433
53.13721522659459,2809.127282594799
52.61889248487344,2831.3015254839047
53.295700464401435,2806.4804230230848
53.1677211901618,2868.4625479734777
53.06154394768198,2926.538669826821
53.14159030983316,2891.8846519799404
52.88957589985942,2954.8155031817114
52.64146802925706,2971.496269535925
52.814916062820146,2957.134095936003
52.79656871140567,2997.337783170331
52.742822519107776,2988.0019459807954
52.77420512508476,2949.9481788725034
52.62189490236601,3002.240838491345
52.46251785072007,2946.700357348747
52.601591898102484,2927.802388427018
52.523237117103434,2916.531424567198
52.418764133469224,2968.8607443914934
52.60277008428401,3085.702896824533
52.17173825184284,3005.948343858439
52.307400046475,3069.743533508509
52.06101493039929,3249.098244138806
52.18040573457322,3188.228358507179
52.15355867967783,3173.4382414235797
52.073134211300854,3243.096164155279
51.85649459627817,3185.8380278053965
52.011405314477365,3254.815400894571
51.733626994761266,3307.020264162925
51.79023625830051,3272.4161861291373
51.78345732107347,3265.417323910676
51.50041575595132,3248.015391768352
51.45199702276198,3220.5471853775175
51.37061400821723,3273.3244023398133
51.28214102599102,3252.6025577064083
51.04808043611109,3232.437716900972
51.05690752407541,3234.9243571384904
51.115759574472726,3195.594114484575
51.03215662264835,3288.566007494031
65.05764363586191,3272.595834772005
50.52611852541532,3257.549347588652
50.22586305407596,3253.7271176322793
50.39061987499083,3239.934387926285
49.59804295506986,3126.9440492141016
48.69225695486066,3008.3979407423662
47.83759707860017,2934.935983793868
47.742243991108325,2878.162664391693
47.33785971690972,2870.2501232888035
46.920540823381515,2846.4706016693804
46.63769375131627,2841.517196110474
46.40311206287666,2850.611701048526
46.1997631927927,2829.213191795083
46.16364697338848,2832.983436212331
45.956949017528146,2828.857683000576
46.175857112905305,2825.5790617083994
45.893147196372546,2840.7695784959383
45.95891518856844,2827.9803147133307
45.81425822934383,2854.332981994121
45.76192162971752,2836.307979335202
45.515597212239115,2847.9091688836943
45.7823575520681,2852.2484555457686
45.58665237254753,2859.7777806742415
45.50420079639997,2844.9432376964796
45.46289657460789,2868.166794971882
45.453889045866944,4042.9030628933833
45.43004317444917,2877.579312316819
45.5120021630069,2864.8111659181286
45.286845875301154,2883.0341084729744
45.27305660723108,2876.6784433332577
45.11209656519668,2884.1331380477336
45.222825860601816,2879.2976839718413
45.31643774036142,2890.694667261645
44.875037905537866,2907.2064331071097
44.43016201830399,2896.859730699248
44.66297256341541,2897.212354280987
44.54228812935173,2894.244605210672
44.581670393136505,2875.913102315334
44.70384657773632,2871.6628058200954
44.90083941444239,2893.22810277213
44.84410543498299,2878.663851785535
44.90920712559749,2897.843971391908
44.839564989008274,2899.636794222495
44.7561095455692,2885.8528519935435
44.98601110916911,2893.733475568097
44.86487499960273,2908.3464196851282
44.81002954562203,2884.67953205454
45.1343318391462,2927.670625135061
45.16096499102433,2883.6809190650247
45.250134760786416,2882.8207951905024
45.6002373509516,2875.1275222039194
45.98784312404797,2899.0988942081094
46.07839563986663,2887.20217708519
46.35360956353692,2882.247700612902
46.24781264753847,2925.316795844969
46.44637959086432,2896.248140197423
46.40921428036791,2890.232473985202
46.253315808615014,2919.9709010141923
46.22397768635517,2916.8523093330446
46.41587180739843,2920.8267760286626
46.45519505164678,2903.6587120368504
46.28200452828574,2947.6256240722855
47.103112630702995,2925.4827479968826
48.021335717727936,3112.542701378398
48.64186527134168,2993.0248630382166
49.3512861520293,2991.8036737728194
49.9451389406759,2955.3764548668128
50.28534531498269,2930.491499726775
50.64941618477412,2914.9983114608676
51.086122905900055,2932.5106995857786
51.22547027719702,2905.7299862393065
51.554789305343405,3156.6177767332815
51.75380516090151,3309.280506229004
52.18017488665153,3341.256150486956
52.13742802829994,3217.8790042768405
52.56608190021853,3154.185372008782
52.53488086125477,3125.208248235307
52.63373557844871,3076.8517478062413
52.783380603116115,3057.615647566441
52.81315410184708,3056.8672873969754
52.88616779460665,1848.8228956405374
52.9359357303836,3186.187420929634
52.905306564645954,3403.1358966548014
53.11849834228704,3599.0966165893587
52.96596517902371,3688.7915797473224
52.966414411136384,3585.391011773034
53.04146162287605,3475.0867696504065
52.9821372958962,3365.8368602859405
53.178009750158765,3367.145247359766
53.20472829321629,3274.1963061218275
52.96982414912219,3267.80140303224
53.2645510762123,3193.1509597395075
53.222390390852084,3177.901690911166
53.173139517647954,3156.26056212644
53.37629886212004,3118.952839969508
53.20965669444787,3105.6971660250765
53.05762229158425,3055.121891720265
52.99761288927026,3021.441643508134
52.918455416428934,2994.468776591816
52.336318809796325,3008.2349936369087
52.25546747631081,2932.0822541487705
51.89962117705958,2947.8504130196734
51.99940163839321,2926.728044404734
51.968164633808655,2928.2698505418984
52.25689634981042,2970.522309372275
51.900172584173305,3026.2377888776737
51.863414815466086,3135.8336518452693
52.04218382259478,3369.9139630869045
52.126734621813014,3505.949763601282
51.985507402786354,3379.815792389578
52.04102662818204,3345.8304386360096
52.008071180330475,3309.8318876279113
52.001909128498184,3492.7051875059797
52.26363050293819,3499.002530715118
52.151635521151576,3486.7444343583284
52.269462244505014,3428.9288640247273
52.180939335692365,3423.2963848697086
52.381192983811616,3415.974263534177
52.405121264583315,3388.2064519249543
52.379217535523075,3391.8847802477517
52.34683312894866,3325.926446142084
52.644606778760334,3364.0070872012825
52.45353324085359,3344.347762047909
52.46699748300695,3457.6852373779443
52.5363313397248,3514.2974708159045
52.6391934174642,3510.7809480772066
52.65334186385388,3461.5015249058233
52.541750452469365,3421.7725564344587
52.7211076805241,3406.925997259451
52.55419988896968,3398.055985628917
52.703372246825076,3341.624702807101
52.605834409306134,3395.7771631586284
52.39408266414014,3370.589580276449
52.3591183705482,3472.1447284641063
52.46161184092616,3368.3892936958046
52.34988135988703,3361.541958331416
52.38282518685599,3438.927544990883
52.24044436380714,3374.3442024460087
52.43761426277631,3377.4965425669984
52.22437825051099,3328.057167002281
52.269724759494444,3415.427727391095
52.2597417581015,3474.7136696565885
52.19247700702748,3446.269511054844
52.28020382853758,3418.2503248054463
52.075728880179746,3377.9630832178264
52.07118965103474,3327.402921907458
52.24084400810622,3403.4234301801575
52.1153795011715,3421.7430776845326
52.145317419915266,3442.250030462632
52.335552780489046,3385.5326010220506
52.01604116359624,3358.9063520528593
52.05898343747337,3361.0737837445326
52.45091695868305,3510.25204963786
52.06300334454073,3460.363057827045
52.065826949228466,3436.9094788066022
52.08221347781317,3339.8200810439535
51.91337040365161,2274.4022556045534
52.17323934875326,3343.996272675904
51.77909628741219,3427.2858264535735
51.70819480999229,3439.6906120640983
51.71228832595675,3364.565582554196
51.667012414455,3343.966901242694
51.71832046727745,3411.6699636575568
51.680421582094766,3413.2457677166717
51.762549939763446,3418.678143608093
51.76468771371211,3387.2356213954727
51.66642586395482,3326.1377476566845
51.626322029313926,3336.3325948963416
51.53017995142889,3482.669488012808
51.715359241680275,3402.9594238243008
51.79555699739471,3437.9137814153714
51.512484187341826,3426.3792125275977
51.709996080572814,3426.2527660533556
51.41993599301006,3354.341154208842
51.431257015372026,3392.8845996055243
51.44819368503835,3405.550870870663
51.48684984280688,3358.0967236556016
51.62132667338322,3336.5372582738332
51.470940898538544,3399.713188632679
51.46475786395354,3344.213604250012
51.44728470381275,3430.3342592549234
51.453750062415594,3451.029942418175
51.574497203450164,3431.654721409352
51.22950136216769,3296.302276647959
65.06162035527703,3164.4583502929336
50.81195041542168,3092.2112906243096
50.93650455826075,3039.045161755216
51.502210303688045,2998.551389095004
52.131057210816095,3008.2033526996047
53.018367568879356,2991.818825720559
53.784434491895986,2969.092220849765
53.605718118740924,2944.3150297709185
53.88447693138181,2912.8230326644148
54.16547894844447,2923.4845763409967
54.45074161302718,2991.804101307279
54.37741682716351,2962.53687728205
54.17267387286689,2989.488244731804
54.50704428763464,3057.452710138044
55.14406495865583,3124.678369117237
54.58218441227821,3157.9457172923303
54.99409309358403,3180.811315355031
54.973054267931495,3156.4598221129663
55.11498940643307,3148.9134878494965
54.64885559595776,3252.697426512628
54.66430532302766,3241.4576594959153
54.66035169249194,3255.7177551743735
54.16186780748188,3255.1276299172514
54.29783724262279,3177.918467629763
53.104996344586525,3163.144812549173
52.869085912883904,3293.018280759818
52.16026642200599,3212.9533590887895
66.44419945774032,3218.0399287699906
51.57011525434976,3088.8079553633333
51.31799001183733,3054.649700662465
51.404189198540124,3089.9488710497917
51.837449342388965,3151.17643361483
52.835974149386345,3077.2292863694165
52.39287924716935,3011.2928008440363
52.65462418789499,2998.81209534173
52.53022397087716,2995.7534756198334
52.800262389023516,2977.449676392109
53.17301511281675,2954.424136897504
53.05668256520481,2914.2947231281487
53.846533462817106,2887.9537894243153
53.062053352212956,2980.102871921756
53.1205753995321,2965.994833700571
53.249409375706875,3032.0491277190113
54.24526713349165,3042.2273215224527
53.81885110962479,3062.2293613080915
54.136064373835374,3165.173853743596
54.200893470186756,3091.5117395388033
53.510701904256464,3141.0309836046213
53.87544607563308,3149.3196872238304
54.110083518980595,3143.19388479354
53.95443768657692,3177.206721579394
54.51921806719545,3048.64049504845
53.640470226238904,3142.324336280686
53.16790039591342,3094.1029868538517
53.01127589874312,3026.0073488646894
52.50183433856289,2996.829853500339
53.55823319653923,2993.9526112510543
54.187486099775626,2930.460208769747
53.432785560371386,2927.927500332942
53.8578934345971,2915.360240585043
53.88048784255558,2978.411889191904
54.17308555796417,3030.854816054046
54.27486053536185,3039.1907516982906
53.50591839616296,3102.0741510922962
53.47491648564855,3085.496966305896
54.03842766451761,3089.7316689484906
54.25845552405922,3090.8394318228793
54.807805648792694,3034.272074753928
54.55221704449505,3054.9397302558737
53.880015061673106,3151.664596147379
54.316525199716494,3154.8338223824912
55.03704833512461,3199.8777400668623
54.15656973337505,3116.6135116830574
54.799314422277945,3184.438610683867
54.49236726131893,3209.015564410567
54.69287449416636,3221.1807295531144
54.24703130962914,3185.8126355819113
54.299197394531944,3259.4628900187945
54.65324029882419,3262.8995791908287
54.56993945976612,3097.087917107751
54.18174677443329,3067.988888857063
54.10952865376477,3104.3981457285045
53.027016407495154,3049.576778713229
53.03403036140888,3042.9292354829868
53.28792655119743,3021.667090704753
53.26607947890015,3006.81162374906
53.47709786939424,3059.541329873809
53.514432551918496,3212.79633904176
53.78679549121773,3277.4310440251065
53.48144635744986,2197.787164183572
53.35644122589349,3395.685659729012
52.99791586888101,3479.793473281622
52.992490251319424,3366.269635042514
52.89448092626351,3478.311124636065
52.67394732946092,3513.8385047988963
52.64679358080919,3438.97117240994
52.482554179660866,3409.0428437955247
52.13191364131046,3535.668795709628
51.88950726292116,3384.5253088877216
51.77035791813316,3442.6769796389985
51.75476951572966,3408.688537611115
51.309552040271655,3383.4097827373407
50.927159265588784,3420.2017557803883
50.78307894101847,3407.9305114538897
50.0865087891965,3393.192615748239
49.819155735127616,3348.80993328965
49.37558757742005,3381.1617691257607
49.17325666565145,3289.868152681732
48.87798868924467,3320.538989483167
48.196730668893736,3279.675582574095
47.67342005555312,3191.261824532655
47.2662915352504,3161.835408392836
47.08275288402502,3118.4942986506353
46.707464682122485,3085.9939661807875
46.45759790225356,3068.626054694116
46.5011966035354,3080.0591249436825
46.24235636121307,3051.478942183876
46.01605230550257,3060.0777704599295
46.00666550425774,3080.017745838338
45.872987595072885,3075.89375029034
45.84246374897069,3056.075778978814
45.755310570741244,3080.2897746036524
45.619230574606505,3076.8765904973393
45.498163238237744,3081.630760558649
45.47377857063949,3058.6884340948736
45.5026172868132,3080.289367182383
45.11337176912811,3068.914526377054
44.815789506444816,3046.0692924439986
44.79847736761231,3038.694409100676
44.30065035294163,3030.149637736995
44.37334544724182,3039.3531260428826
44.45730980802843,2998.8250588151086
44.74034517361625,3011.867920961895
44.84501436178755,3011.1472096990883
44.59179591985102,3010.200346827827
44.78310161209178,3020.6739777456805
44.86124219234249,3018.8658304318665
44.61666863866412,3043.8102056247394
44.6478020090636,3009.4761916231682
44.477648423182885,3015.4066245844115
44.52149909558465,3012.678539169767
44.56619384683133,1823.3230552535056
44.505026455046796,3013.6820780035523
44.48756275064757,3008.104821163982
44.56825183779074,3020.208179131893
44.82184364075915,3007.034385826218
44.6546863081779,2994.6049868878213
44.958251428779086,3020.554478549369
44.81207884574931,3004.075191335567
44.78384105754783,3010.4148298283644
44.55506393354054,3002.765032540973
44.795629877505654,2991.819037881135
45.17349636090148,3008.579931698057
45.41426874297821,3010.1445092624226
45.53317838965269,2997.027360187571
45.44395231805254,2998.5575818553443
45.793675597695625,2986.170112187011
45.82770365271146,2982.4924013384007
45.881179629502626,2987.1081238166703
45.81371905741685,2987.630369170635
45.8545177060044,2985.6488626337973
45.67801433583216,2997.0899385470143
45.87335820772651,2987.3632095612784
46.02613229361104,2984.6640173304577
46.18282270822516,2999.488836918386
46.26106222875349,3013.734594299171
46.224558640681245,2999.3342471862175
46.15265004187346,2976.4333598102207
46.37806773314825,2986.0981768780684
47.06825154149054,2980.984524173048
48.04435235973747,3032.2595192620047
48.71414524225494,3186.522059343633
49.244530333302,3316.9706113320594
49.802841741619446,3372.410375233403
50.12215622078784,3322.2395779438816
50.39762910359215,3542.5601203034694
50.66730071328706,3442.009874895548
50.735445058823174,3353.8227301660827
50.89895898386342,3369.2697629360487
50.963705878056096,3292.824657037907
51.048500602212485,3328.4981625076
51.16666689260172,3275.784813913742
51.488772637646335,3269.611709603365
51.5585695468439,3225.2205103068836
51.53080306368288,3268.338342483657
51.904873651491314,3201.3668031523594
51.8079694158034,3247.8392302684156
51.845866449037715,3429.683938540902
52.190218940836246,3495.11558692571
51.89546079775532,3436.0092856360307
51.4889021224062,3388.8917913531072
51.70951949030547,3388.972950027315
51.57008908436859,3388.430453686293
51.33305190984798,3394.6847414211843
51.341695921101305,3477.944676463273
51.28451247837903,3487.4472720341387
51.44168221277988,3501.585145248958
51.55062963280461,3508.8182617427947
51.386574212396724,3496.3343993064245
37.15531392149141,3480.5821474239447
51.33180817746418,3496.329571911202
51.55642800446125,3452.411855967751
51.549480253888916,3433.0900656665044
51.37700912472812,3415.8892143606413
51.669878709753114,3404.4308438973976
51.57886333911645,3332.977413482148
51.678116161086415,3285.42425632667
51.812022791631485,3280.211787344112
52.00480641950021,3312.6035943668207
52.0368220052507,3314.7991089884335
52.125330859084116,3351.080683822066
51.905224493585145,3410.9302744413285
51.83163294577585,3556.7251770669486
52.034493608359185,3581.663612780937
52.047935991554446,3708.8013246860637
52.29028415370966,3742.101819186334
52.33053919741563,3739.236279038053
52.2768304253169,3772.3199073112037
52.192180055706885,3709.3990006741133
52.37609985985577,3689.527682723941
52.33377436265666,3660.4745662658715
52.32986067382329,3617.452883877095
52.37971808047601,3664.2929821273256
52.42019610461217,3622.6241304111645
52.35796471265303,3607.0996208135584
52.37939230117899,3473.429206548657
52.61985234899956,3500.6826131520793
52.582070467300895,3504.585153088596
52.66971425720159,3485.089365812046
52.536979098487976,3384.9130246988652
52.6181109149701,3365.3901128864013
51.95883718956573,3558.767061584779
51.98700992442661,3452.3069815895287
51.97603535082655,3417.407947315651
51.761127783829714,3443.2094800372106
51.56580421408245,3412.0634031748255
51.47800778759287,3380.971634433929
51.43240146136293,3407.2920268887897
51.37418874691686,3481.6075870651666
51.59063271646539,3506.3617624593053
51.441823391905686,3391.0791585725383
51.53698255730859,3408.8998849828686
51.51651435837641,3382.764321628355
51.462048162300604,3510.231157591522
51.60528856149567,3566.8836422447166
51.617025952279654,3583.164105971496
51.6535102431792,3595.3070277930683
51.72751123878233,3544.6574296618533
51.74919431672659,3449.6623627540325
51.86264098508823,3438.2359203151377
51.794106846276,3408.5266693966973
51.65354360234015,3385.5037275798163
51.583914077305295,3377.8893803695823
51.60569716415891,3430.405089397007
51.61645091527009,3536.5006642925314
51.99294109364709,3537.5873523895957
51.87881099007671,3502.680228339036
51.93010509250609,3523.9322514135856
52.03577555660159,3489.332781123786
51.68100921110056,3405.376429075799
51.80989865832435,3359.8382501387446
51.79979057481586,3444.8670859287795
51.7507927993071,3482.4987953571854
51.7378427457227,3591.267924364136
51.66188144737343,3541.4960255223873
51.64205144916343,3475.0301301224636
51.7422550651208,3470.8574918234976
51.603619692658796,3443.850000742107
51.68108335737654,3377.5915188362496
51.711802742681385,3392.532320578076
51.6318314773311,3392.37859637947
51.69218677182184,3578.7850010813236
51.52851999821304,3609.191473719197
51.72873431678864,3521.5884053932377
51.805157929914024,3451.164334463403
52.01185841413192,3454.858327815257
51.98709198050193,3447.7025952369386
52.1514837204348,3427.8356660177615
52.20284228654956,3408.421126140599
51.93082831933919,3364.486150162721
51.86448029970157,3373.1585290633034
51.908711768095884,3578.344820791096
51.8336888401003,3706.970464445291
51.684010115016484,3550.910246572116
51.18794753857496,3546.7466559884315
51.21583549283408,3508.748998159649
51.3312155827489,3465.4561023573724
50.97207014679155,3428.316809582966
51.17163742027994,3411.8365342817933
51.056543562425766,3392.206055455701
51.30521526711396,3431.9488593241367
51.32051375605539,3489.4945391086553
51.57231063077268,3486.4930210599086
51.519315711692514,3444.281493842393
51.3544872477558,3427.442195275993
51.700787616727524,3350.157922556727
51.77166968011266,3360.9497565984816
51.81230534120131,3478.886873653748
51.98267221046175,3509.7312297472786
51.903589509072006,3525.3531088133495
52.172224640046586,3497.969507499101
52.125373037516155,3503.6169468941066
52.409378625339556,3461.7876843361373
52.22749158828839,3411.6043126896247
52.62484071405015,3366.4394266558575
52.798390092219165,3455.5047343294827
53.14894197609911,3471.881421033946
53.26831020546692,3538.382210870587
53.062668557886504,3572.5692088152964
53.10846091808482,3509.7582982035724
53.5487135529375,3480.2485369741235
53.89137009260314,3427.427519081246
54.47162215533015,3437.1919888337334
54.80689707562689,3425.080657405124
54.42813130940996,3438.4761500575673
54.63157274902378,3430.571645282942
55.151864028134455,3451.8919611985148
55.32830495018024,3482.310241317695
54.90767111060619,3370.6429084543006
54.49357250376582,3295.0580197384406
54.968793548683706,3233.2600569287692
55.03272822834694,3276.876334576965
55.25495936919601,3157.513978305672
54.51544927646624,3125.150515632898
55.2424274037118,3118.7747688596683
54.93087575266112,3231.7043169969847
55.08938210175174,3147.0246372229158
55.06305739279324,3103.2486879670582
68.87923583451119,3144.8524660017792
68.85826132201744,3214.605466484894
54.63864858988289,3230.5453572577394
54.52689751745086,3328.61574941199
54.00425842926157,3557.7486022709054
53.47529408475918,3368.01562434015
53.219588947371136,3303.949690929799
53.746122352944894,3241.2887350504275
54.10430398463542,3251.3562288989797
54.00677218850154,3123.7174019629683
54.130518676231176,3040.9599649601832
54.29293079435803,3052.3765353091076
54.23431125516859,3103.063655750423
54.42806120553121,3100.403407014925
54.44886727765031,3175.5570507739913
54.56436099687703,3231.1477268358794
54.81946862851667,3286.3281983229595
54.67550261378996,3366.5159299610177
54.56724825849374,3428.068098128667
54.34400406412277,3405.796855323203
54.309878049473426,3438.4801402160556
54.48766848036371,3342.4640151964004
54.79444903224916,3336.1615016165606
54.58318606166334,3279.965797874535
54.331118419433835,3245.149653183923
54.24503160789415,3153.9324885920396
54.277592767570866,3154.952420747319
54.46422072355104,3174.1674971046978
55.165889370000826,3251.2166961202183
54.65374950030528,3132.6616788385963
54.219526930741566,3170.99639884999
54.59621315111004,3166.3362023116324
54.18943271326984,3150.874958550018
54.97680204957656,3073.465642544436
54.456880196104294,3088.61327001819
54.372885319348896,3102.500046042992
54.20828748551146,3093.117863481357
54.4953977906369,3089.1628133213676
54.712785599168235,3085.573532301498
54.642085416573096,3184.9223280010974
54.53928804240875,3198.622921495526
54.349496138549,3243.6410345913146
54.27980873637577,3317.9904388609757
53.75308879532815,3498.229364825568
53.8004281367688,3360.151492116089
53.64104293797013,3366.230851668776
53.70161315748486,3420.2188888406345
53.610117289246205,3381.305225728903
53.65798343625838,3387.879935713133
53.66537256713508,2190.310979585121
53.53221912421291,3383.666238665598
53.490468419656054,3414.5616511745093
53.43899188163576,3503.314011181587
53.11764372335237,3527.2266338972163
53.19752408675429,3574.3823509387357
53.36012105813846,3534.7989836690745
53.375770868159705,3544.44647599821
53.34066778920569,3535.486536393385
53.26660213018603,3558.204060985856
53.303693506703915,3494.054995358387
53.24814140866257,3500.878240356971
53.11639903923762,3504.0643565323167
53.272705087579325,3423.3790094145947
53.155946000155495,3452.7082766253334
53.12864275819608,3478.5022135715976
53.112771205764616,3449.5252537134393
53.0590553364418,3501.291247447294
53.12455872341992,3508.932695245115
52.84183626587782,3482.1831837284244
53.309201101793015,3394.4414578228107
52.986355981212064,3443.4257359943695
52.94556744773024,3380.744937206036
53.00306349108434,3365.9809077448417
51.31353677129552,3206.6960750818985
50.01903214946156,3036.5462021284984
49.025411475124976,2961.5484551494
48.33426978156235,2925.694988750671
47.98586623614618,2909.6003035295253
47.37352194421203,2892.3451196036162
47.313985328126314,2864.4492144578485
47.18120675133034,2890.8398940613974
47.22205847639696,2874.5830469384687
47.15549361031539,2884.3555446945625
47.117077856341545,2862.487566465019
47.00327187447081,2852.467982716032
46.748010622643164,2870.7863861053106
47.024962636512676,2898.285453999615
47.12128178714788,2887.667546697306
46.9586729532725,2892.9071653585097
46.924586003891875,2895.546205808959
46.96645425885646,2882.0073647416084
47.03928436879542,2900.916011446662
46.73436878848432,2902.7818186133995
46.627552429392644,2899.3426195165403
46.56498019887382,2895.110691587388
46.723027081023275,2870.8354372088043
46.357814983593244,2904.7421012126147
46.45887657398002,2881.1881209255043
46.40322394812311,2877.7683307789657
46.11165333269078,2892.800352632591
46.22865040804632,2881.1547698927548
46.13112579271906,2884.693548223788
45.9992958391493,2860.2503273433836
46.227289389053105,2902.3122447360533
46.2011678875448,2881.8147584104786
45.94776748798978,2912.150741945247
45.922217779226784,2891.707461459677
45.930335124390666,2882.2863509892777
45.7069570251072,2881.416768667408
45.6539665660213,2889.8243129167513
45.86056560724876,2870.6503182603897
45.88696685484591,2882.852510140562
46.570888190776515,2883.2726521695554
46.770032209343746,2879.6412867886884
47.31500436856231,2871.4183200871967
47.7108571308588,2887.4842032190754
47.66861428020422,2863.2346881996964
48.06004208830639,2882.814826864259
48.23525162034258,2865.5666259042287
48.263930171334565,2887.390419699879
48.34341667188607,2900.425172182734
48.40758386148805,2892.45918717995
48.33076364718787,2894.7973440868536
48.58747927186604,2902.792720431572
48.49510696028209,2910.4081826141983
48.455779911448516,2905.0177265074503
48.6631867545348,2918.8939340219936
48.69888154087647,2912.899296983214
49.403682151526816,3040.173530396664
50.57639668061296,2989.2831607296803
51.09935973024581,3192.8175376576346
52.02758815570313,3394.982474088375
52.519952365037284,3400.1179697662405
52.97421958905886,3260.898830408514
53.15869077297343,3247.5018104735273
53.37461510603493,3430.440754211712
53.98857133954836,3313.7423345882735
53.98866346328623,3292.7619333736684
54.072851822812424,3364.5379966345636
54.11397835158156,3262.695937663544
54.02364343081028,3339.563228566177
53.899938100951,3290.5967896857937
53.95385315201905,3360.6067183555774
53.73451159984196,3230.76186254541
53.721014062670946,3148.748296198518
53.719752707452855,3117.041099872422
53.712385955165324,3098.528304414269
53.817573192006606,3105.8946274728305
53.80147190455237,3075.8153483619017
53.852924665411415,3190.9853110940744
53.89021345308699,3328.58364515937
54.01484896651542,3561.3812101645694
53.810977126385126,3364.8388030682704
53.95665103240708,3323.6492984681663
53.94045728740316,3295.706140540122
53.816091995304944,3245.6039233666884
54.00453077352098,3176.526105825258
53.91777832726675,3171.703040997866
53.8312811067853,3112.29030372913
54.027490433972226,3202.3112238549434
54.06449642054564,3531.5684037386422
53.91157772105869,3572.6352009367206
53.72173378588137,3420.998795827927
53.26551456381728,3176.6648568206892
53.27597786939211,3131.02671414587
53.32475226969063,3145.8649513474047
53.203843576907616,3138.274716039488
53.074800451169075,1986.5873481004069
53.28108703862518,3293.806569968682
53.465287344088125,3271.0438453190873
53.00958187271024,3384.16060307144
53.266519438426556,3501.3922744654546
53.23284870112738,3452.2905741102268
53.40342904323286,3517.491128648954
53.266312621362516,3427.224329204355
53.2480450338891,3448.4658674864672
53.353224067467636,3342.310166865559
53.432180123919785,3324.7067164096393
53.394232792595375,3321.7977070357656
53.67399948903902,3286.7086304086683
53.437052820855925,3321.3475293656093
53.52692999974895,3295.8105921486394
53.55432881260292,3347.027299188773
53.69537542735117,3382.3910782861494
53.39934047675432,3466.0789486088597
53.70083910375797,3552.4386506405876
53.46053446610595,3538.5958821734353
53.335694355136454,3433.2229160916204
53.05277393605062,3406.8758422767482
53.373166707208924,3361.7380684219756
53.72561834171658,3341.2831479247834
53.57709765523093,3329.802697880625
53.74152522060671,3298.778540442797
53.85788030946062,3375.8347517985485
53.72862949424882,3439.8905835049195
53.85691128464083,3511.9026384131075
53.414374687458334,3497.9033495445265
53.503413298659915,3520.6132653808645
53.569375437056195,3473.2782927102835
53.72070541281224,3460.146633251748
53.519268423008775,3419.025640247464
53.84555367133348,3349.751831591128
53.935838231439135,3396.400617765128
53.86365544701367,3380.3212068971807
53.86707076501182,3349.8344244887085
53.84950865329673,3339.3544747509
53.63649424672656,3327.2928447579507
53.67668445486937,3283.3200309306785
53.92442411357481,3299.585049498545
53.98370250060873,3256.8530604848133
53.79819873116783,3251.320442182623
53.77143784700512,3360.1035065412507
53.85135056600685,3487.405936436151
53.37610072408228,3359.6368419894116
53.491926852866676,3319.1783289602913
53.69487989528958,3276.013168594129
53.80999728483303,3235.6326211893975
53.79964785839632,3220.10578289975
53.82650865573285,3172.345319597295
53.824956197322834,3355.9545542896826
53.87598357323609,3430.66799080651
53.55904393921507,3376.715804971678
53.56926671638358,3319.5494139779717
53.73263093297122,3310.7485595218695
53.373429710941494,3285.2978047455695
53.48854167568135,3366.9946083050413
53.42610871699195,3398.902737024985
53.214115261518664,3514.3244147095324
53.62797017921658,3562.844599789601
53.59849134887741,3537.239914453984
53.679568979411066,3532.509877733083
53.42936741821765,3524.890377922571
53.37022152671773,3481.934086742145
53.404930022185404,3460.959466350508
53.37417298055523,3431.778371558077
53.291689925203954,3442.75290743863
53.162940820184446,3449.9357545494913
53.162338828230546,3480.8283196560114
52.88986065755131,3512.456160142736
53.224433908668686,3484.9649803264506
53.038610033735665,3478.722789734309
53.09524217015824,3471.9859583454945
52.71844060682699,3447.5325044751257
52.93126561072713,3424.129010393762
52.700042659433024,3435.213615566655
52.64512492837703,3485.9250976282274
52.683062854826474,3540.167320601402
52.634490217578175,3485.7792968874282
52.53085503942326,3478.5881387747604
52.5594926403019,3452.290270559131
52.77636460565442,3457.8197959583244
52.73271918942265,3486.3168137918165
52.90170777427625,3534.979857920262
52.71732375986016,3489.7876442360503
52.843899994830494,3514.2751933728055
52.75072492673284,3509.6072006572886
52.7307146564267,3430.3318764758023
52.58565294689532,3439.37657182206
52.79902620147223,3541.0889870345754
52.82289745219198,3527.8409440590194
52.88392337885195,3482.3590009624686
52.888403592819685,3477.8365729950447
53.18463954240286,3461.3444353935297
53.432627959810524,3447.0730229257842
53.45915990258923,3436.371108008998
53.67321064166534,3468.0715514439216
54.00075064123369,3481.815521951721
54.50782707672113,3552.0659640109525
54.52831970366154,3529.832115506493
55.118006933671666,3516.616979524484
54.48902536884948,3340.166273345553
55.22127131442775,3274.805890728576
54.840166309387726,3189.0295426148186
55.16746613002935,1970.7803971374233
55.17913472301963,3198.283841259439
55.340577996194796,3267.0023063135623
55.39584945688064,3202.5138459981927
55.611470300872604,3171.7006353357683
55.29929234687958,3103.474863414731
55.50221887382962,3183.230352523093
55.163273098939854,3161.264706254112
55.37427185251752,3216.156297203216
55.66926170020993,3216.508636950085
55.31636198219759,3081.586647973047
56.327842799380804,3031.859791565036
55.37289660337123,3045.3298371873225
55.61897187839084,3017.1409574100153
55.87906322497359,3048.523367640932
55.99863584578097,3026.4009239274083
55.8439853992718,3039.2686940022268
56.33699238706471,3033.467721368029
55.36549572340462,3036.9658673497115
56.07774611707991,1910.9153332528513
56.06239401189392,3107.800826278254
55.37262168231945,3067.4051451112737
55.671040025954376,3217.510585330501
54.89174363539327,3264.6874558359023
55.61884394476795,3183.807941656343
55.164550369054055,3147.58256808528
55.40546371830624,3095.4613803663956
55.91008158113658,3111.7324213605725
55.9276540701639,3081.214503416659
55.2583540741674,3103.1402696635614
55.837527651190925,3070.369322177927
55.655368415433045,3090.332023688521
54.5297849229744,3112.110790671909
54.4894504954906,3078.8081347490947
54.57651859150104,3122.749559085013
54.67540237313548,3087.6393354868187
54.65143853959241,3136.035527798109
54.746705651330565,3244.8231457745837
54.69514281972164,3409.7021016040944
54.871037365198006,3483.7545930098163
55.40687555657113,3365.48892571525
55.36757228198812,3357.3675974451594
55.037876234114876,3369.577174240927
55.40432664409011,3345.839675681923
55.90764151914899,3365.349143727676
55.74543686178025,3220.6755916905045
55.4246584899563,3112.4924391623845
54.85520697454996,3125.020518867825
55.34384769717582,3099.0501834374254
55.782231148684886,3092.4204527234697
54.83975030474511,3040.3292564856515
55.194282452848114,3010.7883969529403
54.94364020504273,3015.0598508302874
54.92393447659953,3088.3709978622583
54.9898131163332,3101.7759371929715
55.165699940122124,3168.8168592213146
54.93603881222762,3263.6770770943067
54.544454566144665,3265.142076491424
54.57228298304654,3412.5993593054
54.6762968105167,3451.895527069089
54.75567543457439,3424.675356720352
54.81179894124072,3403.4163002064142
55.05303482216648,3340.267228254666
55.28245624664711,3266.251950837197
54.83067849344398,3263.2937807927083
54.54255706640211,3229.6537473520593
54.571666269113294,3204.1700700554447
54.55527227250043,3137.1713937052828
54.76214799937363,3202.888132994197
54.49598527559576,3137.2762422647415
54.191950932718925,3122.6356900858273
54.194005438747986,3181.1148986272256
54.25112967866325,3267.8155526082537
53.7380431477208,3360.797766068926
53.81184092857991,3424.8509070620735
53.81344156291486,3577.9243380447124
53.691691141399374,3618.921124408578
53.710407122852445,3592.385241310698
53.44001643735898,3602.6955340996205
53.3624600534304,3639.287202044731
53.45409168112961,3588.9238673852615
53.50745038848417,3582.0448619882163
53.357505569487145,3592.907284004821
53.609295723110066,3520.3282530517226
53.620253023675474,3532.394113396842
53.58128731182292,3501.47856070357
53.51635663889692,3504.453780960409
53.75127087795859,3471.2476815176387
53.26492343095137,3461.4740917840268
52.65538552217471,3413.703013234555
52.19349485423186,3387.4743361095934
51.71445317660917,3387.582184265071
51.3641679550655,3403.204985878479
51.16369675310728,3417.746447830675
50.94012386428106,3408.450558085594
50.690751964224525,3397.8782746061315
50.48573562846316,3415.1388478470244
50.37726910427702,3373.3872577155976
50.1543341567843,3347.7610589531437
49.91923892348815,3334.074797053685
49.253041289205555,3183.8250378554567
49.056000265307794,3118.8959395901647
48.69536141641945,3070.8532584187997
48.64469531565563,3055.5851884210892
48.9058817821061,3102.499458314937
48.86989492906523,3069.478214254981
48.96202256678637,3087.7127932641642
48.6489438505355,3048.7171876918756
49.08138890338918,3046.9284000223124
49.177446289345596,3046.225963875536
48.78990259560577,3109.697220001436
48.58955902448412,3105.927823920316
48.7877337582748,3070.3819568249824
48.57358393885906,3095.970539135141
48.612550325402864,3068.85127809809
48.59499503486753,3073.516715453987
48.44371605185036,3068.843769432269
48.507181997271644,3042.5059375294372
48.546158941990804,3065.1505903440834
48.56254721183185,3031.837375774704
48.108789366579074,3040.1351072055704
48.18281927106146,3016.1389684041587
48.09276995863347,2997.8399596334198
48.013872212403584,3004.9107175359486
48.09931419227732,2999.7220272201503
48.057511036716036,2965.33114654998
47.97585346021368,2990.9876790660087
48.02086887278125,2982.2606153629076
47.961153815307654,2976.46682266719
48.06934613054681,2974.832010143068
48.21869806979575,2972.5295393841957
48.048148604058696,2970.5925834217073
48.10969046685962,2985.595641234128
48.0628255948509,2977.084990114765
48.23927388957992,2997.5617785255113
48.02920951734498,2985.0785091791904
48.0643897019045,2986.181419013631
47.848993158874116,2989.950257275709
47.92945520016492,2980.993856617854
47.75272022940087,2967.32605046962
47.80227699993863,2966.299836895233
47.71755888277464,2978.2306321054957
47.90523831459274,2985.131094680069
48.7628968132376,4146.551781011742
49.674402229021695,2942.896768172497
50.65635583820294,2965.854359372872
51.143760086875446,2956.1557728554894
51.9327756055102,2922.0151675983398
52.271971789289125,2952.9387522900024
52.47991725901335,3061.731808862664
52.77058103381747,3105.1550207848713
53.20343011369633,3116.360352293482
53.46450554851648,3283.598092259368
53.80828513646851,3410.219582073297
53.894710361802886,3461.5968721704326
53.89636173305494,3438.947413020971
54.0628503071473,3411.1887889280265
54.22607780134987,3432.745836839671
54.46352462958846,3394.798932351616
54.34735391752294,3391.4458313461
54.364185783872884,3360.730760549415
54.48224081489164,3248.303972013317
54.355996656904566,3255.3163292123254
54.287471095085486,3181.2095056230487
54.09086273612387,3180.967802709216
53.967142902059805,3141.428937463089
53.879872944130476,3153.693887992387
53.91982399852445,3104.593754466525
54.33915951582284,3080.696661968289
54.329211398351546,3103.4027908471326
54.238127839406154,3297.6188263674185
54.05834041355733,3409.1235764915928
54.094338721725215,3489.225232222273
54.25763861205529,3466.1284080408723
54.220458104252714,3422.7952030149368
54.11075555208291,3349.2203186112665
54.056356350071454,3347.7941067503707
54.37120322061671,3295.166419467363
53.59714508607661,3226.832519304563
53.36763954031152,3260.325099183853
53.36755873451987,3307.480620696038
53.57968071271611,3299.9560955507823
53.45871208627728,3374.9843029225076
53.394622597417154,3434.5857861773234
53.24377666216779,3527.035241446062
53.035035745090894,3530.5784426799464
53.15566054532333,3497.707237646263
53.095755675511825,3499.0714735856145
52.88967607090568,3479.5812784789937
52.87168962954351,3479.5769762275404
52.767810440776216,3440.353420542866
52.70810485558383,3462.843518702455
52.5415646342154,3551.7701793441893
52.730881677231075,3521.2718460051865
52.700407588914594,3483.579414646943
52.53383557178516,3459.9385821457595
52.66281948532498,3531.4572925377315
52.49141627730164,3493.935266359356
52.59016877661307,3537.725785902394
52.72195615507037,3470.2467256122086
52.532774607632305,3488.026855765509
52.68141258166775,3429.15248429857
52.697325875643656,3418.820902560384
52.673238406558724,3404.5242251799227
52.84850642698542,3483.4322316222106
52.79944209242878,2286.3746570367057
52.9264695015772,3627.643904415193
52.89144438207288,3633.082119568796
53.12730759134337,2358.0304121007252
53.1083118070649,3581.064145996963
53.08953014429342,3496.2844849354724
53.12102465756219,3461.287351991178
52.92366442123853,3392.557548225369
53.262416748728455,3360.2089125610146
53.11461007932145,3325.538342020461
53.27429066472091,3343.443929556036
53.16343098720012,3356.953702259898
53.24486582978177,3263.5061623689508
53.15156118345021,3308.361866933535
53.04867203060522,3408.931488988642
53.035532523485834,3503.061423985848
53.042889306914404,3557.9162656534922
53.16314360771095,3526.8712438989537
53.218513815145684,3465.5370455147236
53.05456166379125,3444.2566100113304
53.48858535521363,3418.8216670749653
53.47699632799139,3413.197511940449
53.49784779934835,3396.2073177671514
53.17342442748166,3347.092156768066
53.330451861935586,3273.4191518102343
53.24425252360416,3341.623510507005
53.27997770748391,3340.154282535409
53.35260724189854,3392.918036145037
53.33787223602366,3519.2132382935283
53.50608181889429,3621.0386582589567
53.276002542910405,3644.4877027786606
53.200315950078135,3601.9410081159267
53.57062662588883,3553.030007883912
53.40031123512301,3449.082120655093
53.21222663737989,3423.132957196653
53.24774959804924,3389.18295515197
53.28563608659841,3351.6413499579407
53.48925333524215,3325.882198991898
53.530067659311484,3323.2442669869033
53.560944756922325,3307.7314161203444
53.46835285283888,3241.1047486139923
53.57274353510362,3235.486525672777
53.62585102838662,3229.596761738375
53.731173066596185,3360.475067878685
53.599645530382745,3377.7815240535974
53.50415946276555,3596.592101493711
53.513340864616154,3666.0809102967746
53.54408197366563,3693.713302894782
53.33143559189307,3656.0115201749913
53.24966901217597,3639.477758134688
53.205913508017154,3600.6721780559983
53.2878948856738,3578.174648353829
53.06953333183333,3510.2735227291187
53.22131948459494,3452.2233826178285
53.05589005288401,3399.962848339637
53.105501224873,3437.3486197309835
53.13910331331414,3469.115687940299
53.21913897585774,3478.336788785729
53.262045405867894,3450.145501821419
53.311273287631586,3402.2027656309183
53.51437322577813,3384.553208942484
53.4559825588571,3416.459200901143
53.35856858875704,3504.5415872533968
53.54558900792929,3533.7517083496014
53.451036103968036,3532.274927012895
53.546570371690265,3475.2363404015914
53.52493735005892,3437.7251542017502
53.79252046694182,3364.0063146762604
53.91606586924394,3308.389905299406
53.87833369309055,3341.132468422181
53.875240518127285,3285.6009372104027
53.90963753038396,3251.647565233193
53.801778086999974,3314.3887425142357
53.751837479738015,3369.113504468423
53.78851774376633,3385.926883842929
53.81608395195471,3500.8680882885465
54.096035893779444,3682.8777871487828
54.00315059276025,3709.1000148136827
54.14591084861328,3678.6243453152397
54.295808463426575,3679.9115231786345
54.242108678016905,3605.3311219936827
54.32494077996379,3576.265188989516
54.62012987743928,3554.926895317187
54.53316252817142,3530.289581917802
54.62248889187845,3501.98427252878
54.827435445603214,3466.333560048101
54.797766745990714,3441.755042038839
55.00770060789785,3460.8661354465767
54.982012265534394,3409.4925176415636
55.17735212718989,3449.8470373342084
54.77360047336106,3465.4528260068696
55.05386850090916,3530.8016232330538
55.19923125266338,3458.2849055237066
55.21084964541513,3438.4823105299483
55.29291244827467,3412.785488235373
55.30282761900155,3333.6852424869553
55.17531808283416,3297.6841443385183
55.32278298589317,3224.605982902691
55.00308248693739,3198.777314304374
54.84704197703388,3219.0746885142207
55.17320256349288,3256.047217365928
55.14715309807074,3194.741778016177
55.215135141191354,3178.4185113783424
55.734921773488274,3205.3990660562586
55.53700958110062,3176.0319092911777
55.19077134184676,3264.0550038389006
55.24787847459899,3213.625703858368
55.10016696222323,3187.969543966225
55.145620577230304,3155.315020762272
55.03028536542624,3212.2730825738977
55.119205204540464,3130.4239727862323
55.20426950859549,3144.403935658283
55.178887404809025,3201.516183017151
55.064483751528996,4455.851829363218
55.11298268872211,3335.0830017210824
54.994498970350165,3362.17383065881
54.79016776235527,3389.8977943154064
54.909959204460705,3354.6536951327216
55.008677425693406,3334.0196199559637
55.16779966417221,3316.6019196613074
55.23773489580607,3298.854792975807
55.04232527056132,3177.0304757289814
54.34839715171266,3217.7082098963356
54.05454647588422,3194.9009341369647
53.91600387379149,3205.3386337383868
68.08461097899189,3232.1730020461096
53.99292860645994,3247.2841535717907
54.22285184051009,3221.0949338642895
54.279042370344,3194.4611716879995
54.16836598473604,3154.9020822074904
54.17984447070267,3137.701587033669
54.34633541955576,3224.987738830833
54.30361905945451,3228.7364344605126
53.99219329133329,3206.7054556930407
53.910623890314966,3159.777909834128
53.740528670637495,3168.147506184866
53.53016372732123,3239.446023671073
53.33423305645722,3206.5374817571646
53.209319149056306,3188.734594082225
53.00684223398596,3162.546795808979
53.16695118009828,3292.4822189280876
53.12202358932382,3284.7258264080683
52.864133974987894,3243.5360761317074
52.92240101396435,3169.4162739213725
53.02017111405078,3298.6118227839825
52.55604623302027,3181.4193539647213
38.16116620996681,3211.7236828408877
52.559391926654456,3246.0190829366547
52.493183943641306,3270.7487695745967
52.384582045697144,3181.142636685984
52.23629263278637,3237.8528322665584
52.21156751727864,3220.4863251274646
52.09327255164773,3165.079179930402
52.201590147093356,3242.5139193399928
52.095144413461455,3257.5765212656315
52.07952706564279,3221.2645435352833
52.14988856605444,3200.7960784308452
51.91554092683262,3256.5064377483413
51.99134461916199,3183.251100275388
51.85874029700151,3193.144420019321
52.020205596851355,3215.244839257517
52.061119717815046,3254.8037872648265
52.15104199625996,3234.0599884097956
52.107326041584855,3187.5426249618636
52.24981354671313,3184.962907421158
52.23242306453341,3248.805085844384
52.42475598562102,3280.861698046593
52.47360905610273,3253.34851626099
52.49241744463794,3197.843267176081
52.63179754086441,3181.117220649622
52.27814137254453,3285.7818558239933
51.51778579124499,3347.791096538817
51.124674568685535,3353.2592378887034
50.534069322867374,3326.186216965192
50.22637307772261,3373.722683546617
50.18234718452754,3370.923325308941
49.70932486560707,3372.1316311599862
49.607838815718424,3350.1153359261157
49.51991432962888,3355.330074057233
49.12017687924637,3306.685953629261
48.76971131137789,3281.0889349351337
48.61615606950016,3266.9735544075515
48.62000369522512,3222.599597300142
48.54018719101856,3147.2884268192456
48.297272055513545,3176.8985428144215
48.36864128092583,3135.8263081828763
48.48330080770427,3169.6440913281426
48.710763218621054,3158.906662324413
48.241068676847014,3192.6555313214344
48.43533001450011,3147.1730393003954
48.78168967835185,3162.5731141707993
48.59136046204571,3142.705216134721
48.617641656728274,3158.8631037519026
48.52491817638995,3146.5485048260903
48.48582919042833,3128.032743099518
48.313612644603296,3111.178659873387
48.16234685243299,3087.456379948807
48.30076636581397,3084.381029194498
47.98367845784218,3069.1460842494766
48.087661672951555,3068.3000926096483
48.05916078007078,3061.010365880483
47.82615580047663,3072.6773933156815
47.67605566032326,3060.591801538876
47.68208177151985,3035.994162132071
47.7101364738333,3043.9064552555433
47.846641229545305,3021.029421096664
47.7386468858102,3033.279003369511
47.574086195246096,3044.6557705907403
47.51133353644022,3051.7172281300354
47.67914021049272,3041.3174255113713
47.63226575860823,3036.156018397971
47.539223656797425,3026.6018747194616
47.56625785462472,3003.1166352582068
47.5077475942077,3024.0224652590277
47.43520287389923,3025.8342021934477
47.43854917148094,3011.496388761062
47.350347850729904,3021.3619515729706
47.44778027570498,3024.445478427382
47.361894378798326,3008.507497949965
47.359160284659566,2993.6513739887732
47.317926996314725,3006.3841699816917
47.278908593050694,2996.322496944224
47.330474971239326,3016.3181732692
47.287891047847324,3018.5862961065964
46.9189450601738,2999.495812901656
47.71681278961093,2987.4591714583657
48.370463058367065,2991.0540552980556
49.59757534885357,2979.572937576466
50.15580262931715,2968.4839942515946
50.89066901852493,3086.2688794499722
51.38067175742191,3066.5310378644863
51.76763946081752,3049.427551171981
52.37606680207682,3378.274578737591
52.60427944162717,3264.4895464452757
52.77998004383001,3267.954991567347
53.11522382978568,3313.3083612021005
53.28527948846781,3424.7659344857043
53.52704209210941,3422.7558764818878
53.83337843061536,3373.61060516204
53.901542029287796,3340.050937550225
53.82529580137722,3240.864473963499
54.145927791412475,3254.961399219772
54.27373546433404,3211.3379679732425
54.38009881263753,3246.6430070394113
54.2985109255354,3333.328534570581
54.38227020192174,3382.0001674466507
54.416272650433896,3432.30760146605
54.592930519513914,3584.4985639327024
68.52770062619636,4758.463802484977
54.428923675578815,3675.5073478076774
54.27179255503749,3606.540164531153
54.30702480619455,3667.738404196571
54.557645032862006,3660.473951488693
54.61673267318187,3650.8535057576473
54.49858347154395,3631.2304529354615
54.55529564735168,3583.3997771092227
54.413950165179315,3544.4248109473447
54.43102127495514,3515.1666561586853
54.209606637803134,3486.4350506236397
54.4367835401943,3429.4591343890825
54.56044558133192,3415.3719367030753
53.88148015479187,3664.1339588354867
53.58197752759669,3441.318139820615
53.476002987441056,3462.407813403839
53.27625645077049,3446.244015663671
53.34842454992304,3488.614306724242
53.22809006506435,3491.2870955177914
53.31771639851228,3522.160196576131
67.3416032342411,3519.0959595619343
53.11960731175545,3514.380800407949
53.38656560863681,3511.276090063894
53.00797573977489,3502.756791418473
53.24372875099863,3482.354285793223
53.05599488896347,3520.6014741074937
53.273503717899814,3600.6296768223747
53.325076286125146,3568.9218431007257
53.18528236887802,3515.521259630696
53.277862944582935,3480.720567607099
53.151947679781,3467.607976430803
53.25996542909881,3503.145906819308
53.092152056618474,3522.6898508897984
53.25083681466842,3555.5870016613
53.266148798748574,3577.763450423753
53.122350228636435,3565.823078532869
53.325167875874136,3514.119055885725
53.417569860175576,3475.483492092353
53.33719153084575,3494.6494050127017
53.231527537957014,3631.774811625267
53.205749853143615,3623.880352762075
53.323380816630745,3595.7294760154386
53.16604320552898,3568.399394848202
53.12911652829433,3515.526521770152
53.29898895844679,3508.444039916391
53.301241016929524,3518.209859403248
53.225495793874174,3494.470865448619
53.14548354213429,3469.1431801069916
53.02463911569377,3521.546748989474
53.073545847177925,3651.941313027919
53.078107650383956,3596.283896322383
52.92435738980212,3567.737642216913
53.03534131515283,3539.427660657611
52.969104360590244,3511.6876017542936
52.803417995453515,3485.9409392191865
52.92975762613204,3534.593012089369
53.01554389465161,3572.7491768094656
52.898942667649116,3519.3918811300787
52.91440911161271,3487.0801152766885
53.10895668181855,3533.373456435563
53.2823658861455,3518.2781970946644
53.11813103676755,3494.8091013726385
53.09805947057413,3510.351855094928
53.05745067179883,3588.1245081807874
53.06272414024699,3597.151373094168
53.141228215240986,3572.763658047461
53.01988165518203,3534.9224998773643
53.033152461584216,3515.188741482546
53.03545558087565,3465.846314396921
52.9824890344181,3490.8334451072665
53.07920416740785,3597.862339439196
53.32122774401691,3592.329544692696
53.24393780414908,3562.865168240787
53.01541504790879,3553.371711039992
52.82324689316539,3541.021417163535
52.52342554839483,3514.904878656128
52.569646936205274,3531.2405775305265
52.2706842136901,3502.836888326742
52.26597148825395,3604.5159047248208
51.97097209037752,3611.356949387681
52.15589651363079,3562.624554992841
51.894721932010924,3482.1518130299282
52.21982257312035,3499.69162941959
52.02256494410439,3499.536186017529
52.23863926261656,3614.4296094101237
52.51148831720439,3573.7009087092
52.41598051696741,3546.92355897579
52.86562279295203,3532.7052133837865
53.0554301520544,3504.819959883668
53.082008218344825,3476.887887878372
53.45207075044807,3484.736970931948
53.06191310343593,3524.0246585137884
53.01814664204599,3646.231357820042
52.89762984604238,3686.943455454272
52.91979634073694,3650.769804894856
52.57268870521611,3599.302884009744
52.21572330876644,3586.4950468140078
52.19611439058234,3566.1213769586752
51.996606105219705,3523.64588399905
52.173711149963246,3521.6422439810517
52.026137700798174,3529.4174780359444
51.97671285937088,3507.3727231290068
51.95446745623547,3439.77221199102
52.106156272236404,3461.3352107
51.73767122440886,3445.8921368721153
51.9081315402439,3357.469017216067
51.60868847085652,3234.2263240514685
51.448010891526955,3229.41120333576
51.680691947493344,3197.8846910993943
51.74054182651335,3203.4154360422954
52.19964899349122,3149.2364494766503
51.998162561144696,3180.3077185477578
52.08013521461733,3199.3186044040644
52.066795328583744,3312.1267352592126
52.26315429897481,3385.6133753598256
52.49135485187368,3487.725814168463
52.24483733794068,3547.701012370547
52.29757285684249,3643.9453952748217
52.307136899683954,3685.7343612994578
52.082482242402975,3613.357275978022
52.04345996018321,3532.0808847596104
52.24289081669787,3417.9533704310047
52.016732241880085,3383.853724990721
52.25435888840116,3376.044124721207
52.52668081260693,3326.657617695991
52.688750061097416,3320.7642815586687
52.79229021000051,3313.3125645908217
53.09174944400914,3321.5192328620346
53.1696119923408,3348.4753423357724
53.28166037777214,3384.2899726474266
53.38399760102155,3475.22887701712
53.58843124314831,3496.7835710818717
53.60524443308468,3603.6572552442526
53.607979755794595,3616.441852424668
53.778046105406844,3753.2821569755743
53.568777838404166,3705.000207955586
53.43829592019422,3658.1182524396468
53.27972300454408,3607.836076306062
53.243991840093514,3557.7423790387174
53.309351722480315,3531.7764512032963
53.21553184056826,3514.427234974138
53.2506520852092,3549.6730122561758
53.6623991321739,3575.580832052021
53.88420363556008,3554.280482196191
54.35911700989965,3565.601692815527
54.40246476912847,3537.5749255734327
54.132997698539135,3537.0110648366094
53.852967874916025,3644.1446883841845
53.704627083473085,3707.5412893281173
53.94136964555656,3731.9291769431193
53.81778317230743,3702.1780554641064
54.00471512619923,4833.981592280827
54.24909574371484,3577.779608106363
54.73934209421019,3573.486092014882
55.13545931766476,3559.434682936337
54.86361955813993,3609.105840428985
54.34794723825955,3582.27189228893
53.91550597857494,3510.7655867257813
53.95999918996192,3455.5408921988346
54.021978720255476,3459.1599078959816
53.83821261797512,3622.495642983781
53.87101732988147,3696.316216149027
53.9510527116314,3632.572393314685
54.44761361586663,3618.533204011791
54.700004226293714,3615.133707818356
54.92082955706789,3595.679843276357
54.49934825784861,3529.046501728237
54.21658539308076,3534.740700488317
54.04554801694319,3583.5586140970718
54.06601761033948,3667.0227663411706
54.49910479240497,3693.5225039830084
54.28185661961706,3655.0963782546314
54.40183834040988,3642.8209927327644
54.409061488283974,3600.5676956740335
54.46490309512904,3582.653454100932
54.61140765182232,3561.3159365292713
54.54271235974599,3536.785856873376
54.43889081219898,3556.4501472774036
54.52468637593515,3641.696280637863
54.83122189209238,3629.084728981169
54.850855159974806,3615.589586131171
54.51933429510493,3608.1158130252797
54.41555167600241,3579.8651227084893
54.22602423187789,3566.947592463527
54.319438722566034,3584.29682839196
54.14339136016524,3535.9116737581844
54.23778515866975,3546.2055383504985
54.0844025704153,3625.4841529999003
54.39665696513126,3678.0630898358713
54.46778136116254,3662.767656562881
54.11432559407616,3607.8325185854937
54.170228247371725,3602.413439993925
54.226645990800755,3585.199321444636
54.028084268617214,3555.744065388209
53.843386992143486,3556.4208227839163
53.725032264407076,3552.6245257286364
53.557463432703,3646.1871163901346
53.4956708504853,3638.708616913812
53.32871629355019,3636.5896210681667
53.35663635617733,3625.093277593777
52.93763188164105,3628.6150713417956
52.98185109581189,3581.260489720127
53.03526350332778,3609.036332073293
52.561117289687644,3567.9787921074353
52.929011342964635,3531.6453155573136
52.740018434341465,3531.6519434373195
52.6593920065989,3538.8196252343278
52.5214887420538,3528.7484048820265
52.6677419865856,3470.2303210648583
52.34642140207057,3468.1771497357254
51.10676121690512,3368.111273334499
49.699542768522804,3276.8976592881595
48.546957235038235,3158.538562786488
48.26472214275202,4386.473667237728
48.18227865335454,3136.0560488828155
47.86821791042284,3151.929336692304
47.72611611258654,3171.594838635631
47.66060061432732,3138.1954867282907
47.359264221863484,3170.9408109158703
47.072993929617546,3155.867406667019
46.647121982153436,3157.8782473246506
46.34145219146686,3168.5722612904656
45.98457130085335,3148.4320335585508
45.98337526012423,3134.299927114985
45.86017242772848,3135.3027073674584
45.86304780362403,3109.771627360267
45.409474632229895,3096.836599098473
45.14925000433187,3084.167693734979
44.97031151302961,3063.681130825799
44.35659981598719,3026.10934795344
45.47540192333307,3025.0907233463163
45.90372859426492,3029.5699742548704
46.37298797575761,3035.634688964464
46.5209678204824,3031.058662042073
47.01511067533217,1843.0518141779307
61.41774291369394,3019.768463544932
47.50295697572409,3007.6559030564404
47.71962989160717,3053.9504138111724
47.80672910916344,3047.337856504154
47.725246633009455,3054.365296301391
47.453593755787,3049.4200240882337
47.42337977957564,3040.6651207052805
47.405714892300495,3039.702207327021
47.31073899592458,3055.0978725193418
47.409366009147746,3049.010213640511
47.58843716796518,3056.9082805784537
47.40310256560265,3054.402356309118
47.072809534275095,3048.7541528478687
47.28821262033688,3042.084481299046
47.40689858478279,3047.494714495151
47.43997937499036,3047.2144451360086
47.45722031680438,3046.5742734132523
47.12093260110045,3034.9870817498154
47.28623764987766,3033.5313540695806
47.652746567209675,3044.242891918758
48.04217310242588,3041.0481504766035
47.892299948924816,3043.5494798172217
48.07281132526917,3042.3295256241463
47.94779835905049,3059.7743706702913
48.30998033983042,3078.6381097293925
47.96037833618223,3070.8475252963285
47.96645409768273,3043.2804276750403
47.76087936376462,3046.046062578324
47.93727489042648,3060.3979947164803
47.73744860999712,3055.340528275804
48.56921216520834,3106.343823269363
49.61460807155078,3165.9663106201588
50.318818091897434,3199.6433777377083
50.654010892588616,3325.6564177881983
51.0282810745079,3419.2076545112673
51.5213044826403,3401.964554686435
51.815212378008226,3644.022445377701
51.944040119463025,3569.576784347955
52.35500194187213,3494.6458635464805
52.52527760985626,3640.722886974825
52.47992592984707,3707.9097718992825
52.70587008847721,3573.5052619762137
52.78193395259312,3527.097231773304
53.014518369881685,4708.70867166805
53.19120305174552,3471.453512202501
53.16325795287653,3470.688988466731
53.317043854387855,3473.0055230353646
53.457435670497816,3436.3174207244674
53.6219252522227,3408.496634260023
53.493286803771404,3412.3342905477025
53.644941858230666,3451.101056678648
53.6500645548062,3407.9360962340397
53.379182216022684,3455.592925239863
53.461629703432436,3488.192798534971
53.390914391757164,3570.9127108003904
53.573913951373086,3646.717775497432
53.356279936272635,3693.4219402745866
53.38626357101663,3786.6821006477294
53.44214340217903,3822.7586555806984
53.332482843477216,3817.8614889390446
53.317567467536286,3790.170745326257
53.46568948717952,3754.443417199116
53.39305131540665,3792.3309307310155
53.49864356300015,3726.7512266252597
53.48357927264302,3757.193121668527
53.403347418127204,3743.3577165733836
53.51108596568315,3673.8695287981054
53.308928360795505,3674.9700100604655
53.094978459549864,3645.4836323343607
53.14703444438257,3627.959716442227
53.12516190874335,3600.5968512721097
52.97897779291352,3565.539081032115
53.0131925215596,3544.397174473002
52.96619770110799,3441.229814906096
52.93674304615902,3496.7373046823577
52.98104455903686,3424.7147229950956
52.930364565941474,3504.9059651075822
52.829451974785854,3579.576066048401
52.84691258316867,3682.7079650069686
52.59186834836257,3762.3223707668044
52.52910942057504,3733.068881740519
52.449785542023214,3716.5702919140863
52.4475369389857,3660.72561892458
52.38084275686029,3646.0429290832553
52.53928617016204,3666.2705686112286
52.5785791655461,3587.852335640582
52.59415938416633,3601.918871663248
52.63211029299681,3611.1570434757855
52.70297488717768,3547.846505391529
53.12416041941944,3503.35227250817
53.2388575272342,3570.9715114985947
53.450987484067426,3516.68282081904
53.57967866171131,3565.9355325254082
53.77820599144616,3532.0453843695477
53.7821695689497,3565.2996763808883
53.59426413678864,3535.309398883064
53.39763104181809,3582.6297931930812
53.09928325511337,3543.184076965218
53.272288658955134,3521.4890042258885
53.08940274141901,3554.3720908963232
52.89412203593942,3558.1930356102357
53.18357859404135,3589.5924351741432
53.006630128645284,3564.9749440220517
52.98998706206638,3525.682769684755
52.997149698504536,3549.0255233945827
52.94754830827145,3481.262724110714
53.10255631902562,3527.514528166971
52.91325202949453,3522.7081430532544
53.04912007513251,3511.138164308763
53.05702392814216,3498.732663917277
53.345276445940684,3594.2838622445197
53.578723893114805,3687.196821428929
53.74738730895364,3749.782446434361
53.835492324597396,3754.779795498923
53.658404589495156,3727.922598548224
53.78890467585201,3735.25584835916
53.49654880410375,3712.56085859824
53.322672514814286,3706.174086994957
53.47246817127243,3724.7662714772423
53.58967186794469,3713.738839882047
53.36807980625189,3635.7282990757108
53.46265710922559,3633.650411921084
53.449551735038845,3593.2107665653994
53.40928589764606,3566.5484647191356
53.27033560538448,3538.9283718792485
53.274786317815455,3570.596118446879
53.182054849538574,3541.2657522745603
53.05519487624035,3507.640742338171
53.24999509173183,3504.973447479293
53.07789759339673,3538.2807648636694
53.19602621075968,3559.3263893593476
53.28090631324185,3590.3879451584244
53.06268107320594,3644.454783126659
53.17494823564884,3605.2541018117054
53.18943146041818,3586.709819500199
53.25667396434815,3568.9659267534844
53.08809395689286,3532.427316977105
53.04531329538156,3533.408381984701
53.309755221569034,3518.918016291686
53.20005744734377,3513.923671045404
53.17054944499893,3567.6492585095048
53.032343266453566,3595.3479499139007
53.24218863612511,3673.6445109872084
52.98720678559091,3723.971262551995
53.053680393692474,3778.4101640189856
52.727594472729336,3728.6489403449696
52.224278267166945,3708.400734076356
52.16597052637182,3712.886501111588
51.914030886858626,3671.2516727515585
51.577228047391735,3637.0691718380676
51.81038487015272,3616.6436649226293
51.85779312848307,3591.7585772951024
52.02086609224604,3559.4522516298075
52.266928379369176,3544.0816755853148
51.96330164412032,3592.4421263487184
52.24916796939375,3619.8771984822993
51.9578212372334,3589.853966275344
51.932319313709925,3550.059969224136
51.83754183294837,3599.1991019018587
51.95422364620757,3584.772651500762
51.95016204254823,3561.950386272869
51.78459406137662,3582.29801101943
51.886106199530545,3584.184578867552
51.71971808295112,3565.7761008114535
51.69575063016847,3538.7797927729293
51.671905606795164,3506.584590177307
51.466555909631005,3591.2651128601
51.61135787275914,3575.906735176685
51.54722758732121,2368.321217014028
51.75944582042126,3541.97894326789
51.77197638116115,3554.672062275111
52.08817935325443,3623.1356181442925
52.570686729525036,3574.0359569525363
52.72328289423138,3600.37578362566
53.033981292562075,3645.1900782479893
53.55145061792419,3585.475382820528
53.586703681860854,3611.1799122515986
53.82766058360086,3627.5910152061174
53.906150779989076,3609.1770908955123
53.97508343770903,3598.7290905932196
54.2325502718554,3579.157060798594
54.50260289754553,3651.30888687075
54.538329435450194,3665.8817594576703
54.78723822254073,3608.695953450765
55.27136295570757,3565.644492183894
55.60272681481369,3546.5786303281984
55.77654793270929,3568.6395182371007
56.849365766056685,3596.083333474733
56.912749823990225,3647.83736594291
42.87775309592436,3698.2022864904093
57.3675914477579,3617.9761402464874
57.793547099903904,3531.4066973436284
58.05902661378439,3414.5201080549314
57.68797897996261,3362.5836502724183
57.54592663224167,3228.552662862692
57.5774157705477,3186.9403074879483
57.811169005611134,3150.93567563058
57.25044951963477,3114.122159893399
57.42323844239463,3082.380328918806
57.33009259244872,3043.0596878471774
56.95321769898203,3142.51336748669
56.97307977542265,3126.7599605472947
56.616037460125,3135.501892828789
56.53962053029913,3267.667911355267
56.25602849169218,3372.765220915153
56.44583381471569,3274.4248694677617
56.39966836551153,3222.367329635435
56.472079382766594,3258.4546830464615
56.72684626121678,3302.187003419007
56.717045511530316,3362.20353508308
56.53293392849906,3458.8561462836233
56.67664823399848,3479.2887058351253
56.852207889553064,3498.361497174309
56.8794004802997,3535.1229326486673
56.71947224075514,3605.051379451642
56.576427357279016,3629.659513696697
56.46493697654985,3608.6066580206575
56.695239236350574,3560.57618889588
56.68241716844382,3510.5210806826026
56.49689225998749,3467.6247422092665
56.73836874446894,3364.815849224761
57.23829482197337,3293.358068699111
57.500699705934295,3274.3246637375487
57.59037733012917,3259.9981928844736
57.58306755791382,3254.4869902308765
57.458209972605495,3259.8085950760833
57.63442909168138,3218.6462902119356
57.75874164283414,3192.654352477958
57.693641438692744,3162.517468964803
57.58698518090183,3113.0858340918285
57.30392233283516,3107.1835300842035
57.16430013747117,3135.7691236699698
57.1027775276581,3227.561942752112
56.76858089773705,3256.299292941788
56.41300017504082,3206.5740408236143
56.302994137557285,3178.3093468112343
56.37063851665346,3161.220617446059
56.16808083432511,3152.0030966403606
55.93924389296221,3122.507879292698
56.05230772364438,3159.675640573954
55.67605811529293,3170.1906338878352
55.69119710668697,3214.8362571146895
55.62876067315238,3292.3564102771034
55.67669126258525,3483.7629776911754
55.982773695179176,3476.70075204349
55.827464361259864,3606.103242352332
56.09283960019172,3678.131079612759
56.302687941467525,3787.324323105904
56.05586653177427,3756.321856677628
55.967013067340815,3722.8425004790097
55.7221348696245,3698.5387573867242
55.65202792162543,3674.961957728059
55.34808840709272,3657.5655448832385
54.80268074835675,3648.776273700196
54.758716208192865,3609.9570809897205
54.55105579060498,3527.355001499713
54.51135173993018,3589.8063262429605
54.20011804160838,3649.087674025436
54.19805275092616,3628.156964447133
54.02685464419697,3599.8792891343664
53.73922922865367,3581.000839605089
53.75333360797083,3462.232887143636
53.73073927534542,3450.6631918254316
52.50497954552669,3399.3770465822004
51.2065871899178,3335.668093469586
48.67681179874199,3185.9785100197428
48.59369908089472,3159.944912222771
48.802777882083106,3138.021755694052
48.44613401893581,3155.849950175038
48.290579919905575,3147.966427806157
47.78089425260742,1965.193246231298
47.99484422036973,3174.8660123572963
47.44678964739148,3144.3541531228175
47.44991823303167,3170.5059934109513
47.56472889194774,3153.3857287300193
47.766093979725056,3147.9735841746515
47.981841088954994,3136.350077776503
47.87931572953012,3163.068914045964
47.78609652714651,3152.4106449161495
47.820813014461294,3174.1180929372827
47.561312016714275,3163.706582025457
47.355042792730245,3149.302188984038
47.1157966526418,3139.8884644659856
46.85143756166906,3140.7504351360526
46.35974769725813,3125.9693969620967
32.09400931322931,3131.009224475247
46.439879764212805,4312.828945555813
46.01491070738367,3118.634796016568
45.69294982365608,3090.558002805929
45.669533977443535,3099.8836957704166
45.678442576849676,3106.2058263071594
45.631880188018634,3090.412182036321
46.19608481480024,3092.4345009275617
46.24095572040955,3080.241488333343
46.70346346746699,3096.7661496503956
47.04975087125206,3088.6614010620115
47.26993319485622,3103.3221415512044
47.44937352516289,3097.794128540248
47.537594001995174,3105.7553865687705
47.521399152063125,3097.982841982288
47.52199656711845,3127.0797788610234
47.66166502970873,3114.639789946198
47.86843441830076,3090.7784744202418
47.692466760029006,3112.0546673984613
47.84368443734546,3119.1136619797794
47.77098774045557,3109.7218970534486
47.81117003202134,3119.1249640822125
47.78327587862532,3093.51966786203
47.48843861992707,3096.4300702000905
47.621370630864305,3112.48164785662
47.7650169218621,3102.0880485995103
48.04665375093307,3103.921278538968
48.622881189993834,3117.6541483791098
48.46222415451051,3122.320289022285
48.59269808353502,3092.2198243113635
48.68602559732389,3129.195796055036
48.50030125748047,3105.8129528195677
48.70127885066408,3114.3574817622193
49.45365467116277,3173.1055983325314
50.52623259044624,3216.3116535183226
51.2510435496616,3359.501317333313
51.644245917532416,3516.383676328291
52.082671472616596,4654.143134805659
52.41797453577271,3650.0956242620973
52.617614424983884,3588.8578921744274
52.910077770082665,3581.520267994111
53.016824031738864,3668.013509692668
53.2536623840701,3549.77122281384
53.34952490242536,3592.7598919040656
53.595251935607294,3549.11535924974
53.71173615132599,4729.168510321224
53.82064720783305,3544.39810714373
53.92023096470275,3527.4896335472745
53.90986408276015,3450.294226716158
54.34519697193362,3476.4160622830072
53.913563335132885,3373.9238626259853
53.68691072406657,3429.4008143089554
53.615871437197896,3580.1347849949743
53.72153278119831,3645.227267706903
53.58739064517451,3597.384351767143
53.46650688414674,3580.8704601974027
53.25489880849264,3562.5278386130467
53.590951377432404,3494.7339212974875
53.35198693014644,3511.284320491787
53.34465517039169,3584.0826343772464
53.34869255870049,3639.055145043115
53.19991501667232,3664.0292254719225
53.21279785224178,3695.287133986146
53.3695140887469,3672.449156414084
53.38998792772327,3675.8423537714084
53.5258810798734,3555.5559534044814
53.29321594013197,3559.208802061844
53.508184134713304,3641.111424498423
53.62809555344369,3583.0963053463847
53.62756026663769,3595.9983428358173
53.48227251689639,3560.9331305432734
53.453113643439124,3561.09333522108
53.13752190997973,3670.7183446941763
52.86436911007659,3656.1004678361305
53.09292706279088,3673.4373595214
53.27744020313192,3706.8840928244863
53.25789779688705,3693.2660895958925
53.378464399357696,3660.3922643246046
53.24357958634819,3645.5996990782096
67.45348622820231,3600.045084117516
53.34183263804831,3583.144821808039
53.403348489077985,3548.3978971775505
39.268915737035556,3583.115750648039
53.18626923239135,3651.278201603663
53.577063845478655,3607.6687620083017
53.3271586929894,3601.6327671279705
53.44321996612541,3576.4255532963766
53.44217200889298,3535.563549859586
53.26338594333786,3594.029504366364
53.46526041139745,3666.762390558331
53.379920004986346,3716.3080609776143
53.171814385113045,3633.111331368409
53.30200825168524,2455.122603097935
53.217232895756496,3603.296565282815
53.31196776975325,3592.4943202076065
53.340557681651205,3495.9030918699277
53.08550608309695,3507.682610305401
52.858721080163676,3712.713366586714
53.00598725168012,3755.776658594484
53.1206130295019,3670.125717124192
53.10064921257065,3653.73134914977
53.248082460336846,3613.1305087307874
52.88269738231108,3595.701095292748
53.218111633798046,3559.2524516165727
52.8983674252193,3528.5857945006082
53.02280506298079,3650.160401265988
52.9885764797908,3728.126948638869
53.04711021535205,3692.538939066849
53.1787706262059,3666.3278596132714
52.90237428229784,3566.1528398301925
52.81940330112988,3572.3386990717054
52.914420879445245,3543.511186007229
53.0535027055961,3558.16429656321
52.76947877018461,3684.1507941524505
53.00583564162068,3667.98225670965
52.87421067156326,3629.531657443073
52.91319352580096,3589.3927066861916
53.08611700918061,3605.4099838111388
52.97268143056999,3564.8520632919735
52.876628657754196,3588.6037146681206
52.92515499996438,3644.95743071369
52.81835229414155,3601.3648461819344
52.82003200000254,3567.7252447050505
52.84781949171697,3551.6834445303434
52.9415246995052,3579.3694297635247
52.93782343974463,3708.1431954539257
52.69840140806269,3733.570168114983
52.83507441839914,3712.4265462611147
52.859278510456036,3671.4111952952503
52.87984294631318,3674.7267410783
52.83463718873865,3568.0205466637967
52.9298674368303,3567.9596182338537
52.858754727791144,3574.037629658174
52.400638719006984,3857.1320661671216
52.40459386676002,3565.441432802156
52.65415270524798,3803.3119402498887
52.58820624990024,3764.1798923869333
52.153222265515296,3789.2244488580764
52.28023262554251,3646.4861462833383
51.99923982788617,3611.2763823839036
52.315455270194796,3584.7018394606257
52.39401473360427,3555.660088524643
52.71167097836876,3543.706849509521
52.78069835624611,3625.2664707081503
52.80318278909061,3715.3518590497565
53.22731292280321,3713.2227280877405
53.76024123603406,3680.298978146663
53.714324240078945,3648.509737328985
53.72181009491668,3641.2342989148838
53.193971910902064,3636.12559040413
52.96734650918246,3593.877710675502
53.231244884869696,3563.6804524783347
52.84018535455266,3536.2970898231806
53.311227585753414,3538.6324708418188
53.415563438237086,3714.2100083284645
53.874195184116,3559.109641617878
54.15357920911016,3650.9712282586997
54.3778454701131,3625.5609938283305
54.88488079183129,3569.2790250993244
55.22395039408923,3651.5249661203948
55.43928368131185,3689.8805442785806
55.84955396891878,3571.691693761609
56.23685220943346,3605.827811854566
56.4041043962562,3667.294733060709
56.7994478598181,3694.5035154229895
56.72895059010049,3615.8141351159256
56.552229395984085,3512.8996847369044
57.05948782800144,3453.786146518938
56.54910142333728,3390.974203825573
57.19180965932482,3396.01497696405
56.90910278117019,3493.1180727163287
56.76810464578163,3415.2590906510445
57.47401513012471,3411.509374502673
57.49387844522251,3436.0631120910402
56.06500089977632,3482.070184369879
57.38578490352394,3424.4990826513535
57.896238089656094,3454.755175480371
43.18974704138249,3508.9335026988206
57.780927853451914,3519.289819027681
57.86037235134848,3491.965197791473
56.71626352309485,3540.280504651416
57.806719997621144,3569.8292893396756
57.89358573490033,3598.594816631453
57.899140302313754,3566.564492616664
58.17592467134391,3556.241979890383
57.17909459142832,3413.3385185800325
57.50435163555808,3428.127418002119
58.46148741764502,3372.373266695982
57.557169086641565,3379.164732547659
57.700915198618745,3440.902075866059
57.799455374418166,3491.7673303331494
57.6146132322511,3487.3803339002084
43.3476647577688,3601.697460760775
57.21824479166767,3640.2728245006083
57.28479473942552,3667.7846273807527
57.83693139961973,3660.897258732551
58.096710577773905,3666.2144199077
58.36559740467578,3529.0112078181382
58.223952727371866,3455.35539946551
58.741137678005714,3444.7127713166674
58.22025012916269,3410.3880748744423
58.64484229783771,3412.2642479193864
57.584787799698695,3468.087558276394
58.506523593427815,3480.2953675916724
57.37144128861829,3535.9654905783386
57.78684446068154,3580.0237762793927
56.21615685363194,3711.0660505968185
57.12802059822043,3565.8590178969293
71.76922454939225,3492.827054632995
57.61094053700473,3537.650348629284
57.21584556931002,3622.296169702033
57.40349862404641,3696.4234714167374
57.85556089743111,3669.080461503496
58.111164201614486,3543.145945391305
57.98701261917513,3541.0135144267015
57.87335434532403,3486.8440500147162
57.58748232702352,3544.35826105993
57.79472315394365,3489.7777432168245
57.737332007291926,3461.2587597984657
57.77443022969118,3499.145720962254
57.599499143539795,3617.9794189393338
57.45564898185254,3680.0927828274735
57.11660810160194,3722.4200774210813
56.90543993915694,3804.9515108226224
56.57595380533641,3814.8595263967027
56.17288558099629,3717.4483029401827
56.094621894506645,3644.2960468929114
55.83379654902786,3668.5282920184554
55.60420643211888,3753.7272290689116
55.624175373544375,3816.482741369247
55.380827701045405,3768.1422281513305
55.25492507205048,3752.1387496034254
54.95255446862454,3673.692054416464
55.27838535078343,3689.9188754464867
55.077835988721105,3788.554507071508
55.10377433564858,3795.6381227786646
54.7932778219198,3740.463470173415
54.615542424326584,3704.860033480071
54.52973537484185,3687.9157669532765
54.44193605915554,3660.2422542433214
54.22622452619677,3639.8487155816492
53.95806250268198,3732.8818015985235
53.59717508395909,3726.2062143044923
53.38801560311639,3733.143837686871
53.06286688962882,3736.9753301485916
52.90517267374598,3674.7397030198954
52.623286299117105,3623.131015347534
52.514184092367536,3627.955075955392
52.149786287284016,3637.8669684325996
52.126019887229376,3588.604810255566
52.023664092137835,3565.2071241004855
50.79919458555943,3575.7029838128774
49.317221889906996,3454.813333386439
49.25631157836604,3433.170057923882
48.659123104762386,3451.4073438148976
48.25297333132531,3458.7251762651103
47.88049351127987,3411.072532135081
47.66977295614088,3461.750294364715
47.44525636146371,3400.190568296669
47.06614590465081,3448.567118269534
46.93051776590009,3493.028364410392
47.10912022202665,3406.820363907518
46.87050953646879,3393.743744279092
46.60118035740969,3400.625099779523
46.5851686568927,3403.1383091357434
46.59564309476814,3398.2726461202337
46.432632269289506,3394.215564877626
46.276289227706144,3388.8588630917884
46.590132822492244,3359.4094476391665
46.37930143396208,3361.4306410514173
46.495326308763495,3362.608220983563
46.208984990353265,3355.330882019735
46.260656097688624,3345.3587700135677
45.98071886918834,3348.507195000384
46.06758692428316,3371.4402712094934
46.06059461214687,3362.638694428604
46.077003784597764,3376.389905093145
46.03026002151058,3387.169291100192
46.037110385843,3377.2551870094826
46.13563921269083,3324.2049684295694
46.37089952688885,3323.330117836455
46.46472154691893,3368.5444300709023
46.59215778990751,3298.625340667355
46.636555240653905,3318.2405823238746
46.650638080433424,3321.3828533923247
46.69899933546143,4514.8094856264515
46.76387468796901,3297.87198514138
46.97034347249611,3311.2978515768223
47.23717709447913,3352.276328812618
48.355359813498545,3342.1469495647243
48.75751844119338,3364.9170211962296
48.624794623010594,3338.4906998282813
48.82974579776048,3300.0850631450203
49.33831974817083,3326.956551035352
49.20385193316267,3318.9761182649263
49.283797895459045,3296.389045185617
49.146098261365744,3307.3049787699624
48.701459207349416,3307.277877437309
49.079500567303526,3313.2522590999693
49.00080818732507,3329.604366881634
48.99925386348743,3319.369166263394
48.89454758865,3272.1629423607205
49.119922933499595,3306.0890268913026
49.57775544233013,3315.4648433592997
49.998829764457966,3296.6836955448184
49.90109710270234,3278.666161290173
50.76741039509379,3276.7157777306165
51.85348258094917,3204.2266005546358
52.58740318141025,3334.5550833136085
52.96416821412005,3466.1108009661875
53.49777076591403,3529.6956118835305
53.57569780488865,3631.4502329045563
53.680513157643155,3589.9221686642204
53.78103771869907,3615.5565857530364
53.81266252524808,3573.5423806577305
53.93186428716031,3711.700160851513
53.973122184574684,3580.106056325483
53.87299243423912,3732.306989842068
53.90139478209885,3607.849380946083
53.71159755181644,3639.4580714131644
53.68760225871338,3594.7255132595737
53.659948682741835,3577.6781880048406
53.753720846487404,3549.061307930261
53.77962886767782,3525.9077614667076
53.633818935382195,3519.7390245704587
53.64280994931122,3489.88996526337
53.51923035943204,3663.679873478469
53.347261566260265,3792.7722060949845
53.4300955402464,3525.3829261302976
53.390304333887244,3855.810412253659
53.32753633066283,3728.832079517373
53.370066593193535,3586.318637282465
53.24903002710799,3934.7338274935437
53.20662108881422,3616.018465161974
53.14793760002527,3646.6054807847286
53.26234933037571,3617.791981754317
53.21627832829968,3683.1795599373027
53.28538944532901,3614.5907145396586
53.23021571730692,3594.2906517043234
38.92824367082683,3900.4664639255743
53.20133326582794,3589.6804321762024
53.291301148600795,3741.828777829691
53.29693167282236,3635.4680252343965
53.22376297471378,3622.47143394077
53.093490195326424,3621.182884240331
53.267477673698814,3589.1837405250803
53.328299313521825,3687.8655689819907
53.125626277907585,3939.0407017638718
53.12272272185068,3604.628121091634
53.259376804343894,3605.833262221987
52.952946281435516,3601.864575132222
53.31363344366791,3612.21383529186
53.16013254164089,3909.788112305492
53.33118220480573,3637.8645474202867
53.23567916186143,3588.0405875516694
53.26901086439918,3548.5002087966604
53.12104270199626,3599.343794650026
53.300473831938774,3728.9381979027285
53.33923148469002,3650.561413901183
53.39390793303859,3617.677834450019
67.70511102998502,3628.5324869707
53.564385851416716,3632.478348093441
53.64731341132105,3591.3810818428674
53.47245721465653,3591.43455235058
53.72935457436979,3695.4077278849127
53.37027219107789,3709.8933613359504
53.437287232060996,3654.8461281665423
53.481979681726386,3577.4551110385983
53.36852037914744,3601.3032925462603
52.72065565812941,3554.679803242282
52.72265944885898,3572.687627943847
52.00720826880504,3818.960629500361
51.850391870556294,3691.5555553908193
51.565299032128664,3616.1811938504143
51.60965486018702,3588.9454142266623
51.78033516700178,3666.5604336794213
52.23512262178073,3806.1983599443747
52.42432111963048,3511.7208870471577
52.44274880985635,3686.3196523463675
52.82884556086016,3817.3787965824886
52.95914617320348,2415.1225514546336
53.18819800307637,3587.173684656981
53.136252264616815,3621.922535900227
53.212587904013674,3702.507799227579
53.12115959058641,3590.320387229595
53.21909222913871,3570.0585270242245
52.750664718214665,2584.536663310752
52.402364675234466,3637.951340740871
52.53289469563205,3476.2656864067767
52.246087731011066,3481.071682000075
52.13233002928905,3463.2774307654927
51.86005559429212,3411.5647372567123
51.77615481591438,3350.6224943551924
51.66651423906201,3261.3053098203764
51.485147931894396,3233.264331929145
51.09876188148265,3191.063121237762
50.924666417247714,3166.807842335592
50.87703810411885,3141.36684352855
50.68498219237604,3123.959596007759
50.79279323186321,3098.789348532873
50.78758278510175,3097.6324883475586
51.03969874919123,3070.8081920892564
50.604468783390224,3049.1596477676326
49.898961188603174,3041.9658029951665
49.42692390182947,3049.460469206876
48.17762284337912,3050.903728684912
47.20322102575656,3033.4088560949713
47.26627181901764,3036.7501996559276
47.56875432687666,3042.014974981609
47.74965529473182,3027.1381329144174
47.61698093091465,3023.8241095395056
47.62441700333901,3018.2624117804144
47.48758645908367,3027.4024941595435
47.58733481983798,1846.1924142165967
47.15027909528472,3018.027811558324
48.34330992448082,3031.097379403686
49.36057516313467,3023.9848668083373
50.02204289039748,3018.0515665154558
50.437934439812196,3007.78055756876
50.7555494509307,3004.5382887266974
50.85228386608877,2988.556835554562
51.158422129351976,3003.263250889308
51.217489676295784,2998.6880502383424
51.39728279160333,2993.16984846558
51.389785454567274,2998.3358225921165
51.338498468279916,2995.9021646165293
51.24629250338854,3001.6522962316935
51.24811050705247,3001.973261277487
51.29917924355328,2977.3087156903875
51.154796919549234,2984.7976390788162
51.14038246343152,2989.5307921181775
51.145455435252,2996.9519154368745
51.14026723075641,2983.9653032734127
51.21087843443877,2989.8302428736492
51.29868640206332,2972.956462080875
51.37097732801074,2979.3844977197373
51.54148453447428,3004.785787681325
52.13401661782305,2976.067203413553
52.88008671472903,2987.251924382304
53.30726439138937,2988.3996430865827
53.9248576903035,3070.0756870026316
53.70550640383551,3164.6460538522683
54.188170753426306,3248.0026100965338
54.494905282953475,3403.2339232452196
54.61629396910066,3449.878605991434
54.69172982819826,3542.4390337228397
54.51058141918758,3589.479378957452
54.66925924019047,3631.4217285282475
54.4178022759368,3678.4097523741475
54.652484305979996,3661.4253035350157
54.63393686839924,3709.0078409499492
54.329561828259486,3612.2627732692363
54.232193885619026,3662.6414941274224
54.27264176393119,3642.8245089641987
54.06137629711107,3629.4090714251074
54.123711855658364,3668.9431830233975
54.047008367299725,3641.2306236446793
54.26666349330806,3625.0976642729597
54.13907107128716,3664.1363832553034
53.56144723283242,3749.701773975258
53.60211017741287,3742.688194485185
53.33495503322183,3689.847689556839
53.18032405377493,3630.4094131546244
53.55172116558873,3666.6681560119287
53.67995349412391,3735.7672287882797
53.515807425562386,3679.5029073864957
53.90106501375134,3672.9492655288072
53.81513585097324,3622.9252901699815
53.84137249156631,3604.937963115125
53.865599402623204,3698.1859564548804
53.87064696293268,3697.608644782956
53.877394783962544,3682.4991301156206
53.72659509163921,3657.5316094368977
53.7005644070449,3644.592523418239
53.717922700469465,3650.747246278459
53.659686228602126,3724.495761671066
53.3931840447446,3735.3374306277537
53.340635911349864,3728.6638623973045
53.39893489042201,3685.090054813385
53.158652998576414,3673.8060622772546
53.04830522801473,3638.6719678815116
53.04021377649675,3733.458138357305
53.11420709071268,3690.7095470884124
52.88586164559705,3701.7412647354963
52.865704499523105,3678.458616387397
52.87955166884115,3673.75173394636
52.71839541255795,3672.165498864196
52.68762589527107,3630.611372390291
52.596470497070825,3686.735686203064
52.65134795454797,3724.817263591389
52.73505985430858,3700.3900032613597
52.54995722336468,2510.087293558121
52.434278474807684,3702.8388285054502
52.4930060335005,3664.335805458686
52.3810622792317,3668.6625286284884
52.670836675416986,3629.676706447254
52.31295043836447,3737.7940116644886
52.66577344982335,3682.385377668089
52.568046599051414,3677.6126314958155
52.42161381891462,3674.007294050894
52.23497792099022,3625.895843349919
52.44490736138518,3612.929505849695
52.53658825156511,3616.3632125120143
52.49671812435009,3671.942284564073
52.80485397366547,3621.4081626994066
52.513225281614886,3639.2741720228123
52.486422642739065,3593.723143959336
52.41548336340199,3639.4621676704433
52.43443347892887,3672.8681367842946
52.17071675833027,3651.2151210850407
52.40304267972123,3635.675200306234
52.24362016407269,3657.64538916754
52.26351390905825,3617.723833907784
52.32059229367465,3660.4806562437893
52.34103532100624,3679.698908639418
52.27676239037419,3697.2597523170666
52.22770149799587,3637.138613619515
52.1051596285887,3651.3367439664944
52.02636958204086,3635.702690315213
51.96856279048933,3604.2939271319865
51.88295063396893,3692.4130256684143
52.00388749924957,3641.9445066582625
52.81306525050253,3666.215799638954
53.01893332417609,3633.5629868045294
53.28389907801071,3619.269802162073
53.317561008464494,3611.794446782597
53.695997541063235,3585.5958790062227
53.01886277187475,3549.1559364484056
51.49269745417708,3469.371713667417
50.12545670732246,3309.1194364688954
48.76022779712201,3267.1239237732193
48.29673796952227,3232.601953881184
47.932719527100744,3239.319192672546
47.72976812007812,3231.615556648159
47.36298321835773,3232.915346902231
47.25363285651606,3263.589415803399
47.13023576753805,3260.362737662929
47.1101748581966,3274.9786859370365
46.75098843032415,3267.8058915723786
46.63421053059487,3230.8772222566326
46.468332307138226,3233.0439983990195
46.42439224009217,3213.2769202481477
45.99244971800805,3202.473471804126
45.953242289711,3197.5526795352835
45.83599276753658,3167.8387277971583
45.36082213512289,3158.0408429049803
46.1192669242641,3171.700853396457
46.20273559143358,3151.458039803869
46.61168051624257,3152.5490359014457
32.46321885637266,3166.179469509496
47.14520853063154,3139.0106582743074
47.47199739457863,3153.3196692334036
47.452765212657155,3158.076323486529
47.626417124977316,3171.728404033174
47.800658199463996,3162.2087751216354
47.59835391827748,3162.4151258905044
47.65775788399239,3153.4538403154666
47.69397585334443,3172.1069715390277
47.6891864866987,3173.227904761804
47.444944633441196,3164.0959458062803
47.47498024318138,3153.341605584125
47.24163794660856,3173.8839704445118
46.934067996871775,3156.5897438033353
46.84265882393837,3150.4366459163325
46.49210139307476,3153.4595594384346
46.78145122386738,3142.6734907474283
47.070505417544574,3121.3547882152216
47.17178017580676,3112.0677785995513
47.450764347720565,3103.6104206463124
47.93064359265371,3100.9901377776105
48.03110522591234,3099.535350784446
48.68947573878273,3113.087627468675
49.078094877696856,3104.3317167200703
49.08341552993562,3090.0858351626725
49.254605651715,3108.8652286607744
49.44230396142795,3132.1646137673733
49.47673500202883,3118.745191000896
49.29860824139841,3127.535270402329
49.42875064509551,3107.794723206638
49.1671093912149,3143.665607038677
49.02442099719643,3123.2285797801724
49.276118871691715,3140.7324476245153
49.46677686313333,3139.5531000676283
50.679158125075844,3118.0347201483623
51.5024879258637,3264.1162639953777
52.1078533347318,3361.9786340171822
52.337480358437894,3514.5205946089723
52.97955584521742,3637.4033976947317
52.82072931259139,3703.00796366095
53.19482644106358,4756.617766174811
53.22478404148538,3769.913155216539
53.407603811914825,3782.237871805168
53.28074356286358,3626.509369053537
53.540762839096814,3613.9924601273947
53.4714184144414,3834.555720635611
53.777553180611065,3715.705606417285
53.758591179583036,3657.409191810426
53.90216140839852,3658.286237553175
53.74050457765709,3644.171593896903
53.784022565200516,3616.5827088683727
53.898748005339016,3624.35297299137
53.97307967775296,3680.2939686758527
53.996953297764776,3756.9464706282274
54.096017740831726,3729.5953856522074
54.029208191042635,3701.154068075136
53.88401719115878,3677.8700578104485
53.99357077118974,3671.510778362375
54.126535419711644,3656.0654214673823
53.967022748755596,3646.323753946175
53.98716652264255,3597.1666109448033
54.00370250247764,3608.4893483973156
53.77663681180681,3590.475742767273
54.011957754326346,3554.2570078248723
54.09917485062551,3533.6148261258104
54.176725189426215,3521.7588500813836
54.14955812902746,3606.1868619600145
54.31600897982737,3672.259013278241
54.221295893785154,3668.5691771782213
53.68394542215752,3630.303323880472
53.635226458480744,3595.233810071615
53.601082985968944,3588.871319377058
53.447750535817775,3542.6223127730655
53.058723322941965,3530.0968617795234
52.86441808287867,3448.6040570368027
53.264895435629754,3440.8780535251303
53.51820688330531,3338.4906481085063
53.41628824757079,3352.9602368585474
53.293829134445375,3386.245215106924
53.35669363705625,3334.1360741777553
53.44133812786206,3345.3156716669127
53.565859609300716,3517.805648524358
53.492663294037925,3487.592413569171
53.93377388304466,3717.15209410476
53.64236125523152,3447.5830252232095
53.66610164765548,3704.7732572830246
54.05487512408222,3617.3134181921228
54.07359771027234,3713.2828616851953
54.2980294658476,3734.488729343714
54.36812392512789,3703.441659222847
54.19286934017707,3697.7436825514574
54.297249282398695,3687.3167027061213
54.242904546048415,3666.709097157334
54.580522740867046,3672.128249659285
54.5774460800415,3654.2277613002925
54.30364858411806,3646.971428679218
54.319287033406255,3639.7997480689264
54.69390996188946,3637.917461824741
54.32369448394135,3641.2904429587215
54.86486337638344,3607.3182181900575
54.598865392429005,3657.5741423414397
54.735193277203486,3723.928861786102
54.68312341618669,3719.170284518571
54.35831250314865,3699.400347491117
54.370481857246844,3696.0638023370175
54.20449049695008,3698.7837860322907
54.05271105751129,3682.7023433874688
53.95612075123124,3664.3013309630687
53.71416716160044,3627.244088652418
53.79970532495979,3636.2639793283556
53.811098898367646,3645.4855216751953
53.66652052774592,3627.0325145335555
53.62840585702948,3703.5564489608387
53.76227061083214,3681.7036784526053
54.13798433588894,3711.7268900667586
54.21251397664781,3697.226444850841
54.20556743818574,3644.1433674979717
54.27751071414113,3704.260356185464
54.27050654147497,3668.9973263834772
54.33558694141779,3630.936071266806
54.187962419455346,3649.1078438205473
54.50125488481979,3652.8294177151442
54.65205855856898,3704.952390031859
54.72247260975403,3704.860026943239
54.64918509571936,3706.47876409735
54.8041527774569,3668.701045390517
54.612758239531374,3659.6726319048266
54.7376839858336,3638.658228573181
54.78685011234838,3658.5161924066797
54.87429680853816,3644.5723230674585
54.62815706895175,3666.622412535635
54.35848362128467,3720.3399261270733
54.309631090524505,3675.9871355277764
54.12061847843088,3667.8304835640265
54.142058896529036,3659.442896230473
53.858334790285525,3668.0654956215794
53.71052965789109,3601.4462863430826
53.812451397418094,3648.5166437361004
53.82287148257427,3707.35414291568
54.19286406140901,3636.077567439253
54.33315270061124,3650.0006557891193
54.331015682596075,3664.9504743516495
54.54204381244976,3659.3977843273
54.45324514488395,3670.9737919496592
54.31761073675814,3685.312345574843
54.14394957489521,3694.017528421269
54.20383498109253,3707.0866055814413
54.35022644496363,3660.6117465251027
54.38348755933343,3655.4739550312756
54.54372020035616,3618.239763944704
54.82579946295943,3610.367971228662
55.012042890060826,3649.6486472908095
54.94201636247317,3712.064312224972
54.819323948461246,3727.45450362381
55.09988888683076,3764.1964715239137
55.25491119309715,3710.2563958612086
55.22390039856465,3727.798311868446
55.303627683687516,3698.998222827031
55.272968889127284,3724.372196211198
55.03638374680661,3696.708126894686
54.8474773947089,3612.776311558631
54.83419011749591,3624.6301889188935
54.647242311913764,3619.056164444457
54.62028894613558,3674.360385104468
54.38848027566071,3737.3171056267474
54.40194091269531,3803.1276069459855
54.40836692532825,3809.466884062423
54.35612571069382,3825.8931284815635
54.49235697954316,3805.3798481561544
54.3335183862845,3779.758006713775
54.204428057184884,3758.94007613123
54.44234390131132,3757.2265761111
54.41739407632253,3723.0586859276996
54.40217628058434,3719.959917606088
54.366820055364016,3696.7097451488926
54.408431200510435,3648.5180995276055
54.578177251881556,3678.726940148683
54.71586987665181,3670.225066813143
54.83127752585109,3629.101585781711
54.78969002515329,3622.7107641299112
54.505590994620704,3645.3949438101263
54.16456886311064,3768.4806869689437
53.98323585101002,3733.552599699236
53.897488634508825,3728.2716651914056
53.28711359407302,3699.1298972795003
53.733556007558846,3692.9385713201227
54.03323452128346,3668.5453616652894
54.28599307825107,3692.3691059976745
54.35370480634623,3653.1705629376543
54.654211247425295,3663.684062787393
54.370574198403276,3663.4805211824005
54.73146379956142,3662.109955179206
54.78158284952283,3681.6462698091973
54.62542502001648,3655.9377211797005
54.779022132997106,3728.42664501031
54.78685599955455,3728.1547599007827
55.04814181904827,3677.681686578343
54.874005610473276,3671.933285138447
55.098642188168796,3739.728151066268
54.96860943322285,3752.4607712545594
54.973586232921654,3691.4942800356184
54.876930392354794,3676.4916737529543
54.67553178760896,3681.287396956222
54.79039578356989,3720.6656178598455
54.75969437234549,3744.4018371758757
54.471200731240984,3716.995333872134
54.26804611048067,3709.6372365282705
54.20071732882131,3676.855606825484
54.26091047725844,3715.6748554451324
54.104120866103486,3776.191483457671
54.105011866600236,3756.499486549221
53.92854630058173,3728.954257812494
54.21382300395845,3727.8781403166154
54.142889200086934,3709.915204153644
53.69612828942211,3699.684045193704
54.18526027040007,3655.418232233336
53.78484163396906,3700.99156800689
53.64187177684792,3703.6245100483966
53.88451554573668,3696.7885345769982
53.599588804366384,3656.4714209327085
53.90043813747182,3652.956376295752
53.844815403535534,3728.2638706695925
54.29116040495114,3727.2715050325255
54.136116727570254,3691.0990100489066
54.132372502218445,3707.668428256406
54.14037986600833,3678.770637077988
54.18964780569816,3655.9605492843402
53.939934092869066,3715.930209171899
53.99875339965481,3702.879931711005
54.06794827764471,3665.012656270152
54.05321057186171,3682.9085349225224
54.1171994306126,4959.915406302167
53.741751753855546,3750.4067813543597
53.587456424358564,3759.029438125176
53.36180179953226,3729.368533071848
53.42582851755764,3683.5811087666375
53.155654003110605,3687.834866521778
53.088489115585006,2474.805639702103
53.23298442608304,3691.269501209197
53.24020007839988,3671.028411690014
53.303652165933165,3668.7903090820355
53.20666696700514,3718.3171080080174
53.2411217595441,3713.867196170613
53.366936971242474,3717.5050468003365
53.34205236975629,3671.8098566723197
53.570156608564446,3669.2037067047513
53.34612680597103,3679.4371368284183
53.293717059883065,3653.3568334070737
53.35707180114551,3724.4195608768223
53.28859543716391,3689.0683852981874
53.08314471337283,3712.726014436136
53.19764256545223,3656.608465892364
53.05124934538026,3685.7897044125116
53.0584353518314,3709.9580181404326
53.15340127041047,3687.9992870205097
53.149775757635815,3710.501149175762
53.07446902244074,3671.5212377534726
53.82845282543521,3644.322920379933
54.411584272790506,3655.5985983739124
54.7374535601805,3687.8396728064426
55.17776265124382,3660.397087625601
55.47105140744202,3627.193309052631
55.22658398699137,3614.260185454491
55.02781639568664,3600.1084536631374
54.7500830697272,3604.0974278884705
54.08725696213827,3573.574513270687
53.22332911147106,3611.7942122025866
52.37167833171805,3598.5241461466585
51.38002920471754,3608.7286494068794
50.77083237481343,3613.144290816244
50.52755372512521,3610.339271509402
49.917262313766656,3616.9740302576197
49.48609539443322,3619.3231474149843
49.42767032605008,3660.040732109738
49.12982627706009,3650.4481480842114
48.69118171742677,3642.40229177943
48.555825112667065,3639.3446066178317
48.329530279125606,3624.3851819032343
48.09663161269711,3677.4087260524375
48.21078597358141,3622.4806128283453
47.701653125306734,3643.5283512177584
47.71445754881851,3571.347117476121
47.60718200525384,3524.749168717238
47.35806658910066,3494.3775840233334
47.09522225630068,3452.4746433570904
46.973170128485094,3385.868527043273
47.22536818185434,3366.6105844952594
47.15393773373788,3321.2249775208256
47.036465325018824,3313.0363018023527
47.164847544167486,3258.221975607459
47.47028548212688,3254.4042320964063
47.57227088911911,3278.2145242832366
47.374753456399695,3279.4898834719083
47.71663241353096,3265.9088947090677
47.62528743356377,3261.9200704750583
47.537473452806324,3303.766619108861
47.69591709051896,3268.047865638462
47.794920988413615,3302.527125962476
47.42566144840438,3262.7141105197984
47.47861560460341,3262.350815898017
47.248140983762156,3250.870760532229
47.22127398560156,3217.5530086906683
46.658621721513825,3214.838997793293
46.694048071614795,3200.7101110681833
46.94567230584684,3199.3555539744207
47.552715335448255,3192.739567847592
48.125302081321756,3159.5652348588746
48.60264854446278,3169.0202955951413
49.682003611635565,3163.2954184649034
50.24864686848095,3167.0253924830577
50.63039618066974,3162.9008673986436
50.563280783293166,3180.434996710609
50.59549155463448,3176.867867385833
50.69069985838384,3173.6788046685597
50.84905440594867,3176.277307204385
50.96513101554309,3171.7713095162535
50.644222508344505,3196.1166963807723
50.849594610981555,3198.5783812810078
50.624552708326526,3200.8806610008905
50.68301698338726,3211.7369804206264
50.39887570333279,3211.57993180237
50.29893376294508,3206.2330479167817
50.34651042110545,3196.578066108915
50.78103947497285,3216.3439671076926
52.172274949935726,3351.360651536771
53.02234031733808,3446.3809845288683
53.377472467515005,3511.1262900051256
53.84862333111745,3578.681341779728
54.12402652166884,3636.3509921871473
54.24357493679278,3654.38761338535
68.62850508269281,3638.3375071437204
54.48041535430946,3642.7196439901536
54.312186346159336,3721.3905226436473
54.44354586188426,3848.6066076191737
54.465752459324634,3788.5375969268052
54.36911297395012,3744.383026740822
54.25309371808064,3732.1961243044166
54.38820352163201,3729.315459890533
54.45211172641024,3697.9698136412726
54.4454217302867,3699.254935308147
54.29965447197563,3689.5429519202635
54.37210360052896,3636.775640541885
54.63479614981322,3760.8162665322325
54.275227664193714,3727.0176725752963
54.06315502845932,3685.1548731774137
54.17468138934527,3685.4414113514167
54.21202806225365,3657.716065086264
54.25236667985409,3704.784104312518
54.15570186076779,3649.2510658553138
54.123734566226034,2440.228636807631
54.205429128147394,3622.7642128741527
54.12639553148593,3586.5275087502314
54.214864273612285,3550.889517371108
54.373950645735874,3580.6256197063403
54.28700393150886,3557.9543079591936
54.412903575301684,3665.573261822845
54.550837915607204,3666.036119358914
54.38724324301456,3704.391771393472
54.5849497215489,3685.617990880241
54.440109212313885,3618.4460904876073
54.3891048464432,3613.631035715606
54.42436810482765,3619.2555722314014
54.3760525643512,3583.66228889791
54.39443688045333,3497.5767626406678
54.574038513201074,3517.041555496051
54.549655799187505,3496.364842015149
54.66968625187488,3435.3967359938897
54.69808890027066,3534.902046824452
54.2686669692448,3398.7979484133452
54.22320887803454,3480.368572679269
54.04938141263128,3545.661977793427
54.106135457291984,3651.061825270668
53.677754834800524,3665.882103201206
53.14689374577537,3519.5100052155435
52.80683317094001,3498.506301838137
51.9214968049476,3514.171975509383
51.01561928958228,3481.86561123728
51.026890939371796,3437.362482304731
51.4175326342503,3387.7119229602467
51.326996742625425,3309.9030845585685
51.17271542563516,3426.7722754465617
51.21446593055107,3319.1216145449107
51.6411599139408,3379.1675616783223
51.66418322993185,3342.729686582481
51.90512229052834,3375.9966639297163
51.77405862216442,3377.938255856179
51.90650616211219,3344.5526390784553
52.07934286996782,3338.008124219534
51.89735598037725,3498.2972142520784
52.05536091114907,3445.057027389152
52.10325793893445,3405.234341125132
51.843902227540795,3426.7468508258316
51.83911873802998,3353.8792085991863
52.066871974480605,3454.6708117339394
37.80253675464634,3565.774322440825
51.896192457019865,3611.7220401255163
51.74286897787293,3692.9279052126894
51.614597497792204,3670.5171684488932
51.08122257771687,3675.8383268315083
51.20643082126787,3693.0371557325407
51.44822308096803,3673.720099475157
51.354346578813136,3658.9249688386203
51.448553948828376,3681.7578594100196
51.17077906773012,3694.5492883339684
51.12299881398192,3708.4987176343784
51.37173135935748,3664.990381794297
51.81549251191372,3746.13089759803
52.622763513317615,3823.7396915565473
53.38696484055187,3709.945322801631
53.7249052158171,3707.2026323399305
53.82070460965252,3701.636838360554
53.84621159056991,3723.204632169459
54.411226241626295,3676.0192399655252
40.379345266992985,3642.116397521684
54.6841442830238,3684.3642999113354
54.993891928434294,3694.7871723856324
55.16931079979898,3703.873116256295
55.146912991471496,3728.0134463876
55.42387220487317,3701.48276088443
55.54024106840309,3715.19983745109
55.81680181918851,3706.4986411236578
55.7575180111687,3678.0522540748616
55.521913332735494,3678.0298734689804
55.66776147318147,3670.5757319081117
55.51080491470128,3640.6409300982923
55.14270813049968,3653.118262715739
54.92939511730152,3651.6310321655815
55.05870722370828,3681.6713385297953
54.794112786774306,3746.2479374735312
54.77024430843391,3851.135856868931
54.640102543195674,3968.6938318931766
54.748760576387276,2789.5468054937305
54.52858018445865,3994.44305652787
54.44100830494834,3953.6372899825747
54.53986049517057,3896.0486080549645
54.49824049990267,3891.624012457779
54.69403389829749,3876.083136359297
54.57141862389054,3879.1455120836217
54.6550792744015,3850.226540811745
55.11445421741365,3821.7215233108727
55.105700458522904,3775.9749710180768
55.17760636112342,3777.442977931415
55.22983239272263,3740.211376323445
55.25439143475011,3720.767306902305
55.5489919037887,3719.973840903568
55.523229551048864,3706.0037182795504
55.76550058969178,3689.1542214367873
55.68014001389442,3692.244270869299
55.51685007447068,3673.10016867487
55.153009398986654,3680.691920616929
54.720560379189436,3726.6069839659203
54.62429796379911,3759.6695498841214
54.56012081760838,3823.883172755999
54.125259028256494,3777.388540365445
54.070167238959556,3779.575559425007
54.195082570021164,3743.5031256056864
54.36422737229188,3696.6662028954192
54.5410861213564,3754.0429581984044
54.59261111545369,3732.524423305061
54.81950657259257,3726.782310377473
55.209295572503166,3672.405949322383
55.1216318552771,3839.613887637418
55.748225629952266,3739.035147176824
56.10522702312478,3720.2242607451053
56.34772946844559,3774.967804727412
56.789475503250955,3863.675558399755
56.788025329314394,3790.267590137778
57.294954224308256,3752.8388187195014
43.34909758844452,3713.7436665027635
57.21649593979663,3782.643727204443
57.52621264286837,3881.342825250768
57.523687754186525,3895.7213600025516
57.72697376138299,3779.521619377919
58.12024692400422,3758.4493084882442
58.42676932449696,3720.3066800890792
57.99756877011954,3764.1988738729733
58.263301455546866,3849.8291156052683
58.46873203165787,3810.6032259059293
58.70330572792525,3764.809791744883
58.35926011671427,3714.3031086896026
58.59373751092262,3625.2551595809814
59.01581681860135,3598.6549283695613
58.295832894917794,3448.438859485054
58.709182539501114,3406.9621215254215
58.61925783156927,3391.2165996462572
58.80528914688896,3441.3065396314873
58.76836542882902,3496.350666764245
58.708651525531245,3488.5885876182547
59.13936001594125,3541.1193342480847
58.93859651570092,3585.9849225848793
58.80095458066944,3602.8468277458287
58.775469334962736,3570.3824325387486
59.03119823890943,3581.2054675715476
59.35443488502035,3574.094700543569
59.45109165816067,3680.2200466726395
58.74674168774392,3683.2435051462994
58.97559121746658,3678.940668811959
57.81174717881502,3753.3866744486513
58.376730662501906,3731.4174880228975
57.88606834613317,3799.6306686879425
57.75392462761722,3701.828779004255
55.231305311644746,3449.754027402756
55.44028901373586,3465.318397603016
55.65483491716586,3552.4978416392237
55.331703934143526,3569.8408916868643
55.380935518442136,3641.798643716947
55.36856274532031,3777.8296204634007
55.768440209106416,3752.1925794104677
55.616718244950874,2495.7010507258838
55.321458936401044,3683.2264136698855
55.59376411428952,3795.8065800440027
54.19617373968407,3588.1766085071363
50.77414600696128,3248.6282626190687
51.14455287221968,3231.4251778365706
51.029749483060435,3222.040711530913
50.82088277710295,3215.6393278697574
50.22214713602583,3183.2270942514006
49.49100416850861,3196.642338880136
50.56067619891314,3223.9359340167885
53.710478418750135,3314.9907685503786
55.911076116188106,3331.880510371543
57.25163348589479,3302.768517337232
57.906250078128984,3376.617384661165
58.324010106508425,3459.787246761121
58.92162122942135,3532.0870918826577
58.704944878395814,3486.5252173535187
58.40650748541533,3465.4693569861724
57.98312651590593,3493.009427537442
58.67055741387952,3577.3188036199845
58.67563533409677,3499.496115127601
58.70439900413004,3446.2195304144525
58.58617642464961,3490.8479174796757
58.47616683051684,3534.4328842141485
58.2147448524963,3540.1697403943735
57.84089133046554,3456.864596251503
58.00980985611224,3473.2014657916816
58.052968321630765,3451.0920430274346
58.03861993271383,3409.320957671387
57.69878379020369,3382.1632336442317
57.76181912996063,3518.8988621552026
57.3751137331843,3536.485011831407
57.498559611410286,3513.4077994073177
57.539073387288326,3517.501881859039
57.39793106646984,3632.605352398462
57.1007712588202,3738.3446300467413
57.085664497422094,3786.9832839990922
56.85779048361969,3779.9728941475346
56.91452970104274,3750.451956220284
56.58820725637529,3700.780271538425
56.14941561425137,3718.4375488568203
55.926752599531554,3670.321068128905
55.697624696166706,3696.4092452790214
55.80640592619578,3674.1751365159525
52.61141712673233,3364.3960372686624
51.51186585474524,3349.264570209786
50.385243982251296,3275.496374975527
50.353858174557026,3266.0590881892554
50.269742893171795,3249.43368242433
50.24360549781146,3229.9917470823516
49.93804675888717,3247.8359697237906
49.728420823860375,3251.259364380651
49.89557574403973,3270.4391873984932
49.75387033863042,3270.9616746653883
49.57092638103495,3250.5174636267393
49.547266867368315,3253.796252547609
49.47858650110618,3284.8486207727137
49.33604119234751,3265.910666261167
49.034269418040495,3267.5310357771464
48.925143055774186,3251.379757590257
48.50548629519491,3260.7743032569547
48.23746681789626,3242.0285838771974
48.54133271098543,3219.477837758505
48.23399009726151,3203.518112408553
48.30394676033572,3200.0683443670832
48.06693123721624,3183.7540383568207
48.6406413818992,3194.400718937576
49.065826634703015,3195.758988257528
49.16304364740941,3213.3061265166693
49.15897500517343,3211.6046762983005
49.30390478962187,3212.3691262644484
49.38477119822568,3226.0705684859972
49.45333440411697,3206.693161346687
49.27606095812054,3227.7984334507123
49.51316756338514,3232.6378690275915
49.17374247420868,3223.865018653468
49.17976732265273,3230.1302623491533
49.07245242561066,3231.668996478289
49.16686719723397,3238.8606857800837
48.93755103653379,3229.438023715209
48.920222039609186,3236.010459601777
49.029716424388525,3228.5618636937184
49.91104202992369,3246.77581468904
50.381881007083834,3233.1267367151922
50.966397804709004,3227.2226672075476
51.114657100300036,3208.093740695304
51.02552103554805,3193.6887696434355
51.16089101840791,3221.9331010411734
51.32769666079476,3230.2175132856128
51.64758120431907,3224.1708868896826
51.673336300052995,3214.412518481661
51.740962986832365,3221.2979414069423
51.83283478039371,3246.444183923617
51.646313744036526,3225.711884267636
51.604028762431966,3239.277433791836
51.69614475281442,3236.820080944019
51.21971622189841,3235.610647149555
51.19651486388832,3255.8781519116856
51.20594579435781,3253.0905053142455
51.28354787273645,3257.5366707273824
50.986987379027696,3256.5485905229375
51.057388686418946,3256.2149398769325
50.83883322781375,3248.7556184898526
50.72317593847063,3240.6740071796653
50.52501560750176,3236.822900108354
50.4659838767906,3257.376018557558
50.36976392334489,3267.718346670766
50.26393302292347,3253.31063586824
50.451397746023105,3256.3261312516497
50.41684007693267,3255.829354046874
50.35421384231263,3246.163185509745
50.24123361979717,3230.234035161361
50.132866769630766,3245.5234403983777
50.31132783816987,3258.5585514963063
50.1598288573404,3233.6923610930035
49.86201391638893,3229.422796174032
49.92200470397231,3243.8253950163307
50.142154956925694,3241.9251357316703
49.96312993569509,3237.9517360496393
50.08567676905554,3248.5410728129177
50.03144273898759,3241.845343132731
49.784968416316545,3245.2587192206993
49.98679496865665,3229.5678216868287
49.76793361521507,3253.499370551137
49.83909197604301,3237.970976370355
49.6231403936731,3254.0458009015856
50.16971601316986,3222.920945828407
51.44313575617886,3210.616889309788
52.84965790195962,3198.828188768991
53.59390360021165,3202.532078817418
54.32794894116304,3180.782961846824
54.70133824567735,3174.3088062243287
55.404861077605446,3152.5200578632925
55.403356950521726,3159.4055848188727
55.73347629700344,3182.747787451192
56.039679475182,3211.5679309091743
56.140635194693886,3311.0589298517934
56.29616285352626,3415.046634422788
56.33066887073575,3651.219976366458
56.42522427972066,3702.8458090915747
56.52890712526826,3668.2504602819404
56.55370937003305,3709.073247047283
56.484304007860615,3872.973430869928
56.47955327650188,3739.904602747625
56.3307521945363,3680.3962732700033
56.46648436924214,3756.4811197470335
55.99742775024873,3692.1500000171472
56.03671379597458,3627.7270256895326
55.64350036716965,3562.211727599796
55.10478592295308,3470.2648323445137
55.27531887826244,3495.420622189896
55.25505233873597,3437.033899949116
55.07924794530133,3421.632829802144
54.987347061086524,3521.3631822637813
54.75110662337729,3659.48265885017
54.887493564373756,3637.391248155822
54.826288738304456,3746.7540777941103
54.66698224939722,3730.7837397894205
54.89341747274697,3711.6956588457933
54.82288699634077,3731.8640116638135
55.33937428348152,3742.4206906919485
55.19573228942599,3681.273598126052
55.400049288271006,3685.2666906072564
55.449663194653866,3758.5350490565856
55.273281724249415,3701.860144905295
55.424436334157846,3800.5190359018725
55.353040017283575,3758.9686038241152
55.30845972436316,3698.4173440584627
54.87588339559355,3650.458596352227
54.970851016788515,3587.204554190937
54.80491770173433,3545.2887990480804
54.7996152621714,3428.680236314266
54.631126664965635,3415.775205318276
54.43621325702908,3348.1584732727506
54.5776297116584,3314.640084930781
54.35323101522416,3299.6354689320992
54.30978186082163,3339.942880426769
53.96208773431833,3313.1411554943966
54.093236119169276,3327.50595071068
54.15347986863313,3302.0580272119064
53.73169603641273,3334.823407590171
53.79248588339077,3329.4586684252736
54.06213703208283,3299.983508064655
53.90924102853178,3280.134084653034
53.79741989163466,3246.804228629593
53.832145087030746,3418.7123969353524
53.87561041773699,3369.647754881466
54.1584124764804,3292.6725879187147
53.92426697685103,3313.2415004370537
54.12742706568392,3581.513989007565
54.30490835097049,3513.8839474203323
54.524145619874375,3381.5415465771866
54.57807297712707,3367.090759551916
54.59184239811404,3390.3585361317946
54.5852123598533,3317.600993879615
54.5773660910765,3295.923953841849
54.60262128028678,3266.1710656672685
55.03001819955255,3242.985313393848
55.39299029981228,3352.10891300419
55.247377541522155,3349.0486496144167
55.432885850570926,3539.162151958983
55.412376434829085,3653.0128413135035
55.59681840862127,3687.4639552643293
55.577266630039745,3654.350875162627
55.855751848656716,3693.5088573985836
55.83737510254946,3614.331524708153
55.70089612040586,3644.3365944445372
55.337127727525996,3648.1313844676874
55.13313377973893,3640.0492213277403
55.13305728629932,3549.4553607173125
55.17952782924779,3517.509813725512
54.86464789172521,3449.975469428476
54.948794209987426,3378.3114695053346
55.119311445910974,2182.895515609369
55.380413556243745,3355.2761274752374
55.04935980686746,3330.62718318919
55.27033345915606,3278.281485226718
55.23433168808136,3273.4917554987946
55.53981923503792,3263.777176170668
55.489823883470365,3290.295899245331
55.53208696832953,3512.9133804882745
55.935208242554374,3627.374592199083
56.05508095676438,3808.6344747086187
55.52891334018203,3660.5960382953053
55.241462589102305,3546.882100179425
54.9084220389521,3552.125819471011
54.946402874944035,3495.864482236965
54.34832803659026,3482.356259924727
54.68797020467225,3466.603900809069
54.61301993435042,3470.777262600329
54.62279442737865,3472.4260026298166
55.11696977912936,3563.2588567205753
55.11706484698071,3635.246666389875
54.942292905976615,3750.9024316596806
55.251070719167124,3830.593414330857
55.153943882767635,3812.3582851615547
55.16095606370889,3787.78759991486
55.42946181452666,3799.120647057263
55.30630733381712,3786.1308110762275
55.52767005163174,3756.873146553401
55.315587677677144,3731.2468369138332
55.46300322665394,3717.4770770889954
55.44333896961089,3718.4095114465003
55.539043510408064,3704.3986240983595
55.763973709418615,3666.4806098633803
55.82173796565202,3659.033018165238
56.070979272844966,3661.3175604769176
56.4113077237504,3663.7596454013274
57.201822598974395,3822.8383313396466
57.932246994883464,3862.302763180701
58.14273753494698,3826.096957046191
58.174177192387745,3762.8832799551274
58.672523336612755,3747.421522831197
58.57161470148233,3705.333690285796
58.450167880085814,3709.083622918337
58.456081244222744,3766.9059788342274
58.451607691724774,3830.119561310422
58.29475334730232,3882.96247548111
58.23971396582341,3981.004047008978
58.011950543763675,3854.0458612351354
57.94109981771538,3854.638175346482
57.87892518908376,3842.3053387259547
57.878557803962316,3791.0119231404233
57.70811101958499,3756.953973088024
57.74929618526147,3763.7365969856646
57.401515947537504,3780.9964831647103
57.65023634504536,3788.492540631814
43.1802837654123,3766.500190939708
57.14976243378776,3757.371790461647
57.15799333521059,3764.933703294702
57.244788669711056,3715.3594442799945
57.424414276111584,3675.640204765353
57.580398303384435,3683.7491552755655
57.513726475730415,3711.331995286784
43.4213594957,3777.5803940362393
57.79834397477637,3846.9626969075725
57.95904608717562,3883.7179967684915
57.82212500859346,3968.9641281410377
57.818942145987705,3914.451124425076
57.632424577544825,3856.274517030874
58.241492818729604,3805.641855780211
57.9668774239225,3741.0842696203117
57.966998347857995,3688.1527913739096
57.81761796424944,3680.6173583524014
58.13486616867837,3696.302674495483
58.36840591828452,3681.1667833244205
57.722120437050215,3641.6643507685967
57.9845419082898,3628.315249897897
58.03143039977347,3621.1501780743165
58.23988385031805,3613.4199597097045
57.99949542742735,3588.198819042146
58.1786224094459,3590.691726026832
58.0627521723153,3677.9594228908936
57.95810155178808,3804.220439463128
58.23657366994898,3715.977648411317
58.10063590845264,3695.2061018811823
58.0632055681654,3705.334775258551
57.987914436861644,3698.510877346316
57.489174053076255,3656.3065897748925
57.052155483679044,3735.971947993803
56.92131885870513,3861.803353876083
56.66650926785165,3864.6267436933813
56.51808645230907,3862.9606361332026
56.35007458958813,3868.6989913336347
56.21467697137713,3828.176434678425
56.117605423173,3825.100166044843
56.08732773043663,3816.6972043310147
55.91566475346177,3822.525929308434
55.80141660997453,3784.012959501519
55.970439240099836,3738.742699436017
55.93332185700774,3708.4767302501537
55.71748524085909,3723.575951327782
69.85928941416266,3793.6544395862256
55.476420995526226,3816.7471259394406
55.47345094481624,3788.3334116680126
55.39401220669829,3792.4237076961745
55.10852418196273,3777.6815851518186
55.13153140021469,3782.3557476656338
54.74371466342684,3770.2910258621787
54.57112040629869,3734.704555708029
54.49411130165829,3769.969679420129
54.619756091397925,3771.943274717174
54.79042526131026,3751.2457790081207
55.05365550703612,3740.195830657278
54.6943166245686,3743.3840423908982
54.553974992285745,3715.8379486102294
54.71785860093996,3694.2552234821005
55.26959926666943,3694.17762270153
54.771920287187996,3664.1101671998476
54.91372546307083,3655.4246785090713
55.50943237843095,3637.2424895994754
55.47072557386293,3677.212099044572
54.97120537105856,3641.582198131681
54.22134107924252,3646.2728274049396
53.38022258748668,3628.627037297457
52.93687834966433,3656.973336087165
52.31867423810615,3639.287385003321
51.95030295081193,3659.6551806548987
51.555201229686986,3626.01276464927
51.537777776047314,3681.595010293812
51.370318566752445,3708.2154652959066
51.03186336476479,3655.883105603458
50.97018722760349,3647.9986840338092
50.47904105619956,3548.8469056559807
50.121506894706876,3501.292564706452
50.30075345479517,3389.0072523581252
50.328740717707724,3412.9575967426777
50.40355278323252,3404.4263527268267
50.674872046588504,3418.2866725410972
50.711174084440046,3404.1501252037283
50.923294547935456,3417.9830566822134
50.62707789049896,3408.9788778158145
50.66296905822141,3416.096622645607
50.42489984034993,3404.7038632577664
50.427967183608274,3384.902900935055
50.08160384100953,3358.2152811622186
49.649095264115715,3328.59512434066
49.51720511929102,3291.1986363931805
49.21629749667874,3259.919268038816
49.028454983732416,3256.0967653797056
49.184244471707075,3240.6214000502923
49.584032934846306,3238.7910041050254
49.651172218170174,3240.582262977875
49.876452144786484,3262.510774512025
50.02558393218765,3262.349848675087
50.26801131039155,3259.4627490339763
50.287868504574185,3254.28253024493
50.20134764107361,3273.2234913629063
50.125530514579296,3255.605589932028
49.69828188731188,3256.960364591606
49.72245352836755,3244.3415531701567
49.766244568905776,3246.9712348973553
49.613425703964126,3231.410393655806
49.70751158307955,3202.411053753865
49.45412982517856,3231.770114923118
49.71579442764473,3215.0626098386533
50.272539103323595,3235.109700114025
50.66579957973408,3219.1428890510842
50.550726640954515,3227.9458629986007
51.254799469531235,3238.170519995932
51.187605869786196,3244.3302887824416
51.30516676751017,3244.2760352648447
51.47784504455948,3242.0491212651855
51.45230215048708,3252.2076688201246
51.69622330909442,3267.8707436290456
51.66592581245924,3250.931698568462
51.36613132659148,3258.912757304252
51.858608440440854,3296.9062661992957
52.871039844571456,3373.3114096928066
53.76305013668683,3582.02254803853
54.14355441546577,3467.716448990224
54.76315108268112,3549.9579736136825
55.083295365519035,3455.161627741877
55.27861575770526,3419.1081759069875
55.641524260199134,3538.9023438730637
55.90158096437631,3643.174672683561
56.30507968202003,3762.2156263658935
56.543268257148,3827.578570971589
56.604966646788675,3776.4476136930716
56.88515335186,3738.4738179296064
56.59481513949594,3713.00468050368
56.5997691635569,3699.9274553014116
56.759252395231336,3711.0661801909346
56.77708276960115,3785.8261429751483
56.902621492449256,3783.6626247869244
56.84386814703488,3838.7025122575237
71.08875108091503,3882.069302540659
56.86192249061871,3834.5293574427396
56.92729380090839,3831.933761111211
57.028352755971916,3816.421622495968
56.981925734830604,5005.4531998664825
56.86071299342002,3810.043861391826
57.14614633471446,3783.022519631253
56.995811241072815,3780.5099883207654
56.98617485734356,3771.9404549140318
57.048535043196914,3793.4114900691593
57.170530425771375,3743.5787945298
57.01711378827266,3719.3203584270905
57.06956852307651,3692.5615892195656
57.19001020774138,3698.167753278594
56.92500380522354,3687.506108885017
57.04331427379029,3666.2052983753265
57.14606076300133,3704.4516857026074
57.29988295365612,3773.7235507881755
57.24001433012413,3971.2700710317677
56.915559986908434,3924.669562203792
56.94075027763296,3899.4941144321338
56.97484767599191,3892.1367050002777
56.83662287279237,3842.033581430932
56.56992719334131,3907.1802945414456
56.83224785174875,3887.465771394396
56.62153977848398,3864.6347559035125
56.604966106257464,3861.019768415962
56.81186691440769,3859.472165823109
56.66751587851453,3868.3515443183524
56.840742601727435,3814.6292235445044
56.49900818616534,3809.046853763297
56.423140485272626,3786.117042462379
56.49777581855095,3742.7002532231154
56.380422452148196,3745.217890983114
56.242578312493556,3752.1709524332095
55.97790191412841,3739.0492589652686
56.111652338672215,3706.272423214922
55.96426858341732,3742.492301365765
55.77108167399655,3854.780754195621
55.54011757217545,3794.666132149095
55.47412652943058,3778.783170114067
55.40699607930806,3731.0534811675006
55.36351500699206,3760.2791116361514
55.14227446548544,3699.1820568125518
55.54218580841554,3814.476374788426
55.350641043862964,3794.354340881866
55.52806022573607,3777.1486012987343
55.351646643125164,3767.271054087496
55.32896220376422,3744.2633199311344
55.2667027797101,3744.646639637507
55.303249518154495,3719.4404507515005
54.93176118283296,3847.4602033700994
55.30790944028934,3798.3166982632456
55.374514066562924,3767.1592384524756
55.26002945119539,3763.316507027098
55.44260116111466,3736.465314173739
55.80900137407642,3728.9284121591318
55.61217358419202,3733.5602471459597
56.197901486673004,3660.9206589297805
56.202589590396684,3681.410159347346
55.85950212060905,3735.126617940966
55.94856293015843,3859.9502514665965
56.26028655725288,4008.7270178695953
56.18047940392994,4075.5396312145876
56.36460780840319,4066.504454280526
56.33891925363908,4103.8020589993575
55.93472835207805,4138.050014187768
56.010363296597845,4067.6078447359027
56.24941759691622,4077.426992116056
56.214917196656714,4036.003618123283
56.21274186368403,4043.7341249913597
56.04330591780297,4006.6621377694364
55.721653174559236,3961.1179889231853
55.56245113115082,3996.0440674460788
55.57750598399471,3949.955150923204
55.50618258589196,3936.8192887461346
55.40989843212324,3905.8578085109484
55.51567009337007,3887.2653853057673
55.633846398394255,3871.9511178191424
55.66713708733641,3843.431715709984
55.82636669273768,3843.7896422975027
55.99664814306315,3832.980338493588
55.9941274789288,3809.809651941914
56.18639191620868,3867.121314023764
55.80571386715776,3778.593777578753
55.85755981822259,3786.572641072637
55.535897626741246,3771.6775951034774
55.37421388796674,3802.753085056952
55.473128052018154,3727.1190602889765
55.62802385667061,3787.288631043479
55.617449287879694,3775.066869755994
55.595088883065884,3738.3523981277744
55.54330824326237,3751.7521502812992
55.50883549632428,3735.392860958985
55.34225446144732,3689.7383344647296
55.11216074313928,3734.072901108646
55.201602413093696,3795.2035895818835
55.608796574728515,3829.3684567934047
55.82076311602174,3868.580885089067
55.89809964841665,2644.472909678286
55.82636003352478,3797.3407857883876
55.67293208645693,3792.61345679657
55.89135926571029,3721.2619615816475
55.96329919045208,3693.5184819145934
56.322179375343026,3726.7164052106964
56.17698371020806,3649.243524559015
55.992706202586774,3613.8578494820777
55.83621487983537,3551.6093838126035
55.56824544670198,3534.164125900893
55.29753296033122,3496.246187027236
55.35550790543802,3453.6999997867542
55.61863504929228,3436.1464063835147
55.89919933049937,3413.0436989916752
56.19184098122414,3413.0170237239854
56.94524118620244,3530.2446314202434
56.89094886912878,3587.446977734895
57.20311947736667,3638.444785338131
57.641808310535396,3733.2664270260734
58.37588921841183,3797.8252906135594
58.73892437612865,3866.616712204459
58.91359201545305,3894.1425178392824
59.45137214526393,3853.672873130464
58.96397057337711,3772.378288571209
59.29079072422719,3790.2116741951304
59.138171431777835,3668.0215086221924
59.46455459618821,3602.092573277308
59.57986096584003,3509.115654746294
59.635409771700594,3443.1907988080334
59.22441415210136,3380.788739268241
59.367575112353315,3497.668660672506
59.655062842254594,3430.8960441155973
59.38366223844331,3372.4042951886186
59.94006112170804,3368.2434744708544
59.87428758016338,3392.989771346737
59.79474679532346,3508.519337755282
60.729843378578266,3410.1293881832353
60.14156609747615,3357.136109023725
59.84538998435348,3396.4314786083482
60.07314949483589,3441.6643136133744
59.460984378640774,3413.134910873938
61.11364901941851,3338.464366087018
60.001592140868524,3280.0803354091213
60.77726148011759,3302.611195962354
60.352498746054735,3390.251159781268
60.81824242029016,3356.8050628779733
60.01825711041012,3484.3977452571735
61.07945148251871,3423.9015618055073
60.72365543732215,3474.9686000381735
59.64239679758056,3411.1911785972184
61.31018000479786,3445.2441400914404
59.055428962344784,3465.6393515399495
61.092951829251746,3435.2075464277855
59.771657623000095,3365.343598918179
60.925580442181456,3352.358576992693
60.711951675198435,3355.1064274962578
60.85374112502536,3454.726829180532
59.981022036581464,3437.895079053416
60.114936472311506,3465.569174269153
60.46353313784919,3470.6442640414584
60.29258231238936,3440.3762299784685
60.751389633423486,3434.5192238713043
60.44560765143401,3456.993162444854
60.90675878087501,3562.9162670155993
60.05096563707217,3689.1912053321116
60.873850677269424,3687.3300466489127
59.458075815389776,3705.912790263215
60.498297942452965,3651.6709161886242
60.40783073017046,3595.4017180871797
60.09669143667648,3486.781788583158
60.476629857537176,3475.7037126767545
60.6313008424854,3502.097396164638
59.76039151845936,3481.0677472378425
60.890791207593914,3522.9867903845006
60.46409025801661,3395.762341354177
60.11434812834031,3349.3526464182432
61.125732887343325,3355.9053625966326
59.775361937048984,3440.153718205397
60.944662929058396,3440.9568611723885
59.6152645107067,3386.8902939301506
59.85647896081886,3389.6500687347493
59.44058550744028,3465.9049212523664
